Entropy,Iteration,MeanKLBefore,dLoss,MaxReturn,AverageReturn,NumTrajs,LossAfter,MeanKL,ExplainedVariance,Perplexity,AverageDiscountedReturn,LossBefore,StdReturn,MinReturn
1.68869943665,0,0.0173547647997,0.0,1.0,0.333333333333,3,-0.00153376180367,0.0173547647997,2.8094850868e-07,5.41243690858,0.0203921418466,-0.00153376180367,0.471404520791,0.0
1.67384633304,1,0.0152964568622,0.0,2.0,0.666666666667,3,-0.0103660280289,0.0152964568622,0.111386142814,5.33263950899,0.0354383336792,-0.0103660280289,0.942809041582,0.0
1.7073569324,2,0.0230702567412,0.0,0.0,0.0,3,0.010751682008,0.0230702567412,0,5.51436735382,0.0,0.010751682008,0.0,0.0
1.6862189211,3,0.0192542267475,0.0,1.0,0.333333333333,3,-0.0122152057271,0.0192542267475,2.83332575068e-07,5.39902791219,0.00979111268882,-0.0122152057271,0.471404520791,0.0
1.6970778766,4,0.026673406289,0.0,0.0,0.0,3,0.0345622463392,0.026673406289,0,5.45797518973,0.0,0.0345622463392,0.0,0.0
1.6929675617,5,0.0114905588067,0.0,2.0,1.33333333333,3,-0.00772526317565,0.0114905588067,1.12268049746e-07,5.43558723525,0.240190116057,-0.00772526317565,0.471404520791,1.0
1.66349776796,6,0.00601166037238,0.0221233468503,0.0,0.0,3,-0.0272279180046,0.00963877841535,0,5.27773890317,0.0,-0.0051045711543,0.0,0.0
1.70216775053,7,0.0269753719218,0.0,4.0,1.33333333333,3,-0.00975514219599,0.0269753719218,2.07549534226e-08,5.4858264148,0.0319213661584,-0.00975514219599,1.88561808316,0.0
1.67984018662,8,0.0199142604794,0.0,1.0,0.666666666667,3,0.0208472327252,0.0199142604794,-0.674921947493,5.364698552,0.0622406466774,0.0208472327252,0.471404520791,0.0
1.69279104728,9,0.0228196105307,0.0,8.0,3.33333333333,3,0.00612070216063,0.0228196105307,-0.0186614160879,5.43462786038,0.162477559716,0.00612070216063,3.3993463424,0.0
1.6778489223,10,0.0177805202822,0.0,0.0,0.0,3,-0.00878753569094,0.0177805202822,0,5.35402664798,0.0,-0.00878753569094,0.0,0.0
1.68455316314,11,0.0135582630923,0.0,2.0,1.0,3,0.0135799352481,0.0135582630923,8.35345560501e-08,5.39004192476,0.498729744434,0.0135799352481,0.816496580928,0.0
1.67586241524,12,0.011861662166,0.0,2.0,1.0,3,-0.0118353069788,0.011861662166,-0.352626680215,5.34340139332,0.0447757906094,-0.0118353069788,0.816496580928,0.0
1.67384164846,13,0.0257451906662,0.0,0.0,0.0,3,0.00194947589185,0.0257451906662,0,5.33261452785,0.0,0.00194947589185,0.0,0.0
1.68628931168,14,0.0334644744963,0.0,0.0,0.0,3,-0.0,0.0334644744963,1,5.39940796626,0.0,-0.0,0.0,0.0
1.66471058746,15,0.0174719612703,0.0,2.0,0.666666666667,3,-0.0127243270707,0.0174719612703,9.14180841027e-08,5.28414373099,0.0157371588936,-0.0127243270707,0.942809041582,0.0
1.67970445859,16,0.00849599295676,0.016667674543,7.0,2.33333333333,3,-0.00375671948,0.00957354530349,0.138139464487,5.36397046143,0.237398993167,0.012910955063,3.29983164554,0.0
1.6914019401,17,0.0170602096841,0.0,10.0,3.66666666667,3,0.0201844727336,0.0170602096841,0.287891472819,5.42708382075,0.651308383737,0.0201844727336,4.49691252108,0.0
1.66270375685,18,0.0156293227506,0.0,1.0,0.333333333333,3,-0.0257323379869,0.0156293227506,-12.6021923315,5.27354998309,0.0191987967523,-0.0257323379869,0.471404520791,0.0
1.68119242569,19,0.00977031983898,0.0178588574369,0.0,0.0,3,0.00210268947084,0.00994775444883,0,5.37195781401,0.0,0.0199615469077,0.0,0.0
1.68608363846,20,0.0194846864754,0.0,1.0,0.333333333333,3,-0.00639968251879,0.0194846864754,2.79106909251e-07,5.39829756681,0.0333686247538,-0.00639968251879,0.471404520791,0.0
1.67125514828,21,0.0104774222741,0.0,1.0,0.333333333333,3,-0.00300267643962,0.0104774222741,0.155878067316,5.3188395416,0.0585824338304,-0.00300267643962,0.471404520791,0.0
1.70432673358,22,0.01789554152,0.0,2.0,0.666666666667,3,0.000523463907546,0.01789554152,0.00312396095567,5.49768301553,0.0456346621969,0.000523463907546,0.942809041582,0.0
1.70604324753,23,0.0084083035769,0.0184641881099,0.0,0.0,3,-0.0117034276801,0.0094024140849,0,5.50712796903,0.0,0.00676076042975,0.0,0.0
1.71347226566,24,0.0205427209107,0.0,10.0,5.66666666667,3,-0.000143027273718,0.0205427209107,3.29896454598e-09,5.54819286962,0.793704182424,-0.000143027273718,4.18993502999,0.0
1.70760191456,25,0.0115072685104,0.0,5.0,2.33333333333,3,0.00160779463626,0.0115072685104,-1.43884080933,5.5157184409,0.341994593955,0.00160779463626,1.88561808316,1.0
1.68609830918,26,0.013276365618,0.0,1.0,0.333333333333,3,0.00174091744025,0.013276365618,-2.07784513104,5.39837676431,0.0616015213162,0.00174091744025,0.471404520791,0.0
1.69563004541,27,0.0257414582979,0.0,3.0,1.0,3,0.000121300115991,0.0257414582979,0.158827337378,5.45007868077,0.638796912163,0.000121300115991,1.41421356237,0.0
1.6980947288,28,0.0237400780093,0.0,3.0,1.0,3,-0.00809503755922,0.0237400780093,0.131214061717,5.46352796647,0.290212483066,-0.00809503755922,1.41421356237,0.0
1.71210331597,29,0.0180875382423,0.0,6.0,2.0,3,0.0041158215445,0.0180875382423,0.107904784578,5.54060286905,0.931016575541,0.0041158215445,2.82842712475,0.0
1.68126874168,30,0.0147154057347,0.0,0.0,0.0,3,0.00687555902487,0.0147154057347,0,5.37236779594,0.0,0.00687555902487,0.0,0.0
1.68117080805,31,0.0107153494875,0.0,1.0,0.666666666667,3,0.00316528185922,0.0107153494875,1.69555992247e-07,5.37184168621,0.0416652686592,0.00316528185922,0.471404520791,0.0
1.67313891567,32,0.0157281151842,0.0,0.0,0.0,3,0.000486733017593,0.0157281151842,0,5.32886844114,0.0,0.000486733017593,0.0,0.0
1.68796005378,33,0.0157302075849,0.0,5.0,2.0,3,-0.00128729659707,0.0157302075849,1.94508283924e-08,5.40843652452,0.539754789325,-0.00128729659707,2.16024689947,0.0
1.70047980043,34,0.0278570069184,0.0,4.0,2.66666666667,3,0.00254600004787,0.0278570069184,-0.189104928452,5.4765744242,0.389390045817,0.00254600004787,0.942809041582,2.0
1.67582066524,35,0.0115103495396,0.0,5.0,1.66666666667,3,-0.00372755741864,0.0115103495396,0.0448395619891,5.34317831098,0.0560187052747,-0.00372755741864,2.35702260396,0.0
1.67163694542,36,0.0181582511345,0.0,1.0,0.666666666667,3,0.0110675358459,0.0181582511345,-2.5933552944,5.32087064702,0.0477134299319,0.0110675358459,0.471404520791,0.0
1.67599956588,37,0.011996791522,0.0,6.0,3.33333333333,3,0.00491943849051,0.011996791522,0.106976871254,5.34413429453,0.434941791363,0.00491943849051,2.49443825785,0.0
1.67983377304,38,0.015631710844,0.0,0.0,0.0,3,-0.00467081876614,0.015631710844,0,5.36466414518,0.0,-0.00467081876614,0.0,0.0
1.68307037575,39,0.0153799192245,0.0,1.0,0.333333333333,3,0.0130869188237,0.0153799192245,2.78974173762e-07,5.38205556104,0.060985506103,0.0130869188237,0.471404520791,0.0
1.68211697931,40,0.0159974233788,0.0,0.0,0.0,3,-0.00523604856309,0.0159974233788,0,5.37692677371,0.0,-0.00523604856309,0.0,0.0
1.68448703368,41,0.0117586651486,0.0,9.0,3.0,3,0.00591915592772,0.0117586651486,4.40455383277e-09,5.38968549601,0.287011588468,0.00591915592772,4.24264068712,0.0
1.68351896749,42,0.00750842314415,0.00791816100077,11.0,3.66666666667,3,0.00130531173512,0.00904905173086,-0.253067249597,5.38447044836,1.08747308076,0.00922347273589,5.1854497287,0.0
1.69515478754,43,0.0162202175434,0.0,1.0,0.666666666667,3,0.00793636358004,0.0162202175434,-46.0391065732,5.44748910341,0.051437080257,0.00793636358004,0.471404520791,0.0
1.68646263429,44,0.008137916013,0.0234846851468,1.0,0.333333333333,3,-0.0130304847139,0.00932204966297,-0.65226304831,5.40034388681,0.129594639358,0.0104542004328,0.471404520791,0.0
1.69046216372,45,0.0137211486518,0.0,1.0,0.333333333333,3,0.00505350042728,0.0137211486518,-0.591587945339,5.42198597138,0.0259548290673,0.00505350042728,0.471404520791,0.0
1.70530827241,46,0.00772301929581,0.0249849347089,1.0,0.333333333333,3,-0.0262840405165,0.00951086186775,-0.204386352398,5.50308185404,0.161663790091,-0.00129910580756,0.471404520791,0.0
1.68061285238,47,0.0142728680809,0.0,2.0,0.666666666667,3,-0.00599375790177,0.0142728680809,0.0155948842879,5.36884527272,0.0178942907584,-0.00599375790177,0.942809041582,0.0
1.69937314234,48,0.00583589120608,0.00728365769984,6.0,2.33333333333,3,-0.0092661890414,0.00894742988596,-0.0386820927289,5.47051708117,0.279292126786,-0.00198253134156,2.62466929134,0.0
1.69496857868,49,0.0169545061948,0.0,4.0,2.66666666667,3,0.00599216316512,0.0169545061948,0.00673078296436,5.4464748271,0.476607343425,0.00599216316512,1.88561808316,0.0
1.66572412504,50,0.014713178185,0.0,8.0,3.0,3,0.00906780477666,0.014713178185,0.156312133595,5.28950212423,0.483516410267,0.00906780477666,3.55902608401,0.0
1.69194677234,51,0.00841341928212,0.0216149538401,5.0,4.0,3,-0.021217638171,0.00994146962324,-0.304721670029,5.43004147664,1.28579295474,0.00039731566915,0.816496580928,3.0
1.64524360655,52,0.00781315093518,0.0207918660841,8.0,4.0,3,-0.016267891489,0.0094131956519,-0.535686934368,5.18227218862,0.199817871862,0.00452397459513,3.26598632371,0.0
1.67066024651,53,0.0100945413683,0.0,8.0,4.66666666667,3,-0.00582401439508,0.0100945413683,-0.478039957871,5.31567629554,0.989360075245,-0.00582401439508,3.3993463424,0.0
1.67707959122,54,0.0122872629439,0.0,4.0,1.66666666667,3,0.00980865250046,0.0122872629439,0.0895547745338,5.34990921295,0.216665866887,0.00980865250046,1.6996731712,0.0
1.65874963288,55,0.0115577854282,0.0,3.0,1.0,3,0.0048788441997,0.0115577854282,-0.608936006963,5.25273888462,0.225103220328,0.0048788441997,1.41421356237,0.0
1.65606595912,56,0.0074133017543,0.0288589550744,7.0,2.33333333333,3,-0.0224117675653,0.00984089767798,0.202295727565,5.23866114557,0.433829323962,0.00644718750913,3.29983164554,0.0
1.68438990101,57,0.0134057500372,0.0,7.0,3.33333333333,3,0.0102244383819,0.0134057500372,-1.00669186154,5.38916200687,0.394588522945,0.0102244383819,2.86744175568,0.0
1.67094795498,58,0.00801458055489,0.0165292521789,10.0,4.0,3,-0.0173656361249,0.009612019174,-0.0289048361964,5.31720588064,1.34162575936,-0.000836383946044,4.24264068712,1.0
1.62787190419,59,0.00724692255959,0.0096614145005,1.0,0.666666666667,3,-0.0185954928244,0.00903147981966,-12.1410136371,5.09302473314,0.0244724193043,-0.00893407832393,0.471404520791,0.0
1.66664471586,60,0.00816759319507,0.0057593789701,8.0,5.33333333333,3,-0.018277938507,0.00936826803721,-0.0497822154173,5.29437383341,2.23716721607,-0.0125185595369,3.09120616517,1.0
1.67487894513,61,0.00935948212128,0.0193501868762,5.0,1.66666666667,3,-0.000322873695026,0.00987788184904,-0.481412733486,5.33814890103,0.827618091429,0.0190273131811,2.35702260396,0.0
1.68086312415,62,0.012608805831,0.0,9.0,5.33333333333,3,-0.0173708977438,0.012608805831,-0.17747242533,5.37018911125,1.32912749554,-0.0173708977438,2.62466929134,3.0
1.65056863796,63,0.00724296201987,0.00462879945264,8.0,2.66666666667,3,-0.00597969292232,0.00972250990286,-1.29405613768,5.20994155554,1.07068228024,-0.00135089346968,3.77123616633,0.0
1.67918097516,64,0.00687503116104,0.0257991394377,6.0,2.0,3,-0.0217378327955,0.00999882711695,-1.00337211721,5.36116324662,0.734858610181,0.00406130664222,2.82842712475,0.0
1.70287058721,65,0.00666013828617,0.0181057466287,9.0,4.66666666667,3,-0.0234219651211,0.00931928459866,-0.146170709257,5.48968341012,2.33666732294,-0.00531621849237,3.68178700573,0.0
1.6834572612,66,0.00764326374453,0.0187507907569,8.0,5.33333333333,3,-0.03387533641,0.00943859161809,0.503445706989,5.38413820288,2.34382693814,-0.0151245456531,2.49443825785,2.0
1.67131771327,67,0.0111061908435,0.0,7.0,2.66666666667,3,0.00741633424386,0.0111061908435,-0.549483449291,5.31917232515,0.788847772341,0.00741633424386,3.09120616517,0.0
1.68251062502,68,0.0103658605827,0.0,7.0,2.33333333333,3,-0.000285202396265,0.0103658605827,-0.51572028403,5.37904379453,0.37584676878,-0.000285202396265,3.29983164554,0.0
1.68756573266,69,0.00635100456082,0.0,7.0,2.33333333333,3,-0.0133474366975,0.00635100456082,0.0657849853089,5.40630428422,0.592045356184,-0.0133474366975,3.29983164554,0.0
1.69144271986,70,0.00871354998376,0.0140571431622,4.0,3.0,3,-0.00367455956665,0.009781357512,-1.27208331065,5.42730514047,0.695212766147,0.0103825835956,0.816496580928,2.0
1.68260793626,71,0.00887133912816,0.00371899538515,7.0,5.33333333333,3,-0.00486722041652,0.00970021541177,0.177511211359,5.37956726141,1.88676192547,-0.00114822503137,1.6996731712,3.0
1.6921902464,72,0.00785869507427,0.0175277966121,11.0,5.33333333333,3,-0.0331230171828,0.00931883612292,-0.808473367362,5.43136371185,1.29681221342,-0.0155952205707,4.49691252108,0.0
1.65953296827,73,0.00661739939583,0.0210455453217,6.0,4.33333333333,3,-0.019877886616,0.00898709390674,-0.724700626197,5.2568551529,2.20309261767,0.00116765870571,1.24721912892,3.0
1.66490304524,74,0.0046207378108,0.0280340773247,2.0,0.666666666667,3,-0.0266335036794,0.00936508050588,-2.06287670596,5.28516080341,0.418036231835,0.00140057364536,0.942809041582,0.0
1.64576509876,75,0.020520791819,0.0,8.0,2.66666666667,3,0.00234685367671,0.020520791819,0.202168740268,5.18497540801,1.54410442151,0.00234685367671,3.77123616633,0.0
1.68988223839,76,0.0207967609,0.0,10.0,8.66666666667,3,-0.00585568547333,0.0207967609,-0.0169652260434,5.41884253593,1.48414938972,-0.00585568547333,0.942809041582,8.0
1.66436636905,77,0.00980757222507,0.00119616915863,3.0,1.0,3,-0.00018634067257,0.00997349907856,-1.39215972583,5.28232514445,0.170677372244,0.00100982848606,1.41421356237,0.0
1.63259049238,78,0.0174746031268,0.0,4.0,1.33333333333,3,0.0159432175289,0.0174746031268,-2.35154115069,5.11711340706,0.970186138721,0.0159432175289,1.88561808316,0.0
1.6597092609,79,0.0175345814262,0.0,9.0,6.0,3,-0.00776427802867,0.0175345814262,0.0459777014044,5.25778197942,0.499696892478,-0.00776427802867,3.55902608401,1.0
1.6445179484,80,0.00990662247655,0.0011673165703,8.0,5.0,3,-0.0216620353623,0.00990339054804,-0.397575821853,5.17851299468,3.32689125118,-0.020494718792,3.55902608401,0.0
1.63812026725,81,0.0142784021901,0.0,6.0,2.0,3,-0.0130838354454,0.0142784021901,-1.33445916076,5.14548827322,0.0467990800741,-0.0130838354454,2.82842712475,0.0
1.65817343388,82,0.00983641447762,0.00565867519519,10.0,3.66666666667,3,-0.0154096694449,0.00995156542474,-0.729687898068,5.24971313352,1.31460235727,-0.00975099424967,4.49691252108,0.0
1.63162036384,83,0.0189438754302,0.0,4.0,2.0,3,0.00772832427519,0.0189438754302,-1.56755690743,5.11215155653,0.294017002438,0.00772832427519,1.63299316186,0.0
1.66840551442,84,0.0101879161877,0.0,8.0,4.66666666667,3,-0.012317113144,0.0101879161877,0.0836378781738,5.30370437143,1.36686510765,-0.012317113144,2.86744175568,1.0
1.6792507322,85,0.00847719246757,0.0223681180765,10.0,4.66666666667,3,-0.0303535885724,0.00994006063012,-0.481118439839,5.36153723852,1.60950497897,-0.00798547049589,4.10960933531,0.0
1.68284449538,86,0.0144929239771,0.0,10.0,6.33333333333,3,0.0038955413038,0.0144929239771,-0.0554451277799,5.38083999768,0.944748180705,0.0038955413038,3.85861230093,1.0
1.65906049921,87,0.0150228535924,0.0,4.0,3.33333333333,3,-0.0138792935855,0.0150228535924,-0.741953641208,5.2543720381,1.16364636463,-0.0138792935855,0.942809041582,2.0
1.67279053962,88,0.0132561689892,0.0,9.0,6.0,3,-0.0080585641702,0.0132561689892,-0.162822976713,5.32701231434,1.45213815716,-0.0080585641702,2.44948974278,3.0
1.67717203977,89,0.00949733647937,0.00970598439047,10.0,3.33333333333,3,-0.00888556703318,0.00991424539976,-1.9441007863,5.35040382713,1.47426460636,0.000820417357285,4.71404520791,0.0
1.66304081047,90,0.0213703534874,0.0,8.0,2.66666666667,3,-0.0101974703613,0.0213703534874,-0.14176367954,5.2753277518,1.08188587395,-0.0101974703613,3.77123616633,0.0
1.68313010941,91,0.0101801707319,0.0,11.0,4.33333333333,3,0.0153206936405,0.0101801707319,0.0908754296865,5.38237706056,1.03233300577,0.0153206936405,4.71404520791,1.0
1.65391420981,92,0.0128774642334,0.0,10.0,4.33333333333,3,-0.0128046748967,0.0128774642334,0.22416664142,5.22740097899,0.558265558886,-0.0128046748967,4.18993502999,0.0
1.68863783282,93,0.0115161433377,0.0,5.0,1.66666666667,3,-0.0162003179095,0.0115161433377,-4.96925594476,5.41210349202,0.831274128097,-0.0162003179095,2.35702260396,0.0
1.69076477505,94,0.00834592609343,0.0166409272331,5.0,2.33333333333,3,-0.0147927636443,0.0099212686149,-0.408363517067,5.42362697404,0.579984129913,0.00184816358874,2.05480466766,0.0
1.66685981883,95,0.00864737005153,0.0156236283855,7.0,3.66666666667,3,-0.0284468219632,0.00953431347664,0.0440751075251,5.29551279146,1.56915910923,-0.0128231935777,2.86744175568,0.0
1.66305287739,96,0.016133587532,0.0,1.0,0.666666666667,3,0.00664091521368,0.016133587532,-11.9989671922,5.27539140913,0.147052271019,0.00664091521368,0.471404520791,0.0
1.67440830866,97,0.0165067891173,0.0,7.0,3.0,3,-0.00306045414874,0.0165067891173,-0.0130920086257,5.3356371646,0.188851532489,-0.00306045414874,2.94392028878,0.0
1.66448035146,98,0.0168917046816,0.0,10.0,5.33333333333,3,-0.0136730760539,0.0168917046816,-0.367989903971,5.28292727091,1.06967562609,-0.0136730760539,3.68178700573,1.0
1.65138735925,99,0.0141735709614,0.0,12.0,6.33333333333,3,0.00303114598493,0.0141735709614,-0.0960041302661,5.21420879223,0.863987632366,0.00303114598493,4.92160768674,0.0
1.66188855699,100,0.0217698197659,0.0,4.0,2.66666666667,3,-0.0164875574935,0.0217698197659,-2.67459107563,5.26925273764,0.698495251692,-0.0164875574935,1.24721912892,1.0
1.68553325703,101,0.0111593924848,0.0,9.0,8.0,3,-0.0156285780152,0.0111593924848,2.50804483592e-05,5.39532726159,2.23686546444,-0.0156285780152,0.816496580928,7.0
1.66053779602,102,0.0194108705706,0.0,2.0,0.666666666667,3,0.0113574568682,0.0194108705706,-7.46732556719,5.2621400416,0.0705381528575,0.0113574568682,0.942809041582,0.0
1.66518631187,103,0.0257601145587,0.0,5.0,3.33333333333,3,-0.0103579188457,0.0257601145587,0.0766598053807,5.28665812517,0.290780760523,-0.0103579188457,1.6996731712,1.0
1.67867830016,104,0.0176537898337,0.0,7.0,2.66666666667,3,0.016132258707,0.0176537898337,0.194170550443,5.35846900111,0.37085592951,0.016132258707,3.09120616517,0.0
1.65278895605,105,0.0160174241048,0.0,0.0,0.0,3,-0.000731958277442,0.0160174241048,0,5.22152213457,0.0,-0.000731958277442,0.0,0.0
1.66467676451,106,0.00903150062258,0.0157421510447,8.0,4.33333333333,3,-0.0391650391374,0.00981337595198,7.15250891847e-09,5.28396500867,2.26968358845,-0.0234228880928,3.29983164554,0.0
1.67461046686,107,0.0188940891617,0.0,10.0,5.66666666667,3,0.00664436951408,0.0188940891617,-0.0648811459576,5.3367159164,2.12869968398,0.00664436951408,3.09120616517,3.0
1.67542388248,108,0.0186223414976,0.0,10.0,5.66666666667,3,-0.0120653545409,0.0186223414976,0.182753153727,5.34105865047,1.3484487405,-0.0120653545409,4.18993502999,0.0
1.6653136103,109,0.015422300161,0.0,4.0,1.66666666667,3,0.00835890606014,0.015422300161,-2.91850603906,5.2873311513,0.242838387958,0.00835890606014,1.6996731712,0.0
1.65635083215,110,0.0080513360202,0.0174537714943,9.0,6.0,3,-0.0197634746533,0.00997492587674,0.109813598255,5.24015371143,2.61644793383,-0.002309703159,3.55902608401,1.0
1.67164433527,111,0.0186574604503,0.0,6.0,3.33333333333,3,-0.0119988168905,0.0186574604503,-0.0732971084869,5.32090996762,1.09967707253,-0.0119988168905,2.49443825785,0.0
1.6566295967,112,0.00780133710321,0.0253249258155,6.0,3.33333333333,3,-0.0324342335615,0.00987676364568,0.220633581483,5.24161468419,2.15500667548,-0.00710930774601,2.49443825785,0.0
1.6610051119,113,0.0128213586893,0.0,9.0,5.66666666667,3,0.00290088799598,0.0128213586893,-0.631026423929,5.26459969786,1.7332925845,0.00290088799598,4.0276819912,0.0
1.68823931424,114,0.00920211004129,0.0157157787876,15.0,11.0,3,-0.0190702698643,0.00983058810938,0.229480149813,5.40994709794,4.55247370957,-0.00335449107672,3.26598632371,7.0
1.66860832394,115,0.00926547452587,0.0,13.0,6.66666666667,3,-0.00487836342944,0.00926547452587,-0.167604532528,5.30478012226,2.35621227524,-0.00487836342944,5.31245915017,0.0
1.67632927398,116,0.0133467289217,0.0,9.0,5.33333333333,3,0.0274720806103,0.0133467289217,0.0830262217549,5.3458965894,0.973073342351,0.0274720806103,3.85861230093,0.0
1.63783654516,117,0.0101099591447,0.0,3.0,1.66666666667,3,0.00682679977818,0.0101099591447,-4.30442338502,5.1440285916,1.12859611684,0.00682679977818,1.24721912892,0.0
1.66349696795,118,0.0130264561659,0.0,9.0,7.66666666667,3,-0.0120390608809,0.0130264561659,0.231855861982,5.27773468092,1.56818853308,-0.0120390608809,1.24721912892,6.0
1.6519630936,119,0.0100937769471,0.0,5.0,2.0,3,-0.0101747934493,0.0100937769471,-1.20184260999,5.21721165571,1.33289845465,-0.0101747934493,2.16024689947,0.0
1.65354997467,120,0.00813561906352,0.0182323048918,11.0,6.33333333333,3,-0.0389972520545,0.00965392328675,0.382306646724,5.22549732255,3.33936280394,-0.0207649471627,4.64279609239,0.0
1.65130353351,121,0.0139523037731,0.0,10.0,6.33333333333,3,0.0043857943268,0.0139523037731,0.184871198295,5.21377172564,3.22996684378,0.0043857943268,4.49691252108,0.0
1.64256373662,122,0.00940692910948,0.0,10.0,5.0,3,-0.000593814726916,0.00940692910948,-0.608504572724,5.16840296537,1.28298238388,-0.000593814726916,3.74165738677,1.0
1.66045243089,123,0.013480221305,0.0,8.0,5.0,3,-0.00768831191613,0.013480221305,0.0151441707933,5.26169085747,2.16107948679,-0.00768831191613,2.94392028878,1.0
1.67281695586,124,0.0121669631419,0.0,4.0,2.0,3,-0.00393289698834,0.0121669631419,-2.40023873938,5.32715303585,0.617149900914,-0.00393289698834,1.63299316186,0.0
1.66465317999,125,0.0126320272421,0.0,8.0,6.0,3,0.00972136989586,0.0126320272421,-0.0947109938449,5.28384039037,1.1007956249,0.00972136989586,2.16024689947,3.0
1.65809432203,126,0.00923636553215,0.0131344282501,10.0,5.33333333333,3,-0.0255263345803,0.00974598901524,-0.695585242424,5.24929783543,2.46720236972,-0.0123919063303,3.68178700573,1.0
1.64574180274,127,0.0110264767419,0.0,2.0,0.666666666667,3,0.00936133367779,0.0110264767419,-7.77411592537,5.18485462014,0.290547959197,0.00936133367779,0.942809041582,0.0
1.62692693374,128,0.0108231933555,0.0,7.0,4.33333333333,3,-0.0126241923221,0.0108231933555,-0.106669329513,5.0882142485,0.909511125578,-0.0126241923221,2.05480466766,2.0
1.66853878091,129,0.0143517848116,0.0,11.0,9.33333333333,3,-0.00283867885365,0.0143517848116,-0.431096298285,5.30441122462,1.49473842882,-0.00283867885365,1.6996731712,7.0
1.6623337105,130,0.0103567416361,0.0,9.0,5.33333333333,3,-0.0152133857179,0.0103567416361,-0.219826760133,5.2715988862,2.3043162718,-0.0152133857179,2.86744175568,2.0
1.6590450943,131,0.0121245570552,0.0,8.0,4.33333333333,3,-0.012005973336,0.0121245570552,-0.133616791927,5.2542910956,1.16176483981,-0.012005973336,3.29983164554,0.0
1.62664884094,132,0.0096565770531,0.00966370656456,4.0,2.33333333333,3,-0.00914149525082,0.00994992929238,-0.420534024938,5.08679944946,1.07443262363,0.000522211313746,1.24721912892,1.0
1.61685949033,133,0.0123913304641,0.0,3.0,1.66666666667,3,-0.00475196324228,0.0123913304641,0.519520912713,5.03724593031,0.700315229196,-0.00475196324228,0.942809041582,1.0
1.65308619904,134,0.00928696489119,0.0,9.0,5.0,3,-0.00280083676271,0.00928696489119,-0.000485848249187,5.22307442613,1.50428176937,-0.00280083676271,3.74165738677,0.0
1.66031350425,135,0.0128272050808,0.0,11.0,6.0,3,0.00115392369193,0.0128272050808,0.216933338556,5.26095991923,1.56041279458,0.00115392369193,4.54606056566,0.0
1.63796088521,136,0.00963596187756,0.00573251454808,6.0,3.66666666667,3,-0.0217449466837,0.00989998762201,-0.627409513647,5.14466824014,0.994300841087,-0.0160124321356,2.62466929134,0.0
1.67874115862,137,0.00984635803895,0.00399305310557,10.0,8.33333333333,3,-0.0220080646271,0.00996298271443,0.290553964852,5.35880583683,3.15605544757,-0.0180150115215,1.6996731712,6.0
1.61670862805,138,0.00779451647046,0.0249459468891,8.0,3.0,3,0.00252320465733,0.00956825609688,0.110696044616,5.03648605724,0.858337005087,0.0274691515465,3.55902608401,0.0
1.6487271287,139,0.00917587391736,0.0178589245168,8.0,7.66666666667,3,-0.0333966901199,0.00996431331293,0.423330041482,5.2003562284,3.14447663325,-0.0155377656031,0.471404520791,7.0
1.65512638687,140,0.0100394319636,0.0,11.0,5.66666666667,3,0.00411541728808,0.0100394319636,0.570891819942,5.23374135657,2.13371389436,0.00411541728808,4.49691252108,0.0
1.61343958197,141,0.0141247218646,0.0,4.0,2.0,3,-0.016816285736,0.0141247218646,-3.86495346444,5.02004843454,0.373553719666,-0.016816285736,1.63299316186,0.0
1.65232828513,142,0.0113132404305,0.0,10.0,7.66666666667,3,-0.0226492860111,0.0113132404305,0.0826084446991,5.21911728513,2.7729027926,-0.0226492860111,2.62466929134,4.0
1.65760417822,143,0.0111682867865,0.0,7.0,5.33333333333,3,-0.00723158505132,0.0111682867865,-0.318716268058,5.24672555504,1.43334959002,-0.00723158505132,1.24721912892,4.0
1.6468515979,144,0.0125323213823,0.0,12.0,7.33333333333,3,-0.0131862336671,0.0125323213823,-0.153817102187,5.19061194082,2.62355224519,-0.0131862336671,3.3993463424,4.0
1.61228445211,145,0.0105989671044,0.0,5.0,2.0,3,0.00179683722296,0.0105989671044,-0.318510258413,5.01425297459,1.24294112649,0.00179683722296,2.16024689947,0.0
1.63678823741,146,0.0101163267844,0.0,12.0,4.0,3,-0.00689133833944,0.0101163267844,0.118510453161,5.13863889207,1.83228137168,-0.00689133833944,5.65685424949,0.0
1.64208623319,147,0.0101293338899,0.0,12.0,8.0,3,-0.0099124041819,0.0101293338899,-0.14746601223,5.1659356244,2.36286395956,-0.0099124041819,4.96655480858,1.0
1.61218967865,148,0.0134908119033,0.0,7.0,3.66666666667,3,-0.00867746915622,0.0134908119033,-0.154108581502,5.01377777899,1.27096132608,-0.00867746915622,2.86744175568,0.0
1.64413300867,149,0.0105608724251,0.0,4.0,2.0,3,0.00556567798168,0.0105608724251,-0.135325883705,5.17651996295,0.144847042028,0.00556567798168,1.63299316186,0.0
1.63841098444,150,0.0120112825507,0.0,5.0,2.66666666667,3,-0.00520096357711,0.0120112825507,-1.47276534722,5.14698437252,0.88212896522,-0.00520096357711,2.05480466766,0.0
1.63710055575,151,0.0123682714234,0.0,7.0,3.0,3,-0.023667809957,0.0123682714234,-0.0311320327633,5.14024403388,0.976821879507,-0.023667809957,2.94392028878,0.0
1.6063990751,152,0.0106482312355,0.0,10.0,4.0,3,-0.000416944209774,0.0106482312355,-0.196960831731,4.98482887632,1.49515227333,-0.000416944209774,4.32049379894,0.0
1.62439724976,153,0.0117752773382,0.0,10.0,8.33333333333,3,0.000760493779384,0.0117752773382,-0.614714110815,5.07535894124,1.95010637575,0.000760493779384,1.6996731712,6.0
1.64663639962,154,0.0104036025104,0.0,9.0,6.33333333333,3,0.000973998060706,0.0104036025104,0.253313635684,5.18949505023,2.22519556252,0.000973998060706,1.88561808316,5.0
1.66362366492,155,0.0100334422405,0.0,11.0,5.33333333333,3,-0.00548880949449,0.0100334422405,0.373534428373,5.27840339625,3.29262595849,-0.00548880949449,4.49691252108,0.0
1.63047075648,156,0.0113006312322,0.0,7.0,6.33333333333,3,0.0116451012413,0.0113006312322,-0.950838556581,5.10627796625,1.07719998425,0.0116451012413,0.471404520791,6.0
1.60827746652,157,0.0137376709239,0.0,4.0,2.33333333333,3,0.00396367409881,0.0137376709239,-0.805692542026,4.9942011357,0.955041334286,0.00396367409881,1.6996731712,0.0
1.58831331595,158,0.0107076335163,0.0,4.0,1.33333333333,3,0.00502233852582,0.0107076335163,0.00181984500783,4.89548482463,0.981649716319,0.00502233852582,1.88561808316,0.0
1.62957780935,159,0.012264036518,0.0,9.0,4.66666666667,3,-0.00304701536397,0.012264036518,-0.183872924443,5.10172036517,1.91660831321,-0.00304701536397,3.09120616517,2.0
1.6235130468,160,0.0079211048462,0.0182670461137,7.0,2.33333333333,3,-0.016628188512,0.00999893908146,-0.0311030715134,5.07087327722,0.418002305506,0.00163885760167,3.29983164554,0.0
1.62238560079,161,0.010696439748,0.0,8.0,4.66666666667,3,-0.0130003829839,0.010696439748,0.0383961476868,5.06515936306,1.34519023644,-0.0130003829839,3.3993463424,0.0
1.63722665033,162,0.00840524887656,0.0138020238812,0.0,0.0,3,-9.99284379692e-05,0.00954520385549,0,5.14089223165,0.0,0.0137020954433,0.0,0.0
1.66062123151,163,0.0123230872989,0.0,8.0,5.0,3,-0.0153654591931,0.0123230872989,8.3144322538e-09,5.26257910914,2.75128357015,-0.0153654591931,3.55902608401,0.0
1.58040608232,164,0.0139552316067,0.0,8.0,5.33333333333,3,0.00585281625632,0.0139552316067,0.00466584431248,4.85692772332,0.93797290006,0.00585281625632,3.09120616517,1.0
1.62154336247,165,0.0113805421522,0.0,11.0,4.33333333333,3,-0.00654566317926,0.0113805421522,0.109838386997,5.06089508776,1.76414787188,-0.00654566317926,4.71404520791,1.0
1.62904516981,166,0.013301477467,0.0,7.0,5.0,3,0.00452296208376,0.013301477467,-0.658579733628,5.09900371074,1.72083091766,0.00452296208376,1.41421356237,4.0
1.6327587776,167,0.0117202399624,0.0,11.0,8.33333333333,3,-0.0131499056691,0.0117202399624,0.347098890298,5.11797461408,2.90574137129,-0.0131499056691,2.49443825785,5.0
1.6207199286,168,0.0119966390573,0.0,8.0,4.66666666667,3,-0.00111036699729,0.0119966390573,-0.534553698766,5.05672949064,1.46703577944,-0.00111036699729,2.49443825785,2.0
1.60975257488,169,0.0113284929731,0.0,7.0,4.33333333333,3,-0.0113702190864,0.0113284929731,0.180810652504,5.0015735598,1.07096395175,-0.0113702190864,3.09120616517,0.0
1.64049170865,170,0.0154491611408,0.0,9.0,7.33333333333,3,-0.0195924421424,0.0154491611408,0.351496643309,5.157704977,2.51562027258,-0.0195924421424,1.24721912892,6.0
1.64724657622,171,0.0136037381739,0.0,13.0,10.0,3,-0.00184740916851,0.0136037381739,0.306576947319,5.19266252497,3.13805824171,-0.00184740916851,2.44948974278,7.0
1.60823979345,172,0.0115711079011,0.0,7.0,4.33333333333,3,0.0019982812874,0.0115711079011,-0.278917205686,4.99401299237,1.95445522672,0.0019982812874,3.09120616517,0.0
1.62741539063,173,0.0115141911232,0.0,4.0,1.33333333333,3,0.0141301553039,0.0115141911232,-2.2365837927,5.0907002289,0.415555547478,0.0141301553039,1.88561808316,0.0
1.60107944543,174,0.00947311901501,0.00812203886048,10.0,5.0,3,-0.0198357735396,0.00988774032329,0.0599852485182,4.95838183928,2.73044749116,-0.0117137346791,3.74165738677,1.0
1.58373800002,175,0.00785910012425,0.0128500359459,7.0,5.0,3,-0.0249346329642,0.00999996325198,-0.821025090284,4.87313759676,2.0778575384,-0.0120845970183,2.82842712475,1.0
1.59320447844,176,0.0112905279912,0.0,6.0,5.33333333333,3,-0.0113968439744,0.0112905279912,-0.514048374311,4.91948809049,1.89476117642,-0.0113968439744,0.471404520791,5.0
1.63763672777,177,0.0108235781907,0.0,2.0,1.0,3,0.00681393499599,0.0108235781907,-1.85759855662,5.1430008279,0.644258701998,0.00681393499599,0.816496580928,0.0
1.62357702327,178,0.014411469186,0.0,8.0,4.0,3,0.00132267027814,0.014411469186,0.066402852555,5.07119770419,1.54820716112,0.00132267027814,2.94392028878,1.0
1.62205049676,179,0.00992169773648,0.0,5.0,2.33333333333,3,-0.00775395051029,0.00992169773648,-0.478824384826,5.06346229212,1.19930819763,-0.00775395051029,2.05480466766,0.0
1.61418848287,180,0.0130348308994,0.0,9.0,8.33333333333,3,-0.0374617000423,0.0130348308994,0.166604558962,5.02380936144,3.27590506078,-0.0374617000423,0.471404520791,8.0
1.644624087,181,0.00696523002242,0.0,7.0,4.0,3,0.0038051025879,0.00696523002242,0.0281156934369,5.17906266397,1.04514974661,0.0038051025879,2.94392028878,0.0
1.6091682579,182,0.011369471903,0.0,0.0,0.0,3,0.0204801130565,0.011369471903,0,4.99865190911,0.0,0.0204801130565,0.0,0.0
1.61350540564,183,0.0126966757242,0.0,7.0,4.33333333333,3,-0.0127122107711,0.0126966757242,8.38066860354e-09,5.02037888343,1.94616287938,-0.0127122107711,3.09120616517,0.0
1.61372493974,184,0.0137515355189,0.0,9.0,4.33333333333,3,0.0130179433562,0.0137515355189,0.0876824018018,5.02148114875,1.59928918702,0.0130179433562,3.68178700573,0.0
1.64135798828,185,0.0103826179523,0.0,11.0,6.66666666667,3,-0.00444271694355,0.0103826179523,0.212535792077,5.16217492759,3.10156051861,-0.00444271694355,3.68178700573,2.0
1.63277132422,186,0.012533927423,0.0,7.0,3.33333333333,3,-0.00180868288569,0.012533927423,-0.231382562928,5.11803882778,0.960132017,-0.00180868288569,2.86744175568,0.0
1.62822775073,187,0.00780720833621,0.000217618688916,5.0,2.33333333333,3,-0.00647125339301,0.00870858427001,0.411219825358,5.09483739086,1.23545977833,-0.0062536347041,2.05480466766,0.0
1.60546578967,188,0.00946260349749,0.00659780365987,7.0,4.0,3,0.0135586357806,0.00988516284312,0.341891639011,4.98017877839,1.40278269213,0.0201564394404,2.94392028878,0.0
1.59630223954,189,0.00785654169802,0.00684562587675,3.0,1.66666666667,3,-0.00190310432461,0.00924271795865,-3.67804130974,4.9347511177,1.15481391944,0.00494252155214,1.24721912892,0.0
1.63590611216,190,0.0111753205167,0.0,7.0,5.33333333333,3,-0.0059653494974,0.0111753205167,0.254357168062,5.13410796765,2.68610488185,-0.0059653494974,1.6996731712,3.0
1.67865012777,191,0.010917803011,0.0,8.0,6.66666666667,3,-0.0123613977386,0.010917803011,0.429873909779,5.35831804238,3.39546451933,-0.0123613977386,0.942809041582,6.0
1.61660620385,192,0.011470114167,0.0,8.0,6.0,3,0.0287754942884,0.011470114167,-1.53190324057,5.03597022559,1.39312429352,0.0287754942884,2.82842712475,2.0
1.65429740362,193,0.0130478667639,0.0,7.0,4.0,3,-0.000428830286641,0.0130478667639,-0.00809990286397,5.22940447051,2.10511839286,-0.000428830286641,2.94392028878,0.0
1.60840119128,194,0.0106047146899,0.0,4.0,2.33333333333,3,-0.0131991681483,0.0106047146899,-0.442004255282,4.99481908028,0.563181967766,-0.0131991681483,1.6996731712,0.0
1.56935571897,195,0.0108871781526,0.0,5.0,3.33333333333,3,-0.0191493701447,0.0108871781526,0.151873007257,4.8035523589,1.06694950795,-0.0191493701447,2.35702260396,0.0
1.63940036811,196,0.0153981013374,0.0,11.0,7.0,3,-0.00530285874077,0.0153981013374,-0.0421321557122,5.15207923483,1.99589581455,-0.00530285874077,3.74165738677,2.0
1.6076325214,197,0.00613928177196,0.0270964936112,2.0,0.666666666667,3,-0.026018909381,0.0097453999021,-5.05963455306,4.99098118853,0.485810301996,0.00107758423019,0.942809041582,0.0
1.6026161124,198,0.00788907059938,0.0126334519747,10.0,4.33333333333,3,-0.0217820715145,0.00937236289733,-0.018606922707,4.96600707811,2.60878048056,-0.00914861953987,4.0276819912,1.0
1.58276551756,199,0.00807561860993,0.0157968078126,4.0,2.66666666667,3,-0.0202546195216,0.00998343734618,-0.0811413683311,4.86840085949,1.81533804533,-0.00445781170897,0.942809041582,2.0
1.59335702932,200,0.00887869856894,0.00990624859307,4.0,2.66666666667,3,-0.019260833027,0.00983707846639,-0.184809389399,4.92023861995,1.05145867242,-0.00935458443394,1.88561808316,0.0
1.54077572935,201,0.00796329624048,0.0138508948369,7.0,4.33333333333,3,-0.0142025953861,0.00959855039733,-0.00288686326211,4.66821013442,1.56259082415,-0.000351700549177,2.05480466766,2.0
1.58782494928,202,0.00982224462828,0.0,12.0,7.33333333333,3,-0.00859975177966,0.00982224462828,0.0609802208104,4.89309461674,2.04138297602,-0.00859975177966,4.10960933531,2.0
1.57721392472,203,0.0138171618502,0.0,6.0,4.66666666667,3,-0.0158852828398,0.0138171618502,0.119583626029,4.84144836398,1.53083485299,-0.0158852828398,1.24721912892,3.0
1.57431314049,204,0.0090013523732,0.0124260303725,5.0,3.66666666667,3,-0.0165018684267,0.00990657116483,0.218541829579,4.82742471653,1.49356401716,-0.00407583805421,1.24721912892,2.0
1.57707705404,205,0.0110385846129,0.0,6.0,3.33333333333,3,-0.0092984481338,0.0110385846129,-0.240500655889,4.84078575699,0.941778998966,-0.0092984481338,2.49443825785,0.0
1.62803395606,206,0.0125434365112,0.0,7.0,3.66666666667,3,-0.0174862373518,0.0125434365112,-0.0729300243616,5.09385013419,1.74557867369,-0.0174862373518,2.86744175568,0.0
1.54328849951,207,0.00973955713111,0.0070432775989,3.0,2.66666666667,3,-0.0301598712316,0.00998374044784,0.113794586335,4.67995502346,1.55737002797,-0.0231165936327,0.471404520791,2.0
1.60027201901,208,0.0109068217555,0.0,8.0,3.66666666667,3,-0.0121005937667,0.0109068217555,0.0812486444273,4.95437992663,1.14231836195,-0.0121005937667,3.29983164554,0.0
1.63540275299,209,0.0124667422792,0.0,6.0,4.66666666667,3,-0.00376074182438,0.0124667422792,-0.419639968455,5.13152431766,1.79649788804,-0.00376074182438,1.88561808316,2.0
1.59955725712,210,0.0108839619555,0.0,8.0,6.66666666667,3,-0.00406809775814,0.0108839619555,0.0808659755439,4.95083998993,1.70811688981,-0.00406809775814,0.942809041582,6.0
1.57133536072,211,0.00892023359891,0.0128839708072,6.0,4.33333333333,3,-0.0249700222037,0.00959676358223,-0.558357360127,4.81307109046,1.58771072378,-0.0120860513965,1.6996731712,2.0
1.5911815944,212,0.0132077073993,0.0,4.0,3.0,3,-0.00792832151269,0.0132077073993,-0.237299612359,4.90954659518,1.25051601734,-0.00792832151269,0.816496580928,2.0
1.59296965044,213,0.0123125354924,0.0,6.0,5.33333333333,3,0.000565054944285,0.0123125354924,0.0779206720976,4.91833299256,1.55117038498,0.000565054944285,0.942809041582,4.0
1.56491972684,214,0.00752790121504,0.012354508622,10.0,4.33333333333,3,-0.0216903784952,0.00957839722562,0.0109480152216,4.78229103086,1.76623588495,-0.0093358698732,4.0276819912,1.0
1.60495197875,215,0.013843509558,0.0,8.0,5.0,3,0.0163486667536,0.013843509558,-4.71297418943,4.97762056546,1.70520703534,0.0163486667536,3.55902608401,0.0
1.60259022451,216,0.0115286562208,0.0,5.0,3.0,3,-0.00744878922336,0.0115286562208,-0.0221636445121,4.96587852031,1.1275212282,-0.00744878922336,2.16024689947,0.0
1.60482487035,217,0.0096113440882,0.00686298238006,4.0,1.33333333333,3,0.00323141372717,0.00987383192271,-0.690305618317,4.97698790824,0.595420135414,0.0100943961072,1.88561808316,0.0
1.57152733454,218,0.00938388952637,0.0127090429568,3.0,2.33333333333,3,-0.0380883029555,0.00993751042885,0.00218677383922,4.81399516279,1.44544265438,-0.0253792599986,0.471404520791,2.0
1.5479523468,219,0.0100023346067,0.0,7.0,4.33333333333,3,0.000519920710874,0.0100023346067,-0.011480868558,4.70183259617,1.77593115703,0.000519920710874,2.05480466766,2.0
1.57592692936,220,0.00910793050867,0.015229920228,3.0,1.0,3,-0.0207160841143,0.00998453654223,-2.16201211868,4.83522145027,0.804572617152,-0.00548616388624,1.41421356237,0.0
1.6181531087,221,0.00631709417064,0.0165324882716,10.0,5.66666666667,3,-0.0281849064442,0.00892011019668,0.126353771121,5.04376642076,2.61755500665,-0.0116524181726,3.09120616517,3.0
1.53445442478,222,0.0115928051652,0.0,2.0,1.33333333333,3,0.00762559455498,0.0115928051652,-7.26661314196,4.63879402839,0.63880023948,0.00762559455498,0.942809041582,0.0
1.57908298887,223,0.0132881949736,0.0,6.0,3.0,3,-0.00966419329085,0.0132881949736,-0.136154455928,4.85050580339,0.843137298628,-0.00966419329085,2.16024689947,1.0
1.59191045744,224,0.0107415356291,0.0,6.0,5.33333333333,3,-0.0128045007635,0.0107415356291,0.0923789660772,4.91312628663,2.3577420365,-0.0128045007635,0.471404520791,5.0
1.58565551078,225,0.00963733167478,0.0058794142794,2.0,1.33333333333,3,-0.00600644308477,0.00993784678903,-1.47580901498,4.88249085515,1.05596846267,-0.000127028805364,0.942809041582,0.0
1.57021618575,226,0.011241585758,0.0,7.0,3.66666666667,3,-0.016213481342,0.011241585758,0.584282386567,4.80768743494,1.99040953088,-0.016213481342,2.35702260396,2.0
1.6018921278,227,0.0105251634589,0.0,6.0,4.0,3,-0.00466410369326,0.0105251634589,0.0929794811177,4.96241306664,2.12880433248,-0.00466410369326,2.16024689947,1.0
1.59086037049,228,0.00799767274746,0.00776011946399,8.0,5.66666666667,3,-0.02972804073,0.0092804740496,0.242058194748,4.9079697847,2.90013443344,-0.021967921266,2.62466929134,2.0
1.54311222924,229,0.0153561320305,0.0,5.0,2.33333333333,3,-0.0148448204938,0.0153561320305,-0.32965434641,4.6791301592,1.43832842395,-0.0148448204938,2.05480466766,0.0
1.60520979076,230,0.012990237023,0.0,7.0,4.33333333333,3,-0.0161562493111,0.012990237023,0.30859722815,4.97890402122,3.20880358096,-0.0161562493111,3.09120616517,0.0
1.61161661567,231,0.0132777099468,0.0,5.0,3.66666666667,3,-0.00588083102569,0.0132777099468,-4.93006962167,5.01090539166,1.92453241659,-0.00588083102569,1.24721912892,2.0
1.58955849866,232,0.0114831027195,0.0,8.0,5.66666666667,3,-0.00469522187345,0.0114831027195,0.146129836554,4.90158439448,3.07812065228,-0.00469522187345,2.05480466766,3.0
1.58776381111,233,0.011737895267,0.0,8.0,3.33333333333,3,0.00743109491134,0.011737895267,0.0583162035558,4.89279547104,1.72586920263,0.00743109491134,3.3993463424,0.0
1.59699815622,234,0.0143380270087,0.0,12.0,8.0,3,-0.0112938996455,0.0143380270087,-1.37453702086,4.93818648855,2.7264427429,-0.0112938996455,4.32049379894,2.0
1.59248999005,235,0.0085406605083,0.0156499741824,4.0,3.0,3,-0.0261929911161,0.00973771679265,-3.16904179021,4.91597442875,2.18209098936,-0.0105430169336,0.816496580928,2.0
1.57957788771,236,0.0119393510014,0.0,4.0,3.33333333333,3,0.0122509959024,0.0119393510014,-0.473088275095,4.85290690719,0.896062481474,0.0122509959024,0.942809041582,2.0
1.5906707971,237,0.0100848421789,0.0,8.0,5.33333333333,3,0.00551708498058,0.0100848421789,0.261145504056,4.90703945238,2.21625089556,0.00551708498058,2.49443825785,2.0
1.62604738046,238,0.0119585132801,0.0,7.0,5.66666666667,3,-0.0148905540284,0.0119585132801,-0.14842255064,5.08374086057,3.33166316898,-0.0148905540284,1.24721912892,4.0
1.63956779111,239,0.00802516443218,0.0214605311532,9.0,4.0,3,-0.027393828592,0.00940385970127,0.33774168047,5.1529418836,2.4203537294,-0.00593329743875,3.74165738677,0.0
1.59586107468,240,0.0110679696001,0.0,3.0,2.33333333333,3,0.00343108538502,0.0110679696001,-0.303446295423,4.93257455908,1.69713147415,0.00343108538502,0.471404520791,2.0
1.62755911921,241,0.00998053721787,0.00803145208787,4.0,2.33333333333,3,-0.0269991377768,0.00999990327347,0.367142016455,5.09143196063,1.49828038189,-0.0189676856889,1.6996731712,0.0
1.57753942687,242,0.0108897590219,0.0,5.0,3.0,3,0.00746778256158,0.0108897590219,-1.08189019155,4.84302452236,1.36211851779,0.00746778256158,1.41421356237,2.0
1.61582157716,243,0.0104310514928,0.0,13.0,6.33333333333,3,-0.0245796554285,0.0104310514928,-0.128874586375,5.03202041868,1.79058255458,-0.0245796554285,4.7842333648,2.0
1.62753572005,244,0.0137877190826,0.0,9.0,4.0,3,0.0104810346647,0.0137877190826,-0.338230177869,5.09131282678,1.68650706855,0.0104810346647,3.74165738677,0.0
1.56330838251,245,0.0109389029389,0.0,5.0,3.0,3,0.00368087667532,0.0109389029389,-2.65469655929,4.77459131843,1.20940070671,0.00368087667532,1.41421356237,2.0
1.61491727181,246,0.00865397610764,0.0203977498088,6.0,3.0,3,-0.028330103835,0.009780690859,-0.129543115093,5.02747199258,1.96996722338,-0.00793235402618,2.16024689947,1.0
1.60803180363,247,0.00880942806008,0.0155049207661,2.0,1.66666666667,3,-0.0235311772523,0.00983475904064,-2.39912155857,4.99297439654,1.34146838892,-0.00802625648623,0.471404520791,1.0
1.62444789466,248,0.0110523386243,0.0,8.0,6.0,3,-0.0184740802822,0.0110523386243,0.285806714839,5.07561598879,1.86166478813,-0.0184740802822,1.63299316186,4.0
1.64660064124,249,0.0119984954454,0.0,9.0,8.66666666667,3,-0.0158296713292,0.0119984954454,0.342206984623,5.18930948561,4.76332099667,-0.0158296713292,0.471404520791,8.0
1.57384193924,250,0.0100167559585,0.0,2.0,1.66666666667,3,-0.00882634531512,0.0100167559585,-23.11233986,4.8251505638,1.21563683975,-0.00882634531512,0.471404520791,1.0
1.6061263907,251,0.0143125720055,0.0,6.0,3.66666666667,3,-0.00794411175872,0.0143125720055,0.282116026826,4.98346977651,1.07958329217,-0.00794411175872,1.6996731712,2.0
1.62745578455,252,0.0113893352625,0.0,3.0,2.33333333333,3,-0.0289356878492,0.0113893352625,-0.332548516162,5.09090586642,1.42382510374,-0.0289356878492,0.942809041582,1.0
1.6024955527,253,0.0119593902833,0.0,6.0,3.33333333333,3,-0.0253619828948,0.0119593902833,0.419520188783,4.96540841388,1.79983663064,-0.0253619828948,2.05480466766,1.0
1.58111584904,254,0.0107703047676,0.0,6.0,5.33333333333,3,-0.0105626305727,0.0107703047676,-0.463216880218,4.86037623265,1.4095421971,-0.0105626305727,0.471404520791,5.0
1.63002430068,255,0.00819325667521,0.0129913438993,9.0,3.66666666667,3,-0.0258183987139,0.00963571779247,0.282357515925,5.10399874768,1.16380224483,-0.0128270548146,3.85861230093,0.0
1.60082514483,256,0.00934161601147,0.010702908806,3.0,1.66666666667,3,0.00123642231138,0.00980011667186,-2.85113516139,4.95712108011,1.19047495307,0.0119393311174,1.24721912892,0.0
1.60718014663,257,0.00722099724832,0.00278586649786,4.0,2.66666666667,3,-0.00688244758293,0.00922326053499,0.332611145491,4.98872390514,1.53507382203,-0.00409658108506,0.942809041582,2.0
1.61218251578,258,0.00865387252529,0.00794242235002,10.0,4.66666666667,3,-0.0134036791277,0.00957774106199,-0.021104705593,5.01374186607,2.18348796352,-0.00546125677766,3.77123616633,2.0
1.62906170026,259,0.00733306211776,0.0,4.0,2.33333333333,3,-0.00605771536224,0.00733306211776,-0.387478755152,5.09908800028,1.05130296445,-0.00605771536224,1.6996731712,0.0
1.57588228426,260,0.0167156418167,0.0,4.0,3.0,3,-0.0177583557257,0.0167156418167,-3.9248399585,4.83500558615,0.995598659655,-0.0177583557257,0.816496580928,2.0
1.60160453064,261,0.00848074881436,0.0199643663308,5.0,3.33333333333,3,-0.0484216682439,0.00962501835161,-0.0979605590481,4.96098609595,1.92766350017,-0.0284573019131,1.6996731712,1.0
1.60728368015,262,0.00898556878356,0.0128839516974,7.0,5.0,3,-0.0510059893179,0.00999310894472,0.000697293126552,4.98924043205,2.27445809337,-0.0381220376206,1.63299316186,3.0
1.59193341776,263,0.00837172338915,0.010947472748,2.0,2.0,3,-0.00519978700991,0.00979283135287,-1.17862663476,4.91323909485,1.60395436121,0.0057476857381,0.0,2.0
1.62555392163,264,0.0105205678824,0.0,8.0,4.0,3,0.00526818538633,0.0105205678824,0.105224264695,5.0812328626,2.30323229213,0.00526818538633,2.94392028878,1.0
1.62311202261,265,0.0103053708267,0.0,9.0,3.66666666667,3,-0.0217417187692,0.0103053708267,-0.952399709027,5.06884014209,0.981590009756,-0.0217417187692,3.85861230093,0.0
1.6237088819,266,0.00769683766733,0.0196324269767,2.0,1.0,3,-0.0118281326091,0.00969302249073,-15.3906833887,5.07186642943,0.717803429448,0.0078042943676,0.816496580928,0.0
1.60922262212,267,0.00810076423788,0.0189635191971,2.0,1.33333333333,3,-0.0126887548253,0.00921789799055,-0.0107243671733,4.99892366431,0.836557384963,0.00627476437171,0.942809041582,0.0
1.62324640839,268,0.00770482285421,0.0,3.0,2.33333333333,3,0.0178461066327,0.00770482285421,-0.102320162454,5.06952136789,1.22831587692,0.0178461066327,0.471404520791,2.0
1.63825881273,269,0.00737620339291,0.0132917189237,7.0,3.0,3,-0.0379400148902,0.00969903990158,-0.335639115304,5.14620120674,2.21477658908,-0.0246482959665,2.94392028878,0.0
1.56774694399,270,0.0074278030634,0.00840173382321,9.0,7.66666666667,3,-0.00507007443824,0.00945717346421,-0.521356359673,4.79583073692,3.07498283936,0.00333165938497,1.24721912892,6.0
1.62217902209,271,0.0103024010287,0.0,9.0,5.0,3,-0.00626011266293,0.0103024010287,0.0966719824,5.06411311709,1.95711726065,-0.00626011266293,3.74165738677,0.0
1.62046129469,272,0.0109059526309,0.0,6.0,2.0,3,-0.01630914383,0.0109059526309,-1.58258696153,5.05542181799,0.937074701404,-0.01630914383,2.82842712475,0.0
1.56399228642,273,0.0105541336408,0.0,7.0,5.0,3,-0.00835191957833,0.0105541336408,-0.161793979718,4.77785779698,1.73241536999,-0.00835191957833,2.16024689947,2.0
1.54512747988,274,0.0130028744587,0.0,6.0,5.66666666667,3,-0.0170182919123,0.0130028744587,0.22236476691,4.68856928718,2.30839897254,-0.0170182919123,0.471404520791,5.0
1.57664902125,275,0.00707236596806,0.0,2.0,1.33333333333,3,-0.00354499534066,0.00707236596806,-1.67935585134,4.83871418536,1.06118623848,-0.00354499534066,0.942809041582,0.0
1.62041154833,276,0.010187164892,0.0,9.0,4.33333333333,3,-0.0118834059496,0.010187164892,0.16349779292,5.05517033545,2.04020225277,-0.0118834059496,3.68178700573,0.0
1.63215115306,277,0.011961706388,0.0,8.0,4.66666666667,3,0.00210181426986,0.011961706388,0.207776888987,5.11486575174,1.90448624656,0.00210181426986,2.49443825785,2.0
1.61992059106,278,0.0116513814304,0.0,13.0,6.33333333333,3,-0.0160288296457,0.0116513814304,-0.696667976487,5.05268907195,2.19339476531,-0.0160288296457,4.71404520791,3.0
1.57047031848,279,0.01008526444,0.0,7.0,5.33333333333,3,-0.00506069664874,0.01008526444,0.278001837617,4.80890938093,2.25772500603,-0.00506069664874,1.24721912892,4.0
1.62035919318,280,0.00938709249064,0.00703455539038,8.0,5.0,3,-0.0179514567358,0.00987806135849,0.138880364471,5.05490567814,1.96715332193,-0.0109169013454,2.16024689947,3.0
1.64528043354,281,0.00921730773798,0.0109724834769,4.0,1.66666666667,3,-0.0109920372112,0.00990448170281,0.250141434116,5.18246303963,0.892235030576,-1.95537343177e-05,1.6996731712,0.0
1.68819623541,282,0.0107050353287,0.0,7.0,4.33333333333,3,-0.0129772572685,0.0107050353287,-0.0128939632221,5.40971404874,2.14272539563,-0.0129772572685,2.49443825785,1.0
1.63928317823,283,0.0121597470533,0.0,12.0,9.33333333333,3,-0.0153593305262,0.0121597470533,0.25716146741,5.15147549864,3.17845806728,-0.0153593305262,3.09120616517,5.0
1.64085543877,284,0.0135294444041,0.0,8.0,3.66666666667,3,0.0193658609662,0.0135294444041,-0.883649554967,5.15958133084,1.68586443058,0.0193658609662,3.09120616517,1.0
1.62203198308,285,0.00971814650469,0.00665824122005,4.0,2.33333333333,3,-0.00579105363665,0.00989468775251,-0.213307617896,5.06336854963,0.70768969001,0.000867187583396,1.6996731712,0.0
1.60339511265,286,0.00893336198546,0.0106425648897,8.0,4.66666666667,3,-0.0236858189427,0.00992297559933,0.252636545365,4.96987710604,2.01950503107,-0.0130432540529,2.86744175568,1.0
1.56517923681,287,0.0119861883206,0.0,5.0,4.33333333333,3,0.00823181242714,0.0119861883206,-1.2368432218,4.78353224413,1.93674614491,0.00823181242714,0.471404520791,4.0
1.66839031201,288,0.0128858295051,0.0,9.0,7.0,3,-0.0342810109101,0.0128858295051,0.350216345678,5.30362374297,3.85833058654,-0.0342810109101,1.41421356237,6.0
1.65295239395,289,0.0101923967936,0.0,7.0,3.66666666667,3,-0.00630978326101,0.0101923967936,0.0557463789833,5.22237559892,1.9221695353,-0.00630978326101,2.86744175568,0.0
1.58176644775,290,0.0119518715493,0.0,10.0,7.66666666667,3,-0.0122282769442,0.0119518715493,-2.04127869809,4.86353941601,3.04432762305,-0.0122282769442,1.6996731712,6.0
1.63710610027,291,0.00825776873012,0.0162996388908,8.0,6.0,3,-0.0119561337148,0.0097444123133,0.335890710157,5.14027253413,2.37525896102,0.00434350517597,2.16024689947,3.0
1.61281729391,292,0.0125441180802,0.0,10.0,7.33333333333,3,-0.00882302692661,0.0125441180802,0.27788126456,5.01692549014,3.19687039472,-0.00882302692661,1.88561808316,6.0
1.57945555145,293,0.0101489967469,0.0,6.0,4.66666666667,3,0.0170584748608,0.0101489967469,-1.22187530731,4.85231325703,1.87077217849,0.0170584748608,1.24721912892,3.0
1.63648332813,294,0.0101143703825,0.0,9.0,5.66666666667,3,-0.015717277017,0.0101143703825,0.389866163404,5.13707231222,1.78159648276,-0.015717277017,3.3993463424,1.0
1.55865739094,295,0.014589403623,0.0,10.0,8.33333333333,3,0.00386703947429,0.014589403623,-0.00552934944274,4.75243629584,1.53264711226,0.00386703947429,2.35702260396,5.0
1.61334708794,296,0.0165545697803,0.0,10.0,5.33333333333,3,-0.0322028860487,0.0165545697803,0.00208619702787,5.01958413149,2.64566906992,-0.0322028860487,3.29983164554,3.0
1.57642785525,297,0.0123034767662,0.0,10.0,6.66666666667,3,-0.0142012103679,0.0123034767662,0.0973154697518,4.83764414463,2.19127590339,-0.0142012103679,2.35702260396,5.0
1.60992214485,298,0.0127684419633,0.0,4.0,1.66666666667,3,-0.0004584813983,0.0127684419633,-1.21329452252,5.0024217484,0.843802495704,-0.0004584813983,1.6996731712,0.0
1.62402667821,299,0.0115116147605,0.0,5.0,4.0,3,0.00336423423785,0.0115116147605,-0.388655717739,5.07347850604,1.56361138116,0.00336423423785,0.816496580928,3.0
1.61859237721,300,0.0144991384352,0.0,5.0,4.0,3,0.00670603401925,0.0144991384352,-3.98377998156,5.0459824752,1.64897816887,0.00670603401925,1.41421356237,2.0
1.6223135264,301,0.00821955528203,0.0201583848807,7.0,4.33333333333,3,-0.0283847992503,0.00992365794436,0.28671908972,5.06479430793,1.90951616574,-0.00822641436966,3.09120616517,0.0
1.58262352108,302,0.0163661215139,0.0,11.0,7.33333333333,3,0.0126414718797,0.0163661215139,-0.0966730229981,4.86770961275,2.4762619862,0.0126414718797,2.62466929134,5.0
1.58422506296,303,0.0136079445552,0.0,7.0,4.66666666667,3,-0.00801366548844,0.0136079445552,-0.452516160188,4.87551169961,1.14929698976,-0.00801366548844,1.6996731712,3.0
1.59445696393,304,0.0122233317497,0.0,7.0,5.66666666667,3,-0.00894205037889,0.0122233317497,0.0525620438525,4.92565353819,2.19517742719,-0.00894205037889,1.24721912892,4.0
1.58451057481,305,0.0142051515441,0.0,12.0,8.0,3,-0.00579626573988,0.0142051515441,0.281185576352,4.8769039147,2.80262967727,-0.00579626573988,2.94392028878,5.0
1.64601253522,306,0.0117845660709,0.0,8.0,4.66666666667,3,-0.00478295220362,0.0117845660709,-0.441673593069,5.18625851871,2.0185121126,-0.00478295220362,3.3993463424,0.0
1.64713754868,307,0.0102943290335,0.0,7.0,5.0,3,0.00441272345987,0.0102943290335,-0.364632841783,5.1920964126,2.14260785102,0.00441272345987,2.16024689947,2.0
1.62691731954,308,0.0106024133375,0.0,8.0,6.0,3,0.00794205681064,0.0106024133375,-0.843658622247,5.08816532961,2.10342303184,0.00794205681064,1.63299316186,4.0
1.63523433931,309,0.0144520268495,0.0,13.0,7.33333333333,3,-0.00630206256913,0.0144520268495,0.131582079626,5.13066017153,1.93717098027,-0.00630206256913,4.49691252108,2.0
1.61089771465,310,0.00984096360055,0.00537231408523,15.0,10.3333333333,3,-0.0183550050118,0.00996482113002,-0.295298586533,5.00730434125,4.72527815748,-0.0129826909266,3.3993463424,7.0
1.56103794529,311,0.0110983013767,0.0,7.0,6.33333333333,3,0.0209931127905,0.0110983013767,-0.449209450904,4.76376320552,2.34452813757,0.0209931127905,0.471404520791,6.0
1.64103696686,312,0.00786647517134,0.0153442513285,6.0,5.66666666667,3,-0.0235940333687,0.00899172263809,-0.151536411745,5.16051802481,3.18373607835,-0.00824978204019,0.471404520791,5.0
1.61617642403,313,0.0110256876705,0.0,9.0,8.33333333333,3,-0.00672260710095,0.0110256876705,0.293256606986,5.03380633221,4.06680096834,-0.00672260710095,0.471404520791,8.0
1.62207406405,314,0.00869506126139,0.0236743809496,2.0,1.0,3,0.0152947702802,0.00961831826206,-3.42636549722,5.0635816256,0.643229923574,0.0389691512297,0.816496580928,0.0
1.6555467386,315,0.0117338099391,0.0,10.0,7.0,3,-0.0124531965744,0.0117338099391,0.205772975206,5.23594183126,2.7199414349,-0.0124531965744,2.16024689947,5.0
1.62208579933,316,0.0102559642146,0.0,9.0,5.66666666667,3,-0.00151869818218,0.0102559642146,-0.128351508931,5.06364104848,2.72727288218,-0.00151869818218,2.86744175568,2.0
1.63868989084,317,0.0203458913331,0.0,8.0,4.66666666667,3,0.0112790122003,0.0203458913331,-0.219223746695,5.14842009962,1.81728260428,0.0112790122003,2.49443825785,2.0
1.58275916858,318,0.0114359623057,0.0,8.0,6.66666666667,3,0.00316102877219,0.0114359623057,-1.47277415475,4.86836995019,1.88769007236,0.00316102877219,0.942809041582,6.0
1.60970614544,319,0.0118404831026,0.0,8.0,5.0,3,-0.00578395758426,0.0118404831026,-0.269385293999,5.00134134494,1.96446006078,-0.00578395758426,2.44948974278,2.0
1.62194382579,320,0.0148991803089,0.0,9.0,6.0,3,-0.0172916826475,0.0148991803089,-0.261860823482,5.06292219649,2.45742951763,-0.0172916826475,2.94392028878,2.0
1.61004783216,321,0.0108417348074,0.0,7.0,6.0,3,-0.0120565681536,0.0108417348074,0.190608071854,5.0030505288,2.58205582395,-0.0120565681536,0.816496580928,5.0
1.62613357909,322,0.010225832349,0.0,8.0,6.33333333333,3,-0.0102854184578,0.010225832349,0.13394772231,5.08417909094,3.10714141854,-0.0102854184578,1.6996731712,4.0
1.58248670523,323,0.0109854706238,0.0,7.0,4.33333333333,3,0.0105886084603,0.0109854706238,0.0257758521216,4.86704367852,2.27006777138,0.0105886084603,2.05480466766,2.0
1.65014659681,324,0.0181871084379,0.0,7.0,4.66666666667,3,-0.00337169688811,0.0181871084379,0.234147855416,5.20774320975,1.87681823001,-0.00337169688811,2.62466929134,1.0
1.55549030179,325,0.0153360584219,0.0,8.0,5.0,3,0.00745487558342,0.0153360584219,0.17140423856,4.73740871578,1.49954602205,0.00745487558342,3.55902608401,0.0
1.62829286708,326,0.0116366593128,0.0,9.0,7.0,3,0.0218407872989,0.0116366593128,-0.769434136447,5.09516915885,2.70015325497,0.0218407872989,1.41421356237,6.0
1.52815084945,327,0.0150496654836,0.0,9.0,5.0,3,-0.0037280823309,0.0150496654836,-0.530823221663,4.60964500885,1.23987551198,-0.0037280823309,2.94392028878,2.0
1.58416878255,328,0.0116187785713,0.0,10.0,6.66666666667,3,-0.00915349044192,0.0116187785713,0.28849809534,4.87523731151,1.48417323297,-0.00915349044192,2.86744175568,3.0
1.60016529702,329,0.016632328132,0.0,7.0,7.0,3,-0.0148804044767,0.016632328132,0.0208074603809,4.95385121356,1.90108353646,-0.0148804044767,0.0,7.0
1.61032705741,330,0.0127622854035,0.0,8.0,6.66666666667,3,-0.00401736464437,0.0127622854035,-0.0292659037326,5.00444770193,2.66920842555,-0.00401736464437,1.24721912892,5.0
1.6130784824,331,0.0100869570518,0.0,7.0,5.33333333333,3,0.0167101271341,0.0100869570518,0.0095382630518,5.01823602447,2.49024559675,0.0167101271341,2.35702260396,2.0
1.59383318805,332,0.0152830279423,0.0,6.0,5.33333333333,3,0.000843259326009,0.0152830279423,-0.676833304738,4.9225819924,2.05639921723,0.000843259326009,0.471404520791,5.0
1.58798142495,333,0.0125469700191,0.0,7.0,5.0,3,-0.0256918096638,0.0125469700191,0.381631950652,4.89386032691,2.02494333232,-0.0256918096638,2.16024689947,2.0
1.61083426882,334,0.0121991366098,0.0,7.0,5.66666666667,3,0.00708167756437,0.0121991366098,0.317670895756,5.00698665872,2.92472023693,0.00708167756437,1.24721912892,4.0
1.63625759229,335,0.0112632588653,0.0,8.0,4.66666666667,3,-0.0182950244107,0.0112632588653,0.334970964929,5.13591282178,1.98868974357,-0.0182950244107,3.3993463424,0.0
1.58730004621,336,0.0146006279938,0.0,8.0,7.66666666667,3,-0.0123400302676,0.0146006279938,0.251875984276,4.89052689029,3.45277617369,-0.0123400302676,0.471404520791,7.0
1.63072223081,337,0.0126333151806,0.0,5.0,4.0,3,-0.0157979871135,0.0126333151806,0.302416681561,5.10756222556,2.23096244592,-0.0157979871135,1.41421356237,2.0
1.59128306881,338,0.0134524734674,0.0,8.0,4.66666666667,3,-0.00892937475696,0.0134524734674,-0.278172246917,4.91004481377,2.13321210872,-0.00892937475696,2.86744175568,1.0
1.62445393021,339,0.0176353290939,0.0,5.0,3.33333333333,3,0.0175814179656,0.0176353290939,-0.0387321536977,5.07564662301,1.24540341332,0.0175814179656,1.24721912892,2.0
1.61850833754,340,0.0119484361318,0.0,10.0,6.33333333333,3,-0.0131741363024,0.0119484361318,0.342724653276,5.04555843036,2.77666635705,-0.0131741363024,3.29983164554,2.0
1.51209645425,341,0.0176778465617,0.0,10.0,5.0,3,-0.0049124503443,0.0176778465617,-0.285703349721,4.53623083306,1.67231650262,-0.0049124503443,3.55902608401,2.0
1.56259595615,342,0.0132150608479,0.0,7.0,3.66666666667,3,-0.00107526256293,0.0132150608479,-0.120596089991,4.77119098512,1.61383299613,-0.00107526256293,2.35702260396,2.0
1.59261803748,343,0.00830892716555,0.0111356752184,8.0,4.0,3,-0.0209451666138,0.00972396438067,-0.0177903835375,4.91660394691,1.52372255248,-0.00980949139548,3.26598632371,0.0
1.60211258432,344,0.0150897769844,0.0,7.0,6.33333333333,3,0.000724616902315,0.0150897769844,0.0956946183755,4.96350718352,2.28594081921,0.000724616902315,0.942809041582,5.0
1.57650866212,345,0.0127998945614,0.0,6.0,4.0,3,0.00520074168156,0.0127998945614,-0.919250242099,4.83803507528,1.69624570164,0.00520074168156,1.63299316186,2.0
1.59187979796,346,0.0187347276239,0.0,5.0,3.33333333333,3,-0.0196297067386,0.0187347276239,-1.73594365353,4.91297565501,1.89869217142,-0.0196297067386,1.24721912892,2.0
1.62647132781,347,0.0111550673177,0.0,7.0,4.33333333333,3,-0.0120718663765,0.0111550673177,0.456409147172,5.08589655595,2.06551542472,-0.0120718663765,2.05480466766,2.0
1.62641544464,348,0.0122945045238,0.0,8.0,5.33333333333,3,0.000828398169279,0.0122945045238,0.357384531702,5.08561234786,1.98997354215,0.000828398169279,3.77123616633,0.0
1.61531759058,349,0.0128526214582,0.0,7.0,5.66666666667,3,0.00934055897915,0.0128526214582,0.332574298917,5.02948498692,2.67937006335,0.00934055897915,0.942809041582,5.0
1.52692465322,350,0.0165406633747,0.0,10.0,7.33333333333,3,0.0135909903415,0.0165406633747,-0.234123740193,4.6039961435,1.70646147158,0.0135909903415,1.88561808316,6.0
1.64116647046,351,0.00870352773186,0.0130283197965,9.0,7.0,3,-0.0288372715768,0.00982332756147,0.170807302454,5.16118637374,3.47208974633,-0.0158089517803,1.41421356237,6.0
1.61946937645,352,0.0143478307433,0.0,9.0,7.66666666667,3,-0.00726525334011,0.0143478307433,0.475104760139,5.05040973908,3.51970335925,-0.00726525334011,1.24721912892,6.0
1.55522260849,353,0.0149800148077,0.0,7.0,4.33333333333,3,0.031747654016,0.0149800148077,-0.245684547019,4.73614071295,1.63808123136,0.031747654016,1.88561808316,3.0
1.58532834228,354,0.0135832278915,0.0,8.0,6.66666666667,3,-0.0151317443204,0.0135832278915,-0.486589051934,4.88089371919,4.08792107183,-0.0151317443204,1.88561808316,4.0
1.55553193749,355,0.0170226220045,0.0,7.0,5.33333333333,3,0.00181744244578,0.0170226220045,-0.556473959059,4.73760596524,1.48413069963,0.00181744244578,1.6996731712,3.0
1.65345624775,356,0.0132111514777,0.0,8.0,6.0,3,-0.0086033147307,0.0132111514777,-0.0565189022044,5.22500757572,2.97331190546,-0.0086033147307,1.63299316186,4.0
1.56643079018,357,0.0133485895562,0.0,6.0,4.66666666667,3,0.00717848508149,0.0133485895562,0.0193471284885,4.78952283803,3.160969921,0.00717848508149,1.88561808316,2.0
1.5641014805,358,0.0108752331135,0.0,7.0,4.66666666667,3,-0.0185490968776,0.0108752331135,0.40002046798,4.77837953924,2.51927340932,-0.0185490968776,3.29983164554,0.0
1.63288875286,359,0.0109642607189,0.0,10.0,6.33333333333,3,0.0097861622616,0.0109642607189,0.310961527461,5.11863986737,2.46989879282,0.0097861622616,2.86744175568,3.0
1.60448283122,360,0.0165575345563,0.0,9.0,7.33333333333,3,-0.00700544092168,0.0165575345563,0.504493378505,4.97528587474,1.55723930738,-0.00700544092168,1.6996731712,5.0
1.61523164395,361,0.0136734827991,0.0,8.0,6.0,3,0.00247544369071,0.0136734827991,-0.450115268411,5.02905273819,3.14155913199,0.00247544369071,1.41421356237,5.0
1.58518268027,362,0.0204606656731,0.0,10.0,8.0,3,-0.0109034903304,0.0204606656731,0.205393325059,4.88018281021,2.11026776135,-0.0109034903304,2.82842712475,4.0
1.64917271376,363,0.013068408725,0.0,11.0,8.0,3,-0.0134037245211,0.013068408725,0.304442376875,5.20267394574,3.8824989503,-0.0134037245211,2.16024689947,6.0
1.55831682249,364,0.0184874624528,0.0,5.0,4.66666666667,3,-0.00521173517468,0.0184874624528,-0.559825320214,4.75081804152,1.87631969432,-0.00521173517468,0.471404520791,4.0
1.62171590789,365,0.0140412995722,0.0,8.0,7.33333333333,3,-0.0116105399395,0.0140412995722,0.21598863986,5.06176839738,2.48882591717,-0.0116105399395,0.471404520791,7.0
1.55794930804,366,0.0176172991912,0.0,9.0,8.66666666667,3,0.00986379324704,0.0176172991912,0.260519258527,4.74907236804,3.29557077287,0.00986379324704,0.471404520791,8.0
1.66416881001,367,0.0200958827505,0.0,8.0,6.33333333333,3,-0.0239622396069,0.0200958827505,0.304733643719,5.28128167643,2.30231647929,-0.0239622396069,1.6996731712,4.0
1.59887914113,368,0.0147943932347,0.0,9.0,7.0,3,-0.00559418913072,0.0147943932347,0.394821762072,4.94748388422,2.42877086798,-0.00559418913072,1.41421356237,6.0
1.64978937297,369,0.0138469089821,0.0,8.0,6.0,3,-0.00885502028409,0.0138469089821,0.136364989971,5.20588321198,3.73768761458,-0.00885502028409,1.63299316186,4.0
1.55248076628,370,0.0119673587011,0.0,11.0,7.66666666667,3,-0.0211361208939,0.0119673587011,-0.359535817204,4.72317274861,3.26705206003,-0.0211361208939,2.86744175568,4.0
1.63036117363,371,0.014729714002,0.0,11.0,9.33333333333,3,-0.0410998217222,0.014729714002,0.587046740077,5.1057184364,4.50679863417,-0.0410998217222,1.24721912892,8.0
1.61768404627,372,0.00972555702435,0.00528716935338,7.0,6.66666666667,3,-0.00583435334243,0.00991013791749,0.378052200322,5.04140113422,3.07222205079,-0.000547183989047,0.471404520791,6.0
1.52485749441,373,0.0144605870279,0.0,7.0,5.0,3,0.0133676419396,0.0144605870279,-0.311058498432,4.5944887823,2.0480233155,0.0133676419396,2.16024689947,2.0
1.59007550102,374,0.0127992889216,0.0,7.0,4.66666666667,3,-0.0052900744902,0.0127992889216,0.00410826945382,4.90411918033,2.07528539723,-0.0052900744902,1.6996731712,3.0
1.60206536917,375,0.0166523635355,0.0,9.0,5.33333333333,3,-0.00804535035479,0.0166523635355,0.404184080706,4.96327283636,3.64538496311,-0.00804535035479,2.62466929134,3.0
1.64882259151,376,0.00990471728945,0.00355579340932,10.0,5.33333333333,3,-0.00334895105233,0.0099822215573,0.0508727757059,5.20085269269,3.021999996,0.000206842356986,3.29983164554,3.0
1.61898767188,377,0.0116378354277,0.0,7.0,6.0,3,-0.00351517148239,0.0116378354277,0.260023745776,5.0479775195,3.17944643959,-0.00351517148239,0.816496580928,5.0
1.57520440663,378,0.0123737550027,0.0,7.0,4.0,3,-0.0110586735379,0.0123737550027,-0.804258948481,4.83172915467,1.43833287184,-0.0110586735379,2.16024689947,2.0
1.61780591361,379,0.0161017047441,0.0,8.0,4.66666666667,3,-0.0212548912415,0.0161017047441,-0.185983842717,5.0420155538,2.74633194552,-0.0212548912415,2.49443825785,2.0
1.6135571985,380,0.0143322837714,0.0,6.0,4.0,3,-0.0214130614167,0.0143322837714,0.475858405987,5.02063890994,2.36566924582,-0.0214130614167,1.63299316186,2.0
1.52811735091,381,0.0127374202167,0.0,6.0,4.66666666667,3,-0.0155580937611,0.0127374202167,-1.37824595163,4.60949059502,2.23253877125,-0.0155580937611,1.88561808316,2.0
1.57301902202,382,0.0125121785282,0.0,8.0,6.0,3,0.00125309654605,0.0125121785282,0.212067297287,4.82118149768,2.76544562416,0.00125309654605,2.82842712475,2.0
1.62057148191,383,0.010696305833,0.0,11.0,8.33333333333,3,-0.00442413543563,0.010696305833,0.238899601677,5.05597889155,3.86243600446,-0.00442413543563,1.88561808316,7.0
1.62515982513,384,0.0142298791026,0.0,11.0,6.33333333333,3,0.00173269184167,0.0142298791026,0.539338232299,5.079230761,2.55703198786,0.00173269184167,3.68178700573,2.0
1.6450404714,385,0.0137581540915,0.0,8.0,6.0,3,-0.00941666860191,0.0137581540915,0.316362633531,5.18121959392,3.06227647157,-0.00941666860191,1.63299316186,4.0
1.60319518663,386,0.0113692530087,0.0,8.0,6.33333333333,3,0.00442107621534,0.0113692530087,0.245378544655,4.9688835976,3.25371518249,0.00442107621534,1.24721912892,5.0
1.5649331311,387,0.00866889035733,0.00195176800612,6.0,5.0,3,-0.00413232851931,0.00988887115875,0.602122112761,4.78235513436,2.41415331598,-0.00218056051319,1.41421356237,3.0
1.60506399462,388,0.00996244690216,0.0,6.0,5.66666666667,3,0.00899415869615,0.00996244690216,0.303468642397,4.97817816916,2.29258511514,0.00899415869615,0.471404520791,5.0
1.56764079469,389,0.0102591250984,0.0,7.0,4.33333333333,3,0.00685282216968,0.0102591250984,-0.169284350766,4.79532168988,2.08066670471,0.00685282216968,2.05480466766,2.0
1.57755363602,390,0.0122565918916,0.0,6.0,4.33333333333,3,-0.00233814838241,0.0122565918916,-0.73139721458,4.84309333807,1.83976494178,-0.00233814838241,1.6996731712,2.0
1.58648825782,391,0.0107664717041,0.0,9.0,6.0,3,-0.014829171955,0.0107664717041,0.356271262118,4.88655842832,2.88288285306,-0.014829171955,2.16024689947,4.0
1.63328662628,392,0.0189316000771,0.0,8.0,5.0,3,-0.0074913092983,0.0189316000771,-0.22560563654,5.12067684335,2.83723209826,-0.0074913092983,2.44948974278,2.0
1.61997285876,393,0.0166017615633,0.0,7.0,4.66666666667,3,-0.0250716129141,0.0166017615633,-0.249724447918,5.05295317128,2.2318366679,-0.0250716129141,2.62466929134,1.0
1.58393119163,394,0.0121480889576,0.0,6.0,5.0,3,-0.0163323432768,0.0121480889576,0.0521977343934,4.87407913699,1.81937299654,-0.0163323432768,0.816496580928,4.0
