dLoss,MeanKL,AverageReturn,LossBefore,LossAfter,MinReturn,Entropy,Iteration,NumTrajs,MeanKLBefore,AverageDiscountedReturn,StdReturn,Perplexity,ExplainedVariance,MaxReturn
0.0,0.040876751618,3.33333333333,0.00504242278467,0.00504242278467,0.0,1.53449184829,0,3,0.040876751618,0.472961193446,3.3993463424,4.63896763158,7.39465511046e-09,8.0
0.0,0.0362060844618,2.33333333333,-0.00417931678677,-0.00417931678677,0.0,1.51228219104,1,3,0.0362060844618,0.729927858846,2.62466929134,4.53707345627,-0.675552198619,6.0
0.0,0.0641044981803,1.0,0.00491673617118,0.00491673617118,0.0,1.51458162098,2,3,0.0641044981803,0.0242328390811,1.41421356237,4.54751814261,-1.79174125348,3.0
0.0,0.045181875012,4.0,0.0110760066334,0.0110760066334,0.0,1.5383625087,3,3,0.045181875012,0.674601771874,2.94392028878,4.65695829535,0.0404581966087,7.0
0.0,0.0439712332709,0.666666666667,-0.0117562650517,-0.0117562650517,0.0,1.50623565434,4,3,0.0439712332709,0.357530206307,0.942809041582,4.50972264727,-4.8767919298,2.0
0.0,0.0367796866425,3.66666666667,-0.00473348543812,-0.00473348543812,0.0,1.51147492269,5,3,0.0367796866425,0.883574892977,3.29983164554,4.53341229841,0.094291142107,8.0
0.0,0.0587309173868,0.0,0.00300322750342,0.00300322750342,0.0,1.48617680858,6,3,0.0587309173868,0.0,0.0,4.42016404026,0,0.0
0.0,0.0531528803588,0.666666666667,0.0145392354403,0.0145392354403,0.0,1.52687923907,7,3,0.0531528803588,0.0320837870978,0.942809041582,4.60378706168,7.4670418293e-08,2.0
0.0,0.0413827075982,4.0,0.00176403234148,0.00176403234148,0.0,1.52100735725,8,3,0.0413827075982,0.189354253325,2.94392028878,4.57683338,0.178576913924,7.0
0.0,0.0492240049037,1.33333333333,-0.0227774163474,-0.0227774163474,0.0,1.49458164141,9,3,0.0492240049037,0.0759923077763,0.942809041582,4.45747134128,-0.55134091214,2.0
0.0,0.069635857218,0.666666666667,0.00999098841023,0.00999098841023,0.0,1.49469830473,10,3,0.069635857218,0.123825280221,0.942809041582,4.45799139503,-0.3540572164,2.0
0.0,0.0535427646187,0.0,0.00423160955919,0.00423160955919,0.0,1.52575076304,11,3,0.0535427646187,0.0,0.0,4.59859472861,0,0.0
0.0,0.0426439599198,3.66666666667,0.0117797195295,0.0117797195295,1.0,1.50519385177,12,3,0.0426439599198,0.408481742999,3.77123616633,4.50502685307,6.24878471189e-09,9.0
0.0,0.0557950706048,0.333333333333,-0.0113314278174,-0.0113314278174,0.0,1.50646540325,13,3,0.0557950706048,0.0170175229964,0.471404520791,4.51075887016,-20.9748716856,1.0
0.0,0.0476485965439,1.0,0.00406838406941,0.00406838406941,0.0,1.49984700751,14,3,0.0476485965439,0.0493716658483,0.816496580928,4.48100345801,0.0864865479812,2.0
0.0,0.0499806600618,2.66666666667,-0.00327661669664,-0.00327661669664,0.0,1.51275929518,15,3,0.0499806600618,0.239702321694,3.77123616633,4.53923862924,0.0430454200149,8.0
0.0,0.0618197670012,1.33333333333,-0.00188849295287,-0.00188849295287,0.0,1.53635084724,16,3,0.0618197670012,0.0478016559428,1.88561808316,4.64759948834,-0.581427571175,4.0
0.0,0.0708980816547,0.0,0.00193058894079,0.00193058894079,0.0,1.50941378268,17,3,0.0708980816547,0.0,0.0,4.52407792397,0,0.0
0.0,0.0530282549976,0.333333333333,0.00789450780855,0.00789450780855,0.0,1.50361573266,18,3,0.0530282549976,0.0241915967845,0.471404520791,4.49792299096,2.80288771748e-07,1.0
0.0,0.06032413547,0.333333333333,-0.00637598695859,-0.00637598695859,0.0,1.50884166163,19,3,0.06032413547,0.201668689046,0.471404520791,4.52149034406,-0.0516175986315,1.0
0.0,0.0521985594569,0.333333333333,0.00281636924234,0.00281636924234,0.0,1.49138025185,20,3,0.0521985594569,0.0455666683189,0.471404520791,4.44322405681,0.263374422558,1.0
0.0,0.0624525312898,0.0,-0.0106004976367,-0.0106004976367,0.0,1.47887347216,21,3,0.0624525312898,0.0,0.0,4.38799969172,0,0.0
0.0,0.0418911339464,0.666666666667,0.00299526675552,0.00299526675552,0.0,1.53184006539,22,3,0.0418911339464,0.0129171478401,0.942809041582,4.62668239262,7.49192073934e-08,2.0
0.0,0.0516469264586,1.0,-0.00510099886432,-0.00510099886432,0.0,1.45673046825,23,3,0.0516469264586,0.0420135157956,0.816496580928,4.29190404688,-0.264745409117,2.0
0.0,0.0501636174153,2.0,0.00125758448529,0.00125758448529,0.0,1.51667186785,24,3,0.0501636174153,0.214554413583,2.16024689947,4.55703351945,0.0632435395427,5.0
0.0,0.0497363672982,2.66666666667,0.00380311376221,0.00380311376221,0.0,1.50881732999,25,3,0.0497363672982,0.640531161177,1.88561808316,4.5213803301,-0.353865391673,4.0
0.0,0.0565319633372,0.666666666667,-0.00153907744576,-0.00153907744576,0.0,1.51527014837,26,3,0.0565319633372,0.0323754474036,0.471404520791,4.55065031157,-3.47095931129,1.0
0.0,0.0634596624535,3.0,-0.0134659081533,-0.0134659081533,0.0,1.52997059677,27,3,0.0634596624535,0.210281724109,2.44948974278,4.61804103498,0.0808981369949,6.0
0.0,0.0527830294037,1.66666666667,0.0107079406784,0.0107079406784,0.0,1.53490130322,28,3,0.0527830294037,0.353095087478,2.35702260396,4.6408674687,-0.0224049427693,5.0
0.0,0.0483695389932,0.666666666667,0.00453635939335,0.00453635939335,0.0,1.49260573955,29,3,0.0483695389932,0.153153847572,0.942809041582,4.44867251104,-0.355954627234,2.0
0.0,0.0442994672727,2.33333333333,-0.00555020133599,-0.00555020133599,1.0,1.49809990316,30,3,0.0442994672727,0.753991153912,1.88561808316,4.47318151224,-0.013661639865,5.0
0.0,0.0608235834207,2.0,-0.00493190255456,-0.00493190255456,0.0,1.51168233042,31,3,0.0608235834207,0.25479005134,1.41421356237,4.53435266067,-0.0352084995693,3.0
0.0,0.044060820189,3.0,-0.0114052756764,-0.0114052756764,0.0,1.49570025779,32,3,0.044060820189,1.11708579318,2.94392028878,4.46246033162,0.222434074539,7.0
0.0,0.0501035559156,2.33333333333,-0.0188034257215,-0.0188034257215,0.0,1.50418295313,33,3,0.0501035559156,0.521524909741,3.29983164554,4.50047502868,0.274357077277,7.0
0.0,0.0579771304855,0.333333333333,0.00102110960319,0.00102110960319,0.0,1.51908520589,34,3,0.0579771304855,0.0681144872487,0.471404520791,4.568044463,-22.6661385374,1.0
0.0,0.0622620120539,1.0,-0.0177295873385,-0.0177295873385,0.0,1.50636483351,35,3,0.0622620120539,0.0557180826561,1.41421356237,4.5103052471,0.00442228652036,3.0
0.0,0.0464495007846,1.0,0.00333075306173,0.00333075306173,0.0,1.51278832534,36,3,0.0464495007846,0.0777907332432,1.41421356237,4.53937040597,0.0904812374407,3.0
0.0,0.044359850164,3.66666666667,0.00417088644508,0.00417088644508,1.0,1.51223680039,37,3,0.044359850164,0.631781181254,3.09120616517,4.53686752019,0.132983909129,8.0
0.0,0.0527493683637,2.0,-0.0143244378594,-0.0143244378594,0.0,1.54422498178,38,3,0.0527493683637,0.619554702631,2.82842712475,4.68433977114,0.204235191926,6.0
0.0,0.0450968167332,1.0,-0.0107026139103,-0.0107026139103,0.0,1.49099139476,39,3,0.0450968167332,0.0902623887221,0.816496580928,4.44149661348,-0.787885131771,2.0
0.0,0.049641327899,1.66666666667,-0.0143130934524,-0.0143130934524,0.0,1.53531497425,40,3,0.049641327899,0.270177320564,2.35702260396,4.64278765826,0.256169350348,5.0
0.0,0.0366360746507,7.33333333333,-0.00267695071425,-0.00267695071425,3.0,1.52201909484,41,3,0.0366360746507,1.25951718975,3.09120616517,4.58146627763,0.2977389632,10.0
0.0,0.0371501620811,4.33333333333,0.00345193326572,0.00345193326572,0.0,1.55871326586,42,3,0.0371501620811,0.39280633286,3.09120616517,4.75270184523,0.534116344322,7.0
0.0,0.0556772438491,2.33333333333,-0.00837140703704,-0.00837140703704,0.0,1.52266073281,43,3,0.0556772438491,0.589989120249,3.29983164554,4.58440686365,0.393834352379,7.0
0.0,0.0514126166318,2.0,0.000580683696923,0.000580683696923,0.0,1.50485038523,44,3,0.0514126166318,0.716130838475,1.41421356237,4.5034797928,-0.709374790636,3.0
0.0,0.0377762791193,2.0,-0.00938115238388,-0.00938115238388,0.0,1.50119172673,45,3,0.0377762791193,0.241064776193,2.82842712475,4.48703320275,-0.0739066510719,6.0
0.0,0.0609307186001,3.0,-0.0119470377093,-0.0119470377093,0.0,1.53813363907,46,3,0.0609307186001,0.166120865422,4.24264068712,4.65589258098,0.157000974312,9.0
0.0,0.0534108351441,1.33333333333,-0.0157447728942,-0.0157447728942,0.0,1.51248051132,47,3,0.0534108351441,0.204233549957,1.88561808316,4.53797333917,-0.146951467104,4.0
0.0,0.0524687731085,2.0,0.00519201617405,0.00519201617405,0.0,1.52628425611,48,3,0.0524687731085,0.133384784349,2.16024689947,4.60104870156,-0.065896240837,5.0
0.0,0.046248309447,0.666666666667,-0.0158348765768,-0.0158348765768,0.0,1.45467955683,49,3,0.046248309447,0.0322084081826,0.942809041582,4.2831107521,-0.0262404212226,2.0
0.0,0.0560871663674,0.333333333333,0.0139081148076,0.0139081148076,0.0,1.51969449274,50,3,0.0560871663674,0.0239496808166,0.471404520791,4.57082856051,-0.731537936156,1.0
0.0,0.0665711315436,0.333333333333,-0.00036786431794,-0.00036786431794,0.0,1.50739210891,51,3,0.0665711315436,0.0218784464977,0.471404520791,4.51494095342,0.172080718115,1.0
0.0,0.0520950094821,0.666666666667,-0.00305976081074,-0.00305976081074,0.0,1.50881279928,52,3,0.0520950094821,0.0337148294237,0.471404520791,4.52135984509,0.333797563125,1.0
0.0,0.0564382763177,0.0,-0.00531013256517,-0.00531013256517,0.0,1.4951804313,53,3,0.0564382763177,0.0,0.0,4.46014122934,0,0.0
0.0,0.0486566751386,2.66666666667,0.0145154048785,0.0145154048785,0.0,1.50260150013,54,3,0.0486566751386,1.08777950444,2.05480466766,4.49336336379,1.32378257245e-08,5.0
0.0,0.0549252897581,1.33333333333,-0.0154359321951,-0.0154359321951,0.0,1.51179966023,55,3,0.0549252897581,0.0339232293137,1.88561808316,4.53488470664,-0.875239958076,4.0
0.0,0.0665901556858,0.0,-0.00432437896056,-0.00432437896056,0.0,1.47631388106,56,3,0.0665901556858,0.0,0.0,4.3767825685,0,0.0
0.0,0.0470141231785,3.66666666667,-0.00498238039998,-0.00498238039998,0.0,1.51200926775,57,3,0.0470141231785,0.413910797691,2.62466929134,4.53583535219,8.87604567623e-09,6.0
0.0,0.0555292630473,1.33333333333,0.00617377377594,0.00617377377594,0.0,1.51429779875,58,3,0.0555292630473,0.160153805148,1.88561808316,4.54622763901,-0.130983509638,4.0
0.0,0.0745370104105,0.0,0.00618297872104,0.00618297872104,0.0,1.53280903971,59,3,0.0745370104105,0.0,0.0,4.63116770179,0,0.0
0.0,0.0522068658185,1.66666666667,-0.00502078964604,-0.00502078964604,0.0,1.49630716491,60,3,0.0522068658185,0.13799779247,1.6996731712,4.46516945256,2.10595468841e-08,4.0
0.0,0.0416004625749,0.0,-0.0106273217255,-0.0106273217255,0.0,1.46550293924,61,3,0.0416004625749,0.0,0.0,4.32972027901,0,0.0
0.0,0.0333742374614,3.66666666667,-0.00854460213006,-0.00854460213006,0.0,1.53048648292,62,3,0.0333742374614,1.07824567192,2.62466929134,4.62042403303,9.59195123329e-09,6.0
0.0,0.0622196220545,3.0,-0.0105810650366,-0.0105810650366,0.0,1.50548611458,63,3,0.0622196220545,0.968107051424,2.44948974278,4.50634369729,-0.152357921075,6.0
0.0,0.054299223553,1.0,0.00679303006674,0.00679303006674,0.0,1.48667307854,64,3,0.054299223553,0.240897999664,0.816496580928,4.42235817928,-1.05965879674,2.0
0.0,0.0632012221013,2.33333333333,-0.0174199428299,-0.0174199428299,0.0,1.50498730215,65,3,0.0632012221013,0.307093158157,2.62466929134,4.50409643756,0.263000064547,6.0
0.0,0.0470195517009,2.0,0.0161703813379,0.0161703813379,0.0,1.54423273792,66,3,0.0470195517009,0.360918335079,1.41421356237,4.68437610369,0.273586503156,3.0
0.0,0.0496989779497,0.0,-0.00290236723011,-0.00290236723011,0.0,1.50855212993,67,3,0.0496989779497,0.0,0.0,4.52018141874,0,0.0
0.0,0.0537820089685,2.33333333333,-0.0110546342519,-0.0110546342519,0.0,1.53221904014,68,3,0.0537820089685,0.359839034892,3.29983164554,4.62843612074,1.0098230363e-08,7.0
0.0,0.0468472038421,1.33333333333,-0.010598919648,-0.010598919648,0.0,1.52033813513,69,3,0.0468472038421,0.214488782184,1.88561808316,4.57377148653,-0.866983461807,4.0
0.0,0.0621405747884,1.0,-0.000146256193042,-0.000146256193042,0.0,1.527539791,70,3,0.0621405747884,0.411363958397,0.816496580928,4.6068291067,-0.419866726616,2.0
0.0,0.0432438929431,3.66666666667,-0.0137884110741,-0.0137884110741,0.0,1.49646281261,71,3,0.0432438929431,0.126381979841,3.85861230093,4.4658645,0.0326376044479,9.0
0.0,0.0502576797193,2.0,-0.000551663819221,-0.000551663819221,0.0,1.5159431545,72,3,0.0502576797193,0.0517745332478,2.82842712475,4.55371395793,0.201053584053,6.0
0.0,0.0674020746242,0.0,0.00822606464734,0.00822606464734,0.0,1.50190384549,73,3,0.0674020746242,0.0,0.0,4.49022964126,0,0.0
0.0,0.0626733994226,0.333333333333,-0.018096065694,-0.018096065694,0.0,1.51996075484,74,3,0.0626733994226,0.0249321052423,0.471404520791,4.57204576097,2.80171914557e-07,1.0
0.0,0.0518843946971,1.33333333333,0.00290137861887,0.00290137861887,1.0,1.47820480129,75,3,0.0518843946971,0.147379734548,0.471404520791,4.38506654492,0.0617494081168,2.0
0.0,0.0511276595585,1.0,0.00570685521765,0.00570685521765,0.0,1.53363875525,76,3,0.0511276595585,0.369199904199,0.816496580928,4.63501184814,-0.09994663847,2.0
0.0,0.0470102538884,4.33333333333,-0.00232643336038,-0.00232643336038,2.0,1.51514427854,77,3,0.0470102538884,0.269843491244,2.05480466766,4.55007755806,-0.0800002677371,7.0
0.0,0.0466197436712,2.66666666667,-0.0025730326762,-0.0025730326762,0.0,1.53585076195,78,3,0.0466197436712,0.258531075329,3.09120616517,4.64527587325,-0.329488928115,7.0
0.0,0.0453431862037,2.66666666667,0.000106706877167,0.000106706877167,0.0,1.52759486845,79,3,0.0453431862037,0.0872669000018,3.77123616633,4.60708284612,-0.208741070826,8.0
0.0,0.0578621928077,0.0,-0.0147693661648,-0.0147693661648,0.0,1.51544089918,80,3,0.0578621928077,0.0,0.0,4.55142740513,0,0.0
0.0,0.0443186719797,3.0,0.00491837568767,0.00491837568767,0.0,1.54776470579,81,3,0.0443186719797,0.811600481451,4.24264068712,4.70095042232,8.8301510548e-09,9.0
0.0,0.0660961892083,0.333333333333,0.00884551057778,0.00884551057778,0.0,1.50940074492,82,3,0.0660961892083,0.0144897022001,0.471404520791,4.52401894053,-13.4143236835,1.0
0.0,0.0589754686273,0.0,-0.0027525528665,-0.0027525528665,0.0,1.47902421406,83,3,0.0589754686273,0.0,0.0,4.388661197,0,0.0
0.0,0.040761671591,2.0,0.0164629707236,0.0164629707236,0.0,1.52061030265,84,3,0.040761671591,0.230239310832,1.63299316186,4.57501648796,2.68422559735e-08,4.0
0.0,0.061311642464,0.0,-0.00613268614045,-0.00613268614045,0.0,1.52225449044,85,3,0.061311642464,0.0,0.0,4.58254486156,0,0.0
0.0,0.0485103023456,1.0,-0.00153916517699,-0.00153916517699,0.0,1.49700211087,86,3,0.0485103023456,0.269236836551,1.41421356237,4.46827358249,3.34713972094e-08,3.0
0.0,0.055949760452,0.0,-0.00685115924984,-0.00685115924984,0.0,1.50001802696,87,3,0.055949760452,0.0,0.0,4.48176986231,0,0.0
0.0,0.0491045936138,0.0,-0.0,-0.0,0.0,1.48614325599,88,3,0.0491045936138,0.0,0.0,4.42001573481,1,0.0
0.0,0.0554499378815,2.66666666667,-0.00802385920206,-0.00802385920206,0.0,1.49002152864,89,3,0.0554499378815,0.248415413885,2.05480466766,4.43719104468,1.12905742533e-08,5.0
0.0,0.0500109443897,1.66666666667,-0.00278168877942,-0.00278168877942,0.0,1.50521355569,90,3,0.0500109443897,0.143811650982,1.6996731712,4.50511562065,-0.154749624797,4.0
0.0,0.0474115330087,1.33333333333,-0.00432244045151,-0.00432244045151,0.0,1.51154942501,91,3,0.0474115330087,0.330679573098,1.88561808316,4.53375006075,0.196287030418,4.0
0.0,0.0378499624245,3.33333333333,0.00083500940957,0.00083500940957,0.0,1.52912417693,92,3,0.0378499624245,0.605739720351,2.86744175568,4.61413388722,0.263847038889,7.0
0.0,0.0491308363246,2.0,-0.00281170409626,-0.00281170409626,0.0,1.50504208303,93,3,0.0491308363246,0.321996423038,2.82842712475,4.50434318273,0.293810513267,6.0
0.0,0.0577495020941,1.0,-0.00546618603164,-0.00546618603164,0.0,1.49683374251,94,3,0.0577495020941,0.0834294141392,1.41421356237,4.46752132994,-1.80877967148,3.0
0.0,0.0470787302733,5.0,-0.00866572571263,-0.00866572571263,0.0,1.52270017312,95,3,0.0470787302733,0.4460439968,4.54606056566,4.58458767761,0.0622222977867,11.0
0.0,0.0540567401848,0.0,0.00723881245386,0.00723881245386,0.0,1.51002215828,96,3,0.0540567401848,0.0,0.0,4.52683110002,0,0.0
0.0,0.033775494577,3.66666666667,0.0131234113584,0.0131234113584,0.0,1.55234933179,97,3,0.033775494577,1.18256112236,3.29983164554,4.72255200162,7.55283846576e-09,8.0
0.0,0.0473503858658,1.0,0.014267139784,0.014267139784,0.0,1.4714927561,98,3,0.0473503858658,0.642164827298,1.41421356237,4.35573233651,-3.90200287018,3.0
0.0,0.0456422312609,1.66666666667,-0.000496732227979,-0.000496732227979,0.0,1.49963646612,99,3,0.0456422312609,0.549354771308,1.6996731712,4.48006012062,0.131284291069,4.0
0.0,0.0431606005479,2.33333333333,-0.0107732910886,-0.0107732910886,0.0,1.53169219768,100,3,0.0431606005479,0.37216410056,3.29983164554,4.62599830628,0.0262918117071,7.0
0.0,0.0432911925011,3.33333333333,-0.0065887565163,-0.0065887565163,0.0,1.54645810624,101,3,0.0432911925011,0.249531225359,2.35702260396,4.6948121736,0.409961440619,5.0
0.0,0.0388688658258,1.66666666667,-0.00549757821064,-0.00549757821064,0.0,1.46690716027,102,3,0.0388688658258,0.10505385165,1.6996731712,4.33580443404,-0.12498520706,4.0
0.0,0.0654552905286,0.333333333333,-0.00648046185304,-0.00648046185304,0.0,1.48901347332,103,3,0.0654552905286,0.00709836416654,0.471404520791,4.43272036435,-2.37886774335,1.0
0.0,0.048119668595,0.666666666667,0.00149145850835,0.00149145850835,0.0,1.49737172436,104,3,0.048119668595,0.0223199000016,0.942809041582,4.46992542194,0.13671497554,2.0
0.0,0.0551686364331,0.0,-0.0215027609914,-0.0215027609914,0.0,1.51534628603,105,3,0.0551686364331,0.0,0.0,4.55099680062,0,0.0
0.0,0.0516822060673,2.0,-0.0137700409994,-0.0137700409994,0.0,1.52667142129,106,3,0.0516822060673,0.284480457587,2.82842712475,4.60283041229,1.00362194111e-08,6.0
0.0,0.0544943490075,0.333333333333,0.00517904297837,0.00517904297837,0.0,1.51567683392,107,3,0.0544943490075,0.00629188261116,0.471404520791,4.55250137166,-8.08219612971,1.0
0.0,0.0540408268892,0.333333333333,-0.00626886535142,-0.00626886535142,0.0,1.50486559137,108,3,0.0540408268892,0.0343900434339,0.471404520791,4.50354827387,-0.342308511942,1.0
0.0,0.0551913191485,3.0,-0.00477155403219,-0.00477155403219,0.0,1.52455252797,109,3,0.0551913191485,0.55943713505,2.44948974278,4.59308783106,0.0319738538572,6.0
0.0,0.0505420190214,3.0,0.0028321587513,0.0028321587513,0.0,1.49507879512,110,3,0.0505420190214,1.01678395186,2.16024689947,4.45968794064,0.3254925848,5.0
0.0,0.0386740404566,0.0,-0.0170076504743,-0.0170076504743,0.0,1.47659924164,111,3,0.0386740404566,0.0,0.0,4.37803170794,0,0.0
0.0,0.067596962486,2.33333333333,-0.00353767659436,-0.00353767659436,0.0,1.50617391403,112,3,0.067596962486,0.185278291612,2.05480466766,4.50944422419,1.23382425388e-08,5.0
0.0,0.0528929242244,1.66666666667,-0.0046201217087,-0.0046201217087,0.0,1.46274353092,113,3,0.0528929242244,0.111165632461,2.35702260396,4.31778928169,0.214429583933,5.0
0.0,0.0707877014721,1.33333333333,0.00103903941848,0.00103903941848,0.0,1.51467687091,114,3,0.0707877014721,0.165310297349,1.88561808316,4.54795131403,0.0538064503912,4.0
0.0,0.0337085539943,3.0,0.0208260641884,0.0208260641884,0.0,1.49236242138,115,3,0.0337085539943,0.518961835972,2.94392028878,4.44759019987,0.343179764357,7.0
0.0,0.0575292043158,0.0,-0.00267119205139,-0.00267119205139,0.0,1.48893274606,116,3,0.0575292043158,0.0,0.0,4.43236253742,0,0.0
0.0,0.0482240483044,1.33333333333,0.00203647155253,0.00203647155253,0.0,1.49628207068,117,3,0.0482240483044,0.0298034332635,1.88561808316,4.46505740399,1.95982698958e-08,4.0
0.0,0.0449828634957,2.66666666667,-0.00481870055634,-0.00481870055634,0.0,1.53449101494,118,3,0.0449828634957,0.213418295514,2.49443825785,4.6389637657,-0.0583164184625,6.0
0.0,0.0416734927955,2.0,-0.00191443209161,-0.00191443209161,0.0,1.50636933056,119,3,0.0416734927955,0.730089448199,2.82842712475,4.51032553021,-0.277298752181,6.0
0.0,0.0486236176948,1.33333333333,-0.0238807068071,-0.0238807068071,0.0,1.48016527133,120,3,0.0486236176948,0.0497872900987,1.88561808316,4.39367176889,-0.714558398316,4.0
0.0,0.0441718536085,2.66666666667,-0.00842140736698,-0.00842140736698,0.0,1.52348672222,121,3,0.0441718536085,0.32253608208,3.77123616633,4.58819509944,-0.11067157126,8.0
0.0,0.0535830026415,4.33333333333,-0.00405328035687,-0.00405328035687,0.0,1.48445558942,122,3,0.0535830026415,0.560628221652,3.09120616517,4.41256251304,0.00468809636036,7.0
0.0,0.0427394275975,1.33333333333,-0.0141930742894,-0.0141930742894,0.0,1.55153212924,123,3,0.0427394275975,0.601745577432,1.88561808316,4.71869429656,-0.898970208255,4.0
0.0,0.0610297368766,0.0,-0.00208698461045,-0.00208698461045,0.0,1.51089246916,124,3,0.0610297368766,0.0,0.0,4.53077256524,0,0.0
0.0,0.0511444939091,1.33333333333,-0.0266918921632,-0.0266918921632,0.0,1.47673141449,125,3,0.0511444939091,0.284548440996,1.88561808316,4.37861040311,2.05383833274e-08,4.0
0.0,0.0505194190495,1.33333333333,-0.0252065115741,-0.0252065115741,0.0,1.52371735706,126,3,0.0505194190495,0.183496835457,1.88561808316,4.58925341912,-0.0736847029086,4.0
0.0,0.0519898491099,0.333333333333,0.0132369624712,0.0132369624712,0.0,1.51788197905,127,3,0.0519898491099,0.00738954158944,0.471404520791,4.56255137467,-3.59028071453,1.0
0.0,0.05757885112,1.0,-0.00516113481444,-0.00516113481444,0.0,1.50152276953,128,3,0.05757885112,0.275407340672,0.816496580928,4.48851884866,-0.00188192940014,2.0
0.0,0.0456239173147,2.33333333333,-0.000156259108128,-0.000156259108128,0.0,1.52805662729,129,3,0.0456239173147,0.3737248137,1.6996731712,4.60921069859,0.188046720612,4.0
0.0,0.057664256256,0.0,-0.0018737823289,-0.0018737823289,0.0,1.52217362221,130,3,0.057664256256,0.0,0.0,4.58217429427,0,0.0
0.0,0.0512715950357,2.33333333333,-0.0145745841974,-0.0145745841974,0.0,1.51166267754,131,3,0.0512715950357,0.198392037546,1.6996731712,4.53426354847,1.56638352289e-08,4.0
0.0,0.0501398791543,5.0,0.00728771982319,0.00728771982319,4.0,1.5241381869,132,3,0.0501398791543,0.476630109105,0.816496580928,4.59118512033,0.24276315208,6.0
0.0,0.0518561189101,2.33333333333,-0.021799204126,-0.021799204126,0.0,1.49446665179,133,3,0.0518561189101,0.238817930663,3.29983164554,4.45695880783,0.293351124968,7.0
0.0,0.0574265922153,3.33333333333,-0.000856305953051,-0.000856305953051,0.0,1.49562011773,134,3,0.0574265922153,0.130608115898,2.49443825785,4.4621027241,0.204151475855,6.0
0.0,0.0517280841991,1.0,0.0105506052878,0.0105506052878,0.0,1.49689391336,135,3,0.0517280841991,0.122418710542,0.816496580928,4.46779015261,-1.43090202424,2.0
0.0,0.0635085148801,0.666666666667,0.0139824781606,0.0139824781606,0.0,1.50824886643,136,3,0.0635085148801,0.2173894291,0.942809041582,4.51881082053,-0.100752283648,2.0
0.0,0.0572382361633,1.0,-0.00683323332653,-0.00683323332653,0.0,1.52073349776,137,3,0.0572382361633,0.12540081951,1.41421356237,4.57558014237,-0.0536516262626,3.0
0.0,0.0425487376229,1.0,-0.0133323263207,-0.0133323263207,0.0,1.51022502104,138,3,0.0425487376229,0.282975942957,0.816496580928,4.52774951859,-0.480226217112,2.0
0.0,0.0469754032269,2.33333333333,-0.00329455360873,-0.00329455360873,0.0,1.54213153262,139,3,0.0469754032269,0.348658066936,3.29983164554,4.67454360148,0.0312574525981,7.0
0.0,0.053278202025,2.33333333333,-0.004451291622,-0.004451291622,0.0,1.50051312097,140,3,0.053278202025,0.20057996353,2.62466929134,4.48398930907,-0.117861720088,6.0
0.0,0.0485999663203,1.33333333333,-0.00273583959696,-0.00273583959696,0.0,1.5202003279,141,3,0.0485999663203,0.188701364285,1.88561808316,4.57314123117,-0.17883174161,4.0
0.0,0.0595549851456,1.0,0.00167039018993,0.00167039018993,0.0,1.50548053623,142,3,0.0595549851456,0.0652779473604,0.816496580928,4.50631855944,-0.00252946331004,2.0
0.0,0.0537880434701,1.33333333333,0.00503019020921,0.00503019020921,0.0,1.52175577133,143,3,0.0537880434701,0.660670729989,1.88561808316,4.58026002867,0.175738636023,4.0
0.0,0.0480979923693,2.33333333333,-0.0041301950177,-0.0041301950177,0.0,1.50920258034,144,3,0.0480979923693,0.677480871792,3.29983164554,4.52312252901,0.277589185574,7.0
0.0,0.0678404648609,1.66666666667,-0.00668500790508,-0.00668500790508,0.0,1.5197346851,145,3,0.0678404648609,0.2334914917,2.35702260396,4.57101227659,0.206418327737,5.0
0.0,0.0421905974722,4.66666666667,0.0101805709827,0.0101805709827,2.0,1.51035951269,146,3,0.0421905974722,1.0664970851,2.05480466766,4.52835850403,0.332248977857,7.0
0.0,0.0473738234834,3.33333333333,-0.0102218830278,-0.0102218830278,1.0,1.49322709435,147,3,0.0473738234834,0.32078869017,2.62466929134,4.45143757401,0.176401487866,7.0
0.0,0.0563825964673,2.0,-0.0198453411478,-0.0198453411478,0.0,1.51616638597,148,3,0.0563825964673,0.0968585422562,2.16024689947,4.55473060366,-0.582875693172,5.0
0.0,0.0528952357073,2.0,-0.00217910583272,-0.00217910583272,0.0,1.51187364338,149,3,0.0528952357073,0.0661439396905,2.16024689947,4.53522022411,-0.140821820595,5.0
0.0,0.0599499663483,0.0,-0.0182361592007,-0.0182361592007,0.0,1.50637165854,150,3,0.0599499663483,0.0,0.0,4.51033603016,0,0.0
0.0,0.0491914940588,0.666666666667,0.0106032528004,0.0106032528004,0.0,1.48547693793,151,3,0.0491914940588,0.37783546431,0.942809041582,4.41707157947,9.20961107376e-08,2.0
0.0,0.0523235782892,0.666666666667,-0.0082663696865,-0.0082663696865,0.0,1.51598035385,152,3,0.0523235782892,0.315340743914,0.942809041582,4.5538833563,0.155812291283,2.0
0.0,0.0492865524597,1.0,0.0122357426199,0.0122357426199,0.0,1.46708776701,153,3,0.0492865524597,0.414954262526,1.41421356237,4.33658758028,0.134915092143,3.0
0.0,0.0369583678784,3.0,-0.0148399125173,-0.0148399125173,1.0,1.51845645317,154,3,0.0369583678784,0.292544766824,2.16024689947,4.56517319537,-0.09131819677,6.0
0.0,0.0478071374874,2.66666666667,0.0221333165131,0.0221333165131,1.0,1.53947910645,155,3,0.0478071374874,0.337667541667,1.6996731712,4.66216114872,-0.342453697483,5.0
0.0,0.0659463628938,0.333333333333,-0.00634491915995,-0.00634491915995,0.0,1.52901122192,156,3,0.0659463628938,0.251573095735,0.471404520791,4.6136127271,-12.7028133737,1.0
0.0,0.0386056953675,1.66666666667,-0.00287841456792,-0.00287841456792,0.0,1.50991121771,157,3,0.0386056953675,0.340423860733,2.35702260396,4.52632891862,0.0195672260257,5.0
0.0,0.0552011834315,2.33333333333,-0.00962862591576,-0.00962862591576,0.0,1.5298633052,158,3,0.0552011834315,0.2953909439,1.6996731712,4.61754558469,0.190107384627,4.0
0.0,0.0631174213037,0.333333333333,-0.00805010050109,-0.00805010050109,0.0,1.49203963361,159,3,0.0631174213037,0.00622896378504,0.471404520791,4.44615480381,-4.68799395918,1.0
0.0,0.0576286139432,0.666666666667,-0.00232849165516,-0.00232849165516,0.0,1.48899636874,160,3,0.0576286139432,0.0173652785826,0.942809041582,4.43264454518,-0.0644492524879,2.0
0.0,0.05067947122,2.33333333333,-0.00830855332609,-0.00830855332609,0.0,1.50085592868,161,3,0.05067947122,0.331045829154,2.05480466766,4.48552671868,-0.0547653197949,5.0
0.0,0.0576634607674,2.33333333333,-0.00790665515547,-0.00790665515547,0.0,1.51986851393,162,3,0.0576634607674,0.179554367024,3.29983164554,4.57162405074,0.171652184519,7.0
0.0,0.0559472503381,0.666666666667,0.00514002931491,0.00514002931491,0.0,1.52839731762,163,3,0.0559472503381,0.0490111762046,0.942809041582,4.61078127962,-1.88870587134,2.0
0.0,0.0391604003154,3.0,-0.00989772576909,-0.00989772576909,1.0,1.50707971731,164,3,0.0391604003154,0.546323799052,2.16024689947,4.51353074404,0.0363924131458,6.0
0.0,0.0397850291811,4.0,0.00177130852554,0.00177130852554,0.0,1.50742860154,165,3,0.0397850291811,0.50114238695,2.94392028878,4.51510571846,-0.0966838605996,7.0
0.0,0.0431765979523,0.0,-0.0219490093036,-0.0219490093036,0.0,1.4833441446,166,3,0.0431765979523,0.0,0.0,4.40766091772,0,0.0
0.0,0.0447376728417,3.66666666667,-0.00687349586259,-0.00687349586259,0.0,1.51147291914,167,3,0.0447376728417,0.868852092394,3.85861230093,4.53340321549,1.00550031634e-08,9.0
0.0,0.0548679924317,0.333333333333,-0.00963378723176,-0.00963378723176,0.0,1.46429889785,168,3,0.0548679924317,0.241660111986,0.471404520791,4.32451025379,-12.4625818776,1.0
0.0,0.0452467372568,3.33333333333,0.0049130356599,0.0049130356599,2.0,1.52776913808,169,3,0.0452467372568,0.985135884263,1.88561808316,4.60788579069,0.0504093411917,6.0
0.0,0.0475447529826,1.66666666667,-0.0172148553855,-0.0172148553855,0.0,1.49720346869,170,3,0.0475447529826,0.193595361768,1.6996731712,4.46917339495,-0.181397122125,4.0
0.0,0.0439855606712,1.33333333333,0.0153440075461,0.0153440075461,0.0,1.49687302843,171,3,0.0439855606712,0.0453778561517,1.24721912892,4.46769684409,-0.918554350479,3.0
0.0,0.0635620695389,0.333333333333,-0.0144238242971,-0.0144238242971,0.0,1.49960392931,172,3,0.0635620695389,0.0100908201377,0.471404520791,4.47991435615,-0.754866430868,1.0
0.0,0.0488958412292,1.66666666667,-0.019622333744,-0.019622333744,0.0,1.52051416071,173,3,0.0488958412292,0.0914411727017,2.35702260396,4.57457665814,0.0978726979829,5.0
0.0,0.0351483071553,4.33333333333,0.0196518010895,0.0196518010895,2.0,1.49634679783,174,3,0.0351483071553,0.778756836072,1.6996731712,4.46534642379,0.173780657529,6.0
0.0,0.0533045945737,0.666666666667,-0.0105527194779,-0.0105527194779,0.0,1.48170250582,175,3,0.0533045945737,0.120583793717,0.471404520791,4.40043106668,-3.89026573013,1.0
0.0,0.0421686917121,3.0,-0.0214530068998,-0.0214530068998,0.0,1.51833453912,176,3,0.0421686917121,0.447664065482,2.94392028878,4.56461667056,0.136175999878,7.0
0.0,0.0640027292494,1.0,-0.00881418255089,-0.00881418255089,0.0,1.49735490252,177,3,0.0640027292494,0.42217004878,0.816496580928,4.46985023023,-1.85325654519,2.0
0.0,0.0652710921641,0.0,-0.0342998462761,-0.0342998462761,0.0,1.50527749472,178,3,0.0652710921641,0.0,0.0,4.50540368258,0,0.0
0.0,0.0324403702049,4.66666666667,0.0180894737941,0.0180894737941,4.0,1.52753446201,179,3,0.0324403702049,0.624321067324,0.471404520791,4.60680455705,8.39370584149e-09,5.0
0.0,0.0587812233632,0.333333333333,-0.00861324736596,-0.00861324736596,0.0,1.50730269123,180,3,0.0587812233632,0.00641963331411,0.471404520791,4.51453725592,-16.8196536944,1.0
0.0,0.0436771212239,2.66666666667,-0.00309066501809,-0.00309066501809,0.0,1.52545737466,181,3,0.0436771212239,0.268646687194,2.49443825785,4.59724575223,0.0300913329839,6.0
0.0,0.0578311704421,0.666666666667,-0.00661113023113,-0.00661113023113,0.0,1.50078167474,182,3,0.0578311704421,0.0879190396819,0.942809041582,4.48519366303,-0.268183341302,2.0
0.0,0.0667594133202,1.0,-0.018973112373,-0.018973112373,0.0,1.53296677714,183,3,0.0667594133202,0.0220463007766,0.816496580928,4.63189826791,0.0156047531816,2.0
0.0,0.0456199290586,2.0,-0.00397465403198,-0.00397465403198,0.0,1.51924192307,184,3,0.0456199290586,0.219028195836,1.63299316186,4.56876041017,0.0221855259908,4.0
0.0,0.0551823239156,0.333333333333,-0.00774800722686,-0.00774800722686,0.0,1.5171081981,185,3,0.0551823239156,0.00610500740572,0.471404520791,4.55902232486,-2.34527516834,1.0
0.0,0.0593520702824,0.0,0.0246188471963,0.0246188471963,0.0,1.49052737267,186,3,0.0593520702824,0.0,0.0,4.43943613903,0,0.0
0.0,0.0520771335905,1.0,0.00167104458494,0.00167104458494,0.0,1.49887863304,187,3,0.0520771335905,0.159091297093,1.41421356237,4.47666626904,3.25703951587e-08,3.0
0.0,0.0562887268328,0.333333333333,0.00904666571426,0.00904666571426,0.0,1.5160914512,188,3,0.0562887268328,0.00604395733167,0.471404520791,4.55438930877,-3.01686444605,1.0
0.0,0.0513841287043,2.0,0.00769561809147,0.00769561809147,0.0,1.481012061,189,3,0.0513841287043,0.411288012032,1.41421356237,4.39739386044,-0.0944498763753,3.0
0.0,0.0498369866394,0.666666666667,-0.00980890333476,-0.00980890333476,0.0,1.47713145593,190,3,0.0498369866394,0.039158653255,0.942809041582,4.38036237914,-0.778607364708,2.0
0.0,0.0544229412742,3.33333333333,0.0231616535925,0.0231616535925,0.0,1.50153067629,191,3,0.0544229412742,0.479875751182,2.49443825785,4.48855433847,-0.00931243554673,6.0
0.0,0.074264870914,0.0,-0.0152029887069,-0.0152029887069,0.0,1.52017856672,192,3,0.074264870914,0.0,0.0,4.5730417153,0,0.0
0.0,0.0623261259787,1.33333333333,-0.0150219018071,-0.0150219018071,0.0,1.52261610349,193,3,0.0623261259787,0.029929601359,1.88561808316,4.58420226923,1.94401289511e-08,4.0
0.0,0.0456186713791,5.0,0.0121383994609,0.0121383994609,2.0,1.50058036624,194,3,0.0456186713791,0.782058853047,2.94392028878,4.48429084629,-0.135152311942,9.0
0.0,0.0711296770936,1.0,-0.0152338699457,-0.0152338699457,0.0,1.5085980393,195,3,0.0711296770936,0.603029917691,1.41421356237,4.5203889422,-1.55891884777,3.0
0.0,0.0468839241089,0.666666666667,0.00375868578604,0.00375868578604,0.0,1.48405285639,196,3,0.0468839241089,0.0668215307359,0.942809041582,4.41078578617,-0.296493122879,2.0
0.0,0.0406806923713,2.33333333333,-0.031366961213,-0.031366961213,0.0,1.48544014873,197,3,0.0406806923713,0.104412720014,2.05480466766,4.41690908191,-0.0691488939709,5.0
0.0,0.0550804556065,2.66666666667,0.00271677634913,0.00271677634913,0.0,1.50791956687,198,3,0.0550804556065,0.193676845584,3.09120616517,4.51732302312,0.0221811673183,7.0
0.0,0.0470489602819,2.0,-0.00215583255226,-0.00215583255226,0.0,1.50877753381,199,3,0.0470489602819,0.1806724075,2.16024689947,4.52120040002,0.209789601819,5.0
0.0,0.04435575917,2.33333333333,0.00716291252991,0.00716291252991,0.0,1.51726203833,200,3,0.04435575917,0.174697023686,2.05480466766,4.55972373986,0.257244437973,5.0
0.0,0.044705399805,5.66666666667,-0.00427685465554,-0.00427685465554,3.0,1.52344359678,201,3,0.044705399805,1.60997165289,3.09120616517,4.58799723578,-0.0147715995372,10.0
0.0,0.0509751323892,1.33333333333,-0.0137758392506,-0.0137758392506,0.0,1.50687736744,202,3,0.0509751323892,0.0303383422546,1.88561808316,4.51261752408,-2.18845456748,4.0
0.0,0.0456075976677,3.0,0.00980590155675,0.00980590155675,0.0,1.51779971749,203,3,0.0456075976677,0.341699756465,2.94392028878,4.56217606751,0.00307639240227,7.0
0.0,0.0421895937253,3.33333333333,0.00786663920998,0.00786663920998,1.0,1.51219847802,204,3,0.0421895937253,0.378321860394,2.62466929134,4.53669366001,0.0333067949601,7.0
0.0,0.0469919317067,1.33333333333,-0.0165729172629,-0.0165729172629,0.0,1.50543663784,205,3,0.0469919317067,0.361000265432,0.942809041582,4.50612074365,-1.12357865279,2.0
0.0,0.0408612642403,2.33333333333,-0.0161519251844,-0.0161519251844,0.0,1.5293298793,206,3,0.0408612642403,0.425617433622,2.62466929134,4.61508312312,0.122146272565,6.0
0.0,0.054180841787,0.666666666667,-0.0158435468267,-0.0158435468267,0.0,1.50079241218,207,3,0.054180841787,0.297697042568,0.942809041582,4.48524182277,-1.66592635247,2.0
0.0,0.0755716228255,0.0,-0.0164063942883,-0.0164063942883,0.0,1.5094283165,208,3,0.0755716228255,0.0,0.0,4.52414367659,0,0.0
0.0,0.0252975539899,1.66666666667,-0.0374640274686,-0.0374640274686,0.0,1.50579651448,209,3,0.0252975539899,0.183623804375,1.6996731712,4.50774268306,3.70486572532e-08,4.0
0.0,0.0474732160141,2.33333333333,-0.0236976000003,-0.0236976000003,0.0,1.54265286098,210,3,0.0474732160141,0.117073853133,3.29983164554,4.67698120894,-0.037838556106,7.0
0.0,0.0417921750947,1.66666666667,-0.00277113829806,-0.00277113829806,0.0,1.45348076635,211,3,0.0417921750947,0.44707107144,2.35702260396,4.2779792761,0.171684812223,5.0
0.0,0.033616950306,5.66666666667,0.017416922489,0.017416922489,4.0,1.52107741333,212,3,0.033616950306,1.32415975537,1.6996731712,4.57715402624,0.595267098642,8.0
0.0,0.0509094133432,1.66666666667,0.0104063740191,0.0104063740191,0.0,1.51677248218,213,3,0.0509094133432,0.138203072762,1.6996731712,4.55749204539,-0.480223032584,4.0
0.0,0.053271796534,2.0,-0.0102180072533,-0.0102180072533,0.0,1.48525487713,214,3,0.053271796534,0.233578637748,2.82842712475,4.41609082992,0.208471500944,6.0
0.0,0.0461216655853,1.66666666667,0.00322310277355,0.00322310277355,0.0,1.51886847004,215,3,0.0461216655853,0.125546572718,1.6996731712,4.56705451127,-0.154815182311,4.0
0.0,0.0474209894061,1.33333333333,-0.0213009297301,-0.0213009297301,0.0,1.48478550444,216,3,0.0474209894061,0.138240355983,1.88561808316,4.41401852385,0.210811268677,4.0
0.0,0.0629005330585,0.0,-0.000932133216657,-0.000932133216657,0.0,1.53166899109,217,3,0.0629005330585,0.0,0.0,4.62589095388,0,0.0
0.0,0.0513480572936,0.666666666667,-0.00611660285602,-0.00611660285602,0.0,1.49632189326,218,3,0.0513480572936,0.0606608003325,0.942809041582,4.46523521763,7.02697369181e-08,2.0
0.0,0.0368812297594,3.0,0.00305807440567,0.00305807440567,0.0,1.53396998464,219,3,0.0368812297594,0.684315132807,2.16024689947,4.6365473546,0.10849842771,5.0
0.0,0.0545993157613,1.0,-0.0113672837267,-0.0113672837267,0.0,1.49621634048,220,3,0.0545993157613,0.500181915844,1.41421356237,4.46476392452,-1.66885224856,3.0
0.0,0.0626628708769,2.66666666667,-0.00511540080304,-0.00511540080304,0.0,1.51301827978,221,3,0.0626628708769,0.100090003562,1.88561808316,4.54041437439,-0.0589173409546,4.0
0.0,0.0561102717096,0.0,-0.00539735911614,-0.00539735911614,0.0,1.47341259273,222,3,0.0561102717096,0.0,0.0,4.36410266324,0,0.0
0.0,0.0617328945281,0.0,-0.0,-0.0,0.0,1.5219658884,223,3,0.0617328945281,0.0,0.0,4.58122252057,1,0.0
0.0,0.0559477230963,1.33333333333,0.000945384656435,0.000945384656435,0.0,1.48826776609,224,3,0.0559477230963,0.0679663485728,1.88561808316,4.42941608488,2.16587694446e-08,4.0
0.0,0.0630226209114,1.0,0.0153608276205,0.0153608276205,0.0,1.51739327969,225,3,0.0630226209114,0.0519674176917,1.41421356237,4.56032220349,-0.105199172078,3.0
0.0,0.0589735331753,4.33333333333,-0.010498960856,-0.010498960856,3.0,1.50376220703,226,3,0.0589735331753,0.222583371841,1.88561808316,4.49858186965,0.215824523893,7.0
0.0,0.0588897755516,0.0,-0.00482578281014,-0.00482578281014,0.0,1.49335649402,227,3,0.0588897755516,0.0,0.0,4.45201362586,0,0.0
0.0,0.0501314474593,1.33333333333,-0.00762080459072,-0.00762080459072,0.0,1.50363940184,228,3,0.0501314474593,0.270598526699,1.88561808316,4.49802945437,1.83436720258e-08,4.0
0.0,0.0397060281827,1.33333333333,-0.00102954285596,-0.00102954285596,0.0,1.49415318117,229,3,0.0397060281827,0.627488115525,1.88561808316,4.45556190114,-0.338058998065,4.0
0.0,0.0547037715892,0.333333333333,-0.00550461989005,-0.00550461989005,0.0,1.51106345275,230,3,0.0547037715892,0.0808055486815,0.471404520791,4.53154731924,-2.23998583662,1.0
0.0,0.0509883981304,0.0,-0.00353858860661,-0.00353858860661,0.0,1.51401856898,231,3,0.0509883981304,0.0,0.0,4.54495837414,0,0.0
0.0,0.055004231531,1.66666666667,0.00339188920339,0.00339188920339,0.0,1.50205048198,232,3,0.055004231531,0.102312224628,2.35702260396,4.49088812105,1.4927719949e-08,5.0
0.0,0.0637850415892,0.0,-0.0020565949179,-0.0020565949179,0.0,1.50261019644,233,3,0.0637850415892,0.0,0.0,4.49340243964,0,0.0
0.0,0.0519003154753,0.666666666667,-0.00309849345463,-0.00309849345463,0.0,1.48756819682,234,3,0.0519003154753,0.129578572118,0.942809041582,4.42631848513,7.14869009544e-08,2.0
0.0,0.0409505534497,2.33333333333,-0.00865176722933,-0.00865176722933,0.0,1.50663480215,235,3,0.0409505534497,0.337086493784,2.62466929134,4.51152305244,0.157920823197,6.0
0.0,0.0542053409979,0.0,-0.00337371227219,-0.00337371227219,0.0,1.48411145169,236,3,0.0542053409979,0.0,0.0,4.41104424507,0,0.0
0.0,0.0589916704644,1.66666666667,-0.0103030279056,-0.0103030279056,0.0,1.50560944643,237,3,0.0589916704644,0.879402143927,2.35702260396,4.50689950727,2.57178685015e-08,5.0
0.0,0.0448159165677,1.33333333333,0.00163969951547,0.00163969951547,0.0,1.52739318673,238,3,0.0448159165677,0.201378893234,1.88561808316,4.60615377541,0.0964563027327,4.0
0.0,0.0527380519185,0.666666666667,-0.0062665392278,-0.0062665392278,0.0,1.50323628464,239,3,0.0527380519185,0.0866712734726,0.942809041582,4.49621658677,-0.0424879010848,2.0
0.0,0.0406225448658,1.0,-0.00931374118227,-0.00931374118227,0.0,1.51684999226,240,3,0.0406225448658,0.340939617889,0.816496580928,4.55784531066,-0.264670148997,2.0
0.0,0.0617324799589,1.33333333333,-0.00613129085661,-0.00613129085661,0.0,1.51545059485,241,3,0.0617324799589,0.732302314499,1.88561808316,4.55147153448,0.169821796615,4.0
0.0,0.0645546099643,1.33333333333,0.00113806918872,0.00113806918872,0.0,1.50630827269,242,3,0.0645546099643,0.412660325205,0.942809041582,4.51005014774,0.0621842637056,2.0
0.0,0.0613757382738,2.33333333333,-0.0133894314,-0.0133894314,0.0,1.51826718029,243,3,0.0613757382738,0.427454799696,3.29983164554,4.56430921369,0.200430989777,7.0
0.0,0.0482975348452,1.66666666667,0.00186193511072,0.00186193511072,0.0,1.5038979761,244,3,0.0482975348452,0.72121505543,2.35702260396,4.49919267937,-1.34865019163,5.0
0.0,0.0546312235198,0.666666666667,-0.0180963170259,-0.0180963170259,0.0,1.51563416767,245,3,0.0546312235198,0.194656732255,0.471404520791,4.55230713764,-0.855829761155,1.0
0.0,0.0419067569063,1.33333333333,-0.0101234438716,-0.0101234438716,0.0,1.49006914068,246,3,0.0419067569063,0.52467137078,1.88561808316,4.4374023134,0.0793230407893,4.0
0.0,0.0526562138727,1.66666666667,-0.0225218620389,-0.0225218620389,0.0,1.50133971155,247,3,0.0526562138727,0.0647284340016,1.6996731712,4.48769726465,0.138628422913,4.0
0.0,0.0514535555619,2.0,-0.00434366342475,-0.00434366342475,0.0,1.51717782773,248,3,0.0514535555619,0.283314924983,1.63299316186,4.55933977898,0.0656734437011,4.0
0.0,0.0491793194474,1.66666666667,-0.0164442797368,-0.0164442797368,0.0,1.49917447176,249,3,0.0491793194474,0.0507730155445,2.35702260396,4.47799083615,0.206865775227,5.0
0.0,0.0409059489193,3.33333333333,0.013766975926,0.013766975926,0.0,1.48614426734,250,3,0.0409059489193,1.28604758506,2.49443825785,4.42002020497,0.215186570025,6.0
0.0,0.0695465915829,0.0,-0.0081532169649,-0.0081532169649,0.0,1.4862376533,251,3,0.0695465915829,0.0,0.0,4.42043299206,0,0.0
0.0,0.0466144891294,3.0,-0.0054958602176,-0.0054958602176,0.0,1.50691444647,252,3,0.0466144891294,0.221249736207,2.94392028878,4.51278485066,7.4256281124e-09,7.0
0.0,0.0629858809885,2.66666666667,-0.00908854691397,-0.00908854691397,0.0,1.49786496263,253,3,0.0629858809885,0.281654287829,3.09120616517,4.47213070407,0.118852606699,7.0
0.0,0.0527480366075,3.0,-0.00154486000748,-0.00154486000748,0.0,1.47166207239,254,3,0.0527480366075,0.28283288103,2.94392028878,4.3564698954,0.363125041001,7.0
0.0,0.0649318949949,0.666666666667,0.00129438679528,0.00129438679528,0.0,1.47929650724,255,3,0.0649318949949,0.28660715006,0.942809041582,4.3898563622,-2.30364439164,2.0
0.0,0.0606545019865,1.0,-0.0219692806525,-0.0219692806525,0.0,1.49795011969,256,3,0.0606545019865,0.301078232074,1.41421356237,4.47251155379,0.121093724589,3.0
0.0,0.0607579159215,3.0,-0.0142416338919,-0.0142416338919,0.0,1.49479188759,257,3,0.0607579159215,0.300670111234,2.16024689947,4.45840860613,0.0473771898391,5.0
0.0,0.0602519523883,0.0,-0.00653938949864,-0.00653938949864,0.0,1.48921681522,258,3,0.0602519523883,0.0,0.0,4.43362181379,0,0.0
0.0,0.0375534468743,5.33333333333,0.000614852717645,0.000614852717645,2.0,1.51096008374,259,3,0.0375534468743,0.469577440025,3.3993463424,4.5310789219,6.37506902823e-09,10.0
0.0,0.0561755456573,0.0,-0.0120590922339,-0.0120590922339,0.0,1.49929024726,260,3,0.0561755456573,0.0,0.0,4.4785093078,0,0.0
0.0,0.0381842747926,5.66666666667,0.0161294379487,0.0161294379487,2.0,1.49849474759,261,3,0.0381842747926,1.43274451729,2.62466929134,4.4749480718,4.85132267691e-09,8.0
0.0,0.0461484994012,4.33333333333,0.0183924193837,0.0183924193837,0.0,1.53455962951,262,3,0.0461484994012,1.3723292307,3.29983164554,4.63928207711,0.016113363584,8.0
0.0,0.0453161535386,1.66666666667,-0.0286141135036,-0.0286141135036,1.0,1.49728579709,263,3,0.0453161535386,0.418801269738,0.471404520791,4.46954134997,-1.2788183875,2.0
0.0,0.035520744075,4.0,0.00492290548881,0.00492290548881,3.0,1.50841813124,264,3,0.035520744075,1.15032656522,0.816496580928,4.51957576095,0.310070968004,5.0
0.0,0.0479012582826,1.0,-0.00257445459712,-0.00257445459712,0.0,1.47168137119,265,3,0.0479012582826,0.250695861899,1.41421356237,4.35655397083,-0.325850064126,3.0
0.0,0.0579796983302,1.33333333333,-0.0141280450252,-0.0141280450252,0.0,1.51463608887,266,3,0.0579796983302,0.154827092701,0.942809041582,4.54776584305,0.137369468841,2.0
0.0,0.0422061935986,3.66666666667,-0.00260005811482,-0.00260005811482,0.0,1.54518236258,267,3,0.0422061935986,0.562093519004,2.86744175568,4.68882661559,0.0865702495852,7.0
0.0,0.0547462006608,0.0,0.00788924853407,0.00788924853407,0.0,1.4922272227,268,3,0.0547462006608,0.0,0.0,4.44698893219,0,0.0
0.0,0.0483148207362,0.666666666667,0.00431904489873,0.00431904489873,0.0,1.49968947022,269,3,0.0483148207362,0.144022366382,0.942809041582,4.48029758848,1.12398001795e-07,2.0
0.0,0.0613304302,0.0,-0.0168840415024,-0.0168840415024,0.0,1.49775039371,270,3,0.0613304302,0.0,0.0,4.47161836622,0,0.0
0.0,0.0563071003897,1.0,0.0194565363441,0.0194565363441,0.0,1.52950387362,271,3,0.0563071003897,0.174438152589,0.816496580928,4.61588619122,1.27492654323e-07,2.0
0.0,0.0474399084881,2.33333333333,-0.0208170525853,-0.0208170525853,0.0,1.51162407904,272,3,0.0474399084881,0.0596910486546,1.6996731712,4.5340885361,0.184919844541,4.0
0.0,0.0502719857903,3.33333333333,-0.0211960233028,-0.0211960233028,0.0,1.53596772892,273,3,0.0502719857903,0.347884629373,4.71404520791,4.64581924891,0.00559567329267,10.0
0.0,0.0583588202762,2.66666666667,0.00428977989582,0.00428977989582,0.0,1.51190113708,274,3,0.0583588202762,0.0929412221154,2.49443825785,4.53534491579,-0.143218822792,6.0
0.0,0.0498508962962,1.0,-0.00917433621668,-0.00917433621668,0.0,1.50172757817,275,3,0.0498508962962,0.093570578562,1.41421356237,4.48943823023,-1.24622235416,3.0
0.0,0.0553496172963,2.66666666667,0.0103525119827,0.0103525119827,0.0,1.49584514401,276,3,0.0553496172963,0.580093292933,2.05480466766,4.46310692744,0.0286133435911,5.0
0.0,0.0520069317748,0.333333333333,-0.00841352653232,-0.00841352653232,0.0,1.50715843213,277,3,0.0520069317748,0.0143448051781,0.471404520791,4.51388603978,-7.21475350815,1.0
0.0,0.0568376746495,0.666666666667,-0.0112620042241,-0.0112620042241,0.0,1.50352077136,278,3,0.0568376746495,0.0153517159632,0.942809041582,4.49749588262,-0.00922649786721,2.0
0.0,0.0365638256046,4.66666666667,0.00608545139784,0.00608545139784,4.0,1.54571467965,279,3,0.0365638256046,1.44759588171,0.942809041582,4.69132322244,-0.0375599359727,6.0
0.0,0.0498236080574,2.0,-0.0124069181552,-0.0124069181552,0.0,1.50972369129,280,3,0.0498236080574,0.515757220854,1.63299316186,4.52548019193,-0.0481462585151,4.0
0.0,0.0553809197486,2.0,-0.00349425399786,-0.00349425399786,0.0,1.52784655951,281,3,0.0553809197486,0.134392980009,2.82842712475,4.6082425536,-0.0332960045564,6.0
0.0,0.0354902284008,4.66666666667,0.0163716831084,0.0163716831084,3.0,1.55801630702,282,3,0.0354902284008,0.569442147018,1.6996731712,4.74939056173,0.152340325001,7.0
0.0,0.0491525519733,0.666666666667,0.00628264824663,0.00628264824663,0.0,1.49699625138,283,3,0.0491525519733,0.0202835677516,0.942809041582,4.46824740079,-1.70374712964,2.0
0.0,0.0582147001394,1.66666666667,-0.00014752437685,-0.00014752437685,0.0,1.50021993917,284,3,0.0582147001394,0.190630725367,1.6996731712,4.48267487772,-0.0221356659975,4.0
0.0,0.0490395113533,0.333333333333,-0.0146379323079,-0.0146379323079,0.0,1.49992694807,285,3,0.0490395113533,0.0437711597761,0.471404520791,4.48136168627,-5.59484261671,1.0
0.0,0.0437381027987,2.66666666667,-0.0125095267713,-0.0125095267713,1.0,1.5049968916,286,3,0.0437381027987,0.463925512764,1.6996731712,4.50413962961,0.0537371651875,5.0
0.0,0.0551474405571,0.333333333333,-0.00887263053457,-0.00887263053457,0.0,1.51168837315,287,3,0.0551474405571,0.0464918562584,0.471404520791,4.53438006065,-5.14876908128,1.0
0.0,0.0481443587009,2.0,0.000452555039579,0.000452555039579,0.0,1.50362576814,288,3,0.0481443587009,0.297992106117,2.82842712475,4.49796813,0.0321495259127,6.0
0.0,0.0485942346944,1.66666666667,0.00753625684625,0.00753625684625,0.0,1.49140152607,289,3,0.0485942346944,0.13465811306,2.35702260396,4.44331858392,0.161695142866,5.0
0.0,0.0423168127294,2.0,-0.0335101718429,-0.0335101718429,0.0,1.45963970361,290,3,0.0423168127294,0.441156823477,1.63299316186,4.30440838613,-0.302856805836,4.0
0.0,0.0520442587204,0.0,0.0355420226483,0.0355420226483,0.0,1.49904926191,291,3,0.0520442587204,0.0,0.0,4.4774301827,0,0.0
0.0,0.0476146480454,2.66666666667,0.0030036032211,0.0030036032211,2.0,1.53675509364,292,3,0.0476146480454,0.286355961784,0.942809041582,4.64947864351,1.86455718643e-08,4.0
0.0,0.0620047579353,1.0,-0.0149917867786,-0.0149917867786,0.0,1.502222761,293,3,0.0620047579353,0.0397070479719,1.41421356237,4.4916618735,0.0991469753737,3.0
0.0,0.051740965364,0.0,0.0143312953955,0.0143312953955,0.0,1.48480717211,294,3,0.051740965364,0.0,0.0,4.41411416637,0,0.0
0.0,0.0442783883752,0.666666666667,0.000603843901715,0.000603843901715,0.0,1.49073527312,295,3,0.0442783883752,0.233729012631,0.942809041582,4.44035919575,7.9855866475e-08,2.0
0.0,0.0621598682811,0.0,-0.00163948418563,-0.00163948418563,0.0,1.48821428856,296,3,0.0621598682811,0.0,0.0,4.42917921699,0,0.0
0.0,0.0521625885341,2.66666666667,-0.00131218208245,-0.00131218208245,0.0,1.53606176862,297,3,0.0521625885341,0.862642452751,3.77123616633,4.64625616088,9.0031928579e-09,8.0
0.0,0.0590497070494,1.33333333333,-0.00869624950192,-0.00869624950192,0.0,1.51491490825,298,3,0.0590497070494,0.131873949003,1.88561808316,4.54903402512,-0.512545830813,4.0
0.0,0.0660965661708,2.0,-0.00957803565754,-0.00957803565754,0.0,1.48981034735,299,3,0.0660965661708,0.0437529989957,2.82842712475,4.43625409185,-0.306050455355,6.0
0.0,0.0604995146869,0.333333333333,0.00386203766201,0.00386203766201,0.0,1.51811820995,300,3,0.0604995146869,0.00641963331411,0.471404520791,4.56362931762,-8.82689535948,1.0
0.0,0.050942232431,2.0,-0.00630409752789,-0.00630409752789,1.0,1.50047963226,301,3,0.050942232431,0.331668838144,0.816496580928,4.48383914856,-0.124420125931,3.0
0.0,0.0532838606157,1.0,0.00471435676037,0.00471435676037,0.0,1.50943754667,302,3,0.0532838606157,0.567038225648,1.41421356237,4.5241854354,-0.343537011184,3.0
0.0,0.060901215031,0.0,-0.0060680367668,-0.0060680367668,0.0,1.49351019769,303,3,0.060901215031,0.0,0.0,4.45269796927,0,0.0
0.0,0.0509242401063,1.0,0.0185664026098,0.0185664026098,0.0,1.50973025064,304,3,0.0509242401063,0.170976422831,1.41421356237,4.52550987625,4.94589100786e-08,3.0
0.0,0.036594771351,2.33333333333,0.00895111660371,0.00895111660371,0.0,1.45873171571,305,3,0.036594771351,1.0516557505,3.29983164554,4.30050180922,0.0904178627256,7.0
0.0,0.0350061819631,2.0,-0.00880619493681,-0.00880619493681,0.0,1.4915310826,306,3,0.0350061819631,0.498671296196,1.63299316186,4.44389428215,-0.223286898116,4.0
0.0,0.0500800382895,2.33333333333,-0.0030111469132,-0.0030111469132,0.0,1.4895819332,307,3,0.0500800382895,1.3482619261,2.62466929134,4.4352409044,0.211241822493,6.0
0.0,0.0440184212947,0.0,-0.0191415604938,-0.0191415604938,0.0,1.50730349186,308,3,0.0440184212947,0.0,0.0,4.51454087036,0,0.0
0.0,0.0559376495909,2.0,0.00810447080489,0.00810447080489,0.0,1.51191170575,309,3,0.0559376495909,0.183534124436,2.82842712475,4.53539284863,8.606748092e-09,6.0
0.0,0.0522606693228,0.0,0.0014518923542,0.0014518923542,0.0,1.5127596742,310,3,0.0522606693228,0.0,0.0,4.53924034971,0,0.0
0.0,0.0595095800337,1.66666666667,0.00749890707566,0.00749890707566,0.0,1.47879831078,311,3,0.0595095800337,0.435724794726,1.24721912892,4.38766989603,2.68381529223e-08,3.0
0.0,0.0697048900725,0.0,-0.00472751996511,-0.00472751996511,0.0,1.49570900694,312,3,0.0697048900725,0.0,0.0,4.46249937452,0,0.0
0.0,0.0546514952744,3.33333333333,-0.00916337466711,-0.00916337466711,0.0,1.52322062295,313,3,0.0546514952744,1.23088706096,4.71404520791,4.58697434652,6.40505160021e-09,10.0
0.0,0.0467080181898,2.66666666667,0.0126450846247,0.0126450846247,0.0,1.48168134215,314,3,0.0467080181898,0.281935511939,3.77123616633,4.40033793837,0.406550361179,8.0
0.0,0.0413857884837,4.66666666667,0.00313230991042,0.00313230991042,0.0,1.53015036888,315,3,0.0413857884837,0.555719934713,4.10960933531,4.6188713046,0.149696429956,10.0
0.0,0.0455298922406,3.33333333333,-0.0280938768464,-0.0280938768464,0.0,1.53471243052,316,3,0.0455298922406,0.611327643223,4.0276819912,4.63999101827,0.249403146598,9.0
0.0,0.0488104781164,3.0,-0.00818234490575,-0.00818234490575,0.0,1.53106976359,317,3,0.0488104781164,0.416668008315,2.44948974278,4.62311982315,0.168256149048,6.0
0.0,0.0471021274456,0.666666666667,0.00490439801195,0.00490439801195,0.0,1.49189808125,318,3,0.0471021274456,0.0610148998498,0.942809041582,4.44552548467,-0.56207665838,2.0
0.0,0.0472542012889,1.66666666667,-0.00873125966465,-0.00873125966465,0.0,1.51684814711,319,3,0.0472542012889,0.227476582044,1.6996731712,4.55783690077,0.153707486679,4.0
0.0,0.0479776197613,1.66666666667,-0.000879605498243,-0.000879605498243,0.0,1.52913088576,320,3,0.0479776197613,0.262804457619,2.35702260396,4.61416484276,0.17117964591,5.0
0.0,0.0446138683563,5.0,0.0154157585436,0.0154157585436,1.0,1.51976124198,321,3,0.0446138683563,1.47970706435,2.94392028878,4.57113367004,0.358940417259,8.0
0.0,0.045084672746,1.66666666667,-0.0111548121527,-0.0111548121527,0.0,1.49083197704,322,3,0.045084672746,0.19207551248,2.35702260396,4.44078861667,-0.824275321299,5.0
0.0,0.0261428327526,1.66666666667,0.00209367526611,0.00209367526611,0.0,1.48007726777,323,3,0.0261428327526,0.317675780511,2.35702260396,4.39328512715,0.176350520978,5.0
0.0,0.0486554174964,0.666666666667,0.0125517429573,0.0125517429573,0.0,1.50618821616,324,3,0.0486554174964,0.195047397288,0.471404520791,4.5095087193,-1.91847732414,1.0
0.0,0.0491927096506,0.0,-0.0175757315562,-0.0175757315562,0.0,1.49771124053,325,3,0.0491927096506,0.0,0.0,4.47144329158,0,0.0
0.0,0.0571775918028,2.0,0.00892615584198,0.00892615584198,1.0,1.51989852971,326,3,0.0571775918028,0.312309160149,0.816496580928,4.57176127366,3.13393134777e-08,3.0
0.0,0.046488308315,1.33333333333,-0.0167334243182,-0.0167334243182,0.0,1.52114761794,327,3,0.046488308315,0.0312006881861,1.88561808316,4.57747537483,-0.0505392208186,4.0
0.0,0.0612768440156,0.666666666667,-0.00159388451328,-0.00159388451328,0.0,1.51267887907,328,3,0.0612768440156,0.170815374822,0.942809041582,4.53887361599,-0.66597603413,2.0
0.0,0.0465971103898,1.0,-0.00149352364537,-0.00149352364537,0.0,1.49931312381,329,3,0.0465971103898,0.158498536683,1.41421356237,4.47861176181,0.172467303043,3.0
0.0,0.0623820124178,1.66666666667,-0.0208242089354,-0.0208242089354,0.0,1.52111215616,330,3,0.0623820124178,0.0401145229589,1.24721912892,4.57731305228,0.105884875396,3.0
0.0,0.0440567446938,3.0,-0.0135592348861,-0.0135592348861,0.0,1.51135135469,331,3,0.0440567446938,0.266892872703,2.44948974278,4.53285214832,0.0683723327262,6.0
0.0,0.0475745359704,2.0,-0.00721027285691,-0.00721027285691,1.0,1.48073138711,332,3,0.0475745359704,0.572348411989,0.816496580928,4.39615979999,-0.411451446087,3.0
0.0,0.0541908121249,2.0,-0.00715176525172,-0.00715176525172,0.0,1.48164666538,333,3,0.0541908121249,0.0695740138947,2.82842712475,4.40018535151,0.142740605964,6.0
0.0,0.0543313013571,1.33333333333,-0.00709323210305,-0.00709323210305,0.0,1.47257424453,334,3,0.0543313013571,0.233802875847,1.88561808316,4.36044555884,-0.285864072452,4.0
0.0,0.0436887156568,2.0,0.00234467607158,0.00234467607158,0.0,1.50888074493,335,3,0.0436887156568,0.105647827878,1.63299316186,4.52166706226,-0.00707637076978,4.0
0.0,0.0517207361949,1.33333333333,-0.00371392468512,-0.00371392468512,0.0,1.49141811623,336,3,0.0517207361949,0.0506866489693,1.88561808316,4.44339229989,0.179840151689,4.0
0.0,0.048359912103,1.33333333333,0.00825433460213,0.00825433460213,0.0,1.49079800941,337,3,0.048359912103,0.228947496715,0.942809041582,4.44063777616,-0.209219226211,2.0
0.0,0.0611352105437,1.66666666667,-0.00669222420527,-0.00669222420527,0.0,1.53587060711,338,3,0.0611352105437,0.221636873389,1.6996731712,4.64536806044,0.165875165371,4.0
0.0,0.0617784949013,0.333333333333,-0.00905189312942,-0.00905189312942,0.0,1.47752940792,339,3,0.0617784949013,0.203705746511,0.471404520791,4.38210589997,-3.07769724832,1.0
0.0,0.0648178509779,0.0,-0.00453877091011,-0.00453877091011,0.0,1.48254206325,340,3,0.0648178509779,0.0,0.0,4.40412703254,0,0.0
0.0,0.042567516681,2.66666666667,-0.00205403566566,-0.00205403566566,0.0,1.46918644417,341,3,0.042567516681,0.184056996041,2.05480466766,4.34569823437,1.1868327654e-08,5.0
0.0,0.0567183933346,1.66666666667,0.00315640144697,0.00315640144697,0.0,1.49786343831,342,3,0.0567183933346,0.583593726623,1.24721912892,4.47212388711,-0.17683652504,3.0
0.0,0.0565607909892,0.0,0.00310563080967,0.00310563080967,0.0,1.48721447706,343,3,0.0565607909892,0.0,0.0,4.42475308571,0,0.0
0.0,0.0460182090709,0.0,-0.0,-0.0,0.0,1.47655691208,344,3,0.0460182090709,0.0,0.0,4.37784639172,1,0.0
0.0,0.0502808897462,1.0,-0.00121968005639,-0.00121968005639,0.0,1.51456121603,345,3,0.0502808897462,0.12105655142,1.41421356237,4.54742535168,4.80201117758e-08,3.0
0.0,0.0550152514513,1.33333333333,0.0157761617607,0.0157761617607,0.0,1.50703533888,346,3,0.0550152514513,0.142683755298,1.24721912892,4.51333044508,-0.0776148293787,3.0
0.0,0.0495894771578,1.33333333333,0.0094776284115,0.0094776284115,1.0,1.50784279019,347,3,0.0495894771578,0.143325094575,0.471404520791,4.51697621137,0.0234787800663,2.0
0.0,0.0556706481955,1.33333333333,0.0061989766296,0.0061989766296,0.0,1.48638449138,348,3,0.0556706481955,0.35725548915,0.942809041582,4.42108212763,0.122248875222,2.0
0.0,0.0520494599764,2.0,-0.0031132963724,-0.0031132963724,0.0,1.48942764259,349,3,0.0520494599764,0.352993259517,2.82842712475,4.43455664116,0.18508272704,6.0
0.0,0.0564251155868,1.66666666667,-0.0055117109813,-0.0055117109813,0.0,1.52953108681,350,3,0.0564251155868,0.0770602502272,1.24721912892,4.61601180591,-1.73005113978,3.0
0.0,0.0439013535372,2.66666666667,-0.0119939682204,-0.0119939682204,0.0,1.54000723035,351,3,0.0439013535372,0.489713559749,2.49443825785,4.66462399774,-0.042343353273,6.0
0.0,0.0514735821159,0.0,-0.00075035320351,-0.00075035320351,0.0,1.50303979674,352,3,0.0514735821159,0.0,0.0,4.49533322138,0,0.0
0.0,0.0483869850814,0.666666666667,-0.0138147833347,-0.0138147833347,0.0,1.5098381619,353,3,0.0483869850814,0.0682161266336,0.942809041582,4.52599825608,7.47189903283e-08,2.0
0.0,0.0503780498772,1.66666666667,0.00333832539796,0.00333832539796,0.0,1.5075446764,354,3,0.0503780498772,0.15248844552,2.35702260396,4.51562983917,0.22556431456,5.0
0.0,0.0580078730522,0.333333333333,0.00148087747538,0.00148087747538,0.0,1.50549072205,355,3,0.0580078730522,0.234482565,0.471404520791,4.50636446019,-4.63848606824,1.0
0.0,0.0575040391932,1.33333333333,-4.23295873624e-05,-4.23295873624e-05,0.0,1.49729698348,356,3,0.0575040391932,0.140502581654,0.942809041582,4.46959134826,0.0424243023657,2.0
0.0,0.0570028223593,0.0,-0.0132861714771,-0.0132861714771,0.0,1.48835102876,357,3,0.0570028223593,0.0,0.0,4.42978490528,0,0.0
0.0,0.0582841552959,0.0,-0.0,-0.0,0.0,1.52384922327,358,3,0.0582841552959,0.0,0.0,4.58985862648,1,0.0
0.0,0.0378556119072,3.66666666667,-0.00576766009789,-0.00576766009789,2.0,1.53297893408,359,3,0.0378556119072,0.347528176939,1.24721912892,4.63195457794,1.27626109681e-08,5.0
0.0,0.0467770526555,2.0,-0.0328065317997,-0.0328065317997,0.0,1.51430620768,360,3,0.0467770526555,0.213178319383,2.82842712475,4.54626586809,0.197483258776,6.0
0.0,0.0477259442803,0.666666666667,-0.0189717463293,-0.0189717463293,0.0,1.48747696162,361,3,0.0477259442803,0.213398948073,0.471404520791,4.4259146675,-5.92503953842,1.0
0.0,0.0325325431889,1.66666666667,0.00993990404166,0.00993990404166,0.0,1.51835502664,362,3,0.0325325431889,0.472128158739,1.24721912892,4.5647101892,0.0429896745283,3.0
0.0,0.0624703322626,0.333333333333,-0.0111103174246,-0.0111103174246,0.0,1.50299265039,363,3,0.0624703322626,0.136273391474,0.471404520791,4.49512128784,-1.90451379922,1.0
0.0,0.0455105551473,2.66666666667,-0.00203031388011,-0.00203031388011,0.0,1.54879912502,364,3,0.0455105551473,0.638546898439,1.88561808316,4.70581569176,0.126655848162,4.0
0.0,0.0680764112532,1.33333333333,-0.00461507223723,-0.00461507223723,0.0,1.50546050927,365,3,0.0680764112532,0.0472184869155,1.24721912892,4.50622831245,-1.44915574269,3.0
0.0,0.0527436189641,0.0,0.0102831334552,0.0102831334552,0.0,1.51994883761,366,3,0.0527436189641,0.0,0.0,4.57199127518,0,0.0
0.0,0.0407238130539,2.0,-0.0129898691853,-0.0129898691853,0.0,1.52448302693,367,3,0.0407238130539,0.529338396238,1.63299316186,4.59276861778,3.05921868948e-08,4.0
0.0,0.0457725749287,0.0,0.0185143316534,0.0185143316534,0.0,1.49606687837,368,3,0.0457725749287,0.0,0.0,4.46409666135,0,0.0
0.0,0.0361046320293,3.0,-0.00542519472157,-0.00542519472157,0.0,1.49694877372,369,3,0.0361046320293,0.840073180195,4.24264068712,4.46803526388,9.41937916554e-09,9.0
0.0,0.0518515549792,0.0,-0.0169880902217,-0.0169880902217,0.0,1.4921107806,370,3,0.0518515549792,0.0,0.0,4.44647114561,0,0.0
0.0,0.0604221293809,1.66666666667,-0.00749365204337,-0.00749365204337,0.0,1.51532412367,371,3,0.0604221293809,0.201918540818,1.24721912892,4.55089594092,4.85249131987e-08,3.0
0.0,0.0478312386325,1.33333333333,0.00518667274184,0.00518667274184,0.0,1.48094007451,372,3,0.0478312386325,0.0410334111249,1.88561808316,4.39707731888,-0.0714054881155,4.0
0.0,0.0383554178686,3.33333333333,0.00906007453497,0.00906007453497,1.0,1.49780627702,373,3,0.0383554178686,0.698920974125,2.62466929134,4.47186826202,-0.0846095641541,7.0
0.0,0.0493583446099,3.0,-0.0261427760719,-0.0261427760719,0.0,1.50223320311,374,3,0.0493583446099,0.393194687611,4.24264068712,4.49170877616,0.186113196185,9.0
0.0,0.0630729494043,0.0,-0.00183830896996,-0.00183830896996,0.0,1.50119764822,375,3,0.0630729494043,0.0,0.0,4.48705977275,0,0.0
0.0,0.0530555991035,0.0,-0.0,-0.0,0.0,1.48854178025,376,3,0.0530555991035,0.0,0.0,4.43062997394,1,0.0
0.0,0.0606114537373,0.0,-0.0,-0.0,0.0,1.4994255032,377,3,0.0606114537373,0.0,0.0,4.47911509376,1,0.0
0.0,0.0487167856393,0.333333333333,0.0124310539268,0.0124310539268,0.0,1.49362600863,378,3,0.0487167856393,0.0622237589052,0.471404520791,4.45321367028,2.79088021582e-07,1.0
0.0,0.0673912526926,0.333333333333,0.0223733947874,0.0223733947874,0.0,1.49668497012,379,3,0.0673912526926,0.00610500740572,0.471404520791,4.46685673557,-0.379041097855,1.0
0.0,0.0481184372699,2.33333333333,0.000846865684003,0.000846865684003,0.0,1.52148845495,380,3,0.0481184372699,0.221675701203,3.29983164554,4.57903581374,-0.00176958602279,7.0
0.0,0.0477238462666,2.33333333333,-0.0048895066593,-0.0048895066593,0.0,1.52650968535,381,3,0.0477238462666,0.545997276071,1.6996731712,4.60208602937,-0.631826359848,4.0
0.0,0.0454934493662,3.0,0.00849559662309,0.00849559662309,0.0,1.47693055422,382,3,0.0454934493662,0.724522255329,2.44948974278,4.37948244524,0.0258765996495,6.0
0.0,0.0555873854434,1.33333333333,-0.0195917167017,-0.0195917167017,0.0,1.48362983751,383,3,0.0555873854434,0.508866500123,1.88561808316,4.4089203351,-0.779988574928,4.0
0.0,0.0628133260393,1.0,0.0058296148239,0.0058296148239,0.0,1.50540746711,384,3,0.0628133260393,0.54911001935,1.41421356237,4.50598929871,-0.0415023276591,3.0
0.0,0.0608045351982,0.0,-0.0127350750796,-0.0127350750796,0.0,1.48594086535,385,3,0.0608045351982,0.0,0.0,4.4191212555,0,0.0
0.0,0.0452819723452,3.0,-0.00300194739269,-0.00300194739269,2.0,1.49825667742,386,3,0.0452819723452,0.645633804041,0.816496580928,4.47388284696,1.55277932734e-08,4.0
0.0,0.0632645666439,0.333333333333,-0.00502409206239,-0.00502409206239,0.0,1.52409785089,387,3,0.0632645666439,0.234482565,0.471404520791,4.59099993402,-11.4707749794,1.0
0.0,0.0417115666419,3.66666666667,-0.0189990330149,-0.0189990330149,0.0,1.5221102936,388,3,0.0417115666419,0.722088076765,4.49691252108,4.58188412069,0.0273958547564,10.0
0.0,0.0554136919319,0.0,-0.0218688653906,-0.0218688653906,0.0,1.49739306242,389,3,0.0554136919319,0.0,0.0,4.47002080253,0,0.0
0.0,0.0451322305874,3.0,0.000181262401478,0.000181262401478,0.0,1.52277803323,390,3,0.0451322305874,0.278990460335,2.16024689947,4.584944648,9.85313186597e-09,5.0
0.0,0.049628072654,0.666666666667,0.00324691058603,0.00324691058603,0.0,1.50945711039,391,3,0.049628072654,0.0129080218776,0.942809041582,4.52427394614,-1.9555644615,2.0
0.0,0.0522313083453,1.0,0.00714792732611,0.00714792732611,0.0,1.52711915133,392,3,0.0522313083453,0.169185080952,1.41421356237,4.60489169915,-0.253607314881,3.0
0.0,0.0362035122264,2.0,0.000688278728405,0.000688278728405,0.0,1.49113511873,393,3,0.0362035122264,0.723505456897,1.41421356237,4.44213500892,0.441966411679,3.0
0.0,0.0501553813821,2.0,-0.0238341503475,-0.0238341503475,0.0,1.55406852686,394,3,0.0501553813821,0.395699555951,2.82842712475,4.7306779728,-0.0705324539021,6.0
0.0,0.0530094377186,1.66666666667,-0.00585232566186,-0.00585232566186,0.0,1.52369237496,395,3,0.0530094377186,0.225659254938,2.35702260396,4.58913877136,-0.180252450374,5.0
0.0,0.0360413783897,4.33333333333,0.0100676675047,0.0100676675047,0.0,1.51278286315,396,3,0.0360413783897,1.21868402763,3.09120616517,4.53934561115,0.273690493621,7.0
0.0,0.0543914198893,2.66666666667,-0.000526515493639,-0.000526515493639,0.0,1.51903118851,397,3,0.0543914198893,0.337083255061,3.09120616517,4.56779771589,-0.0998489031778,7.0
0.0,0.069265264557,1.33333333333,-0.0237270763061,-0.0237270763061,0.0,1.52359921095,398,3,0.069265264557,0.101445779883,1.88561808316,4.5887112487,-0.099328169894,4.0
0.0,0.0508782138334,4.0,-0.00181958854164,-0.00181958854164,0.0,1.51432880089,399,3,0.0508782138334,0.491633646453,3.26598632371,4.54636858397,0.428741984821,8.0
0.0,0.0550251915249,2.33333333333,0.00010444254319,0.00010444254319,0.0,1.50657785844,400,3,0.0550251915249,0.0733513723581,3.29983164554,4.51126615692,0.240447417043,7.0
0.0,0.056315205708,0.0,-0.008268879571,-0.008268879571,0.0,1.52146981866,401,3,0.056315205708,0.0,0.0,4.57895047832,0,0.0
0.0,0.0484026200574,2.0,-0.0222638009624,-0.0222638009624,0.0,1.51401972321,402,3,0.0484026200574,0.131516297168,2.82842712475,4.54496362008,1.56811140739e-08,6.0
0.0,0.0439226165447,1.33333333333,-0.00263832224751,-0.00263832224751,0.0,1.4903773381,403,3,0.0439226165447,0.180724927022,0.942809041582,4.43877012012,-0.634190591302,2.0
0.0,0.05103310297,2.33333333333,0.010895211246,0.010895211246,0.0,1.49375953622,404,3,0.05103310297,0.310640680739,3.29983164554,4.45380833687,0.116691682263,7.0
0.0,0.0381227132299,2.0,-0.0251543020079,-0.0251543020079,0.0,1.52240851378,405,3,0.0381227132299,0.791330961053,2.82842712475,4.58325073478,0.330080173697,6.0
0.0,0.031268966062,5.33333333333,0.0162926758977,0.0162926758977,3.0,1.52868030051,406,3,0.031268966062,1.06569045971,2.05480466766,4.61208623645,0.155176024284,8.0
0.0,0.057957853726,1.33333333333,-0.0280519459549,-0.0280519459549,0.0,1.50279443385,407,3,0.057957853726,0.0469919056389,1.88561808316,4.49423036875,-1.29581764754,4.0
0.0,0.0502437382143,1.66666666667,-0.00491305509379,-0.00491305509379,0.0,1.50279152878,408,3,0.0502437382143,0.151371433541,1.24721912892,4.49421731268,0.150363578514,3.0
0.0,0.0595448498982,0.333333333333,-0.0170951548259,-0.0170951548259,0.0,1.48998895034,409,3,0.0595448498982,0.073817262413,0.471404520791,4.43704649088,-1.75991625408,1.0
0.0,0.0424367204656,1.33333333333,-0.00834314685369,-0.00834314685369,0.0,1.47434954478,410,3,0.0424367204656,0.123041980374,1.24721912892,4.36819353439,0.0762960511079,3.0
0.0,0.0519639481997,0.333333333333,-0.0141674700778,-0.0141674700778,0.0,1.49206499232,411,3,0.0519639481997,0.0469614709681,0.471404520791,4.44626755402,-2.48073986332,1.0
0.0,0.0505733135839,0.333333333333,-0.0179178564312,-0.0179178564312,0.0,1.49346719849,412,3,0.0505733135839,0.00641963331411,0.471404520791,4.45250651092,-0.529225443921,1.0
0.0,0.0559702205897,0.0,0.002419336333,0.002419336333,0.0,1.49957528554,413,3,0.0559702205897,0.0,0.0,4.47978603635,0,0.0
0.0,0.0459311394465,3.33333333333,-0.0133638910282,-0.0133638910282,0.0,1.52682781661,414,3,0.0459311394465,0.861166598895,4.0276819912,4.60355032971,1.23448118394e-08,9.0
0.0,0.0518450565815,3.0,-0.00309533938151,-0.00309533938151,0.0,1.50160220768,415,3,0.0518450565815,0.31006129712,2.16024689947,4.48887542245,0.0579171455823,5.0
0.0,0.0364177175331,3.33333333333,-0.00502195052164,-0.00502195052164,2.0,1.50130738399,416,3,0.0364177175331,0.532999783671,1.24721912892,4.4875521907,0.0996789568254,5.0
0.0,0.0669004969763,0.0,-0.0078815505929,-0.0078815505929,0.0,1.52482575346,417,3,0.0669004969763,0.0,0.0,4.59434295121,0,0.0
0.0,0.0566396779071,1.33333333333,0.00917564206848,0.00917564206848,0.0,1.49003897236,418,3,0.0566396779071,0.276277207391,1.88561808316,4.43726844647,2.76002011246e-08,4.0
0.0,0.0384472085998,3.0,-0.010492984888,-0.010492984888,1.0,1.50495063924,419,3,0.0384472085998,0.827148056562,1.63299316186,4.50393130731,0.00455773905923,5.0
0.0,0.0652868427265,1.0,-0.000706688195745,-0.000706688195745,0.0,1.53052907205,420,3,0.0652868427265,0.313571687162,1.41421356237,4.62062081704,0.0139193818912,3.0
0.0,0.04761386232,3.33333333333,0.0103241545525,0.0103241545525,0.0,1.53746464412,421,3,0.04761386232,0.711103121135,3.3993463424,4.65277885403,0.22868102253,8.0
0.0,0.0415422339897,2.0,-0.022535001548,-0.022535001548,1.0,1.48097120147,422,3,0.0415422339897,0.408706091572,0.816496580928,4.39721418867,-0.31006174098,3.0
0.0,0.0402964777611,4.66666666667,0.00186352915349,0.00186352915349,1.0,1.50483395746,423,3,0.0402964777611,1.18766558628,3.29983164554,4.50340581127,0.161295489168,9.0
0.0,0.0480367143919,2.0,-0.00541324377708,-0.00541324377708,0.0,1.50553346423,424,3,0.0480367143919,0.500103899563,2.16024689947,4.50655707617,-0.237187272773,5.0
0.0,0.0527707551729,2.66666666667,0.00385885138515,0.00385885138515,2.0,1.50680147188,425,3,0.0527707551729,0.185194496813,0.471404520791,4.51227504944,0.118387676867,3.0
0.0,0.0509707823031,1.0,-0.00541976671173,-0.00541976671173,0.0,1.48919529883,426,3,0.0509707823031,0.300561418297,1.41421356237,4.43352641925,-0.220926106348,3.0
0.0,0.0488504412472,2.33333333333,-0.00194643771415,-0.00194643771415,0.0,1.49804495134,427,3,0.0488504412472,0.21038864988,2.62466929134,4.47293570956,0.097940893596,6.0
0.0,0.0293012227367,2.0,0.0069974959554,0.0069974959554,1.0,1.50375096849,428,3,0.0293012227367,0.385304655541,0.816496580928,4.49853131242,-0.100723432249,3.0
0.0,0.0487264109407,1.33333333333,-0.0167532807327,-0.0167532807327,0.0,1.50598677332,429,3,0.0487264109407,0.103093830103,1.88561808316,4.50860040256,0.091945848562,4.0
0.0,0.0394127035028,2.66666666667,-0.00686980829943,-0.00686980829943,1.0,1.49601025776,430,3,0.0394127035028,0.339882064709,2.35702260396,4.4638439086,0.322320686234,6.0
0.0,0.0476793094075,1.66666666667,0.00208289260558,0.00208289260558,0.0,1.51977462216,431,3,0.0476793094075,0.64833701964,1.24721912892,4.57119483302,-0.159027170989,3.0
0.0,0.047348659915,0.333333333333,-0.0265413530055,-0.0265413530055,0.0,1.48306791871,432,3,0.047348659915,0.0791975182628,0.471404520791,4.4064435758,-3.53548298087,1.0
0.0,0.0453051362522,1.66666666667,-0.00616307084517,-0.00616307084517,0.0,1.4789754429,433,3,0.0453051362522,0.181240300308,1.24721912892,4.38844716211,0.0670996251897,3.0
0.0,0.0485751475312,1.33333333333,-0.010397360236,-0.010397360236,0.0,1.51578714974,434,3,0.0485751475312,0.165413112109,1.88561808316,4.55300361231,-0.332908304171,4.0
0.0,0.0681722213554,0.0,-0.0243716104484,-0.0243716104484,0.0,1.50675784514,435,3,0.0681722213554,0.0,0.0,4.51207819788,0,0.0
0.0,0.048017274327,1.33333333333,0.0175354416942,0.0175354416942,0.0,1.48358779182,436,3,0.048017274327,0.0743112968243,1.24721912892,4.40873496289,3.36532994805e-08,3.0
0.0,0.0502926512959,0.333333333333,-0.00863495235797,-0.00863495235797,0.0,1.49403402015,437,3,0.0502926512959,0.03473741761,0.471404520791,4.45503100348,-1.40374409751,1.0
0.0,0.0513644478416,2.33333333333,-0.0100342205432,-0.0100342205432,0.0,1.46249089088,438,3,0.0513644478416,0.567215215753,3.29983164554,4.31669857302,0.0444618143822,7.0
0.0,0.0492276818662,2.0,-0.022537375868,-0.022537375868,0.0,1.54437318497,439,3,0.0492276818662,0.735322154643,1.63299316186,4.6850340567,-1.06460499929,4.0
0.0,0.052616677019,1.33333333333,0.0107017315558,0.0107017315558,0.0,1.50565926248,440,3,0.052616677019,0.305106924405,0.942809041582,4.5071240288,-0.0450097548924,2.0
0.0,0.0520831213737,1.0,0.00606502873112,0.00606502873112,0.0,1.49726228845,441,3,0.0520831213737,0.671538427655,1.41421356237,4.46943627835,0.240353033585,3.0
0.0,0.0587988326727,0.333333333333,-0.0103179674314,-0.0103179674314,0.0,1.49919266867,442,3,0.0587988326727,0.155293591723,0.471404520791,4.47807232251,-0.247966940668,1.0
0.0,0.0307981452471,4.66666666667,0.0106597467376,0.0106597467376,0.0,1.55193910387,443,3,0.0307981452471,2.15040805292,4.10960933531,4.72061507623,0.130342172728,10.0
0.0,0.0570890087113,1.66666666667,-0.00906858019181,-0.00906858019181,0.0,1.48746810879,444,3,0.0570890087113,0.580529951355,2.35702260396,4.42587548583,-0.657030204088,5.0
0.0,0.0539148595599,0.0,-0.0106671960036,-0.0106671960036,0.0,1.49541845357,445,3,0.0539148595599,0.0,0.0,4.46120296862,0,0.0
0.0,0.0502514167386,1.0,0.0187262172555,0.0187262172555,0.0,1.49047268904,446,3,0.0502514167386,0.224005639866,1.41421356237,4.43919338119,3.73241871854e-08,3.0
0.0,0.066812684876,1.66666666667,-0.000801195737071,-0.000801195737071,0.0,1.51577521,447,3,0.066812684876,0.208613401907,1.24721912892,4.55294925094,-0.021720003047,3.0
0.0,0.0370770652453,4.0,-0.00820239012852,-0.00820239012852,0.0,1.51576774108,448,3,0.0370770652453,0.858471159631,2.94392028878,4.55291524546,0.31130297096,7.0
0.0,0.0571262329516,1.66666666667,-0.00115946557469,-0.00115946557469,0.0,1.49167805965,449,3,0.0571262329516,0.323390850534,1.6996731712,4.44454748064,-0.188574627507,4.0
0.0,0.05490904075,0.0,0.0176060474132,0.0176060474132,0.0,1.50036093877,450,3,0.05490904075,0.0,0.0,4.48330697763,0,0.0
0.0,0.0505233366378,0.0,-0.0,-0.0,0.0,1.49325082297,451,3,0.0505233366378,0.0,0.0,4.45154320176,1,0.0
0.0,0.0581630214474,1.0,0.00132513611063,0.00132513611063,0.0,1.51389235082,452,3,0.0581630214474,0.246775386277,1.41421356237,4.54438475403,3.48995563559e-08,3.0
0.0,0.0425469583345,3.33333333333,-0.00919382542699,-0.00919382542699,0.0,1.48642202682,453,3,0.0425469583345,0.399427577712,2.86744175568,4.42124807799,-0.0730535934664,7.0
0.0,0.04840786381,1.66666666667,-0.00956598548605,-0.00956598548605,0.0,1.4927045355,454,3,0.04840786381,0.267289134967,2.35702260396,4.44911204358,0.349962560978,5.0
0.0,0.0471162145742,2.33333333333,0.0156946986951,0.0156946986951,0.0,1.50475768199,455,3,0.0471162145742,0.433462258679,2.05480466766,4.50306232498,-0.103354513434,5.0
0.0,0.0522181386175,0.0,-0.0118036997631,-0.0118036997631,0.0,1.49299783614,456,3,0.0522181386175,0.0,0.0,4.45041716237,0,0.0
0.0,0.0508596311882,0.333333333333,-0.00377504243274,-0.00377504243274,0.0,1.49007344271,457,3,0.0508596311882,0.00675047369295,0.471404520791,4.4374214033,2.84168040765e-07,1.0
0.0,0.0524276825142,3.33333333333,-0.00169869154507,-0.00169869154507,0.0,1.47662415408,458,3,0.0524276825142,0.136089578938,2.86744175568,4.37814077674,0.0873941438628,7.0
0.0,0.0514560423672,3.0,0.00270034046618,0.00270034046618,2.0,1.51844153266,459,3,0.0514560423672,0.584033247717,0.816496580928,4.56510508118,-0.0714349047432,4.0
0.0,0.0559335742474,1.33333333333,0.00459901240718,0.00459901240718,0.0,1.45067461713,460,3,0.0559335742474,0.743098256765,1.88561808316,4.26599145554,0.119192696642,4.0
0.0,0.0335896646524,4.66666666667,0.0211406444424,0.0211406444424,3.0,1.5276854542,461,3,0.0335896646524,0.84433182118,1.24721912892,4.60750020107,0.00394981329592,6.0
0.0,0.0495400676433,1.66666666667,-0.00377751335608,-0.00377751335608,0.0,1.51881387645,462,3,0.0495400676433,0.174765604756,1.6996731712,4.56680518619,-0.533770725284,4.0
0.0,0.0508271196966,2.33333333333,-0.00903794256423,-0.00903794256423,1.0,1.52284527576,463,3,0.0508271196966,0.175357103917,1.24721912892,4.58525296165,-0.258032726715,4.0
0.0,0.0695499381171,0.333333333333,8.78435540284e-05,8.78435540284e-05,0.0,1.53389583477,464,3,0.0695499381171,0.0112703998626,0.471404520791,4.63620356793,-0.687406907565,1.0
0.0,0.0540010298346,2.66666666667,-0.0020197696404,-0.0020197696404,0.0,1.51125738012,465,3,0.0540010298346,0.264447020089,3.77123616633,4.53242619552,0.0667245522361,8.0
0.0,0.0602376944869,0.666666666667,-0.0117108254272,-0.0117108254272,0.0,1.51597799733,466,3,0.0602376944869,0.0457376497263,0.471404520791,4.55387262498,-2.62393567622,1.0
0.0,0.0507597521689,0.666666666667,0.00786278676492,0.00786278676492,0.0,1.48310696345,467,3,0.0507597521689,0.21025448143,0.942809041582,4.40661562761,0.0785625916089,2.0
0.0,0.0544899079699,0.666666666667,0.0123915080553,0.0123915080553,0.0,1.49521129153,468,3,0.0544899079699,0.0148537250131,0.942809041582,4.46027887245,-0.158670069103,2.0
0.0,0.0557470145822,0.0,-0.0364114068465,-0.0364114068465,0.0,1.48263665961,469,3,0.0557470145822,0.0,0.0,4.4045436666,0,0.0
0.0,0.0530059987634,2.66666666667,-0.0152791640541,-0.0152791640541,0.0,1.50223594269,470,3,0.0530059987634,0.262120376112,2.49443825785,4.49172108158,1.32466011493e-08,6.0
0.0,0.0416117517542,2.0,-0.00753722117708,-0.00753722117708,0.0,1.50897570611,471,3,0.0416117517542,0.317872326644,1.63299316186,4.52209646548,0.194710328101,4.0
0.0,0.058708057509,0.0,-0.00683338640857,-0.00683338640857,0.0,1.48220084205,472,3,0.058708057509,0.0,0.0,4.40262450737,0,0.0
0.0,0.0634260940873,0.0,-0.0,-0.0,0.0,1.51313370343,473,3,0.0634260940873,0.0,0.0,4.54093847583,1,0.0
0.0,0.0468145977081,0.666666666667,0.000245012192764,0.000245012192764,0.0,1.50460211466,474,3,0.0468145977081,0.155387258002,0.471404520791,4.50236185006,1.6645857237e-07,1.0
0.0,0.0511000722179,1.0,0.0047525455419,0.0047525455419,0.0,1.5094969474,475,3,0.0511000722179,0.472910309144,1.41421356237,4.5244541833,0.119265410823,3.0
0.0,0.0470840408061,3.0,-0.00296795875812,-0.00296795875812,0.0,1.52159999467,476,3,0.0470840408061,0.235761171793,2.44948974278,4.57954658662,0.115785733379,6.0
0.0,0.0483705680062,0.333333333333,-0.00848353164534,-0.00848353164534,0.0,1.50658844064,477,3,0.0483705680062,0.0136417669921,0.471404520791,4.51131389628,-7.17615815021,1.0
0.0,0.0398435380299,3.33333333333,-0.00110361443888,-0.00110361443888,2.0,1.51470315999,478,3,0.0398435380299,0.902101533333,1.24721912892,4.54807087707,-0.0375558613624,5.0
0.0,0.0407024271872,2.0,0.0094791117337,0.0094791117337,0.0,1.50724860112,479,3,0.0407024271872,0.348572159929,2.82842712475,4.51429307071,0.0916269444102,6.0
0.0,0.04147169884,3.33333333333,-0.0210934064993,-0.0210934064993,0.0,1.51407622021,480,3,0.04147169884,0.145932018944,2.49443825785,4.54522040413,-0.403767752361,6.0
0.0,0.0510905710044,0.0,0.0161524039665,0.0161524039665,0.0,1.45201976569,481,3,0.0510905710044,0.0,0.0,4.27173370905,0,0.0
0.0,0.0643103966679,0.0,-0.0,-0.0,0.0,1.50188254686,482,3,0.0643103966679,0.0,0.0,4.49013400651,1,0.0
0.0,0.0490780043599,2.0,-0.00815449912595,-0.00815449912595,0.0,1.52168770252,483,3,0.0490780043599,0.226262529936,1.63299316186,4.57994826641,2.14244264551e-08,4.0
0.0,0.043767309753,2.66666666667,-0.00647276647703,-0.00647276647703,0.0,1.49703508205,484,3,0.043767309753,0.175316737529,1.88561808316,4.4684209092,0.118481270686,4.0
0.0,0.0552782548318,0.333333333333,0.0242537485622,0.0242537485622,0.0,1.52553016721,485,3,0.0552782548318,0.0514073172646,0.471404520791,4.59758040965,-7.18857016243,1.0
0.0,0.0429565937894,2.66666666667,-0.0174763695348,-0.0174763695348,0.0,1.56309198128,486,3,0.0429565937894,0.233570833306,2.49443825785,4.77355820282,-0.0443209967392,6.0
0.0,0.0615636452696,1.0,0.00892055517081,0.00892055517081,0.0,1.49393993082,487,3,0.0615636452696,0.127936346334,1.41421356237,4.4546118523,-0.355719438293,3.0
0.0,0.0552207893626,0.666666666667,-0.0107502968819,-0.0107502968819,0.0,1.50057571696,488,3,0.0552207893626,0.266389894244,0.471404520791,4.48426999761,-0.787337382551,1.0
0.0,0.0525340194238,2.0,0.00237163677417,0.00237163677417,0.0,1.50844371141,489,3,0.0525340194238,0.156008372187,2.82842712475,4.51969137395,0.020372062448,6.0
0.0,0.0468201966185,1.0,-0.0174519809724,-0.0174519809724,0.0,1.49814819421,490,3,0.0468201966185,0.120692512841,0.816496580928,4.47339753208,-1.9515254817,2.0
0.0,0.0408456953416,1.0,0.0043835044906,0.0043835044906,0.0,1.51339435328,491,3,0.0408456953416,0.425946821748,0.816496580928,4.54212222502,0.0175441345232,2.0
0.0,0.0598741334168,1.66666666667,-0.00609965049743,-0.00609965049743,0.0,1.50411716817,492,3,0.0598741334168,0.0444817189634,1.6996731712,4.50017897481,-0.301500368658,4.0
0.0,0.0461656166087,0.333333333333,0.0110836770019,0.0110836770019,0.0,1.46680895331,493,3,0.0461656166087,0.0188167406969,0.471404520791,4.33537864878,-7.11975771099,1.0
0.0,0.042332774166,0.333333333333,-0.00358760181376,-0.00358760181376,0.0,1.5017186408,494,3,0.042332774166,0.0108263011391,0.471404520791,4.48939810667,-0.127682134689,1.0
0.0,0.0580550393177,0.666666666667,0.00400875072448,0.00400875072448,0.0,1.49988008362,495,3,0.0580550393177,0.0124585567584,0.942809041582,4.48115167465,0.138685749166,2.0
0.0,0.0517247080509,2.66666666667,-0.00450916187711,-0.00450916187711,0.0,1.51702020888,496,3,0.0517247080509,0.179076838418,2.05480466766,4.55862119772,0.00489757665309,5.0
0.0,0.0611984479755,1.33333333333,0.00251581520662,0.00251581520662,0.0,1.49715405432,497,3,0.0611984479755,0.122968060209,1.88561808316,4.46895255901,-0.00467096543499,4.0
0.0,0.0498396120329,0.666666666667,-0.0163892206298,-0.0163892206298,0.0,1.48065541539,498,3,0.0498396120329,0.0200854242667,0.471404520791,4.39582582887,-2.00640600461,1.0
0.0,0.0494422285181,2.66666666667,-0.00074976629453,-0.00074976629453,1.0,1.5214347949,499,3,0.0494422285181,0.471401255276,2.35702260396,4.57879010906,0.0195553205596,6.0
