Entropy,dLoss,AverageReturn,Perplexity,Iteration,MeanKLBefore,MeanKL,MaxReturn,LossAfter,StdReturn,MinReturn,NumTrajs,LossBefore,ExplainedVariance,AverageDiscountedReturn
1.61423827018,0.0179698963435,-1507.5,5.0240594896,0,1.94932897922e-18,0.00680384251488,10218.75,-0.0179698963435,7261.15026184,-12525.0,10,2.41712205806e-16,4.66293670343e-15,-36.7766371411
1.63296801895,0.0207412083342,4002.5,5.11904561803,1,7.24706643269e-19,0.00870216086979,15468.75,-0.0207412083342,5775.90983093,-2793.75,10,5.19978504698e-16,0.0127385651035,273.502237132
1.62328605949,0.0129517529252,7486.875,5.06972238395,2,-1.18446492817e-18,0.00935868933423,19643.75,-0.0129517529252,5147.83514117,887.5,10,-1.10013109733e-15,0.323961714395,930.951655556
1.64277628148,0.0122866752289,6716.25,5.16950159963,3,3.26162077188e-18,0.00792055418948,16687.5,-0.0122866752289,5373.02521863,-2468.75,10,3.56749352282e-16,0.310142304466,922.817872324
1.65587271766,0.0126778077029,10961.875,5.23764891687,4,-1.06122852659e-18,0.00945984351248,19006.25,-0.0126778077029,5714.22050814,-675.0,10,-1.48525636234e-16,0.360298229455,1846.14958101
1.63798718873,0.0140077549219,10401.25,5.14480356479,5,4.58096977035e-18,0.00925242189957,19168.75,-0.0140077549219,6477.43125205,-1100.0,10,4.15101286677e-16,0.351323602907,1447.45212653
1.62653278779,0.0146324607355,10118.125,5.08620914464,6,2.5664321652e-18,0.00687735352666,19868.75,-0.0146324607355,7812.84521737,-2562.5,10,2.98500113516e-16,0.251516978207,1795.6337887
1.64708194286,0.0185526729427,10762.5,5.19180770985,7,-1.63790807044e-19,0.00789328043078,15087.5,-0.0185526729427,3834.57135805,4068.75,10,1.28069777006e-16,0.0350214180074,1295.87294419
1.64345777704,0.0180629967544,15317.5,5.17302579276,8,9.86004794597e-19,0.00856531903439,20231.25,-0.0180629967544,4808.81742219,3531.25,10,-3.98792110445e-17,0.633218420821,2243.27942682
1.61665924442,0.0161307986241,9300.625,5.03623734339,9,1.64927587206e-18,0.00822853887193,19500.0,-0.0161307986241,8080.79051768,-1843.75,10,1.12665432539e-16,0.150572708769,1497.0600801
1.62283993608,0.0120253650049,5626.25,5.06746116656,10,-3.0135364116e-18,0.00820007898032,16556.25,-0.0120253650049,6402.21079979,-1737.5,10,4.29167812399e-16,0.124523290878,1166.87781076
1.64066706454,0.0130626699839,15883.125,5.15860949021,11,-3.18422695518e-18,0.00638395987645,20531.25,-0.0130626699839,5271.61847331,2768.75,10,-1.15996101613e-16,0.381678746075,2421.30230883
1.62836711651,0.0188487302013,11144.375,5.09554748634,12,1.00224983925e-18,0.00984359756025,21556.25,-0.0188487302013,7658.95536386,-893.75,10,-1.93145499594e-16,0.22894170922,1746.71318272
1.61793641578,0.00815439699875,16578.75,5.04267359069,13,2.60503237194e-18,0.00571201227564,22300.0,-0.00815439699875,6495.3530264,-1612.5,10,-1.36446409726e-16,0.484325323025,2937.30727375
1.59485511349,0.0142723867102,13120.625,4.92761507544,14,1.06954263701e-18,0.00876823473576,19956.25,-0.0142723867102,6620.5657625,-718.75,10,3.54094531474e-16,0.278071285272,2351.16367923
1.58801124332,0.0187133344349,15961.25,4.89400625599,15,2.22474748058e-18,0.00745878690371,20268.75,-0.0187133344349,3126.27324062,10206.25,10,4.17887946469e-16,0.697268510147,2545.87228382
1.55948984276,0.0183600903293,15485.0,4.75639411717,16,-3.53738668243e-18,0.0099487832292,21900.0,-0.0183600903293,4393.72261727,9518.75,10,-6.80304423906e-16,0.655723829087,2682.6111268
1.5685193355,0.00787907466748,16320.625,4.7995364268,17,1.99798557838e-18,0.00967775636615,20700.0,-0.00787907466748,4460.53269836,5468.75,10,5.94857496594e-17,0.658985055676,2956.89372226
1.53625194094,0.0111716431639,15143.125,4.64713983421,18,8.44524590026e-18,0.00825639070813,21118.75,-0.0111716431639,4655.4860531,4543.75,10,-1.54576351719e-16,0.688721054989,2976.2354082
1.52881143221,0.00995585846778,16984.375,4.61269106681,19,-2.83318271411e-18,0.00722288669507,21106.25,-0.00995585846778,3180.15483359,9775.0,10,-1.90891746854e-16,0.830065754041,3305.31122573
1.52614145798,0.010366954737,14748.75,4.60039172729,20,1.64792317257e-18,0.00946738131672,22362.5,-0.010366954737,5040.91137593,8106.25,10,-7.80153719404e-17,0.65652122218,3221.71350597
1.50520592382,0.0124620058237,13236.25,4.50508123832,21,-9.46781795502e-19,0.00880161481706,22006.25,-0.0124620058237,5988.9219345,-925.0,10,5.27550225726e-17,0.541158188846,2648.5700122
1.50398820406,0.0103626818656,14873.75,4.49959865067,22,-7.64018085537e-19,0.00930893335451,18718.75,-0.0103626818656,3058.80235958,7843.75,10,-7.9034556677e-16,0.802111074696,3127.93190758
1.47878455746,0.0102724980698,15381.25,4.38760955141,23,1.65575846985e-17,0.00984065595118,22012.5,-0.0102724980698,5278.7235081,5293.75,10,-1.94255722619e-16,0.660648423758,3263.18699027
1.50827682669,0.00938883499638,12193.125,4.51893716945,24,2.51167358583e-19,0.00859881269917,22050.0,-0.00938883499638,5938.69491266,1737.5,10,1.38766775848e-16,0.548194505459,2789.65258209
1.48379090388,0.0105999365406,13673.125,4.40963052106,25,6.61293712356e-18,0.0057156167218,21581.25,-0.0105999365406,4310.12529727,5206.25,10,-7.51521067599e-16,0.708854800238,3007.71664399
1.47096319303,0.00964467139454,16593.125,4.35342631214,26,1.76873647779e-17,0.00812337024555,21787.5,-0.00964467139454,3293.66870156,11406.25,10,-8.27227175648e-16,0.82723477329,3479.4710838
1.4180975973,0.0087042792786,14935.625,4.12925745282,27,1.45182040795e-18,0.008413650865,22525.0,-0.0087042792786,5414.99585209,2518.75,10,4.15728562686e-16,0.654575622092,3259.56606194
1.41562999487,0.00696957360424,14404.375,4.11908064841,28,6.49555721429e-18,0.00937946581567,22231.25,-0.00696957360424,3962.61045785,9618.75,10,2.05688591159e-16,0.78385371998,3053.53240975
1.37384279865,0.00747283165662,16095.0,3.95050254991,29,-7.03203486165e-18,0.00975481864725,22737.5,-0.00747283165662,4606.35837729,8100.0,10,3.89221987973e-16,0.729314512194,3429.76485251
1.36280842195,0.00566085199848,18006.875,3.90715083609,30,-2.45380272672e-17,0.00854998517022,22481.25,-0.00566085199848,3346.77835995,11443.75,10,2.57838195239e-16,0.843127835001,3812.9920216
1.39850500836,0.010436537702,14930.0,4.04914200621,31,1.80814503394e-18,0.00851699445158,22412.5,-0.010436537702,5776.21118251,-600.0,10,-2.04658512359e-16,0.624592394883,3264.73894989
1.42377849232,0.0110561949005,17219.375,4.15278208812,32,-4.55620975229e-18,0.00713101926039,22356.25,-0.0110561949005,2552.66320793,13306.25,10,1.35647049149e-16,0.89486680014,3588.89708203
1.39812789392,0.00722028612114,13075.625,4.0476153042,33,-4.91026417198e-18,0.0056137823401,16662.5,-0.00722028612114,2570.82101733,8012.5,10,1.71151981476e-16,0.841655505802,2917.06157741
1.41543969264,0.0095864015323,15554.375,4.11829685275,34,-2.9158124256e-18,0.00695334631255,21437.5,-0.0095864015323,3203.71494567,10712.5,10,8.19344592173e-17,0.837318259697,3375.1600554
1.45568426832,0.00804421808203,15140.625,4.28741620519,35,-1.37644653139e-17,0.00849185014584,20000.0,-0.00804421808203,2981.98922963,10700.0,10,3.01536573488e-17,0.863365841311,3397.27341923
1.47282606396,0.00690514920815,13055.0,4.36154374201,36,6.57874678119e-18,0.0073638052603,16987.5,-0.00690514920815,2809.76922985,8206.25,10,-7.4118489124e-17,0.842858782303,3063.56670385
1.43203407977,0.016897708949,14338.75,4.18720764993,37,-1.71467310169e-17,0.00987553171943,21537.5,-0.016897708949,3525.15934924,9506.25,10,-2.44693154627e-16,0.743313082883,3180.23242568
1.42038029389,0.00618768518032,15563.75,4.13869406109,38,2.30205734936e-18,0.00548391735622,22862.5,-0.00618768518032,3711.9662916,10937.5,10,2.56461518688e-16,0.806332691765,3542.41822781
1.40221288817,0.00949184652542,13192.5,4.06418360712,39,-1.74740545891e-18,0.00674675241426,23387.5,-0.00949184652542,5956.97516572,4887.5,10,1.74549263932e-16,0.580206240293,3167.35240772
1.41295745867,0.00951893636347,14503.125,4.10808695334,40,1.35321272146e-17,0.00906607739262,20125.0,-0.00951893636347,5550.2317308,2218.75,10,5.74318370639e-17,0.637970972883,3275.2177384
1.38954427837,0.0032736075897,16819.375,4.01302081584,41,2.04979432405e-18,0.00528925182345,23231.25,-0.0032736075897,5196.27905483,8562.5,10,3.56814577884e-16,0.683793370385,3629.61405652
1.39260885811,0.00955564461989,13749.375,4.02533790183,42,7.65219044718e-18,0.00918774502349,19656.25,-0.00955564461989,4823.73643591,4706.25,10,-4.04476452331e-16,0.686568811232,3074.68335915
1.36584036312,0.0116442206454,17192.5,3.9190150643,43,-1.8277864e-17,0.00877737947564,23500.0,-0.0116442206454,5038.47757264,7500.0,10,-1.44617651188e-16,0.719109688214,3725.68481549
1.34749346977,0.00792796002249,13799.375,3.8477688844,44,5.63156292893e-18,0.00676940126739,17325.0,-0.00792796002249,2152.56469488,10818.75,10,5.89306381471e-17,0.901842782996,3266.43171137
1.38570505124,0.00653001371473,10560.625,3.9976434549,45,2.35039144482e-17,0.00810695800423,20118.75,-0.00653001371473,6762.95980992,-512.5,10,-3.32356364652e-16,0.265356819304,2452.93325725
1.40146834566,0.00553173833307,12176.25,4.06115877583,46,2.58729682251e-17,0.0071829174964,20087.5,-0.00553173833307,5392.40409048,5112.5,10,1.1067258221e-16,0.641561465583,2810.87885524
1.346035743,0.00755240065661,12966.25,3.84216397489,47,1.66193922454e-17,0.00721650620512,17250.0,-0.00755240065661,5041.67336432,-681.25,10,2.45753417616e-16,0.62923252826,2910.85872226
1.35766952058,0.00710706116954,12898.75,3.88712387563,48,-9.33547007409e-18,0.00674564066055,22525.0,-0.00710706116954,4838.13448681,4756.25,10,2.59330751318e-17,0.689041016672,2957.97116454
1.33523137085,0.00790875305896,14713.125,3.80087525644,49,3.56906898272e-18,0.00866627171936,23368.75,-0.00790875305896,5628.74836914,2381.25,10,-3.64452912294e-16,0.644902558376,3430.24066792
1.33062059639,0.014695437743,12550.0,3.78339061772,50,4.68160340758e-17,0.00850151741375,17225.0,-0.014695437743,5427.80673362,-1093.75,10,-2.63494781549e-16,0.652031579756,2894.34148861
1.34233899338,0.00962007544284,13739.375,3.82798667776,51,1.12447208461e-17,0.00732378047712,23118.75,-0.00962007544284,5388.75569038,3393.75,10,1.22929444402e-16,0.675355687559,2895.77366652
1.30764744491,0.00509556608188,11225.0,3.69746498229,52,-1.14667415876e-17,0.00995379789184,20431.25,-0.00509556608188,6817.78350162,-762.5,10,1.01363362148e-16,0.485647812826,2905.94864713
1.33443192778,0.00705645837577,14542.5,3.79783788732,53,-3.85077032476e-18,0.008120028563,20400.0,-0.00705645837577,6051.83649812,-618.75,10,-1.18549614569e-16,0.607563065858,3479.85573477
1.30836035436,0.00637182850077,13530.625,3.70010187984,54,1.99699730814e-17,0.00796023760354,17087.5,-0.00637182850077,2169.64939924,10950.0,10,-5.00327557162e-16,0.905762628935,3236.94727192
1.33316163518,0.00717126626126,15160.625,3.79301658482,55,1.72715350699e-17,0.00729490139601,19625.0,-0.00717126626126,2302.12206792,11443.75,10,1.19237952845e-17,0.905030988313,3536.02818382
1.36419767372,0.0120297664783,15135.625,3.91258262447,56,-3.24610806099e-17,0.00711576240417,17506.25,-0.0120297664783,1904.12596829,10987.5,10,2.74336109385e-17,0.928449679762,3401.59993241
1.37620214671,0.0088236393597,15717.5,3.95983416438,57,1.56518951754e-18,0.00989659665861,23193.75,-0.0088236393597,6521.7112162,-687.5,10,1.67998948086e-16,0.582543979807,3493.24451102
1.38648605669,0.0051526278464,14181.25,4.00076685577,58,1.80804794161e-18,0.00631930394028,19300.0,-0.0051526278464,3540.21869911,7693.75,10,-2.61357602227e-16,0.793380731007,3212.51321572
1.40900716516,0.0063849116478,17006.875,4.09189081492,59,-1.14615019554e-17,0.00864939208484,22781.25,-0.0063849116478,3630.48233064,10437.5,10,3.14281933811e-16,0.814637884169,3592.94168343
1.38900036672,0.0154103541206,13213.125,4.01083868054,60,1.55831362857e-17,0.00997823504682,19912.5,-0.0154103541206,3820.60455172,5168.75,10,3.36086714015e-16,0.62593847736,2794.5867179
1.36815220221,0.00904666254698,14391.875,3.92808567738,61,-5.38374383896e-18,0.00838146918144,22837.5,-0.00904666254698,5593.90645731,2387.5,10,6.96898094787e-16,0.634027237446,3365.97719544
1.36480068235,0.00802297474827,12671.25,3.91494265706,62,1.56314683336e-19,0.0095880899211,19912.5,-0.00802297474827,5155.23944643,2425.0,10,-5.34805533192e-16,0.652612670067,3124.03813508
1.35754619361,0.0096478168122,16511.25,3.886644518,63,4.99878497876e-17,0.00740006195023,21612.5,-0.0096478168122,2862.57614528,11431.25,10,-6.36202202031e-16,0.839097970727,3572.4756853
1.35216791565,0.00895325450205,16090.0,3.86579717512,64,5.4801603692e-18,0.00702589798614,22475.0,-0.00895325450205,3902.01990961,8518.75,10,-3.34854366457e-16,0.795055607156,3432.13211823
1.37986324815,0.00723649647993,13955.0,3.9743580895,65,4.75803428433e-18,0.00859729723667,22043.75,-0.00723649647993,3455.1046927,8250.0,10,2.85282908408e-16,0.792015883862,3213.1166977
1.36506672277,0.00621254792225,15637.5,3.9159843286,66,-6.78424658377e-18,0.00959656406861,22537.5,-0.00621254792225,4004.80278072,10187.5,10,-1.11510800593e-16,0.765615682541,3273.79219788
1.34897567128,0.00795316247021,13035.0,3.85347628197,67,7.57237693616e-18,0.00978610921643,20062.5,-0.00795316247021,3687.73007757,7681.25,10,1.67332814272e-16,0.771203152412,2989.1201873
1.32398602024,0.00855437149707,13523.125,3.75837250861,68,-8.89691082935e-18,0.00914438483661,17075.0,-0.00855437149707,2514.09005967,8356.25,10,1.68287606073e-16,0.880720785286,3233.27150951
1.35780350547,0.00686170841399,14530.625,3.88764472639,69,-1.42314540506e-18,0.00629906570432,20100.0,-0.00686170841399,3350.51354506,8281.25,10,2.09232631221e-16,0.828713911512,3466.70886712
1.34636538437,0.00929378690074,15455.625,3.84343071986,70,2.93591479844e-17,0.00887989996718,20475.0,-0.00929378690074,4216.95651692,9993.75,10,-5.81312775694e-17,0.766833844382,3528.11685615
1.35984205863,0.00598273292656,16559.375,3.89557798027,71,3.11521165782e-18,0.00784400417594,20406.25,-0.00598273292657,3013.20822847,11356.25,10,-1.64357416566e-16,0.862722305746,3785.83581976
1.35587379075,0.0107867412363,14683.125,3.88014991488,72,3.43354821206e-18,0.00877035994139,21812.5,-0.0107867412363,3439.7913386,8300.0,10,-6.27431440137e-16,0.79973944842,3244.41539739
1.34425843351,0.00870562294647,11596.25,3.83534132516,73,3.57331547845e-17,0.00716189352738,16875.0,-0.00870562294647,5147.87592726,-768.75,10,-1.42630351974e-16,0.611008526248,2837.26963889
1.35277486875,0.0101695500062,14087.5,3.86814424488,74,-1.43110101663e-17,0.00869830939262,19156.25,-0.0101695500062,2947.24580117,10581.25,10,-1.47037937381e-16,0.840798408079,3142.97000572
1.352392025,0.0100370429625,14677.5,3.86666363349,75,-2.79871302344e-17,0.00632461433683,20106.25,-0.0100370429625,3178.46415349,10075.0,10,1.64446234407e-16,0.828665436771,3088.76411033
1.33950054042,0.00912197260875,14693.125,3.81713652376,76,-3.1441473091e-17,0.0087205440903,19375.0,-0.00912197260875,2605.84446785,10762.5,10,-3.21331850017e-16,0.883690598059,3249.23810826
1.34520508579,0.00863199906165,14996.875,3.83897377886,77,-2.13534834796e-17,0.00698735383962,22381.25,-0.00863199906165,4755.67609054,4925.0,10,6.90897339339e-16,0.694963125599,3311.97771885
1.32590666198,0.0110333842301,15835.625,3.76559793222,78,-5.41019808399e-18,0.00759071101142,22162.5,-0.0110333842301,4518.13710401,7912.5,10,6.05637762163e-16,0.728198836169,3269.72421939
1.32476751955,0.00954948171023,15813.125,3.7613108221,79,-8.85332599853e-18,0.00706463358585,20487.5,-0.00954948171023,3234.79912678,10387.5,10,1.12987397216e-16,0.803760337382,3121.00416829
1.35026685387,0.00983070222692,16833.75,3.85845503699,80,-6.28033471289e-18,0.00649821699939,22125.0,-0.00983070222692,3150.19617445,11200.0,10,-1.77535763868e-16,0.807334221271,3259.91267908
1.32145304501,0.00929035808531,17475.625,3.74886469075,81,-8.20549822652e-19,0.00906428800248,21850.0,-0.00929035808531,3042.39632373,13287.5,10,-5.46540590562e-16,0.845806649579,3308.06456705
1.31218608056,0.0158342863611,16814.375,3.71428456879,82,-5.74880677979e-19,0.00913358022996,21300.0,-0.0158342863611,3463.12274409,11156.25,10,-3.94934085435e-16,0.698305886322,2896.98619174
1.29747544426,0.00943717657169,15771.875,3.66004500672,83,-1.1582380697e-17,0.00786455082119,18881.25,-0.00943717657169,1903.86582461,12181.25,10,-2.28397856183e-16,0.907872833281,2841.68757087
1.25363508298,0.0110394980701,16679.375,3.50305373209,84,-8.13696248796e-18,0.00866542585277,22218.75,-0.0110394980701,3607.24861607,11125.0,10,-8.16680056914e-16,0.804122811262,3078.21260931
1.26281911867,0.0125052269623,16186.875,3.53537409109,85,-7.27154890237e-18,0.00821567356015,21468.75,-0.0125052269623,3716.12875054,10856.25,10,1.16462395283e-16,0.809922969996,2981.20219814
1.26318396295,0.0117379092727,19086.875,3.53666418742,86,3.1850215865e-18,0.00949000097713,21775.0,-0.0117379092727,1777.77171359,16512.5,10,2.19380069666e-16,0.913286114588,3401.9756624
1.26598872782,0.010807495968,17450.0,3.54659762288,87,-1.68818472772e-18,0.00723097111095,22512.5,-0.010807495968,2756.47958228,13450.0,10,-1.24578125593e-16,0.84879975906,3343.22773764
1.27141801338,0.00994163884481,18590.625,3.56590548065,88,7.17817813046e-18,0.00734411557857,22575.0,-0.00994163884481,4078.99368143,9481.25,10,-3.00137692477e-16,0.786078172202,3465.8610723
1.2682779112,0.00911837382246,17759.375,3.55472573504,89,3.35640856303e-18,0.00764001903112,20212.5,-0.00911837382246,2556.9700239,13331.25,10,-1.47368922621e-16,0.901060360518,3642.72413378
1.2837335392,0.00737283027677,15835.625,3.61009301953,90,1.2273724912e-18,0.00689491319011,19618.75,-0.00737283027677,3368.47639195,7962.5,10,-3.07287528756e-16,0.826078085896,3414.13170789
1.28205897258,0.00712303608191,13905.0,3.60405273713,91,9.22962953986e-18,0.00732582010354,16456.25,-0.00712303608191,2674.0751906,7900.0,10,-6.16506845574e-17,0.847432315818,2891.39200468
1.27497452264,0.00884287687137,16579.375,3.57861023541,92,2.11562624777e-17,0.00686644959106,20250.0,-0.00884287687137,3440.38861586,11387.5,10,1.00708330564e-16,0.817645845599,3619.55423043
1.27941513302,0.00839394463064,15123.125,3.59453678479,93,-3.91180997744e-18,0.0075386616984,20781.25,-0.00839394463064,3246.24187764,11112.5,10,4.20985468708e-16,0.807299280821,3099.12960585
1.26435897254,0.00574032592776,14832.5,3.54082224416,94,1.50504973557e-17,0.00714763847385,20162.5,-0.00574032592776,3900.45349927,8512.5,10,-4.00304789316e-16,0.761764220391,3370.90827062
1.26670815755,0.00946126106803,15873.75,3.54915006868,95,-2.28468472374e-17,0.00800525603111,19625.0,-0.00946126106803,2550.29073098,10943.75,10,-2.25175433854e-16,0.891280372471,3448.77075379
1.24468015809,0.00310896759872,14892.5,3.47182418684,96,2.89698730666e-18,0.00898985176884,22600.0,-0.00310896759872,5869.58114455,-462.5,10,-1.02311215056e-16,0.611173797714,3407.44369675
1.27337349757,0.00865175251138,16762.5,3.57288537473,97,9.34951872705e-18,0.00655881121009,21856.25,-0.00865175251138,3145.75731144,12843.75,10,-2.76401124211e-16,0.84909309892,3598.24857485
1.26555324132,0.006119577447,18649.375,3.54505346374,98,3.94174821486e-18,0.00552593154226,22987.5,-0.006119577447,4132.17127587,11050.0,10,1.31672450721e-16,0.795913862675,3952.66990524
1.25004140666,0.00902265005341,19373.125,3.49048748388,99,2.50275903155e-18,0.00907189699795,22325.0,-0.00902265005341,3275.55583308,13400.0,10,-2.04380956603e-16,0.847175597784,3834.15715405
1.2475000844,0.00690206245011,18292.5,3.48162829216,100,-3.79318952623e-18,0.00780130732182,22575.0,-0.00690206245011,2553.11666155,14062.5,10,-1.85018667054e-16,0.894158586395,3723.62108748
1.2282338448,0.0123589931912,17345.625,3.41519244675,101,6.46738810062e-18,0.00712302174981,22362.5,-0.0123589931912,2586.95654015,13312.5,10,-4.03452271591e-16,0.843209516915,3396.09682151
1.21297141327,0.00894576422892,16542.5,3.36346406047,102,-1.39918316088e-17,0.00984147429204,21331.25,-0.00894576422892,3162.15511953,11375.0,10,-3.67015445812e-16,0.835286506244,3436.52523187
1.19888169572,0.0117297326417,16376.875,3.31640609708,103,3.12388926498e-18,0.00940922831333,22081.25,-0.0117297326417,2467.42060726,13762.5,10,-9.16627884706e-16,0.886465743103,3472.6664135
1.17255552152,0.0104570827735,17934.375,3.23023703994,104,-1.64074994696e-17,0.00649837864596,22975.0,-0.0104570827735,2677.81576394,14031.25,10,1.01252339846e-16,0.890152889606,3617.80807124
1.16603108516,0.00806951555726,17065.625,3.20923016747,105,-1.14530486091e-17,0.00762555339111,22150.0,-0.00806951555726,2920.69428015,12375.0,10,-1.68356995012e-16,0.865106479044,3333.04066942
1.18865573401,0.00676408960972,15865.625,3.28266546455,106,-6.50539092755e-18,0.0084183336107,22500.0,-0.00676408960972,3794.55844969,9993.75,10,3.45370954058e-16,0.798021454248,3287.57437645
1.21237815558,0.0089100207447,17701.25,3.36146925132,107,7.748838682e-18,0.009893541703,22193.75,-0.0089100207447,3422.18497454,10450.0,10,6.49169606959e-16,0.83832714986,3453.15298797
1.20787350363,0.00794782998382,16421.25,3.34636105645,108,-1.56084557148e-17,0.00662304743917,22043.75,-0.00794782998382,3896.81981717,10337.5,10,-1.0083739399e-16,0.786334390433,3343.8987643
1.22604544098,0.00869337279668,15674.375,3.40772679846,109,-5.92670359912e-18,0.00786454238751,19750.0,-0.00869337279668,2886.74428693,10768.75,10,-1.84215837029e-16,0.864273984438,3295.70767995
1.23065459328,0.00837484915514,17089.375,3.42346978328,110,-1.56722269869e-17,0.00667965079059,20212.5,-0.00837484915514,5241.27999783,1856.25,10,3.50597328946e-16,0.712814783723,3647.92812158
1.252988715,0.00996854780823,17159.375,3.50079020197,111,3.82658160783e-17,0.00933300512914,22462.5,-0.00996854780823,5784.21494916,2218.75,10,-5.4348192613e-17,0.627140403734,3543.87671469
1.25523762497,0.007739799401,14501.875,3.50867202339,112,-6.48209430864e-19,0.00856912472919,19756.25,-0.007739799401,3082.80266407,8475.0,10,-2.15605311382e-16,0.831242552707,3277.11824047
1.25520622282,0.00834498709989,13948.75,3.50856184527,113,-3.16654011131e-18,0.0082789135581,22112.5,-0.00834498709989,6947.60570269,2287.5,10,-2.81642070776e-16,0.508796623323,3055.6476643
1.2244528209,0.00969203906488,15103.125,3.40230390379,114,3.73893106046e-18,0.00713352787316,22468.75,-0.00969203906488,6298.30287781,-781.25,10,1.89637194836e-16,0.55193867061,3378.00160025
1.23770259482,0.00921706729186,14563.125,3.44768363301,115,-1.07896535867e-18,0.00696724670173,21993.75,-0.00921706729186,3824.90037656,8131.25,10,-6.56230625395e-16,0.758268929982,3151.35080477
1.21014037736,0.00716019929234,15063.75,3.3539554389,116,-3.77362848749e-18,0.00758577021127,21625.0,-0.00716019929234,4128.32328252,7450.0,10,-5.41255928965e-16,0.72122433382,2939.92248302
1.22203140729,0.00565170775522,15873.125,3.39407548501,117,2.2957088233e-18,0.0076039755634,22856.25,-0.00565170775522,6321.84768902,1937.5,10,-4.29545288227e-16,0.574017373376,3142.17229903
1.22678629509,0.00557049744974,16376.25,3.41025236227,118,1.64934307565e-17,0.00664202349487,21962.5,-0.00557049744974,3414.19120181,10681.25,10,8.55415738243e-16,0.814151710517,3188.16123047
1.22735806,0.00909138376105,16518.125,3.41220278245,119,1.22412580604e-17,0.00732965531387,23000.0,-0.00909138376105,4849.89968485,9887.5,10,-7.37743199863e-18,0.708614968113,3260.12573771
1.23426568348,0.00788656183273,16526.875,3.43585458934,120,3.99929180413e-18,0.00643411698796,20268.75,-0.00788656183273,2130.14826729,13787.5,10,5.88074033914e-16,0.884402227513,3140.45285921
1.21750298628,0.00660751034513,16356.25,3.3787404303,121,9.32699333021e-19,0.00629415597246,21412.5,-0.00660751034513,3162.59387212,10600.0,10,-9.8691055328e-16,0.833543747328,3161.78393538
1.213504723,0.00855487274916,15833.75,3.36525830699,122,5.91365625995e-18,0.00930244062587,19718.75,-0.00855487274916,1981.76491731,13318.75,10,5.57831558723e-16,0.89292668281,2972.90069743
1.20608474479,0.00934466469366,16653.125,3.34038057393,123,9.1472752286e-18,0.00711499436484,19968.75,-0.00934466469367,3295.83929229,10337.5,10,-4.8241410866e-16,0.825557452908,3214.77271244
1.20879940519,0.00831009706601,14383.125,3.34946089221,124,-1.52497198836e-17,0.0087886846715,19918.75,-0.00831009706601,4136.19130549,7456.25,10,-3.81494835722e-16,0.753020761869,3032.0054265
1.20060866442,0.00874957518377,16306.25,3.3221383749,125,4.90086255936e-18,0.00681325521471,18950.0,-0.00874957518377,1413.17738182,13100.0,10,2.92077473318e-16,0.936157409052,3121.1660634
1.22771998446,0.00862830870673,16483.125,3.4134379656,126,6.78444699265e-18,0.00749976223404,22981.25,-0.00862830870673,3887.95822259,10381.25,10,6.76125821997e-17,0.800733211325,3549.66403589
1.24639209786,0.00817413629582,16812.5,3.47777283117,127,-1.03077617861e-17,0.00875614726351,21900.0,-0.00817413629582,4478.47543116,5237.5,10,-5.58775248294e-17,0.741453776504,3468.98431589
1.24926335528,0.00751396415617,16709.375,3.48777276154,128,2.23260109923e-18,0.00682873469224,22437.5,-0.00751396415617,4163.95456005,10900.0,10,-3.92358368018e-16,0.763559490512,3399.42217434
1.25335749,0.00814648296193,17181.25,3.50208144393,129,2.69705099967e-18,0.00968213657254,22431.25,-0.00814648296193,4218.93981054,10618.75,10,2.15472084619e-16,0.752949240759,3405.43460012
1.27498117067,0.0106612898293,16125.0,3.57863402619,130,-1.18905842145e-17,0.00942437818556,22943.75,-0.0106612898293,3581.72989804,10575.0,10,-1.48858703142e-16,0.810349779612,3305.62264676
1.26812935204,0.0106425931713,18148.75,3.55419768719,131,1.42981736752e-17,0.00896807344587,22306.25,-0.0106425931713,2679.90467414,13437.5,10,1.91580085129e-16,0.874968325279,3461.71460322
1.26312461749,0.0110679653022,17058.75,3.53645430868,132,-1.15240639621e-17,0.00906445074763,21250.0,-0.0110679653022,2941.07521793,10343.75,10,6.19022194615e-16,0.85212269066,3340.24472449
1.21378456995,0.00739917202715,16716.25,3.36620019605,133,3.02040412686e-17,0.00775480684576,20381.25,-0.00739917202715,2435.11453786,13062.5,10,6.28830321148e-17,0.881198289886,3127.71788202
1.23537313722,0.0107542138132,17610.625,3.4396617471,134,-3.30345812006e-18,0.00902258575069,22881.25,-0.0107542138132,3307.60729465,12918.75,10,-8.03801469829e-17,0.840783093829,3432.85643759
1.22027372892,0.00933456841307,16203.75,3.38811503177,135,2.84997220505e-18,0.00978311985402,22668.75,-0.00933456841307,3553.57126705,11062.5,10,-5.0986923017e-16,0.798748098082,3085.31534902
1.24575239303,0.00907865156916,17388.75,3.47554879452,136,1.13324793501e-17,0.0072233454364,21925.0,-0.00907865156915,2133.48270148,13893.75,10,5.00954833171e-16,0.911247603202,3537.77300095
1.2307169873,0.00237388631812,15817.5,3.42368339401,137,1.2179746692e-17,0.00657105917356,20006.25,-0.00237388631812,2826.97635514,11062.5,10,-3.4942049254e-16,0.83824024955,3259.58015421
1.21738868699,0.00691958635738,14360.625,3.37835426474,138,-3.56510026841e-17,0.00949567690979,19450.0,-0.00691958635738,4624.8885544,4806.25,10,2.26302310224e-16,0.693254123012,3032.54897319
1.19654830619,0.0077395898807,14894.375,3.30867665124,139,-1.06814824866e-18,0.00749250205114,19262.5,-0.0077395898807,3077.6049053,10506.25,10,-7.04902802795e-16,0.835345211066,3062.93289197
1.21716413791,0.00870162091026,16434.375,3.37759574355,140,1.54343249781e-17,0.00928473053437,22618.75,-0.00870162091026,3103.06583529,10062.5,10,-1.58784096982e-16,0.844912898942,3201.3491851
1.21055194472,0.00850297343977,14192.5,3.35533610161,141,-6.4838362408e-18,0.00855512218304,21681.25,-0.00850297343977,2845.62959861,10793.75,10,2.38697950294e-17,0.832493690237,3061.44515131
1.20605475795,0.00639741222986,16015.625,3.34028040799,142,8.12900157049e-18,0.00643959764203,19443.75,-0.00639741222986,2480.04733133,12450.0,10,-3.91731092009e-16,0.891795887411,3224.42598259
1.20308235862,0.00635517414241,14621.875,3.33036650207,143,2.87864993787e-17,0.00615970705432,22068.75,-0.00635517414241,3995.62480447,9725.0,10,-1.82875936616e-16,0.762842305843,3061.4483541
1.21028645461,0.00509952361319,15112.5,3.35444541128,144,-1.68375789475e-17,0.00757475039818,20350.0,-0.00509952361319,3304.87447757,10850.0,10,1.7220669335e-16,0.834974306151,3381.35565654
1.20441347163,0.00858639449896,16434.375,3.33480254805,145,-1.06876361706e-17,0.00693949634784,22587.5,-0.00858639449896,2944.83028214,13143.75,10,3.12860848339e-17,0.866242610428,3343.54467087
1.2145232116,0.00848424494881,14118.75,3.36868753022,146,9.63915044807e-18,0.00785427278246,16950.0,-0.00848424494881,3261.58631842,5018.75,10,3.1963320879e-17,0.814618986744,3163.03839907
1.25046739844,0.00917551721755,15497.5,3.49197471964,147,-3.13878896825e-17,0.00643523634204,19756.25,-0.00917551721755,2657.71312645,10831.25,10,2.5381918789e-16,0.853076077072,3178.19311152
1.25494734247,0.0117573789626,15016.875,3.50765366511,148,-1.35285852953e-17,0.00917670194812,20243.75,-0.0117573789626,3882.01889526,7718.75,10,-3.2032709818e-17,0.772959992792,3170.48817906
1.27810894025,0.00830823754944,15485.625,3.58984469187,149,-1.30023960055e-18,0.00959103442692,22656.25,-0.00830823754944,3510.19948018,10468.75,10,-2.94930746492e-16,0.82004953182,3321.54583376
1.29448205268,0.00828472416712,15571.875,3.64910544022,150,4.12880442574e-18,0.00685059132846,22756.25,-0.00828472416712,4375.81443312,9831.25,10,-3.57214258173e-17,0.760621358248,3395.45038759
1.27655533756,0.0099060805555,17239.375,3.58427182963,151,4.42616060653e-18,0.00742626174827,23050.0,-0.0099060805555,3343.15304251,13025.0,10,3.01403346725e-16,0.852481037485,3591.66606027
1.28309489172,0.0083580977795,15651.25,3.60778817881,152,1.99510386788e-17,0.00865427666897,23162.5,-0.0083580977795,3928.95382068,7675.0,10,2.22744045431e-16,0.797986468732,3438.17014749
1.30335369325,0.00818252219792,14996.875,3.68162302094,153,4.79753585342e-19,0.00952921798727,19768.75,-0.00818252219792,3293.007803,11031.25,10,-5.04107866561e-16,0.807573571417,3157.91344699
1.30935657727,0.00825607878462,15000.625,3.70378984279,154,-4.84711949954e-18,0.00843878841514,19125.0,-0.00825607878462,3315.29416351,6462.5,10,1.25404686635e-15,0.839896681194,3158.85990693
1.2609002915,0.00333239223828,14677.5,3.52859682351,155,1.11388841439e-18,0.0076279417006,20112.5,-0.00333239223828,2645.92729492,10818.75,10,-1.74957270893e-16,0.879813751036,3397.77546422
1.2429389332,0.00918466184063,14326.25,3.46578422016,156,9.28108890654e-18,0.00675624775632,20356.25,-0.00918466184063,5360.39716929,-687.5,10,1.82727444287e-16,0.657795416325,3318.23089023
1.24348918802,0.00769264832338,13743.125,3.46769180943,157,2.23466096052e-17,0.00723412073603,19556.25,-0.00769264832338,3329.0734564,7881.25,10,3.3937019861e-16,0.8286440075,3222.71448921
1.23563506699,0.00704333829522,16714.375,3.44056281491,158,-8.00967054175e-18,0.00737443655612,22781.25,-0.00704333829522,3485.14935342,13793.75,10,6.62536692175e-16,0.823436635052,3709.23829581
1.25927124088,0.00865812618706,15695.0,3.52285324022,159,1.05926380381e-17,0.00756146107842,23118.75,-0.00865812618706,4430.89808194,10575.0,10,-3.54177798201e-16,0.738036480684,3484.86747178
1.25623014882,0.00857887154824,15314.375,3.51215619282,160,8.31691276503e-18,0.00701766885326,22893.75,-0.00857887154824,4077.58166879,10662.5,10,-1.97523247758e-16,0.778323694346,3361.29456512
1.28232625165,0.00810815732011,17787.5,3.60501615373,161,1.1986775056e-17,0.00714797314137,23156.25,-0.00810815732011,4783.33451292,4862.5,10,-4.68025618261e-16,0.735401759879,3656.63477218
1.28944244371,0.00966604746557,14952.5,3.63076163732,162,-1.14081887433e-17,0.0068159585361,19400.0,-0.00966604746557,2792.12228869,10237.5,10,1.39843692182e-16,0.862670726962,3272.51759479
1.28216636423,0.00429047895577,15965.0,3.60443980307,163,-2.81041757547e-18,0.00820309241636,20343.75,-0.00429047895577,4904.31187834,2056.25,10,6.69220234784e-16,0.723338948111,3672.21833119
1.27979233866,0.00817610421961,16485.0,3.59589292007,164,-1.74603674244e-17,0.00865488996802,20156.25,-0.00817610421961,4224.33630142,4968.75,10,-5.00727237451e-16,0.784401744509,3716.68554485
1.27369784285,0.00774953088766,15568.75,3.57404441119,165,-3.62193225356e-17,0.00878443857085,23418.75,-0.00774953088766,3396.25483069,11000.0,10,8.4535711764e-16,0.839616123419,3546.00613389
1.25506941946,0.00840967757135,14434.375,3.50808189505,166,2.37620392308e-18,0.0071331790901,20175.0,-0.00840967757135,5804.35669481,2050.0,10,-1.58634216874e-16,0.629130888387,3397.1435477
1.26126676475,0.00842935635659,15978.75,3.52989019685,167,-5.19308410079e-18,0.00766008895344,20287.5,-0.00842935635659,4434.82859731,5312.5,10,2.32325270133e-16,0.750240032257,3678.01942889
1.23019795199,0.00853187003499,13178.75,3.42190684253,168,-2.29666416839e-18,0.00829004644211,20468.75,-0.00853187003499,6763.32839196,-625.0,10,-2.23854268455e-16,0.521832904684,3155.44411542
1.27856783418,0.00902910390651,16318.75,3.59149242787,169,2.81084289781e-18,0.00674699223492,20181.25,-0.00902910390651,2741.82022113,11475.0,10,-7.50954853856e-17,0.866927927483,3601.43009324
1.29930222292,0.0105097630277,17148.75,3.66673720958,170,4.17175968687e-18,0.00978539134727,23168.75,-0.0105097630277,3544.37692867,11187.5,10,1.3706813462e-16,0.841061464972,3855.25947582
1.28384439102,0.00864634539991,16198.125,3.61049322712,171,-4.62778487966e-17,0.0088340429085,23112.5,-0.00864634539991,4336.01203765,10906.25,10,3.16827120095e-16,0.759366875328,3670.03209561
1.26313052298,0.00807652243716,15071.25,3.53647519326,172,-7.15654397113e-18,0.00744904869936,19837.5,-0.00807652243716,3932.46622681,9587.5,10,1.21658239038e-16,0.777950621395,3363.31606921
1.25569678943,0.0113736401602,15033.75,3.51028345078,173,6.33748815737e-19,0.00929880880905,20318.75,-0.0113736401602,2694.22588604,11162.5,10,1.08006242838e-15,0.882691305106,3495.62277724
1.25701323512,0.0103371570056,17336.25,3.51490759135,174,1.98778883199e-17,0.0073106460578,23337.5,-0.0103371570056,3357.20866197,11487.5,10,-2.18070006497e-16,0.847542298371,3828.73345558
1.24955562421,0.00970638300541,15703.125,3.48879227813,175,-1.49511746676e-17,0.00964444384126,20187.5,-0.00970638300541,2648.25156058,11200.0,10,1.83908444029e-16,0.885427672775,3487.4678255
1.24870745881,0.00846551027734,12491.875,3.48583445977,176,1.1759636737e-17,0.00970554102915,19818.75,-0.00846551027734,6442.14519905,-1075.0,10,2.90500956623e-16,0.539754086981,2984.83265245
1.24842358856,0.00815498752328,14385.0,3.48484507551,177,1.03381409084e-18,0.00663735743294,23037.5,-0.00815498752328,5813.81920514,4781.25,10,1.56031854104e-15,0.625423324879,3361.50773012
1.28316322711,0.00758823375339,15481.875,3.60803472683,178,-6.00144090563e-19,0.00652747947098,20306.25,-0.00758823375339,3077.16825233,10662.5,10,-4.39315250844e-17,0.845405813092,3483.29296172
1.30582904283,0.00983272238948,11561.25,3.69074761355,179,7.57172678284e-18,0.00662294447491,20256.25,-0.00983272238948,6647.06984317,-581.25,10,1.58428825614e-16,0.493267723453,2810.56130916
1.31386094762,0.00783164685233,18806.875,3.72051071419,180,5.30987399813e-18,0.00778929904989,22981.25,-0.00783164685233,3277.18611436,13131.25,10,1.21946897025e-16,0.81097440601,3934.55031828
1.30162399842,0.00451371426178,17066.875,3.67526044089,181,8.73204013225e-18,0.00764796674528,22168.75,-0.00451371426178,4065.02810761,10731.25,10,1.8793910872e-15,0.77735712853,3644.35384493
1.30958603795,0.00936064876654,16898.125,3.70463981447,182,-1.30171344757e-17,0.0088576275882,20306.25,-0.00936064876654,2240.60198733,14000.0,10,-1.69875224998e-16,0.920001247527,3677.32374421
1.29360895605,0.00546636991632,14433.75,3.645920809,183,5.9717462509e-18,0.00682921528875,20481.25,-0.00546636991633,4081.7957139,8062.5,10,-5.09814412908e-16,0.75290892477,3228.40587492
1.28874847612,0.00717406702919,15267.5,3.62824288049,184,2.92339724445e-18,0.00803433024078,19868.75,-0.00717406702919,2701.24797547,11131.25,10,-2.17226236998e-16,0.888459169058,3494.25039108
1.30488332518,0.00758172702696,15206.875,3.68725885836,185,2.09224805092e-17,0.0079458788012,22756.25,-0.00758172702696,4576.17936472,8075.0,10,-7.52731210696e-17,0.749618351425,3460.51441475
1.29464222622,0.00798574400323,16821.875,3.64968997714,186,3.22164058089e-18,0.00858045605257,22943.75,-0.00798574400323,4356.58109395,7806.25,10,4.35462776949e-16,0.767773919982,3791.21035373
1.30578222492,0.00807058965963,17134.375,3.69057482452,187,1.66069199024e-17,0.0079235856585,19925.0,-0.00807058965963,2708.26029549,13818.75,10,3.10462766606e-16,0.88779318798,3670.94559228
1.32079601792,0.00731683142518,13350.0,3.74640239407,188,5.22671631216e-18,0.00804372990237,22950.0,-0.00731683142518,7153.49073442,-843.75,10,3.36619621066e-17,0.487354106535,3116.29087823
1.32095233167,0.0077394326429,14810.625,3.74698805405,189,-8.92415820171e-18,0.00878044565971,23556.25,-0.0077394326429,5279.58483364,5425.0,10,-1.42219569454e-16,0.674177934401,3500.90017053
1.31370599708,0.00683417525828,16167.5,3.71993426369,190,-8.33499923958e-18,0.00843186063677,20375.0,-0.00683417525828,2747.7829131,11306.25,10,-2.32014407686e-16,0.851519743046,3539.7519659
1.30764423508,0.0050537264935,15228.125,3.69745311407,191,2.20593885858e-18,0.00515150410094,23487.5,-0.0050537264935,5355.54272606,5218.75,10,7.73103803198e-17,0.681565067227,3347.07347184
1.294659588,0.00882066886235,16392.5,3.6497533428,192,-9.11935030044e-18,0.00995236185987,20175.0,-0.00882066886235,3265.64360043,7937.5,10,-1.00752739485e-16,0.854874648776,3644.47489741
1.2665446775,0.00472186536658,15885.625,3.54856990089,193,5.81380847096e-18,0.0058668772985,20356.25,-0.00472186536658,4229.81793528,8418.75,10,6.7620214983e-17,0.759116246762,3622.23917334
1.25816058748,0.00699703104773,16521.875,3.51894274332,194,-1.28230982467e-18,0.00663604431607,23118.75,-0.00699703104773,3779.70242091,10793.75,10,1.018962692e-16,0.82029949175,3747.84017681
1.28387463599,0.0065435696852,16153.125,3.61060242801,195,1.09836455953e-18,0.00671804364898,22712.5,-0.0065435696852,3705.05171396,11231.25,10,-9.23471368819e-16,0.811841371703,3647.83905021
1.26810682493,0.00830904114948,18481.25,3.55411762228,196,-3.33508523841e-18,0.00833925064958,23268.75,-0.00830904114948,3196.25391083,11431.25,10,-1.37223565844e-16,0.860997152903,3994.70926395
1.23775396847,0.00321074005734,15269.375,3.44786075763,197,2.88914653995e-17,0.00796260891489,20131.25,-0.00321074005734,5376.33083089,1962.5,10,1.17583720538e-16,0.667543045889,3502.36416973
1.20081907469,0.00367725929013,15508.75,3.32283746049,198,-2.6304218295e-18,0.00659912058165,17193.75,-0.00367725929013,1940.09745245,11475.0,10,4.10677047924e-16,0.929493121241,3504.5535228
1.1611226137,0.00592670536969,15950.625,3.19351634975,199,2.28412498494e-18,0.00707352593159,23225.0,-0.00592670536969,4058.75543771,8200.0,10,7.18142212364e-16,0.792292866763,3664.22918076
1.12031990804,0.00882665426496,16315.625,3.06583483165,200,2.008138019e-17,0.00922002321283,20437.5,-0.00882665426496,3258.724168,11162.5,10,1.12410081243e-17,0.852281853497,3760.65520541
1.13154817523,0.00782392040801,15841.875,3.10045283065,201,2.50148746682e-17,0.00681582254658,20450.0,-0.00782392040801,3724.61937023,10487.5,10,-1.69583791454e-16,0.819105243299,3589.09677457
1.09497455949,0.00477533089363,17488.75,2.98910663802,202,-3.49944907916e-18,0.00697453609822,23143.75,-0.00477533089363,3829.30905158,8450.0,10,-2.0153878566e-16,0.818712097208,3942.28679014
1.0728688228,0.00865302453024,16988.75,2.92375521564,203,4.3901894585e-19,0.00718513274517,20287.5,-0.00865302453024,2425.42006671,11525.0,10,-3.99730248901e-16,0.914985699641,3914.9838647
1.08664206764,0.00406260829809,17765.625,2.96430341118,204,-7.91169365601e-18,0.00822788894697,20475.0,-0.00406260829809,3522.47277536,8068.75,10,3.72735176057e-16,0.850609433107,3973.65948509
1.12882477276,0.00254139074444,16155.625,3.09202053724,205,-5.36785939963e-18,0.00899975987053,22437.5,-0.00254139074444,5168.15251232,5331.25,10,-1.38128397609e-16,0.679427159583,3641.29547152
1.10551749534,0.00702843689797,13575.625,3.02078730776,206,6.68322510868e-18,0.00648029807834,20381.25,-0.00702843689797,5131.95598828,2475.0,10,-5.1849635696e-16,0.647363124932,3272.20735625
1.09804805438,0.00496105740352,12129.375,2.99830777459,207,2.38990493023e-17,0.00730186615002,19731.25,-0.00496105740352,5673.95024019,2325.0,10,5.0404125318e-17,0.610315651005,3065.56590208
1.10425055375,0.0056175542046,15949.375,3.01696257004,208,-4.84635028463e-17,0.00674452787407,17475.0,-0.0056175542046,1600.25986659,13562.5,10,-5.40012479178e-16,0.939233653618,3664.84429654
1.05856541037,0.00782010994672,18631.875,2.88223320009,209,2.81021972385e-17,0.00863886925499,20562.5,-0.00782010994672,1519.75134171,16131.25,10,-1.37223565844e-17,0.953985319404,3937.90102107
1.05842969699,0.00768233077187,17734.375,2.88184206903,210,-8.21246612467e-18,0.00785972295533,22950.0,-0.00768233077187,3213.5397758,11443.75,10,-5.87946358266e-16,0.867676619598,3950.10749622
1.03129900948,0.00730060789731,14940.625,2.80470681008,211,3.14418201373e-17,0.00734494139629,19975.0,-0.00730060789731,4150.55177996,5312.5,10,-1.72062364356e-16,0.765736844403,3602.54828959
1.01764060963,0.00585519953819,15261.25,2.76665942769,212,3.44151700581e-19,0.00650839323283,23493.75,-0.00585519953819,5708.72399819,2356.25,10,4.40258940415e-17,0.653788511855,3669.93546843
0.971093515484,0.00618943965326,15420.0,2.64083067024,213,1.27111254652e-17,0.00638153033036,17625.0,-0.00618943965326,2299.89096209,11393.75,10,-3.76371156463e-16,0.910339891816,3615.01522187
0.972033918291,0.00318885748367,14297.5,2.6433152829,214,-1.8806837708e-17,0.00647633637834,20331.25,-0.00318885748367,3760.71614689,8343.75,10,1.72395431264e-16,0.796355963228,3467.56061866
0.992882859345,0.00683110239,14974.375,2.69900411681,215,4.98196443842e-19,0.00979495132676,17606.25,-0.00683110239,2497.2351117,11425.0,10,-7.05990821359e-17,0.887948091656,3467.98429861
1.00885611083,0.00650432817197,15083.125,2.74246214736,216,-4.10407802535e-17,0.00926312676659,20581.25,-0.00650432817197,4025.6570213,5250.0,10,4.3978709563e-17,0.784844983729,3537.19984245
0.985101830417,0.00569887506321,13215.0,2.67808458101,217,-4.9409807968e-18,0.0085281294608,18868.75,-0.0056988750632,4691.0796332,2362.5,10,6.85496104325e-16,0.690881779337,3184.39457214
0.926900150324,0.00791817315923,13115.625,2.52666474473,218,9.67322518018e-18,0.00899501733395,17450.0,-0.00791817315923,3971.91925624,5612.5,10,-4.12266054628e-16,0.760720081037,3281.86059619
0.930787948917,0.0101639632093,17851.25,2.53650702838,219,3.61392198323e-18,0.00930474075937,22368.75,-0.0101639632093,3009.30691771,14368.75,10,5.73052716391e-16,0.849603986595,4051.60912729
0.918001548056,0.00851644500799,13444.375,2.50428070116,220,-1.97220116732e-17,0.00725845443666,17568.75,-0.00851644500799,2983.18130577,8331.25,10,-1.08375530772e-15,0.827180828914,3360.77003434
0.967832961743,0.00329785905408,14961.875,2.63223412228,221,1.44467176012e-18,0.00755396441799,17550.0,-0.00329785905408,2963.41026364,8212.5,10,-3.47344375484e-16,0.867556581255,3621.85400218
0.984119537837,0.00527679458737,16266.25,2.67545521001,222,1.14357571509e-17,0.00786422820662,20556.25,-0.00527679458737,2299.16459013,13956.25,10,-4.51993997785e-16,0.916279029404,3726.04706441
0.947168316833,0.00372096075709,14098.125,2.57839810569,223,-7.5256164959e-18,0.00947350223728,20431.25,-0.00372096075709,4010.027519,8500.0,10,-4.48852066626e-16,0.765072423276,3497.57607055
0.964742740241,0.00677706824716,14420.0,2.62411249108,224,4.71348859016e-17,0.00742961027721,20556.25,-0.00677706824717,3034.73356532,8456.25,10,-8.96205332168e-16,0.86395283394,3564.58987123
1.00600617995,0.00413229872152,13800.0,2.73465744651,225,-1.3747842829e-17,0.00664644138805,23362.5,-0.00413229872152,6196.80550264,-468.75,10,-3.38730432592e-16,0.57869429181,3271.64896027
0.964152597519,0.00750083753912,14956.25,2.62256434705,226,-4.16400741309e-18,0.00732588931452,20368.75,-0.00750083753912,4386.363813,8106.25,10,-6.34592378645e-16,0.754665462807,3614.83891388
0.947389911311,0.00469054536554,17759.375,2.57896952778,227,3.30535119513e-17,0.00440458331663,20606.25,-0.00469054536554,2094.737174,14375.0,10,2.65210076122e-16,0.930899238382,4152.5910837
0.97248518683,0.00765658638802,15948.125,2.64450839711,228,3.95550744352e-17,0.00624316362257,20493.75,-0.00765658638802,3267.16028504,11450.0,10,2.5700552797e-16,0.847194748554,3841.06887233
0.996482508985,0.00530836238829,13338.125,2.70873709315,229,-2.09121472496e-17,0.00566529127159,17393.75,-0.00530836238829,3775.78163472,5543.75,10,3.88045151567e-16,0.780162665018,3272.4974519
