NumTrajs,dLoss,MaxReturn,MinReturn,Perplexity,MeanKL,Iteration,LossBefore,AverageReturn,MeanKLBefore,LossAfter,ExplainedVariance,StdReturn,AverageDiscountedReturn,Entropy
3,0.0264033808093,6000.0,0.0,5.3241556097,0.00580434782649,0,-1.77968750847e-15,4000.0,-5.54596288414e-18,-0.0264033808093,5.44009282066e-15,2828.42712475,914.070526087,1.67225412807
3,0.0313629825272,10000.0,5000.0,5.3390702784,0.0085723601247,1,-7.81782046507e-17,6666.66666667,4.06063780348e-18,-0.0313629825272,0.322593671349,2357.02260396,1657.33426206,1.67505153265
3,0.0293650422604,8000.0,4000.0,5.48997874619,0.00894292856433,2,5.31357365515e-16,5666.66666667,5.52873865774e-18,-0.0293650422604,0.328490605621,1699.6731712,2414.46960677,1.70292438415
3,0.0281326073613,6000.0,4000.0,5.40030602357,0.0071474148676,3,1.76271034806e-16,4666.66666667,-2.97255773975e-18,-0.0281326073613,0.314378227023,942.809041582,1753.94502519,1.686455623
3,0.0340305381158,8000.0,4000.0,5.37077230499,0.00662166921236,4,-1.03875964543e-16,5333.33333333,-2.75982323163e-18,-0.0340305381158,0.133244651342,1885.61808316,2163.32381108,1.68097171661
3,0.0222886969604,6000.0,4000.0,5.39782020716,0.00831316375355,5,4.38003221655e-16,5333.33333333,-2.76926116174e-18,-0.0222886969604,0.341085888854,942.809041582,3138.9579815,1.68599520673
3,0.0218862332163,7000.0,4000.0,5.30041134298,0.00740517293023,6,-3.17338747872e-17,5333.33333333,-8.62690680003e-18,-0.0218862332163,0.679229051505,1247.21912892,3477.04074079,1.66778442943
3,0.0356972797448,7000.0,5000.0,5.17721419333,0.00783570618223,7,6.90651239902e-17,6000.0,3.69065576115e-19,-0.0356972797448,0.741350281287,816.496580928,3890.50200848,1.64426711109
3,0.015670728686,8000.0,4000.0,5.18934066514,0.00694863135793,8,5.03301104497e-17,6333.33333333,-2.07666494436e-17,-0.015670728686,0.707305547513,1699.6731712,4310.35831315,1.64660664964
3,0.0162359692217,5000.0,5000.0,5.13902385245,0.00849849696605,9,-7.45699798207e-17,5000.0,7.13898652266e-18,-0.0162359692217,0.58325788233,0.0,3499.64473585,1.63686314946
3,0.0280986182172,5000.0,4000.0,5.07061483397,0.00773432995981,10,-1.04314705022e-16,4666.66666667,-2.66354810053e-19,-0.0280986182172,0.551327121742,471.404520791,2517.54916119,1.62346207928
3,0.0360003753142,9000.0,5000.0,5.11244958795,0.00989263138131,11,-1.2781442571e-16,7000.0,6.09242108822e-18,-0.0360003753142,0.493416679566,1632.99316186,3058.37294788,1.63167866077
3,0.0281074994865,6000.0,4000.0,5.22377403019,0.00717742520382,12,-6.40691203794e-17,4666.66666667,4.15755299329e-18,-0.0281074994865,0.216345425467,942.809041582,2588.83323711,1.65322013495
3,0.0196789941859,6000.0,4000.0,5.2590002004,0.00770804976389,13,-6.8047419551e-17,4666.66666667,8.92356398845e-18,-0.0196789941859,0.511232482531,942.809041582,2705.26698001,1.65994093271
3,0.0192536162006,5000.0,4000.0,5.27343605268,0.00756573141577,14,-1.75507756476e-16,4333.33333333,2.57544171847e-18,-0.0192536162006,0.492459247211,471.404520791,2880.10455292,1.6626821525
3,0.0173460809066,5000.0,5000.0,5.35337056459,0.00719575570826,15,1.32821994144e-16,5000.0,2.2068803949e-19,-0.0173460809066,0.585122979188,0.0,2438.73319338,1.67772637461
3,0.0300716779259,8000.0,6000.0,5.23773298819,0.00754818345541,16,5.89805981832e-17,7000.0,2.40455662693e-19,-0.0300716779259,0.646951801888,816.496580928,3529.31029677,1.65588876888
3,0.0265672633182,6000.0,4000.0,5.29380536646,0.00922356918796,17,-1.19811568074e-16,5000.0,-4.78701557648e-18,-0.0265672633182,0.529777321909,816.496580928,3019.55555545,1.6665373382
3,0.0276833307681,10000.0,4000.0,5.30320322946,0.00895757831323,18,-3.45094323488e-17,6666.66666667,-1.13826008634e-18,-0.0276833307681,0.757718291903,2494.43825785,3776.38796901,1.66831102091
3,0.0268520859234,9000.0,7000.0,5.32652746375,0.00739005823658,19,1.31376391247e-17,7666.66666667,3.56001363488e-18,-0.0268520859234,0.857216861613,942.809041582,4127.93700001,1.67269951812
3,0.023616190315,8000.0,4000.0,5.3067802222,0.0083661820551,20,1.66348416523e-16,6333.33333333,8.70322495285e-18,-0.023616190315,0.746336724782,1699.6731712,3611.70695016,1.66898529017
3,0.0234930914024,13000.0,6000.0,5.43604960011,0.00620395853245,21,2.4312727757e-16,8333.33333333,2.91752091402e-19,-0.0234930914024,-0.142886035126,3299.83164554,2992.48165314,1.69305262062
3,0.0280340936672,11000.0,8000.0,5.42823658105,0.00871560111524,22,-1.46410661372e-17,9333.33333333,3.84201231591e-18,-0.0280340936672,-0.270177211416,1247.21912892,1840.88089645,1.69161432633
3,0.0282001992697,9000.0,6000.0,5.27327933693,0.00898048150669,23,7.97510206022e-17,7333.33333333,1.37647579789e-18,-0.0282001992697,-0.123857918908,1247.21912892,3883.185124,1.6626524341
3,0.0206966418972,6000.0,5000.0,5.3041319957,0.00943390802573,24,-1.4395891886e-16,5666.66666667,-3.89365144609e-18,-0.0206966418972,0.730390087713,471.404520791,3528.27865675,1.66848613864
3,0.023191696211,7000.0,6000.0,5.2595623539,0.00683924475181,25,1.83695651283e-16,6333.33333333,8.91003682582e-18,-0.023191696211,0.487696885976,471.404520791,2894.77550494,1.66004782061
3,0.023587826976,8000.0,6000.0,5.24401291936,0.00657595364316,26,-1.44699067543e-16,7000.0,-3.85967150236e-18,-0.023587826976,0.729785786983,816.496580928,3995.5884847,1.65708702955
3,0.0255502674349,6000.0,6000.0,5.25771934125,0.00851739717636,27,9.32587340685e-17,6000.0,-2.97485190832e-18,-0.0255502674349,0.703358517965,0.0,4030.15278889,1.65969734741
3,0.0243688813173,9000.0,4000.0,5.21206902257,0.0069258050088,28,3.3482476051e-16,6333.33333333,1.60108680032e-18,-0.0243688813173,0.715579586106,2054.80466766,4212.81561413,1.65097690219
3,0.0275176913643,7000.0,6000.0,5.15510616365,0.00726145056763,29,-3.44169137634e-17,6666.66666667,1.11081597561e-17,-0.0275176913643,0.794715266047,471.404520791,3654.35935273,1.63998771156
3,0.0192861158247,8000.0,4000.0,5.233435881,0.00496800333291,30,2.29168536e-16,6666.66666667,-2.31472780604e-18,-0.0192861158247,0.687603515344,1885.61808316,4022.71331813,1.65506801859
3,0.0227833963793,7000.0,5000.0,5.1397254728,0.00844679964539,31,-1.42663658664e-16,6333.33333333,-1.2083770187e-17,-0.0227833963793,0.757084563368,942.809041582,4376.95848562,1.63699966808
3,0.0228131234687,7000.0,4000.0,5.1940078193,0.00921421482276,32,9.14083623608e-17,5333.33333333,-4.22854975051e-19,-0.0228131234687,0.727509408562,1247.21912892,3286.17497299,1.64750561869
3,0.0275048799145,10000.0,7000.0,5.16704813237,0.00655101575469,33,-1.54876111935e-16,8333.33333333,5.80826699994e-19,-0.0275048799145,0.727433986888,1247.21912892,5379.93733795,1.6423015646
3,0.0253510715544,9000.0,5000.0,5.11340562767,0.00666585933418,34,2.53870998298e-16,6666.66666667,-8.21413690974e-18,-0.0253510715544,0.648219900482,1699.6731712,3839.88389971,1.63186564557
3,0.0215666461392,9000.0,9000.0,4.83837988498,0.008466384817,35,-1.19117678684e-17,9000.0,2.38134498719e-19,-0.0215666461392,0.336723442336,0.0,3539.88468825,1.57657993018
3,0.0231032922408,8000.0,5000.0,4.84001117897,0.00883543108418,36,-9.57567358739e-17,6333.33333333,1.36544671292e-18,-0.0231032922408,0.273274328008,1247.21912892,3954.4621725,1.57691703043
3,0.0239709192368,9000.0,6000.0,4.82732343399,0.00652250981882,37,-1.70511752865e-16,7333.33333333,6.55657942592e-18,-0.0239709192368,0.757662019243,1247.21912892,4899.29217028,1.57429215961
3,0.0247793628917,9000.0,5000.0,4.87916588581,0.00650748227781,38,4.75545528881e-17,6666.66666667,-1.43666307652e-17,-0.0247793628917,0.763349260822,1699.6731712,4593.26090022,1.58497428022
3,0.0182820945591,8000.0,4000.0,4.75864729424,0.00668379672409,39,9.9364960704e-17,6333.33333333,-4.3073452252e-18,-0.0182820945591,0.676536751144,1699.6731712,4494.59901842,1.55996344597
3,0.024165106416,7000.0,4000.0,4.95891386913,0.00719888118761,40,4.52415882535e-17,5333.33333333,2.90835209109e-18,-0.024165106416,0.620756729039,1247.21912892,3431.5265859,1.60118673876
3,0.00900578015227,8000.0,4000.0,5.08124700421,0.00531468369126,41,1.91050878821e-16,6666.66666667,-1.39156967244e-18,-0.00900578015227,0.603998916765,1885.61808316,4206.63191562,1.62555670474
3,0.0110800373382,9000.0,4000.0,4.84627898174,0.00536647885377,42,-1.35077134663e-17,6666.66666667,-5.91206344664e-18,-0.0110800373382,0.651322558242,2054.80466766,4678.04408057,1.57821119022
3,0.0234953415321,9000.0,2000.0,5.2592864317,0.0067983021193,43,-9.41839199224e-17,5666.66666667,-6.30176062167e-18,-0.0234953415321,0.501676894246,2867.44175568,2667.04949093,1.65999535817
3,0.0229580093827,7000.0,4000.0,5.02804936662,0.00979150761094,44,-7.3459756796e-17,5666.66666667,5.85177017248e-19,-0.0229580093827,0.349765258139,1247.21912892,4042.12475217,1.61503210902
3,0.0261197994878,8000.0,5000.0,5.20048731382,0.00616855313677,45,-1.97157105456e-16,6666.66666667,-2.30559182075e-18,-0.0261197994878,0.686519153581,1247.21912892,3999.18907142,1.64875233539
3,0.0224892720454,9000.0,5000.0,5.04068206681,0.00977264481044,46,-1.15000601634e-16,6333.33333333,-7.41395937436e-18,-0.0224892720454,0.404616688349,1885.61808316,4497.13682253,1.61754140364
3,0.0156834627062,6000.0,5000.0,5.11087335394,0.00701493987692,47,3.25665420557e-17,5666.66666667,6.38266050324e-18,-0.0156834627062,0.757255419374,471.404520791,3828.98092996,1.63137030036
3,0.0159060225773,7000.0,5000.0,5.02273320104,0.00782334408818,48,-6.96664947952e-17,6000.0,-9.78864762847e-19,-0.0159060225773,0.720606161765,816.496580928,3638.27502463,1.6139742479
3,0.00826850791741,5000.0,4000.0,5.092985521,0.00616044393102,49,1.00290146558e-16,4333.33333333,-1.71699578171e-18,-0.00826850791741,0.666768302178,471.404520791,2869.14116535,1.62786420498
3,0.0210432912689,8000.0,5000.0,4.92033402552,0.0066448926364,50,-1.55893816374e-17,6666.66666667,-4.34790468395e-18,-0.0210432912689,0.692577020429,1247.21912892,4372.72931898,1.59337641956
3,0.0237850762223,10000.0,5000.0,4.89602083683,0.00907214625648,51,-2.46191955711e-16,7333.33333333,-2.96680388507e-18,-0.0237850762223,0.742016327641,2054.80466766,5110.24636321,1.58842280109
3,0.0219940139028,8000.0,4000.0,4.86573661378,0.00942058438904,52,-2.34812169708e-16,6000.0,-1.36243745488e-17,-0.0219940139028,0.667101607084,1632.99316186,3799.25975287,1.58221811503
3,0.0108926720713,6000.0,5000.0,4.90379215194,0.008256116799,53,4.38538094727e-17,5666.66666667,-2.43479918926e-17,-0.0108926720713,0.626808023545,471.404520791,3912.51046238,1.59000881436
3,0.0202735873276,8000.0,5000.0,5.18715437704,0.00626918467278,54,7.95659834315e-18,6666.66666667,2.73536643495e-18,-0.0202735873276,0.703447390976,1247.21912892,4415.4894421,1.64618525722
3,0.024375868604,6000.0,4000.0,4.88119492214,0.00788311543943,55,-3.16598599189e-16,5000.0,7.68243815041e-18,-0.024375868604,0.40181554418,816.496580928,3204.46694708,1.58539005099
3,0.0181725301379,7000.0,6000.0,4.95243034867,0.00644211962945,56,-2.10572300337e-16,6333.33333333,-6.7661150145e-18,-0.0181725301379,0.610434513637,471.404520791,4056.71464124,1.59987843562
3,0.0275368373269,8000.0,7000.0,4.66899843251,0.00971431276338,57,-1.75045163549e-16,7333.33333333,1.61578092436e-17,-0.0275368373269,0.646398723476,471.404520791,4606.25120904,1.54094458027
3,0.0173117732632,6000.0,6000.0,4.91788109443,0.00993276629501,58,1.25547720368e-16,6000.0,-1.49849159278e-19,-0.0173117732632,0.628929174121,0.0,4297.54020781,1.59287776588
3,0.0226023190361,8000.0,7000.0,4.94493496338,0.00684445505708,59,1.07506596218e-16,7666.66666667,4.37193443841e-18,-0.0226023190361,0.682559277792,471.404520791,4571.30950942,1.59836381299
3,0.0212182304976,7000.0,6000.0,4.60566958198,0.00679189219622,60,1.07321559047e-17,6333.33333333,-2.74397579365e-17,-0.0212182304976,0.727363403051,471.404520791,4038.70471579,1.52728806239
3,0.0191087149928,8000.0,6000.0,4.81312712322,0.00902597847632,61,-5.53261140605e-17,6666.66666667,-4.22445188432e-19,-0.0191087149928,0.619766795882,942.809041582,4526.08282385,1.57134700244
3,0.0221026247722,10000.0,7000.0,4.97518817517,0.00859317923343,62,2.65701812404e-17,9000.0,3.14241452291e-18,-0.0221026247722,0.575655032399,1414.21356237,4894.88574169,1.60446319405
3,0.0282259632923,8000.0,6000.0,4.99358992173,0.00695206867844,63,-1.05956909913e-16,7000.0,-6.89402900275e-18,-0.0282259632923,0.611725531281,816.496580928,3736.18052962,1.6081550743
3,0.0240097916617,12000.0,7000.0,5.04376720606,0.00916572950824,64,2.75682254802e-16,9333.33333333,3.94260477405e-18,-0.0240097916617,0.60298570701,2054.80466766,5159.89515147,1.61815326439
3,0.0186719695491,9000.0,5000.0,4.64409686487,0.00955147585885,65,-2.24727643901e-16,7333.33333333,1.6830867097e-17,-0.0186719695491,-0.186258682387,1699.6731712,3866.33114337,1.53559692169
3,0.0244469807678,13000.0,6000.0,4.99907063954,0.00961574013861,66,2.70986936594e-16,10000.0,2.50985781772e-18,-0.0244469807678,0.453775911259,2943.92028878,3912.38757763,1.60925202307
3,0.0210362087301,11000.0,7000.0,4.78817597134,0.00931085025988,67,1.20274161001e-16,9666.66666667,2.92701502133e-18,-0.0210362087301,0.658271783494,1885.61808316,5358.03946832,1.5661495396
3,0.0186796998616,15000.0,9000.0,4.807143294,0.00804764335465,68,2.73207382643e-16,12000.0,-1.29513618741e-18,-0.0186796998616,0.471795261315,2449.48974278,5525.42120279,1.57010299791
3,0.024619880601,14000.0,12000.0,4.93324529457,0.00809255558271,69,1.32579132857e-16,12666.6666667,-3.43068456318e-18,-0.024619880601,0.11534407782,942.809041582,3296.3081422,1.59599704625
3,0.021520660634,14000.0,12000.0,4.90147084849,0.00787266024619,70,1.79578574233e-16,13000.0,8.0749734294e-19,-0.021520660634,0.286959376653,816.496580928,6038.99506677,1.58953533323
3,0.0225475855001,13000.0,10000.0,4.80159000538,0.00811164269707,71,1.58669373936e-17,11333.3333333,7.12903789259e-19,-0.0225475855001,0.612150448038,1247.21912892,4370.94477991,1.56894711418
3,0.0230048625472,11000.0,7000.0,4.83644345304,0.00933813450555,72,1.20459198172e-16,9333.33333333,3.90574452211e-18,-0.0230048625472,0.21986428449,1699.6731712,3453.24318823,1.57617962686
3,0.0178624191028,14000.0,10000.0,4.65573609217,0.00828791949121,73,1.54413519008e-16,12666.6666667,9.97466635134e-18,-0.0178624191028,0.381479830504,1885.61808316,4851.64550605,1.53810002759
3,0.027696931234,13000.0,11000.0,4.71210113995,0.00910896013377,74,1.3692750637e-16,12333.3333333,1.25104665589e-18,-0.027696931234,0.484541039395,942.809041582,4534.43775012,1.55013391045
3,0.0278383894993,15000.0,10000.0,4.74204777128,0.00980714186029,75,5.09777405474e-17,12666.6666667,-6.58177191995e-19,-0.0278383894993,0.601582993211,2054.80466766,6099.17435495,1.55646906167
3,0.0235601327287,15000.0,12000.0,4.55531656071,0.00741645840163,76,1.32301577101e-17,13333.3333333,7.94787473515e-19,-0.0235601327287,0.481506385559,1247.21912892,4292.43438443,1.51629502571
3,0.0320515842205,16000.0,12000.0,4.62023035889,0.00974203193918,77,-2.11986174104e-16,13666.6666667,2.69058006878e-18,-0.0320515842205,0.603484616229,1699.6731712,5830.89847972,1.53044456508
3,0.0253995697518,15000.0,9000.0,4.62872637818,0.00680429669574,78,1.01770443924e-17,12333.3333333,-1.46457415918e-18,-0.0253995697518,0.188016427034,2494.43825785,3855.58293795,1.53228174995
3,0.0305001659171,14000.0,12000.0,4.71402253974,0.00873257122893,79,7.11467921614e-17,13000.0,-4.12766541171e-18,-0.0305001659171,0.592664456322,816.496580928,5670.42039182,1.55054158595
3,0.0222527936047,13000.0,10000.0,4.60491584708,0.00661124120047,80,-9.92724421186e-17,11666.6666667,2.87518914509e-18,-0.0222527936047,0.685487747462,1247.21912892,4937.84939128,1.52712439529
3,0.0234343437113,14000.0,13000.0,4.46678942838,0.0098176406392,81,8.22490224076e-17,13333.3333333,-2.22885760555e-18,-0.0234343437113,0.720551394058,471.404520791,5836.69832162,1.49666990188
3,0.0244781722691,14000.0,13000.0,4.37820191409,0.00712235077045,82,-2.54592510143e-17,13666.6666667,-2.67957891587e-18,-0.0244781722691,0.513621952112,471.404520791,4990.35301684,1.4766381182
3,0.0256731664829,14000.0,11000.0,4.32938720313,0.00968508298298,83,1.37852692224e-16,12333.3333333,-4.89343930588e-18,-0.0256731664829,0.558659186132,1247.21912892,4972.02815427,1.46542600847
3,0.0292510523832,14000.0,12000.0,4.45201549421,0.00995458107819,84,-6.98052726733e-17,12666.6666667,-2.02162560509e-18,-0.0292510523832,0.342418682721,942.809041582,5411.67664563,1.49335691369
4,0.0246348970453,16000.0,14000.0,4.49461899642,0.00994984042891,85,1.11495175232e-16,14500.0,1.0294261972e-20,-0.0246348970453,0.725520736227,866.025403784,5925.22900768,1.50288090269
3,0.0210708244633,16000.0,11000.0,4.38891456463,0.00622900869022,86,1.37024155946e-16,13000.0,4.36212345309e-18,-0.0210708244633,0.629432449222,2160.24689947,6198.20483118,1.47908194472
3,0.0218224048591,15000.0,11000.0,4.39415150826,0.00900154047923,87,9.85322934355e-18,13333.3333333,1.78208485694e-18,-0.0218224048591,0.409557397658,1699.6731712,6041.68991788,1.48027445408
3,0.0237556096498,14000.0,12000.0,4.2017233219,0.00887859105864,88,-1.24807571685e-16,12666.6666667,6.83007222775e-20,-0.0237556096498,0.619360293769,942.809041582,6394.22637214,1.43549475587
3,0.0251371394935,16000.0,13000.0,4.24551085632,0.00822121862797,89,-1.63716738652e-16,14666.6666667,2.77049512989e-18,-0.0251371394935,0.544448643903,1247.21912892,5569.34677352,1.44586215559
3,0.0163196732476,14000.0,10000.0,4.33089525878,0.00684434621414,90,1.50874683117e-16,12666.6666667,4.55060156506e-18,-0.0163196732476,0.62741910975,1885.61808316,5819.05799027,1.46577427787
3,0.0232850948954,16000.0,12000.0,4.31431799658,0.00906245071381,91,-1.43966306914e-16,13333.3333333,2.80133720086e-18,-0.0232850948954,0.614974828757,1885.61808316,6411.48903454,1.46193925795
3,0.0166116727118,16000.0,12000.0,4.27607632923,0.00671957154446,92,2.84114257011e-17,14000.0,5.50789849368e-18,-0.0166116727118,0.724608822318,1632.99316186,7117.92740844,1.45303584362
3,0.0252040882634,15000.0,12000.0,4.39541975643,0.00877861794705,93,2.5373222042e-17,14000.0,-4.52696717677e-18,-0.0252040882634,0.668540335909,1414.21356237,6309.91865222,1.4805630343
3,0.0240005965304,15000.0,14000.0,4.3668772484,0.00675427543374,94,3.09937261041e-17,14666.6666667,-8.69087451855e-19,-0.0240005965304,0.763588154725,471.404520791,6741.72187698,1.4740481652
3,0.0240958829583,16000.0,14000.0,4.25272835267,0.00648597036444,95,-3.54643503872e-16,14666.6666667,-2.01994202215e-18,-0.0240958829583,0.613970385142,942.809041582,5538.21541601,1.4475607423
3,0.0241779363211,16000.0,10000.0,4.22602979954,0.0095345538684,96,1.87394332182e-17,13000.0,2.99255681087e-19,-0.0241779363211,0.402762775958,2449.48974278,4254.60484129,1.44126297064
3,0.0228243722413,14000.0,12000.0,3.97535556335,0.00649664063318,97,-4.5611662595e-17,12666.6666667,-4.8509431261e-18,-0.0228243722413,0.394133084083,942.809041582,6954.1811224,1.38011419401
3,0.0242794224648,15000.0,13000.0,4.06833508624,0.00960465929689,98,-1.90727063772e-16,14333.3333333,1.89219400067e-18,-0.0242794224648,0.661478530649,942.809041582,6389.85948822,1.40323384604
3,0.0254214188465,14000.0,14000.0,4.06531124631,0.00930134909599,99,1.02695629778e-17,14000.0,5.37899744734e-19,-0.0254214188465,0.606994422484,0.0,6757.5018533,1.40249030743
3,0.0217303384672,15000.0,10000.0,3.97370699994,0.00936508674003,100,2.14643118094e-17,12000.0,6.21168629695e-19,-0.0217303384672,0.674184979297,2160.24689947,6131.27357451,1.37969941216
3,0.0251387091588,12000.0,9000.0,4.03625377827,0.00878333987689,101,-1.84088855271e-16,11000.0,6.44710851544e-19,-0.0251387091588,0.616086762562,1414.21356237,4950.25281662,1.39531697917
3,0.0234999039337,15000.0,12000.0,3.98783309944,0.00651321374292,102,-2.4588202236e-16,13666.6666667,8.63264478778e-19,-0.0234999039337,0.432205771001,1247.21912892,5735.97880737,1.38324800053
3,0.0187343810846,15000.0,14000.0,3.99776573745,0.00922928367859,103,-4.38538094727e-17,14333.3333333,2.02261551849e-18,-0.0187343810846,0.651904076944,471.404520791,6741.05716103,1.38573563943
3,0.0264013722296,15000.0,14000.0,4.04626403886,0.00923712568594,104,-1.27398092076e-16,14666.6666667,6.860981929e-19,-0.0264013722296,0.758395657024,471.404520791,6786.24416626,1.39779399585
3,0.0297073317757,16000.0,13000.0,4.08879999416,0.00982388620603,105,-3.60533088376e-16,14000.0,-1.44442349502e-19,-0.0297073317757,0.424772093068,1414.21356237,5792.84872762,1.40825152704
3,0.0298385134377,16000.0,13000.0,4.10307995071,0.00903633251389,106,-9.62655468274e-17,14666.6666667,-1.87118152268e-18,-0.0298385134377,0.643944103376,1247.21912892,6705.41623862,1.41173789919
3,0.0206503432008,16000.0,12000.0,3.96526873637,0.00662354851844,107,-9.77401822592e-17,14666.6666667,3.78084196023e-18,-0.0206503432008,0.633250235022,1885.61808316,7152.28497516,1.37757362993
4,0.0272696614594,16000.0,14000.0,3.93947068381,0.00658790908412,108,-7.65348848651e-17,14750.0,1.52293690716e-18,-0.0272696614594,0.443224690895,829.156197589,5642.51926178,1.37104637007
3,0.0239936775773,16000.0,14000.0,3.91113835015,0.00811683902395,109,-4.20105479093e-17,15000.0,-1.21528515447e-18,-0.0239936775773,0.715355552564,816.496580928,7297.41576135,1.36382846977
4,0.0233693492062,16000.0,14000.0,3.96163992047,0.00891021047371,110,-6.46041795803e-17,15250.0,-3.11336424519e-19,-0.0233693492062,0.492548538879,829.156197589,7334.49979698,1.37665806087
3,0.021277426947,16000.0,14000.0,3.89702606128,0.00708656895506,111,-4.07875926643e-17,15000.0,-8.12709701441e-18,-0.021277426947,0.745623455228,816.496580928,7458.27993504,1.36021371386
3,0.0201968640591,16000.0,14000.0,3.89404417688,0.00876334379717,112,-1.03783933799e-16,14666.6666667,2.44599737446e-18,-0.0201968640591,0.785778493909,942.809041582,7491.8854281,1.35944825174
4,0.0159934925675,16000.0,15000.0,3.90681931365,0.0082356566073,113,1.1444027394e-16,15250.0,7.624983413e-19,-0.0159934925675,0.321108256218,433.012701892,6581.36514884,1.36272356818
4,0.0264275389184,16000.0,12000.0,3.87468275906,0.00884274066614,114,2.64868764897e-17,14750.0,3.5618900498e-18,-0.0264275389184,0.540710000429,1639.35963108,6078.91066333,1.35446379083
3,0.031449251447,15000.0,13000.0,3.91441869042,0.00951401503179,115,-8.42158546637e-17,14000.0,9.00205526761e-19,-0.031449251447,0.651334312759,816.496580928,6708.18099565,1.36466683577
3,0.0299128944845,15000.0,13000.0,3.80884078607,0.00955133503238,116,-2.77493074188e-17,14000.0,-1.8149613157e-18,-0.0299128944845,0.720768265518,816.496580928,6969.77056971,1.33732488722
3,0.020491893508,16000.0,12000.0,3.80742862053,0.00853419578504,117,1.75132427206e-16,14333.3333333,2.47429977571e-18,-0.020491893508,0.647654550163,1699.6731712,6386.37759332,1.33695405854
3,0.0276420779769,16000.0,15000.0,3.93190586055,0.00851588067415,118,4.08977035127e-18,15333.3333333,-1.38751584253e-18,-0.0276420779769,0.37327772844,471.404520791,5512.53011161,1.36912426012
3,0.0249416437352,16000.0,12000.0,3.83524134315,0.00671355756608,119,3.2488631668e-16,14666.6666667,-1.25914431024e-18,-0.0249416437352,0.561710373047,1885.61808316,6822.24358175,1.34423236456
3,0.0269455771886,16000.0,14000.0,3.693000717,0.00891166736124,120,2.03059193238e-17,15000.0,-6.60876745633e-18,-0.0269455771886,0.761112082265,816.496580928,6840.96243763,1.30643933002
4,0.0230374357834,16000.0,13000.0,3.8192144719,0.00785909801702,121,-3.37830046423e-17,14500.0,3.78383905369e-19,-0.0230374357834,0.569523472016,1118.03398875,6348.867301,1.34004476584
4,0.0213205223043,16000.0,15000.0,3.76513158059,0.00866466273245,122,-3.60798901376e-17,15750.0,-4.68905446191e-18,-0.0213205223043,0.635559687436,433.012701892,7174.72649636,1.32578280901
3,0.029629251612,15000.0,13000.0,3.67408088101,0.00920837989845,123,-4.48834597667e-17,14000.0,2.44342274817e-18,-0.029629251612,0.701158913919,816.496580928,6793.26694541,1.30130300098
3,0.0242155536175,14000.0,13000.0,3.60184339837,0.00673988929673,124,6.10275718849e-17,13666.6666667,-1.83481474959e-18,-0.0242155536175,0.659215886289,471.404520791,6256.93822292,1.28144576951
3,0.0315961193711,15000.0,14000.0,3.56148312284,0.00956298299842,125,1.51061595665e-16,14666.6666667,-2.3021104612e-18,-0.0315961193711,0.641823072563,471.404520791,5464.51085417,1.27017706565
3,0.0219120127376,15000.0,13000.0,3.65197224458,0.00951531534182,126,2.9276494798e-16,14333.3333333,3.62237859801e-18,-0.0219120127376,0.344889679614,942.809041582,5538.79759728,1.29526736264
3,0.0202888088627,16000.0,15000.0,3.54705360442,0.00646147205651,127,-5.0454689931e-17,15666.6666667,-6.64719988185e-19,-0.0202888088627,0.473310479233,471.404520791,8495.70635651,1.26611728828
3,0.0240295152471,15000.0,14000.0,3.64618235319,0.00656477048254,128,-2.13889377365e-16,14666.6666667,8.93658911532e-19,-0.0240295152471,0.512116416931,471.404520791,7181.88383491,1.29368068959
4,0.0255226567528,16000.0,12000.0,3.71030005808,0.0064827438001,129,-3.80417154303e-17,14500.0,9.50655558544e-19,-0.0255226567528,0.777493447845,1500.0,6382.21520559,1.31111275154
3,0.0279291902447,16000.0,13000.0,3.62899039762,0.008799780111,130,3.67580158953e-17,14333.3333333,-2.84075179488e-18,-0.0279291902447,0.678432798387,1247.21912892,6891.48022029,1.28895448222
4,0.0265414706203,15000.0,15000.0,3.73807804078,0.00973031507193,131,6.37214098019e-17,15000.0,-2.7400029089e-18,-0.0265414706203,0.65642669281,0.0,6864.7457528,1.3185715865
4,0.0217890022601,16000.0,15000.0,3.77197508256,0.00990989713377,132,-6.18780216234e-17,15750.0,2.45772767004e-18,-0.0217890022601,0.784261777967,433.012701892,7505.89762222,1.32759875885
4,0.0292699032491,15000.0,13000.0,3.67559475661,0.00944536502703,133,4.41216174297e-17,14500.0,-3.69850609099e-18,-0.0292699032491,0.709012368358,866.025403784,7149.99498976,1.3017149581
5,0.0254308599954,15000.0,14000.0,3.60008133461,0.00947628845237,134,6.7216962364e-18,14600.0,-3.51565150682e-18,-0.0254308599954,0.747711978125,489.897948557,7651.57094917,1.28095643815
4,0.0250098440758,16000.0,13000.0,3.75196486273,0.00916841242411,135,1.01412538371e-16,15000.0,-7.31807795496e-18,-0.0250098440758,0.582899478813,1224.74487139,6978.92837164,1.32227966616
4,0.0248068408663,16000.0,14000.0,3.61031182897,0.00966903450173,136,1.43181189218e-16,14750.0,-1.96340755823e-18,-0.0248068408663,0.486901591432,829.156197589,6729.68827328,1.28379414783
3,0.0216546028457,15000.0,13000.0,3.63582199227,0.00916494671632,137,-8.92804348969e-17,14333.3333333,4.12027137235e-18,-0.0216546028457,0.751738025493,942.809041582,6836.14687076,1.2908352181
3,0.0287382577066,15000.0,14000.0,3.54916643955,0.00935574265863,138,1.73342095323e-16,14666.6666667,-3.10681010439e-18,-0.0287382577066,0.515812845737,471.404520791,6726.21297792,1.26671277016
4,0.0275824268512,16000.0,12000.0,3.52702863712,0.00680444141381,139,-1.41468352268e-16,14500.0,-2.51094295334e-18,-0.0275824268512,0.724436388631,1658.31239518,7829.80651586,1.26045577062
5,0.027649255991,16000.0,16000.0,3.65190620628,0.00997651622372,140,1.76764177811e-16,16000.0,1.95560819987e-18,-0.027649255991,0.672750411189,0.0,7106.08968639,1.29524927957
5,0.0227610434854,16000.0,15000.0,3.52064383292,0.00855552584013,141,-4.68719985562e-18,15800.0,3.12649946773e-18,-0.0227610434854,0.701276522966,400.0,8790.76845406,1.25864387996
4,0.0239978257906,16000.0,15000.0,3.54425292208,0.00953449364318,142,6.9751757021e-17,15250.0,2.11672923285e-18,-0.0239978257906,0.585695026738,433.012701892,7307.89960068,1.26532739647
4,0.0195960511231,16000.0,15000.0,3.4262689314,0.009868782461,143,4.54591156324e-17,15250.0,-1.80894578503e-18,-0.0195960511231,0.67524927899,433.012701892,6670.16339914,1.23147189402
3,0.0247447052761,15000.0,14000.0,3.57502420752,0.00579141076478,144,-6.10622663544e-17,14333.3333333,2.07284263998e-18,-0.0247447052761,0.77597974862,471.404520791,7113.85469082,1.27397194746
4,0.022016851792,16000.0,11000.0,3.4930415577,0.00914795334347,145,-8.9408109098e-17,14000.0,1.50685859765e-18,-0.022016851792,0.694774402798,1870.82869339,6539.83781502,1.25077286318
3,0.0265274144868,15000.0,15000.0,3.48547640269,0.00693914289165,146,6.99517375555e-17,15000.0,4.61099899141e-19,-0.0265274144868,0.8330123339,0.0,7517.32563045,1.24860473579
4,0.0242214939239,16000.0,15000.0,3.37513092069,0.00672723752099,147,-1.74957910249e-16,15250.0,-2.37404554319e-18,-0.0242214939239,0.7245125372,433.012701892,8942.53903513,1.21643411489
5,0.0225154035102,16000.0,14000.0,3.39514685988,0.00926269721758,148,7.05650227516e-17,15200.0,4.03843928722e-19,-0.0225154035102,0.851070036345,748.331477355,8156.36034521,1.22234701777
4,0.0260571341424,16000.0,15000.0,3.44191994096,0.00681984655555,149,1.50718613286e-17,15500.0,3.91769779857e-19,-0.0260571341424,0.675276574447,500.0,6937.25085502,1.23602943807
6,0.0291206121664,16000.0,14000.0,3.44441103755,0.00949587347873,150,-9.66038216232e-17,15000.0,-1.24638074004e-18,-0.0291206121664,0.712538974586,816.496580928,7693.11164589,1.23675292833
5,0.0231884986889,16000.0,14000.0,3.36066003169,0.00951294237708,151,-1.7248107704e-16,15200.0,-5.2397314259e-19,-0.0231884986889,0.273320977756,748.331477355,8402.53509357,1.21213739269
4,0.0255842391736,16000.0,14000.0,3.43606756308,0.00697700973937,152,2.61417675186e-16,15000.0,-5.57188486838e-18,-0.0255842391736,0.527404341446,707.106781187,6624.96537144,1.23432766722
5,0.0238343192367,16000.0,14000.0,3.28605217833,0.00657292356046,153,-8.82162432867e-17,15000.0,3.74365609336e-18,-0.0238343192367,0.789126233643,894.427191,7891.6728876,1.18968689847
4,0.0216609636873,16000.0,13000.0,3.34583735295,0.00654287249862,154,1.9555705053e-16,15000.0,-1.88389084699e-18,-0.0216609636873,0.565329004306,1224.74487139,7539.04679943,1.20771699198
3,0.0320278981429,15000.0,15000.0,3.31982065807,0.00975845415181,155,-5.42557367983e-17,15000.0,-6.18963154072e-19,-0.0320278981429,0.870151300745,0.0,8931.82203557,1.19991076282
3,0.0317427856737,15000.0,13000.0,3.3783297284,0.00958007428872,156,-1.65006897035e-16,14333.3333333,-1.26095790408e-18,-0.0317427856737,0.794676936144,942.809041582,7519.05946717,1.21738142416
4,0.024695955598,16000.0,13000.0,3.38755744998,0.00972491476304,157,1.72872410604e-16,15000.0,-1.3655071032e-18,-0.024695955598,0.742994165611,1224.74487139,8217.53801102,1.22010914547
4,0.0252427452597,16000.0,14000.0,3.4667659498,0.00963307569261,158,1.70701486411e-16,15250.0,9.73535528162e-19,-0.0252427452597,0.802405750442,829.156197589,8140.22248585,1.24322215643
6,0.0193771622198,16000.0,15000.0,3.49085467391,0.00756991240513,159,-1.38124009928e-16,15500.0,-2.29458710553e-19,-0.0193771622198,0.752497861728,500.0,8211.65746689,1.25014659847
4,0.0254282389328,16000.0,13000.0,3.52881364176,0.00954474841981,160,-4.29550575004e-18,14500.0,-8.98928573822e-20,-0.0254282389328,0.816954878115,1118.03398875,7209.94603743,1.26096173564
4,0.0255865066458,16000.0,11000.0,3.38622875111,0.00936273566926,161,1.72310850179e-16,14250.0,3.07505855434e-18,-0.0255865066458,0.786600721066,1920.28643697,7898.1258814,1.21971683935
3,0.0222334062218,16000.0,15000.0,3.45894456458,0.00656321734839,162,8.38746075803e-18,15333.3333333,-3.87463980191e-18,-0.0222334062218,0.838692277489,471.404520791,8959.51306148,1.2409635034
5,0.0263433300095,16000.0,15000.0,3.37943104978,0.00949079037386,163,-3.4518008723e-17,15600.0,1.28379085003e-18,-0.0263433300095,0.525527014124,489.897948557,7184.65008252,1.21770736686
3,0.0310603992969,15000.0,12000.0,3.39074941154,0.00996253019948,164,2.17651636123e-17,13666.6666667,2.0045295813e-18,-0.0310603992969,0.364978516667,1247.21912892,6211.43525663,1.22105096231
3,0.0228243839421,16000.0,15000.0,3.55216134196,0.00656029359657,165,8.80917064289e-17,15333.3333333,2.20578541607e-18,-0.0228243839421,0.693914735129,471.404520791,6997.58418796,1.26755624695
5,0.0238145669206,16000.0,14000.0,3.51548264096,0.00894307554325,166,-1.40428209601e-16,15200.0,2.49892532159e-18,-0.0238145669206,0.681306356689,748.331477355,8113.24001207,1.25717682479
3,0.0285341220985,15000.0,14000.0,3.54875724689,0.00984902904929,167,3.43236889293e-17,14333.3333333,-2.90404370758e-18,-0.0285341220985,0.795410007907,471.404520791,7706.11731472,1.2665974709
4,0.0232804176141,16000.0,13000.0,3.53118694868,0.00984907049804,168,-8.62122165041e-18,15000.0,-2.87121960697e-18,-0.0232804176141,0.708851637058,1224.74487139,7503.67046634,1.26163406051
3,0.0315394300418,15000.0,14000.0,3.62453978894,0.00833465389081,169,-7.32639928328e-17,14666.6666667,3.14617535697e-18,-0.0315394300418,0.677258537922,471.404520791,7193.79389631,1.28772732547
6,0.0178827328934,16000.0,12000.0,3.25924669668,0.00751579635045,170,2.30055464862e-17,14833.3333333,9.53456305249e-19,-0.0178827328934,0.674606178009,1343.70962472,8139.11016933,1.18149609404
4,0.0181610720869,16000.0,13000.0,3.34211036951,0.00661271507461,171,-7.16272919113e-17,14250.0,-2.3514705869e-18,-0.0181610720869,-74.4732246602,1089.72473589,7116.79502462,1.20660245461
4,0.0337050262021,16000.0,15000.0,3.19880733844,0.00957268432867,172,1.09977215114e-16,15250.0,7.6304590763e-19,-0.0337050262021,0.799779400304,433.012701892,8217.15863148,1.1627780336
4,0.0294826948969,16000.0,14000.0,3.11681087941,0.0099131064366,173,1.05482103987e-16,15250.0,-3.41303147139e-18,-0.0294826948969,0.880949881735,829.156197589,8079.78611655,1.13681032503
4,0.0217331875352,16000.0,14000.0,3.17193938746,0.00931331945093,174,-4.21087095388e-17,15250.0,-5.44018946715e-18,-0.0217331875352,0.805670546213,829.156197589,8659.01344612,1.15434319497
4,0.0318937681677,16000.0,15000.0,3.25086263548,0.00947441193913,175,-3.53143360175e-17,15500.0,5.58531493248e-18,-0.0318937681677,0.861971738148,500.0,8212.58365595,1.17892038742
5,0.0250175098761,16000.0,15000.0,3.19822577319,0.00949104676848,176,-1.36954519096e-16,15600.0,-2.18207161708e-18,-0.0250175098761,0.828942381908,489.897948557,8368.28552435,1.16259621016
5,0.0284530117628,16000.0,15000.0,3.17446917735,0.0090771542267,177,-2.19635837022e-16,15200.0,2.33199714258e-18,-0.0284530117628,0.70662497372,400.0,7432.89914729,1.15514043013
6,0.0276208411374,16000.0,15000.0,3.1426998608,0.00986497718364,178,5.91819841562e-17,15166.6666667,-1.70337855537e-18,-0.0276208411374,0.760534020873,372.67799625,8196.26609163,1.14508225876
5,0.0283206588718,16000.0,13000.0,3.21829313993,0.00984542152251,179,1.11675966381e-16,15000.0,2.28998065688e-18,-0.0283206588718,0.848818878685,1095.44511501,7950.11778287,1.16885113825
4,0.0251473178007,16000.0,15000.0,3.23427334379,0.00920997911153,180,5.10565526757e-17,15250.0,-1.88887210823e-18,-0.0251473178007,0.83055165624,433.012701892,7795.81706403,1.17380427947
4,0.0246285529387,16000.0,14000.0,3.26008722686,0.00976624698358,181,-1.35386361201e-16,15500.0,3.18848870979e-18,-0.0246285529387,0.819024323348,866.025403784,8158.31398507,1.18175395172
4,0.0280848060309,16000.0,13000.0,3.2914114333,0.00910932371347,182,4.28835900385e-16,14500.0,-2.15327551156e-18,-0.0280848060309,0.77187875032,1118.03398875,7837.75862324,1.19131647986
5,0.0226938611775,16000.0,15000.0,3.32430962782,0.00919173819336,183,1.54428938773e-16,15800.0,2.40718529953e-18,-0.0226938611775,0.809365557534,400.0,8257.43602033,1.20126202182
3,0.0224958229835,16000.0,14000.0,3.21006934904,0.00896309657434,184,8.08419394945e-17,15000.0,3.04160846772e-18,-0.0224958229835,0.67896818321,816.496580928,6940.60988047,1.16629254097
4,0.0244403789493,16000.0,13000.0,3.3013794029,0.00973918254957,185,4.48671385704e-18,14750.0,2.74976595996e-18,-0.0244403789493,0.653650298441,1089.72473589,7535.08913699,1.19434038201
4,0.0229981541478,16000.0,12000.0,3.35824194895,0.0079079850299,186,-5.34865715002e-17,14250.0,-3.0645609377e-18,-0.0229981541478,0.778492871731,1479.01994577,7907.68913789,1.21141760756
4,0.0187522116145,16000.0,14000.0,3.39568536884,0.00645671400938,187,-9.34348322455e-17,15000.0,-7.97864409539e-19,-0.0187522116145,0.784988031484,707.106781187,7223.3129565,1.22250561658
6,0.0205623892869,16000.0,15000.0,3.31711504226,0.00650516492469,188,1.24179166228e-16,15333.3333333,-4.21794737943e-18,-0.0205623892869,0.744057886786,471.404520791,7691.55550759,1.19909544199
4,0.0175568250177,16000.0,14000.0,3.49935485446,0.00699466640492,189,-3.88086809493e-17,15000.0,1.64389494391e-18,-0.0175568250177,0.721991113454,707.106781187,7674.22753538,1.25257862421
4,0.0268824724556,15000.0,13000.0,3.46454534009,0.00977604183988,190,-5.74282030005e-17,14500.0,2.35214388942e-18,-0.0268824724556,0.82685027392,866.025403784,7946.13446709,1.24258140905
4,0.0263757465999,16000.0,14000.0,3.34194114497,0.00920755924859,191,1.13645614251e-16,14500.0,-1.13203824456e-18,-0.0263757465999,0.817170744354,866.025403784,7878.26049043,1.2065518193
5,0.0190820952598,16000.0,14000.0,3.330164274,0.00725095098852,192,9.32214650977e-17,15400.0,-2.11915826188e-18,-0.0190820952598,0.819068873083,800.0,8488.09399781,1.20302163431
4,0.031272187323,16000.0,15000.0,3.35674262764,0.00812699276722,193,-3.34270652118e-17,15750.0,3.66280691478e-19,-0.031272187323,0.790024209188,433.012701892,8658.46915969,1.21097104769
5,0.0299122061921,16000.0,14000.0,3.30238760092,0.00976786163747,194,-2.71229117597e-17,15200.0,2.19275379122e-18,-0.0299122061921,0.841565288081,748.331477355,8513.78080762,1.19464572229
4,0.036540889873,16000.0,15000.0,3.40253228249,0.00936022752057,195,1.09243098897e-16,15750.0,6.05200993276e-18,-0.036540889873,0.605735983601,433.012701892,7633.96766547,1.22451994337
3,0.0305427075368,16000.0,13000.0,3.4559766086,0.00691157739163,196,-5.43436126776e-17,14333.3333333,1.58488986386e-18,-0.0305427075368,0.354685483705,1247.21912892,7909.88655736,1.24010508258
4,0.020677612472,16000.0,14000.0,3.38307288836,0.00658214048653,197,-3.30357926476e-16,15250.0,-3.76727867468e-19,-0.020677612472,0.684852685425,829.156197589,7359.0693589,1.21878443505
3,0.0216469718891,16000.0,14000.0,3.51752798024,0.00678029820625,198,-1.09865820145e-17,15000.0,-8.0761134939e-19,-0.0216469718891,0.354000724563,816.496580928,6780.67265754,1.25775846456
3,0.0214475908274,14000.0,13000.0,3.50633958447,0.00857545811288,199,-4.27986738501e-17,13333.3333333,-2.24103337302e-18,-0.0214475908274,0.711501361489,471.404520791,7914.21436848,1.2545726399
4,0.0240695747413,16000.0,15000.0,3.36157033537,0.00722066605732,200,6.19755320734e-17,15500.0,-2.63839247155e-18,-0.0240695747413,0.796791841379,500.0,8497.40551502,1.21240822651
4,0.0212084534187,16000.0,15000.0,3.35793954069,0.00951592747984,201,6.00408611717e-17,15250.0,1.39674743323e-18,-0.0212084534187,0.76524166453,433.012701892,7531.63866461,1.21132755393
3,0.0263608224625,16000.0,15000.0,3.37353804751,0.00977624828413,202,1.20416497286e-16,15333.3333333,-4.51502790504e-18,-0.0263608224625,0.794616858509,471.404520791,7771.62015893,1.21596205937
4,0.0233545165735,16000.0,15000.0,3.40305849201,0.00991607397803,203,-4.99436611373e-17,15750.0,1.77594241958e-18,-0.0233545165735,0.781145347484,433.012701892,8100.87284066,1.22467458374
5,0.0198777708498,16000.0,15000.0,3.33363217143,0.00833975668728,204,-7.23357651253e-17,15600.0,5.91216668326e-18,-0.0198777708498,0.785184400606,489.897948557,8169.3561409,1.20406245174
4,0.0254024674326,15000.0,11000.0,3.49798339305,0.0091876835733,205,1.84290623108e-16,13500.0,-2.33080073066e-18,-0.0254024674326,0.83532463612,1500.0,7490.1066635,1.25218662903
3,0.0261022097605,16000.0,15000.0,3.44249243653,0.00945991356708,206,-7.1532463193e-17,15333.3333333,-2.42360602288e-18,-0.0261022097605,0.121897512272,471.404520791,6643.21608165,1.23619575453
4,0.0339194243642,16000.0,15000.0,3.382557165,0.00973325589392,207,3.0869096562e-17,15500.0,6.53370187702e-19,-0.0339194243642,0.62451196928,500.0,7440.34199183,1.21863198114
4,0.025409307963,16000.0,13000.0,3.4219253467,0.00802451564618,208,1.06365326688e-16,14250.0,-1.42927337518e-18,-0.025409307963,0.572352366786,1299.03810568,6725.57831664,1.23020335954
4,0.019665797893,16000.0,15000.0,3.38398602138,0.00887130251538,209,2.45292864842e-17,15250.0,-2.35944744903e-18,-0.019665797893,0.661182587784,433.012701892,7887.56336725,1.21905431094
4,0.025462148661,15000.0,14000.0,3.43042467731,0.00983069316883,210,5.55588822297e-17,14750.0,-2.16051082343e-18,-0.025462148661,0.785635721153,433.012701892,8480.218405,1.23268406614
4,0.0260262325908,16000.0,15000.0,3.44722865185,0.00918000971721,211,-4.74333864159e-17,15500.0,4.51483919078e-18,-0.0260262325908,0.71821376883,500.0,7823.96969078,1.23757061891
3,0.0259239152555,14000.0,13000.0,3.53821873334,0.00916202027173,212,-9.860427965e-18,13666.6666667,1.91003383322e-18,-0.0259239152555,0.863863639771,471.404520791,6753.21238061,1.26362341784
5,0.0244215227344,16000.0,14000.0,3.57640655867,0.00938404538801,213,7.94313284176e-18,15200.0,6.55041812502e-18,-0.0244215227344,0.82569581608,748.331477355,8209.68401413,1.27435854175
5,0.0311660431186,16000.0,15000.0,3.59119968103,0.00991840850897,214,-9.71445146547e-17,15800.0,8.03434230004e-19,-0.0311660431186,0.637669911761,400.0,7538.32549336,1.27848631967
5,0.0185734710014,16000.0,14000.0,3.63128210476,0.00865880388489,215,-6.27798974815e-17,15200.0,-2.91098615202e-18,-0.0185734710014,0.745010987696,748.331477355,8274.72395621,1.28958578282
4,0.0268104950087,16000.0,14000.0,3.76890289247,0.00666358844066,216,1.42472463851e-17,15250.0,-1.53232297668e-18,-0.0268104950087,0.806613607556,829.156197589,7061.77714723,1.32678394915
3,0.0226850843368,15000.0,15000.0,3.80292878723,0.00859203724027,217,-6.95928242664e-18,15000.0,5.59160260207e-19,-0.0226850843368,0.686624419754,0.0,8772.71374107,1.33577150335
4,0.0218741291992,16000.0,15000.0,3.56682128643,0.00906015825851,218,-3.77298149615e-17,15750.0,3.73693644304e-18,-0.0218741291992,0.706222501955,433.012701892,8347.46432203,1.27167480319
5,0.0207044094376,15000.0,14000.0,3.69383746599,0.00890693874629,219,3.82012223527e-17,14600.0,5.55214168848e-18,-0.0207044094376,0.817197008858,489.897948557,8647.12096329,1.30666588135
6,0.0221843971554,16000.0,14000.0,3.45673882793,0.00881516992329,220,1.81139293324e-16,15333.3333333,5.1162982293e-19,-0.0221843971554,0.675684279632,745.3559925,8417.44447683,1.24032560932
4,0.0227149533428,16000.0,15000.0,3.56156383883,0.00895312425422,221,-7.65097515097e-17,15750.0,-4.29829640351e-18,-0.0227149533428,0.815313376852,433.012701892,8247.35465592,1.27019972898
5,0.0249445132963,16000.0,15000.0,3.3798174491,0.0087762632022,222,1.03009465877e-16,15200.0,-2.43041337799e-18,-0.0249445132963,0.824566293751,400.0,7941.98588207,1.2178216989
5,0.0243919858212,16000.0,15000.0,3.41424868567,0.0089827503795,223,-8.33822787853e-17,15600.0,-4.98795249751e-19,-0.0243919858212,0.848501191456,489.897948557,8459.75128842,1.22795746462
4,0.024825778533,16000.0,14000.0,3.46119013869,0.00878921110864,224,2.14915694096e-17,15000.0,4.4489803806e-18,-0.024825778533,0.872229048764,707.106781187,8360.71816627,1.24161250064
3,0.0205060444624,16000.0,15000.0,3.30897471632,0.00845041278392,225,-5.92754267225e-17,15333.3333333,6.19883534858e-18,-0.0205060444624,0.822027481755,471.404520791,7742.23186968,1.19663838803
4,0.0208327939243,16000.0,14000.0,3.33532847998,0.00942532425566,226,3.06296736823e-17,15000.0,9.35981938699e-19,-0.0208327939243,0.843188023308,707.106781187,8516.44646197,1.20457116927
4,0.0202384634764,16000.0,16000.0,3.37466664136,0.00890939826982,227,1.05108030275e-16,16000.0,1.54073667872e-18,-0.0202384634764,0.857425458985,0.0,8888.73567575,1.21629654652
4,0.0168038318301,15000.0,13000.0,3.34668125903,0.0086606122512,228,9.90986661599e-17,14000.0,-3.02882048352e-18,-0.0168038318301,0.888542203573,1000.0,8108.11261032,1.20796918585
4,0.020877688262,16000.0,14000.0,3.41450879209,0.00986295734417,229,4.35951939156e-16,15500.0,-1.97273626323e-19,-0.020877688262,0.7018318173,866.025403784,7691.71218649,1.22803364434
5,0.0226273750334,16000.0,15000.0,3.44392178606,0.00969045067348,230,2.29702807394e-16,15200.0,9.18279866752e-19,-0.0226273750334,0.734486805659,400.0,7937.73010047,1.23661087611
5,0.0291973819224,16000.0,14000.0,3.44635586006,0.00977113321743,231,2.51883528831e-16,15600.0,-2.586245122e-18,-0.0291973819224,0.799662418651,800.0,8172.06348331,1.23731740035
5,0.0204134473389,16000.0,15000.0,3.36638797508,0.00982447393418,232,-7.02870393286e-17,15600.0,1.54512189232e-18,-0.0204134473389,0.682882536625,489.897948557,6898.60133952,1.21384035207
4,0.0198370348532,16000.0,14000.0,3.43675376884,0.00655844694319,233,-4.46745245794e-17,15500.0,-1.07802296475e-18,-0.0198370348532,0.724581300152,866.025403784,8836.1704051,1.234527354
5,0.0233326073072,16000.0,14000.0,3.33827108083,0.00959000113764,234,1.47163051976e-16,15400.0,-2.36103401274e-18,-0.0233326073072,0.814886988321,800.0,8423.31493969,1.2054530325
4,0.0170783705509,16000.0,14000.0,3.40543982134,0.00666278853584,235,-3.28109678144e-16,15250.0,-3.38717627622e-18,-0.0170783705509,0.636274738812,829.156197589,7675.90547737,1.22537410052
4,0.0185955903356,16000.0,14000.0,3.39199539377,0.00662669522972,236,1.33581677283e-16,15000.0,2.28930525139e-18,-0.0185955903356,0.751736808616,707.106781187,7614.63983852,1.22141835996
4,0.020375440192,16000.0,14000.0,3.33800888824,0.00776933242731,237,4.74426699476e-17,15250.0,3.35393989377e-18,-0.020375440192,0.729099542904,829.156197589,8581.13748362,1.20537448798
4,0.0255075199372,16000.0,15000.0,3.39337221218,0.00982466420586,238,-4.5410366326e-17,15750.0,2.2493892313e-18,-0.0255075199372,0.728837405014,433.012701892,8401.43362645,1.22182417981
4,0.0168898078699,16000.0,13000.0,3.4066693057,0.00654843982633,239,-9.691661667e-17,14750.0,2.3430989197e-18,-0.0168898078699,0.726032609586,1089.72473589,7508.44917214,1.22573507078
4,0.0246646627704,16000.0,15000.0,3.35584157108,0.00815574808938,240,4.28056016306e-17,15250.0,3.85105956665e-18,-0.0246646627704,0.747734034765,433.012701892,8009.35679566,1.21070257983
4,0.0204129950788,16000.0,15000.0,3.48282825719,0.00902201117991,241,-1.28020728665e-17,15500.0,2.18486348656e-18,-0.0204129950788,0.63449143928,500.0,6924.3792004,1.24784468129
4,0.022228852706,15000.0,14000.0,3.40366494714,0.00662636754822,242,-7.46641215391e-17,14500.0,8.06345960188e-19,-0.022228852706,0.762315032365,500.0,8657.81311334,1.22485277671
4,0.0209522023287,16000.0,14000.0,3.46973183312,0.00979514364803,243,-2.82217324326e-16,15500.0,2.92093369098e-19,-0.0209522023287,0.371210742861,866.025403784,6245.26085596,1.24407730945
3,0.0326721230822,16000.0,13000.0,3.38749354811,0.00950256689707,244,-1.33825838913e-17,14666.6666667,2.18419467952e-18,-0.0326721230822,0.649991300743,1247.21912892,7657.05142311,1.22009028159
4,0.0233400289239,16000.0,14000.0,3.28750694154,0.00943766349922,245,3.78270195784e-17,15000.0,1.15253678019e-18,-0.0233400289239,0.795657706129,1000.0,7450.42948228,1.190129509
4,0.0292035491286,16000.0,14000.0,3.20262417,0.009464407719,246,-7.69908682167e-17,15500.0,-2.21607996663e-18,-0.0292035491286,0.788418072574,866.025403784,8062.97905896,1.16397052687
4,0.0250146555004,16000.0,14000.0,3.30413509464,0.0088021837924,247,1.75048017593e-16,15000.0,-7.78140753947e-20,-0.0250146555004,0.873799554886,707.106781187,8353.82563824,1.19517474303
5,0.0209509592269,16000.0,14000.0,3.2710981918,0.00641839262465,248,7.41046921777e-18,15600.0,2.11434209537e-19,-0.0209509592269,0.877005149155,800.0,8160.65347495,1.185125767
4,0.0272358005965,16000.0,15000.0,3.29488702597,0.00920217749404,249,-1.99456574098e-16,15250.0,8.5041383659e-20,-0.0272358005965,0.772980204829,433.012701892,8186.25902329,1.19237188086
4,0.014943066213,16000.0,14000.0,3.16875916498,0.00718798312486,250,4.38754252482e-17,15000.0,-6.51124365405e-19,-0.014943066213,0.799670893338,707.106781187,9007.06718566,1.15334008066
4,0.026310632073,16000.0,16000.0,3.14797564989,0.00959947113638,251,-2.60254957589e-16,16000.0,3.38958573729e-18,-0.026310632073,0.847802262734,0.0,8641.82766729,1.14675959542
5,0.0122881916507,16000.0,15000.0,3.18775794087,0.00965322166832,252,7.59098272861e-17,15400.0,2.46477461989e-18,-0.0122881916507,0.73112224558,489.897948557,8711.17924422,1.15931782984
6,0.0212259179072,16000.0,14000.0,3.21791860027,0.00973045968234,253,-1.78611282837e-16,15166.6666667,-1.84226462051e-18,-0.0212259179072,0.860648804585,897.527467856,8591.20895002,1.16873475312
5,0.0290217263725,16000.0,15000.0,3.22470890189,0.008834888915,254,-2.00720497492e-16,15400.0,-2.7256528239e-18,-0.0290217263725,0.827753680813,489.897948557,8720.76645394,1.17084268319
5,0.0198446722964,16000.0,15000.0,3.32545800956,0.00866282974636,255,4.27982872175e-17,15800.0,-2.1516806877e-18,-0.0198446722964,0.581235934184,400.0,8162.22136065,1.20160741186
4,0.0164927477499,16000.0,15000.0,3.25394702967,0.00652165089869,256,2.04045393557e-16,15750.0,-1.73525708706e-19,-0.0164927477499,0.736033523472,433.012701892,8423.74639804,1.17986873013
6,0.0149124163959,16000.0,14000.0,3.18913314098,0.00742139850101,257,2.87617152317e-16,15166.6666667,1.49807565552e-18,-0.0149124163959,0.870560286183,687.184270936,8707.16368071,1.15974913723
4,0.0264064194833,16000.0,15000.0,3.18304983194,0.00994267293571,258,-4.87586753725e-17,15500.0,1.43894210334e-18,-0.0264064194833,0.889334810965,500.0,8283.6222221,1.15783980383
5,0.0213403278756,16000.0,15000.0,3.12402620163,0.00675493117057,259,-5.36935496979e-17,15600.0,3.0162193564e-18,-0.0213403278756,0.823987518857,489.897948557,8172.97500494,1.13912261915
4,0.024526074923,16000.0,14000.0,3.12820855437,0.00924880703307,260,-2.10793778863e-16,15000.0,-5.44674955461e-18,-0.024526074923,0.327848659056,707.106781187,8086.79961033,1.14046049385
5,0.0191333506705,16000.0,14000.0,3.09684940053,0.00687919429045,261,-1.35260827738e-16,15600.0,-3.35708409823e-18,-0.0191333506705,0.74972019322,800.0,8110.46540006,1.13038527227
5,0.0227599355018,16000.0,15000.0,3.16565064676,0.00980566815996,262,1.43162832381e-17,15600.0,3.15717099331e-18,-0.0227599355018,0.828814523409,489.897948557,8400.31291267,1.15235861006
5,0.0204161562626,16000.0,16000.0,3.05352932083,0.00658180156518,263,2.05596856412e-17,16000.0,2.56387906562e-19,-0.0204161562626,0.8400209579,0.0,9162.18005568,1.116298076
7,0.0270502724471,16000.0,14000.0,3.04807578709,0.00965055097076,264,-1.8771342828e-16,15142.8571429,1.94721689936e-18,-0.0270502724471,0.765975144913,638.876565,8624.45429213,1.11451050205
5,0.0298492852262,16000.0,14000.0,3.12096743079,0.00921272180712,265,-5.93713550072e-17,15400.0,3.73822798288e-20,-0.0298492852262,0.468363930305,800.0,8945.56588552,1.13814302773
4,0.02460012099,16000.0,14000.0,3.11551393227,0.00933846153311,266,-3.79195892214e-17,15250.0,1.12391664522e-18,-0.02460012099,0.585882645611,829.156197589,7555.39910386,1.13639412491
4,0.0214094172167,15000.0,11000.0,2.95115458274,0.00912621457663,267,-1.40316906172e-16,13250.0,-2.76972519737e-18,-0.0214094172167,0.818897828755,1479.01994577,7585.07083162,1.08219647776
4,0.0233425544231,16000.0,14000.0,2.98389115001,0.00928268181785,268,-1.77124397021e-17,15250.0,-2.49359621191e-18,-0.0233425544231,0.803708221865,829.156197589,8440.23897827,1.0932282038
6,0.0244524873694,16000.0,14000.0,2.96805465202,0.00844764485823,269,-8.51663479917e-17,15166.6666667,-4.49754642821e-19,-0.0244524873694,0.77875428213,897.527467856,9496.55247814,1.08790673889
5,0.0228674389182,16000.0,15000.0,3.00919733512,0.0090716547234,270,2.98504547362e-17,15800.0,-1.55653568543e-18,-0.0228674389182,0.687259775915,400.0,8358.88354965,1.10167337713
5,0.0198248539017,16000.0,14000.0,3.04366149193,0.00644328452572,271,1.40888481948e-16,14800.0,-1.10897781148e-18,-0.0198248539017,0.79911607329,748.331477355,8125.12225789,1.1130612288
5,0.0263946638616,16000.0,14000.0,3.08280193453,0.00952977768913,272,1.65272897694e-16,15200.0,1.97222405463e-18,-0.0263946638616,0.734603982886,748.331477355,8144.51005605,1.12583890245
6,0.0267144706896,16000.0,15000.0,2.92135327814,0.00858654125527,273,-5.30822101296e-17,15833.3333333,1.21358448825e-18,-0.0267144706896,0.744667132446,372.67799625,9383.14737596,1.07204696034
4,0.0172643916499,16000.0,14000.0,2.99191738636,0.0064612826508,274,-1.15752576001e-16,15250.0,-3.58868585751e-18,-0.0172643916499,0.646195052111,829.156197589,8027.43227372,1.09591444822
5,0.024143800681,16000.0,14000.0,2.99674214677,0.00944983084387,275,-6.03837461301e-17,15400.0,-5.39288512404e-19,-0.024143800681,0.712815482316,800.0,7636.02186365,1.09752574752
4,0.025012620797,16000.0,14000.0,2.98565139142,0.00857230701706,276,-2.61759094923e-16,15500.0,1.07023413362e-18,-0.025012620797,0.771089110722,866.025403784,8529.16620543,1.09381794462
5,0.0257114345336,16000.0,15000.0,2.94657466326,0.00972109991799,277,8.53027712799e-17,15800.0,-5.00914021713e-19,-0.0257114345336,0.55553844354,400.0,8267.11401254,1.08064336462
4,0.0231719329037,16000.0,16000.0,2.87115841613,0.00671246352902,278,-2.01811568495e-17,16000.0,-2.4488638569e-18,-0.0231719329037,0.814259424417,0.0,8735.26709396,1.05471557765
4,0.0225625789486,16000.0,13000.0,2.95038541421,0.00975649329107,279,-3.50864375721e-17,14750.0,-1.75845768674e-18,-0.0225625789486,0.805677593907,1089.72473589,8368.84012547,1.0819358107
7,0.0262152040226,16000.0,14000.0,2.85228545679,0.00795821138766,280,-1.42586641677e-16,15428.5714286,-2.68935705466e-18,-0.0262152040226,0.857733185332,728.431359085,9317.59139194,1.04812058758
5,0.0240619865209,16000.0,14000.0,2.85839307318,0.00883854894508,281,1.58640547671e-16,15000.0,4.08927644332e-19,-0.0240619865209,0.840036873623,894.427191,8448.7945458,1.0502596044
4,0.0204084039871,16000.0,15000.0,2.85189885367,0.00657945521619,282,4.15167433578e-17,15500.0,-2.27822322461e-19,-0.0204084039871,0.700002774107,500.0,8197.45609165,1.04798503687
4,0.025393856341,16000.0,15000.0,2.83752869057,0.00865211036725,283,-1.59768481936e-17,15500.0,1.60592190358e-18,-0.025393856341,0.648913960682,500.0,8042.38152672,1.04293349397
4,0.0332314385278,16000.0,15000.0,2.81091959961,0.00925355605885,284,-1.72786686145e-16,15250.0,-3.12567159066e-18,-0.0332314385278,0.754071955192,433.012701892,8585.36536347,1.03351168946
5,0.0253739499697,15000.0,14000.0,2.88385944844,0.00988305591762,285,-1.28171283111e-16,14600.0,-5.99606811998e-19,-0.0253739499697,0.719017984991,489.897948557,7979.654381,1.0591294833
4,0.0212096770315,16000.0,15000.0,2.81505606608,0.00665858150841,286,-8.92766942533e-18,15500.0,-1.85536276828e-18,-0.0212096770315,0.721931726132,500.0,7809.07010214,1.0349821783
6,0.0253810707999,16000.0,14000.0,2.78985244898,0.00937347409561,287,-2.94275982431e-17,14833.3333333,-3.07384051708e-19,-0.0253810707999,0.771974503586,687.184270936,8432.97283001,1.02598870877
5,0.0215423940949,16000.0,15000.0,2.73052907042,0.00914994537058,288,1.07085341382e-16,15400.0,-2.04244245345e-18,-0.0215423940949,0.792337160277,489.897948557,8182.44528804,1.00449538911
7,0.0346537576016,16000.0,13000.0,2.74967363209,0.0099257223367,289,1.11211922108e-16,15285.7142857,3.83399229419e-18,-0.0346537576016,0.779994546431,1030.15750728,9290.68825181,1.0114822254
5,0.0227947520011,15000.0,13000.0,2.72562737152,0.00714367094261,290,8.4369279937e-17,14600.0,4.97580739075e-19,-0.0227947520011,-0.303107909469,800.0,7246.51134659,1.0026986297
5,0.0234337731912,16000.0,14000.0,2.74788944635,0.00839635987588,291,3.51396509077e-17,14800.0,4.90029731364e-19,-0.0234337731912,0.773433658893,748.331477355,8601.0140118,1.01083314296
5,0.0228070501128,16000.0,14000.0,2.70488171479,0.00986948682524,292,1.10048422616e-17,15200.0,2.20142054337e-19,-0.0228070501128,0.800821872967,748.331477355,8604.085223,0.995058182985
5,0.0228840162784,16000.0,13000.0,2.77961578687,0.00947547455304,293,1.8422702554e-16,14800.0,-5.99219503913e-18,-0.0228840162784,0.808966003532,979.795897113,8416.81676398,1.02231271199
5,0.0248638375606,16000.0,15000.0,2.74757468503,0.00660576966159,294,-5.750236488e-17,15800.0,-2.15346062648e-18,-0.0248638375606,0.650101889714,400.0,8138.36915212,1.01071858983
5,0.0283048331794,16000.0,14000.0,2.69027661713,0.00963238170618,295,4.37049569755e-17,15600.0,1.98590801401e-18,-0.0283048331794,0.718225406955,800.0,8909.20032118,0.989644019975
5,0.0223450544157,16000.0,13000.0,2.69717713436,0.00662468434782,296,2.58365377703e-16,14600.0,-2.88865025274e-19,-0.0223450544157,0.584858546124,1019.80390272,7904.70039132,0.992205720295
4,0.0217447462216,16000.0,15000.0,2.75656172937,0.00956950627935,297,-1.41839703908e-16,15500.0,1.35328098922e-18,-0.0217447462216,-0.323961550983,500.0,7750.57702402,1.01398415291
6,0.0194163153691,15000.0,14000.0,2.58579865161,0.00650854363309,298,-2.39309469149e-16,14833.3333333,1.70038815861e-18,-0.0194163153691,0.763342887222,372.67799625,9177.83510863,0.950034416379
4,0.0327417872433,15000.0,12000.0,2.53086408177,0.00989018815307,299,-3.80647894157e-17,14000.0,-5.24955885788e-20,-0.0327417872433,-2.96202466672,1224.74487139,7214.28240747,0.928560778725
4,0.024508521663,16000.0,14000.0,2.60202985621,0.00818107918214,300,6.53495829336e-17,15000.0,-3.02900809578e-18,-0.024508521663,0.838468172877,707.106781187,7929.89924576,0.956291854356
6,0.0216111419093,16000.0,14000.0,2.49887192477,0.00937065185872,301,-4.1645316729e-17,15000.0,8.10768822632e-19,-0.0216111419093,0.83048997389,816.496580928,8523.50020487,0.915839399948
5,0.0221779607763,16000.0,16000.0,2.5079307058,0.00987456204161,302,1.79901850902e-17,16000.0,-4.84075310076e-19,-0.0221779607763,0.821866484584,0.0,8402.51798718,0.919457993122
6,0.0297308128425,16000.0,13000.0,2.47720069818,0.00994505755728,303,-1.93581534245e-16,15166.6666667,-7.6699158707e-19,-0.0297308128425,0.78814315238,1213.35164821,9365.7083544,0.907129171923
6,0.0261314564129,16000.0,15000.0,2.44527484137,0.00968896524991,304,3.35865788962e-17,15666.6666667,-5.47842553106e-18,-0.0261314564129,0.573120183578,471.404520791,8609.87600132,0.894157526167
6,0.0234095530728,16000.0,13000.0,2.46439245859,0.00891449920736,305,-1.25154360249e-16,15000.0,1.78626347883e-18,-0.0234095530728,0.769260503719,1154.70053838,8895.25349066,0.901945310012
7,0.0207863323289,16000.0,15000.0,2.51351815619,0.00799120050637,306,-2.3004621231e-17,15857.1428571,-8.81558956686e-19,-0.0207863323289,0.870016748776,349.927106112,9767.23484041,0.921683427594
5,0.0214255324875,16000.0,14000.0,2.44069272075,0.00987823798591,307,1.71067898549e-16,14800.0,9.97919478683e-19,-0.0214255324875,-0.901469229058,979.795897113,8890.84849699,0.89228190096
5,0.023155374448,16000.0,15000.0,2.36043154512,0.00804133450077,308,9.57740111285e-17,15400.0,-1.88482689505e-18,-0.023155374448,0.878525431487,489.897948557,9173.36217589,0.858844460424
4,0.0200504715054,16000.0,14000.0,2.41661452778,0.00953861290117,309,8.62776867263e-17,15000.0,-4.00063243008e-18,-0.0200504715054,0.821026479846,707.106781187,9081.9395094,0.882367605252
7,0.0182639769155,16000.0,13000.0,2.40749798944,0.00718407297915,310,-3.24166385249e-17,15142.8571429,3.62359350831e-18,-0.0182639769155,0.863660103482,989.743318611,9768.67095896,0.878588029565
7,0.0290336736329,16000.0,14000.0,2.41209131393,0.00828654713676,311,5.53464297143e-17,15428.5714286,3.07290615797e-18,-0.0290336736329,0.347342671589,728.431359085,9232.05149169,0.88049413633
6,0.0222771641004,16000.0,15000.0,2.36202422009,0.00729992541429,312,1.20342794966e-16,15666.6666667,7.49080778099e-19,-0.0222771641004,0.812922986455,471.404520791,9884.94402042,0.859518971781
5,0.044065837407,16000.0,15000.0,2.37919077637,0.0064762707801,313,-6.86286677528e-17,15600.0,-1.98928468497e-18,-0.044065837407,-3.38172551922,489.897948557,9162.80661225,0.866760419936
5,0.0225410250289,16000.0,15000.0,2.45909925534,0.00902712766568,314,6.32301574676e-17,15800.0,-3.31903342999e-18,-0.0225410250289,0.894347169855,400.0,9613.84319318,0.899795126526
5,0.0147798414619,16000.0,15000.0,2.39201372896,0.00943539384634,315,-2.60012137607e-17,15200.0,-6.48921359385e-19,-0.0147798414619,0.64360129935,400.0,8663.84994019,0.872135575606
5,0.023914047864,16000.0,14000.0,2.43446515712,0.00851131656458,316,1.75158692331e-16,15200.0,-2.04347075987e-18,-0.023914047864,0.85500381468,748.331477355,9961.7563523,0.889727084407
7,0.0215883697985,16000.0,13000.0,2.35330535087,0.00653398656936,317,-2.3382613033e-16,15285.7142857,1.90076407255e-18,-0.0215883697985,0.66921900632,1030.15750728,9150.46477484,0.855820872201
6,0.0233370481475,16000.0,15000.0,2.46066636944,0.00897169423074,318,-2.25575349526e-18,15166.6666667,-1.41027012419e-18,-0.0233370481475,0.873496120599,372.67799625,9224.09506285,0.900432195148
6,0.0188922120896,16000.0,14000.0,2.42929816257,0.00959966583343,319,-1.11571423563e-16,15166.6666667,-1.84109646468e-18,-0.0188922120896,-1.15846092816,687.184270936,9172.64764923,0.887602393646
4,0.0277289855154,16000.0,16000.0,2.46050557959,0.00886132206419,320,4.49478642008e-17,16000.0,2.88838160111e-18,-0.0277289855154,0.891768553421,0.0,8959.83967804,0.900366848985
6,0.0173497599328,16000.0,14000.0,2.36684252009,0.0069818353941,321,-2.04224974773e-17,15500.0,4.00465095667e-18,-0.0173497599328,0.87273528723,763.762615826,9453.59782979,0.86155679688
6,0.0265557791818,16000.0,15000.0,2.36103102384,0.0068310553854,322,-7.12864381763e-17,15833.3333333,1.26941520336e-18,-0.0265557791818,0.803560628428,372.67799625,8845.13288793,0.859098398143
8,0.0292211616115,16000.0,14000.0,2.34759421642,0.00956421613187,323,2.11373330012e-17,15125.0,1.21912070935e-18,-0.0292211616115,0.802771685798,927.024810887,9496.2284872,0.853391066086
7,0.0316937882204,16000.0,15000.0,2.440045367,0.00990079013908,324,-8.01429443514e-17,15142.8571429,-4.21537717895e-18,-0.0316937882204,0.70434049461,349.927106112,9095.3780937,0.892016632166
5,0.0231412526479,16000.0,14000.0,2.44639138753,0.00783520590137,325,-3.0293411812e-16,15400.0,3.54311260561e-19,-0.0231412526479,0.707784924303,800.0,8522.11989064,0.894614035722
7,0.0254645285861,16000.0,15000.0,2.44862329717,0.00982385851739,326,-3.62137090249e-18,15571.4285714,3.25454266689e-18,-0.0254645285861,0.859880980234,494.871659305,9550.02601551,0.895525947098
6,0.0188576227161,16000.0,14000.0,2.35308198158,0.00984917184009,327,-1.66690117338e-16,15333.3333333,-3.56985219658e-18,-0.0188576227161,-0.790824769844,745.3559925,9047.82821638,0.855725950438
7,0.019886261039,16000.0,15000.0,2.26415932514,0.0096216924614,328,-7.26363921276e-17,15571.4285714,6.68743546417e-21,-0.019886261039,0.748120126396,494.871659305,9283.5849269,0.81720353116
4,0.0252429624975,16000.0,14000.0,2.39653725646,0.00692664984215,329,-3.75570930502e-17,15000.0,3.15224347896e-18,-0.0252429624975,0.525011196315,707.106781187,8686.61451265,0.874024885694
4,0.024347027268,16000.0,14000.0,2.37794908463,0.00856507076391,330,7.08543314912e-17,15500.0,-2.56759428398e-19,-0.024347027268,0.842660468742,866.025403784,8108.03955492,0.866238387036
5,0.0196462569523,16000.0,15000.0,2.29595777293,0.00660425452955,331,-1.91400688933e-16,15200.0,-3.26496376339e-18,-0.0196462569523,0.772822629351,400.0,9089.71948961,0.831150086708
5,0.0207191379799,16000.0,14000.0,2.33306155364,0.00930194885126,332,-9.26941424734e-17,15200.0,-2.67263400668e-18,-0.0207191379799,0.83020672238,748.331477355,9515.21597757,0.84718137659
4,0.0292814298212,16000.0,15000.0,2.3153667266,0.00686466971757,333,2.68338037317e-17,15750.0,1.22175467786e-19,-0.0292814298212,0.866098107879,433.012701892,9153.30913341,0.839568088209
7,0.0250308562832,16000.0,14000.0,2.28283273444,0.00839300445087,334,-2.21502150678e-17,15428.5714286,6.73143374067e-20,-0.0250308562832,0.889065270473,728.431359085,9466.67002656,0.82541709918
5,0.0160366267263,16000.0,14000.0,2.32736148575,0.00705312456142,335,2.14844508796e-16,15000.0,-2.89988344458e-18,-0.0160366267263,0.771036332848,894.427191,8519.33987558,0.844735216368
4,0.0241598356177,16000.0,14000.0,2.37466896157,0.00990026973139,336,4.31503685684e-17,15000.0,2.28674424017e-18,-0.0241598356177,0.877348514724,707.106781187,9093.49828401,0.864858043168
5,0.0247196357725,16000.0,15000.0,2.40861383127,0.00907023860275,337,9.18509254909e-17,15600.0,-3.29876683523e-18,-0.0247196357725,0.782909120671,489.897948557,8585.41472544,0.879051408281
4,0.0222483870786,15000.0,14000.0,2.36579367825,0.00646918480567,338,-1.34635254852e-16,14500.0,-9.25875700431e-19,-0.0222483870786,0.852915546373,500.0,9262.70358298,0.861113558986
6,0.024953659972,16000.0,15000.0,2.31242270625,0.00968640323015,339,-9.0109691342e-17,15666.6666667,1.51865067384e-18,-0.024953659972,0.844326346551,471.404520791,9320.6310458,0.838295765522
5,0.0210189339561,16000.0,15000.0,2.31755049933,0.00602795428496,340,2.81035240081e-17,15600.0,7.43629300455e-18,-0.0210189339561,0.719440472225,489.897948557,8833.60105267,0.840510808653
6,0.0261722570604,16000.0,15000.0,2.44217206603,0.00898832418595,341,-2.33955043503e-18,15500.0,-2.67236306121e-18,-0.0261722570604,0.739106931108,500.0,8780.41479971,0.892887834317
6,0.0207330869372,16000.0,15000.0,2.4150096967,0.00687719885437,342,8.72606985657e-17,15666.6666667,1.63562131336e-18,-0.0207330869372,0.151210829491,471.404520791,9910.42871649,0.881703302291
4,0.0207368421871,16000.0,15000.0,2.35492888708,0.00640701505264,343,-5.73201738505e-17,15750.0,8.55597345815e-19,-0.0207368421871,0.353679930205,433.012701892,7885.32141225,0.856510530442
4,0.0223448386879,16000.0,15000.0,2.4495408889,0.00642652275367,344,1.22549208183e-16,15750.0,1.52250119216e-20,-0.0223448386879,0.806057755718,433.012701892,9028.75189203,0.895900614709
4,0.019084209157,15000.0,13000.0,2.48559327689,0.00657638921574,345,-7.78909586686e-17,14500.0,4.83859544135e-19,-0.019084209157,0.812320573714,866.025403784,7889.95696433,0.910511374267
4,0.0295061328793,16000.0,14000.0,2.48020140849,0.00857000912029,346,9.23458421489e-17,15250.0,-1.51923226197e-18,-0.0295061328793,0.682657561948,829.156197589,7995.40212747,0.90833976998
4,0.025593527581,16000.0,15000.0,2.53213507424,0.00673567152915,347,-1.65406843613e-17,15500.0,-1.76734568098e-18,-0.025593527581,0.80180350869,500.0,8406.77652843,0.929062849714
3,0.0323340222308,16000.0,15000.0,2.57540164065,0.00827495988494,348,2.04780371289e-17,15333.3333333,4.71128065755e-18,-0.0323340222308,0.852108893644,471.404520791,7701.91033073,0.946005498904
5,0.0274547718159,16000.0,15000.0,2.51274587239,0.00915964641387,349,8.41667761876e-17,15800.0,-7.89727951232e-19,-0.0274547718159,0.834041627366,400.0,9543.36973989,0.921376128253
4,0.0199958072057,16000.0,16000.0,2.44094022659,0.00747140827318,350,1.99002240263e-17,16000.0,-4.46218098769e-19,-0.0199958072057,0.70784688032,0.0,8364.01560115,0.892383303849
5,0.0194864760498,16000.0,15000.0,2.47383957351,0.00667974480052,351,-3.44207224187e-17,15800.0,-7.71978293218e-19,-0.0194864760498,0.906528970907,400.0,8887.8885009,0.905771426884
5,0.0180050417614,16000.0,13000.0,2.47868129051,0.00982158969968,352,-1.45984234802e-16,15000.0,-2.70179377166e-18,-0.0180050417614,0.869654228393,1095.44511501,8988.26388264,0.907726681056
6,0.0252453818347,16000.0,13000.0,2.45781959445,0.00936577890789,353,-8.69476448511e-17,14666.6666667,2.32402446557e-18,-0.0252453818347,0.830194090316,942.809041582,9027.86990605,0.899274613189
4,0.0273560339102,16000.0,15000.0,2.5027599745,0.00969288594633,354,-2.50541285488e-17,15750.0,4.28645355149e-18,-0.0273560339102,0.758849515415,433.012701892,8597.30705968,0.917394112725
5,0.0281226000252,16000.0,14000.0,2.52185942123,0.00803779468457,355,1.69083819391e-16,15000.0,3.05693706641e-18,-0.0281226000252,0.8041491259,632.455532034,9114.99536859,0.924996495003
4,0.0187966943131,16000.0,13000.0,2.5770957337,0.00815911820397,356,-2.51551645966e-16,14250.0,-5.1199116114e-18,-0.0187966943131,0.690949655201,1299.03810568,7964.65277111,0.946663080261
6,0.0218039022375,16000.0,15000.0,2.51420808964,0.00859307626395,357,-1.2423175488e-16,15833.3333333,1.12723202841e-18,-0.0218039022375,0.802481988228,372.67799625,9338.88810609,0.921957879075
5,0.0216889951901,15000.0,14000.0,2.65723229395,0.00655866323479,358,-7.37990815203e-17,14600.0,1.14952647398e-19,-0.0216889951901,-6.70361155449,489.897948557,8898.90724825,0.97728509011
3,0.0299552636509,16000.0,14000.0,2.69759939454,0.00635957598729,359,-9.26015616952e-17,15000.0,-7.47743452058e-19,-0.0299552636509,0.851569088499,816.496580928,8386.91975992,0.992362264383
4,0.0269679379583,16000.0,14000.0,2.70158736536,0.00969163989838,360,-1.08291473988e-16,14750.0,-4.36370542246e-19,-0.0269679379583,0.833391976102,829.156197589,8453.48077376,0.993839513355
4,0.0215356356622,16000.0,14000.0,2.74992580597,0.00995381447515,361,3.10162050443e-16,15250.0,2.44630510025e-18,-0.0215356356622,0.361150530677,829.156197589,7715.09140046,1.01157393167
5,0.0309413542879,16000.0,15000.0,2.72278816834,0.00934905271228,362,1.38347559076e-16,15200.0,-9.31447459192e-19,-0.0309413542879,0.742698534044,400.0,9427.08893933,1.00165641718
6,0.0255022629075,16000.0,14000.0,2.71910051274,0.00851236479055,363,-5.187958059e-19,15500.0,3.70144633656e-18,-0.0255022629075,0.860249074389,763.762615826,9409.06555884,1.00030113177
5,0.0217776856905,16000.0,15000.0,2.69795836758,0.00997728743081,364,-2.29321141134e-17,15800.0,1.57953898199e-19,-0.0217776856905,0.828348412089,400.0,8953.7831732,0.992495326821
5,0.0221271863796,16000.0,15000.0,2.67042309977,0.00641481429985,365,2.27296883508e-17,15200.0,-6.53587407762e-18,-0.0221271863796,0.566072972368,400.0,7962.31557345,0.982236924192
6,0.0185820803941,16000.0,15000.0,2.73784964037,0.00778351515721,366,-3.33649701626e-17,15500.0,-7.50930987757e-20,-0.0185820803941,0.76904547123,500.0,8698.65690855,1.0071728095
5,0.0198727151512,16000.0,14000.0,2.69955495084,0.00689642650805,367,-1.54836803521e-17,14800.0,-2.01786571773e-18,-0.0198727151512,0.353300505699,748.331477355,7732.39183661,0.993086926401
6,0.0258427718869,16000.0,15000.0,2.65170334609,0.00937365904162,368,-1.57125618836e-16,15500.0,-2.23892408192e-18,-0.0258427718869,0.671678848765,500.0,8471.71227291,0.975202205619
6,0.0299679735353,16000.0,15000.0,2.59690741117,0.00886241402125,369,-1.47649197448e-16,15333.3333333,-1.91284760887e-18,-0.0299679735353,0.588957243015,471.404520791,8642.79542028,0.954321279818
5,0.0234813010341,16000.0,14000.0,2.55061024606,0.00958457150549,370,-6.1518851581e-17,15000.0,-1.91840868699e-18,-0.0234813010341,0.490614626891,894.427191,8208.51524988,0.936332642722
5,0.0236359812894,16000.0,13000.0,2.56285361427,0.00664173104752,371,-1.0063425077e-17,14800.0,-8.84771561212e-19,-0.0236359812894,0.66099509933,979.795897113,7125.16843927,0.941121330755
6,0.0265282301489,16000.0,15000.0,2.50929460543,0.00849089805063,372,-3.76242247234e-17,15333.3333333,-2.26702614449e-18,-0.0265282301489,0.702724425514,471.404520791,8836.43597109,0.920001679954
6,0.0260654950864,16000.0,14000.0,2.45260382596,0.00993006406958,373,2.00963173934e-16,14833.3333333,1.06865739936e-19,-0.0260654950864,0.426423585857,687.184270936,8994.49215976,0.897150246307
5,0.0335149701288,16000.0,14000.0,2.43055615381,0.00945681840872,374,-6.00904396005e-17,14800.0,1.4211093525e-18,-0.0335149701288,0.881548597095,748.331477355,8941.02306878,0.888120101044
5,0.0245551404486,16000.0,14000.0,2.4428873656,0.00981437138775,375,5.59254135539e-18,15200.0,3.25326234777e-18,-0.0245551404486,0.819141508588,748.331477355,8243.78583754,0.893180686262
6,0.0264610790994,16000.0,14000.0,2.47015861271,0.00986819391861,376,1.04535606139e-16,15166.6666667,3.71199612436e-18,-0.0264610790994,0.829817206197,687.184270936,8894.21200669,0.904282364249
5,0.0250744583383,16000.0,14000.0,2.498559253,0.00963993674494,377,3.5544266555e-17,15000.0,2.55553179334e-18,-0.0250744583383,0.814656533618,894.427191,8579.31369276,0.91571426695
5,0.0260101487643,16000.0,14000.0,2.53015114371,0.00849990419929,378,3.01627568043e-17,15600.0,-3.12014022126e-18,-0.0260101487643,0.845217784325,800.0,8713.53532682,0.928279041551
5,0.0205061594289,16000.0,14000.0,2.57978142952,0.00667953752089,379,-7.56858113101e-17,15400.0,-1.81382317094e-18,-0.0205061594289,0.884839597247,800.0,9173.55470121,0.947704678104
5,0.0209715533409,16000.0,14000.0,2.48599332998,0.00683904365453,380,7.52545262012e-17,15000.0,-1.62738675786e-18,-0.0209715533409,0.81099672493,894.427191,9131.51071697,0.910672310052
5,0.0205559179807,16000.0,14000.0,2.51121900955,0.0088209121635,381,-3.21442777429e-17,15200.0,-5.45289064099e-19,-0.0205559179807,0.812848139682,748.331477355,8269.43982771,0.920768296425
6,0.0212251241417,16000.0,14000.0,2.50994269534,0.00978509552753,382,-1.03472398721e-16,15333.3333333,1.03683312071e-19,-0.0212251241417,0.781830096204,745.3559925,8934.31814175,0.920259922342
5,0.03397595884,16000.0,14000.0,2.48082453046,0.00931785629255,383,1.00238130737e-16,15200.0,-1.96786979677e-18,-0.03397595884,0.461890409112,748.331477355,8932.55428238,0.908590976881
4,0.0241587624675,16000.0,15000.0,2.45926527683,0.00927228598328,384,-1.02893700151e-18,15250.0,1.746489769e-18,-0.0241587624675,0.838661465689,433.012701892,8746.25737426,0.899862637378
6,0.0289304716446,16000.0,15000.0,2.47864741032,0.00987215710633,385,6.35615835899e-17,15166.6666667,-2.23943735728e-18,-0.0289304716446,0.839027611563,372.67799625,8500.73908612,0.907713012327
6,0.0204871397389,16000.0,14000.0,2.43705796381,0.00751108130066,386,-1.25053110831e-16,15333.3333333,-1.35504613962e-18,-0.0204871397389,0.805635180216,745.3559925,8439.53351409,0.890791559262
5,0.0284725585025,16000.0,15000.0,2.54377277125,0.00929104368723,387,-8.45696900955e-18,15400.0,-3.42037496822e-18,-0.0284725585025,0.897785276317,489.897948557,8801.0207722,0.933648322013
4,0.023584338656,16000.0,14000.0,2.60759332038,0.00747398241201,388,-1.39581389366e-16,15250.0,-9.28200930206e-19,-0.023584338656,0.452596463744,829.156197589,8271.31137518,0.95842769647
6,0.0147251858487,16000.0,14000.0,2.61576263563,0.00916500562378,389,-1.65997711329e-16,14666.6666667,2.45682649453e-18,-0.0147251858487,0.802953155742,745.3559925,8937.01978584,0.961555693862
5,0.0223154218294,16000.0,14000.0,2.55950754652,0.00660482979032,390,-1.96574782595e-16,15200.0,1.54546192723e-18,-0.0223154218294,0.668002722374,748.331477355,8486.78191875,0.939814875348
4,0.0224883261099,16000.0,14000.0,2.59918644992,0.00983745636038,391,-5.9575195581e-17,15000.0,3.65408277522e-18,-0.0224883261099,0.805486118587,707.106781187,8639.16610071,0.955198492186
4,0.0192881957701,16000.0,15000.0,2.58282496696,0.00652368964558,392,-3.4942287159e-18,15250.0,-1.01324341865e-18,-0.0192881957701,0.859977774299,433.012701892,8731.17049805,0.948883748349
5,0.0255108243204,16000.0,14000.0,2.57269470466,0.00863500423255,393,-1.1604972748e-16,15200.0,7.23081213382e-19,-0.0255108243204,0.889298529184,979.795897113,9264.54949203,0.944953872805
4,0.0273699480015,16000.0,15000.0,2.60431451329,0.00851416846426,394,1.50593606257e-16,15750.0,-2.57287239543e-19,-0.0273699480015,0.272791690121,433.012701892,8783.52163307,0.957169497886
4,0.024093643911,16000.0,15000.0,2.64796923931,0.00921416720271,395,4.44287996426e-17,15750.0,-4.94865378568e-19,-0.024093643911,0.911797947394,433.012701892,9012.36224025,0.973793021433
4,0.0288078876055,16000.0,15000.0,2.68009858195,0.00906705884953,396,-1.09104450788e-16,15250.0,-4.48552133939e-18,-0.0288078876055,0.768473590123,433.012701892,8785.70167486,0.985853578156
6,0.0197597395686,16000.0,14000.0,2.58780284054,0.00732837678506,397,1.14939689237e-16,15333.3333333,-1.25614206514e-19,-0.0197597395686,0.83204797338,745.3559925,9248.72531415,0.950809191566
6,0.0271196841417,16000.0,14000.0,2.59441460485,0.00909371079003,398,3.36194296189e-18,15333.3333333,1.15062491772e-18,-0.0271196841417,0.759473280679,745.3559925,8996.62035043,0.953360905371
5,0.026431420403,16000.0,14000.0,2.56076025468,0.00895225357807,399,-1.33931666463e-17,15000.0,1.15350904987e-18,-0.026431420403,-1.93506827336,632.455532034,8093.6032697,0.940304188888
5,0.0238835362406,16000.0,15000.0,2.51693802287,0.00662160589982,400,9.36306314364e-17,15200.0,5.83704115293e-18,-0.0238835362406,0.855344235037,400.0,9272.4890829,0.923043092437
5,0.0246251173511,16000.0,14000.0,2.51979786047,0.00816041866844,401,-1.16927744083e-16,15200.0,-4.18963400539e-18,-0.0246251173511,0.757028562129,748.331477355,8324.79572435,0.924178684205
6,0.0288953824405,16000.0,14000.0,2.51086622919,0.00675155276318,402,1.10695445831e-16,14833.3333333,1.93744813686e-18,-0.0288953824405,0.833139483745,687.184270936,9167.97142317,0.920627804837
5,0.0263545569855,16000.0,16000.0,2.52826533861,0.00987629432523,403,8.39526895571e-17,16000.0,2.65528800818e-21,-0.0263545569855,0.595789142968,0.0,9365.01970966,0.927533430669
5,0.0298128830011,16000.0,12000.0,2.50714066891,0.00657875172757,404,1.07518907889e-16,15200.0,1.42451526632e-19,-0.0298128830011,0.847254772431,1600.0,9616.60546916,0.919142928055
6,0.0192631366184,16000.0,14000.0,2.47659468931,0.00691391034621,405,-9.09034601757e-17,14833.3333333,1.25723152476e-18,-0.0192631366184,0.86479261399,897.527467856,8889.07016897,0.906884507449
4,0.0300125502108,16000.0,15000.0,2.4670756847,0.00958307412177,406,-7.63344225858e-17,15500.0,1.41633554362e-18,-0.0300125502108,0.892042691673,500.0,9185.75369977,0.903033515917
6,0.0203950008606,16000.0,15000.0,2.48693144567,0.00662793178737,407,2.7875314941e-17,15500.0,4.65025483916e-18,-0.0203950008606,0.75449460106,500.0,8518.85144385,0.911049599372
6,0.0231200763306,16000.0,16000.0,2.50643320253,0.00678057171304,408,-6.48164887209e-17,16000.0,1.79419166487e-18,-0.0231200763306,0.802776635334,0.0,9339.53146065,0.918860707666
6,0.0271750440815,16000.0,14000.0,2.54838387365,0.00670799220364,409,-3.01901648639e-16,15166.6666667,3.03443251765e-18,-0.0271750440815,0.843829762791,687.184270936,8943.39183289,0.935459383212
5,0.0277621660441,16000.0,14000.0,2.56556848976,0.00837883940606,410,-3.53795411562e-17,15400.0,2.83352766939e-18,-0.0277621660441,0.829009128532,800.0,9617.47771882,0.9421800875
6,0.0204058033225,16000.0,14000.0,2.46541631155,0.00996928650889,411,-8.18059070776e-17,15000.0,-4.69741287329e-18,-0.0204058033225,0.729927341491,577.35026919,8429.94348303,0.902360682303
5,0.0206115558678,16000.0,15000.0,2.57165511546,0.00677858113481,412,1.36793542808e-16,15600.0,5.73198730314e-18,-0.0206115558678,0.766794270257,489.897948557,8936.48339734,0.944549705419
5,0.0263087072075,16000.0,14000.0,2.52946556143,0.00986279793808,413,-2.31599377448e-17,15000.0,-4.50880324874e-18,-0.0263087072075,0.788297580044,894.427191,8915.62228809,0.928008039885
5,0.018974265594,16000.0,14000.0,2.54409336738,0.00908898687177,414,1.49281195743e-17,15400.0,2.22418652069e-18,-0.018974265594,0.855154040386,800.0,9452.20312711,0.933774345818
5,0.0211808190599,16000.0,15000.0,2.54226273899,0.00914092229382,415,7.2619506037e-17,15400.0,-3.31137838311e-18,-0.0211808190599,0.911837635604,489.897948557,9422.99892212,0.933054526587
6,0.0227857385013,16000.0,15000.0,2.51453765146,0.00802573808369,416,1.90181294897e-17,15666.6666667,-5.06331248512e-19,-0.0227857385013,0.743938782526,471.404520791,8086.28269383,0.922088950253
6,0.0179590805318,16000.0,14000.0,2.59687454631,0.00937675874644,417,4.90443754444e-17,15500.0,5.44675173451e-18,-0.0179590805318,0.790738798143,763.762615826,9327.69566789,0.954308624354
5,0.0270175086475,16000.0,15000.0,2.4896400218,0.0095914804256,418,1.23424793909e-16,15600.0,-9.15903444519e-19,-0.0270175086475,0.600389331095,489.897948557,9256.28098318,0.912138130466
4,0.0240566147355,15000.0,14000.0,2.4793198893,0.00934958584735,419,2.65713027109e-16,14750.0,3.663682173e-19,-0.0240566147355,0.754923173816,433.012701892,7858.51266937,0.907984284382
6,0.0205768592191,16000.0,14000.0,2.39689644095,0.00882798636533,420,-5.5353149852e-17,15500.0,5.46561782623e-19,-0.0205768592191,0.768208085897,763.762615826,8870.20987016,0.874174750909
7,0.0198066953467,16000.0,15000.0,2.3825142814,0.00669957179523,421,6.96884596392e-17,15428.5714286,2.44045193563e-18,-0.0198066953467,0.808276231946,494.871659305,9140.90134909,0.86815635082
6,0.0174465927395,16000.0,15000.0,2.35842367391,0.00820282800495,422,3.8547845119e-16,15166.6666667,-1.08833623573e-18,-0.0174465927395,-5.51675134054,372.67799625,9450.13975688,0.857993461087
6,0.0236539462445,16000.0,14000.0,2.39322234777,0.00644090967013,423,-9.2051501265e-17,15166.6666667,5.62991809074e-18,-0.0236539462445,0.894311995596,687.184270936,9551.21011158,0.87264072052
5,0.0240496491444,16000.0,15000.0,2.41842640798,0.00949815855588,424,8.31878010394e-17,15800.0,-3.74274303955e-18,-0.0240496491444,0.859870132033,400.0,8425.7694859,0.883117084031
6,0.0239776870368,16000.0,15000.0,2.44537599978,0.00937370505056,425,-2.70674208483e-17,15666.6666667,-1.23971358257e-18,-0.0239776870368,0.830425361881,471.404520791,9273.66698821,0.894198894245
4,0.0287355835127,16000.0,14000.0,2.45367558358,0.008481491166,426,-6.33956829097e-18,15250.0,5.50869118625e-19,-0.0287355835127,0.620773391614,829.156197589,8441.32756388,0.89758713852
7,0.0210288247794,16000.0,15000.0,2.41298705067,0.00901297512255,427,-3.21809588183e-17,15571.4285714,-7.1906962716e-19,-0.0210288247794,0.812095548587,494.871659305,9594.8846508,0.880865420141
6,0.0268019207265,16000.0,15000.0,2.41016306073,0.00900072865284,428,1.70386412777e-16,15166.6666667,5.81988175237e-19,-0.0268019207265,0.844741330915,372.67799625,8855.51765036,0.879694405268
8,0.0215787344463,16000.0,15000.0,2.42365402183,0.00933835399635,429,-1.18541741275e-16,15500.0,1.46079738683e-18,-0.0215787344463,0.90625781008,500.0,9622.37638832,0.88527632775
6,0.025478494421,16000.0,15000.0,2.34849884529,0.00945635449,430,-8.18830177986e-17,15500.0,-3.7681379377e-18,-0.025478494421,0.916484966014,500.0,9592.44462632,0.853776334804
6,0.0165675910181,16000.0,14000.0,2.38480994692,0.00693435522195,431,3.31041916938e-17,15166.6666667,2.7406025538e-19,-0.0165675910181,0.804467588703,687.184270936,8590.34058346,0.869119434341
7,0.0226701434674,16000.0,13000.0,2.3682322098,0.00874393359375,432,6.36832734186e-17,15285.7142857,5.06695641977e-18,-0.0226701434674,0.881160422919,1030.15750728,9382.25856031,0.862143773784
6,0.0221100997821,16000.0,14000.0,2.3112967005,0.00980693411643,433,9.78612659395e-17,15333.3333333,-1.18564744248e-19,-0.0221100997821,0.816438579877,745.3559925,9107.3709784,0.837808709247
6,0.0228452790444,16000.0,14000.0,2.29418705025,0.00937654601639,434,-1.95311847841e-16,15166.6666667,4.2399233191e-19,-0.0228452790444,0.847318691164,897.527467856,9376.19235402,0.830378554289
6,0.0225548573807,16000.0,15000.0,2.36363362843,0.00905714248813,435,-1.58359226405e-17,15500.0,1.68476658887e-18,-0.0225548573807,0.670305632066,500.0,9419.39368789,0.860200108021
6,0.0215530397727,16000.0,15000.0,2.21925186583,0.00952895040399,436,2.08408501781e-16,15666.6666667,6.08230983214e-18,-0.0215530397727,0.866989222251,471.404520791,9113.20363341,0.797170141714
5,0.0209267346596,16000.0,13000.0,2.21918389795,0.00652178162696,437,-5.18584248759e-17,14600.0,1.99848481199e-18,-0.0209267346596,0.832309700159,1356.46599663,8925.86783014,0.797139514761
6,0.0184615486769,16000.0,14000.0,2.21127242458,0.00752498929321,438,1.07678773662e-16,15500.0,1.93989625472e-18,-0.0184615486769,0.78336082946,763.762615826,9476.08245536,0.793568107571
4,0.0307151863746,16000.0,15000.0,2.24101697476,0.0094371308259,439,5.60033683358e-17,15250.0,1.54352577903e-18,-0.0307151863746,0.900982208833,433.012701892,9386.59207697,0.806929769426
7,0.0242712009279,16000.0,13000.0,2.16809340806,0.00870183769489,440,5.94826807502e-17,15142.8571429,1.99857471062e-18,-0.0242712009279,0.8628424848,1124.85826772,9223.05434904,0.773848167546
7,0.0202544648556,16000.0,13000.0,2.16342727472,0.00969084788368,441,2.17363554592e-16,15285.7142857,2.03321274639e-18,-0.0202544648556,0.809229776861,1030.15750728,9357.26900015,0.771693665477
7,0.021066540971,16000.0,13000.0,2.21129144685,0.0089163916809,442,-6.99677161024e-17,15428.5714286,2.71019225283e-18,-0.021066540971,0.896900227182,1049.78131834,9881.35968166,0.793576709946
6,0.0174000494837,16000.0,14000.0,2.22612647451,0.00725403142906,443,4.9745028128e-17,15333.3333333,-1.65194335538e-18,-0.0174000494837,0.86388461776,745.3559925,9216.35845465,0.800263068182
5,0.0173339796951,16000.0,15000.0,2.26975687631,0.00652413801349,444,3.6832043471e-18,15400.0,2.13368863416e-18,-0.0173339796951,0.440096184148,489.897948557,8870.42004004,0.819672722809
6,0.0196237550432,16000.0,15000.0,2.22258459226,0.00709573824362,445,-1.1616040282e-17,15166.6666667,-2.8637703322e-18,-0.0196237550432,0.883546539781,372.67799625,9087.44801099,0.79867074944
5,0.0228252219444,16000.0,14000.0,2.23387918882,0.00769441982951,446,-7.03477680149e-17,15000.0,-3.08790928358e-18,-0.0228252219444,0.534579368323,894.427191,7508.55950863,0.803739620768
5,0.0255406371694,15000.0,14000.0,2.18165062196,0.0099552854239,447,-4.85517077896e-17,14800.0,-1.57649636685e-18,-0.0255406371694,0.783002375646,400.0,8594.39830976,0.780081756334
6,0.0243418952508,16000.0,15000.0,2.1799042282,0.00815791234312,448,-5.87955161441e-17,15666.6666667,-2.37607809301e-18,-0.0243418952508,0.806771336676,471.404520791,9497.07330734,0.779280943819
5,0.0235689565434,15000.0,15000.0,2.21945611351,0.00965439459836,449,-4.12482144333e-18,15000.0,-2.3880034354e-18,-0.0235689565434,0.621975419576,0.0,9177.58924163,0.797262171955
8,0.0191950614214,16000.0,14000.0,2.19921129861,0.0096178787472,450,4.91192180524e-18,15250.0,7.63716385264e-19,-0.0191950614214,0.874192088716,829.156197589,9832.28608994,0.788098795457
6,0.0196162079472,16000.0,14000.0,2.1923974645,0.00937616244915,451,1.15174516802e-17,14833.3333333,-2.07508802285e-18,-0.0196162079472,0.882449826434,687.184270936,9168.26396094,0.784995677696
7,0.021796355156,16000.0,14000.0,2.13814821948,0.00692832802037,452,1.0664999557e-16,15285.7142857,1.71702475045e-18,-0.021796355156,0.868045488543,699.854212224,9175.81122031,0.759940136428
7,0.0185992123732,16000.0,14000.0,2.14731678571,0.00900071235746,453,-6.15472150733e-17,15285.7142857,2.98120808762e-18,-0.0185992123732,0.871370805725,699.854212224,9716.66971133,0.764219056083
7,0.0258379568835,16000.0,13000.0,2.16710754156,0.00796164115512,454,-1.40808773855e-16,15285.7142857,-3.48813368967e-18,-0.0258379568835,0.801564307244,1030.15750728,9359.6066527,0.773393348254
7,0.0175772933119,16000.0,15000.0,2.18896318978,0.00673237864587,455,-2.41971684854e-17,15285.7142857,-9.77071282153e-19,-0.0175772933119,0.840671796856,451.753951453,9362.15975817,0.7834280024
5,0.0213618198611,16000.0,14000.0,2.18441544683,0.00677495169647,456,-2.56039806067e-17,15200.0,-4.33935865639e-19,-0.0213618198611,0.906742608418,979.795897113,9237.28486227,0.781348262701
6,0.0169540558584,16000.0,14000.0,2.12679093597,0.00817483096142,457,-2.02715769534e-16,15000.0,1.38625589047e-18,-0.0169540558584,0.890497962016,577.35026919,9559.11700344,0.754614240822
7,0.0271180344065,16000.0,14000.0,2.13765052506,0.00918767458317,458,4.47838555899e-18,14714.2857143,1.24628026329e-18,-0.0271180344065,0.902759321756,699.854212224,9581.6364385,0.759707340431
6,0.0287015486432,16000.0,15000.0,2.15665185589,0.00962253668175,459,9.52397202497e-18,15333.3333333,-2.58543100216e-18,-0.0287015486432,0.926173705984,471.404520791,9788.09078768,0.768556952383
7,0.0174983082561,16000.0,15000.0,2.2294237825,0.00889285275736,460,-1.18552884994e-16,15571.4285714,2.11106172989e-18,-0.0174983082561,0.928438402835,494.871659305,9878.57050893,0.801743158585
4,0.0279152957411,16000.0,14000.0,2.1810024453,0.00960228851599,461,1.74870293256e-16,15000.0,3.73814138694e-18,-0.0279152957411,-0.811932092647,707.106781187,9052.44814143,0.779784608402
6,0.0194122152538,16000.0,15000.0,2.22048916249,0.00949456311008,462,1.82811869519e-16,15500.0,-2.21839458352e-18,-0.0194122152538,0.865116177933,500.0,9394.57849148,0.797727515076
6,0.0141992602927,16000.0,14000.0,2.31809827711,0.00794729960125,463,-1.85199626584e-17,15500.0,-3.92873852414e-18,-0.0141992602927,0.903664094117,763.762615826,9422.92245994,0.840747141389
7,0.0184510103648,16000.0,15000.0,2.27584069275,0.00577728741769,464,-3.42211007174e-17,15428.5714286,5.82501305373e-18,-0.0184510103648,0.785558959519,494.871659305,9246.79253194,0.822349519416
4,0.0271091775204,16000.0,15000.0,2.26093350225,0.00861898378706,465,-1.39582763807e-16,15750.0,2.96992083752e-19,-0.0271091775204,0.818738731916,433.012701892,8904.09960115,0.815777782093
7,0.0223097852881,16000.0,15000.0,2.31422581845,0.00934095236864,466,3.2435073055e-16,15571.4285714,-1.85069582342e-18,-0.0223097852881,0.866222045066,494.871659305,9792.8063813,0.83907521193
7,0.0217030441803,16000.0,14000.0,2.23695797342,0.00657149098993,467,-1.65938159847e-17,15285.7142857,-3.65618463953e-18,-0.0217030441803,0.83166804291,699.854212224,9229.58612754,0.805116895303
4,0.0195457323434,16000.0,15000.0,2.24227729339,0.00980006250704,468,4.41624329869e-17,15500.0,1.91205714415e-18,-0.0195457323434,0.706687546826,500.0,9266.71882526,0.807491998267
5,0.0189451513168,16000.0,14000.0,2.22673297963,0.00677378374264,469,-9.49510830761e-17,15400.0,3.14508803796e-18,-0.0189451513168,0.885099023458,800.0,9330.87082106,0.800535479708
5,0.0190972573837,16000.0,15000.0,2.20732677218,0.00823215931061,470,3.47635444815e-17,15400.0,4.44948304815e-18,-0.0190972573837,0.850387432467,489.897948557,8904.4898285,0.791782178019
7,0.0198767853415,16000.0,14000.0,2.13750757969,0.00799788316845,471,1.1007039644e-16,15142.8571429,-1.86330243852e-18,-0.0198767853415,0.846092633603,832.993127835,8730.38417885,0.759640467874
4,0.0177884865456,16000.0,15000.0,2.18953586052,0.00650213270904,472,2.61630837658e-16,15500.0,-7.33825119436e-19,-0.0177884865456,0.563407020105,500.0,8549.99405313,0.783689585533
9,0.0198547118472,16000.0,14000.0,2.17148229862,0.00701239163463,473,-4.45452206867e-17,15444.4444444,-3.26379150572e-18,-0.0198547118472,0.831485817611,684.934889219,10122.5624318,0.775410021275
6,0.0213361608022,16000.0,14000.0,2.2032903259,0.00959551131442,474,1.16484711793e-16,15500.0,-2.83921139637e-18,-0.0213361608022,-0.907266624881,763.762615826,9895.17666718,0.789951845745
7,0.025945026883,16000.0,15000.0,2.15742929698,0.00998153799591,475,-2.18086725387e-16,15571.4285714,5.23900844766e-18,-0.025945026883,0.658004682783,494.871659305,8996.31957766,0.768917372628
8,0.0131870442178,16000.0,14000.0,2.17368114469,0.00836472089977,476,-1.65786666906e-17,15125.0,-7.31465100547e-19,-0.0131870442178,0.867319781421,780.6247498,9636.41563396,0.776422110367
6,0.0176960274926,16000.0,15000.0,2.15138183375,0.00819681049456,477,-3.84944990011e-16,15500.0,2.15171809726e-18,-0.0176960274926,0.531619508846,500.0,9043.36104778,0.766110349062
7,0.0196124122504,16000.0,14000.0,2.19513564243,0.00994521838197,478,4.22936588367e-17,15285.7142857,-2.32334409078e-18,-0.0196124122504,0.82493039401,699.854212224,9371.47900943,0.786243840716
4,0.0205586667331,16000.0,13000.0,2.1517056383,0.00671142046888,479,1.97582063704e-17,14750.0,-2.80360948109e-18,-0.0205586667331,0.343805683472,1089.72473589,8693.19575295,0.766260847767
8,0.0271390219547,16000.0,15000.0,2.13536147797,0.00870481170518,480,-1.74075729676e-16,15750.0,2.0388934555e-18,-0.0271390219547,0.836031733272,433.012701892,9511.15849945,0.758635942872
6,0.0170687579176,15000.0,14000.0,2.15541719175,0.00917015594032,481,4.1503664472e-17,14666.6666667,1.12242426738e-18,-0.0170687579176,0.541114003202,471.404520791,8667.09581323,0.767984297278
5,0.0212155783293,16000.0,15000.0,2.14677452549,0.00772899191079,482,6.04444881301e-18,15600.0,7.98826583188e-19,-0.0212155783293,0.650818222854,489.897948557,8454.37035659,0.763966494979
5,0.0153491503277,16000.0,15000.0,2.09073169167,0.00642773870649,483,2.19450120739e-17,15800.0,-1.86867149015e-19,-0.0153491503277,0.696533144764,400.0,9631.33507355,0.737514096419
5,0.021466503108,16000.0,15000.0,2.08695080029,0.00878798890484,484,-7.02838735844e-17,15800.0,-1.86774770441e-18,-0.021466503108,0.858071683981,400.0,8775.55327692,0.735704053446
4,0.0217498178389,16000.0,15000.0,2.08820582037,0.00785427260359,485,1.66616141605e-16,15750.0,9.48089333183e-19,-0.0217498178389,0.475978937954,433.012701892,7897.92546738,0.736305238136
6,0.0176146922493,16000.0,13000.0,2.05368797429,0.00646905340683,486,5.23919532097e-17,14833.3333333,2.46317896192e-18,-0.0176146922493,0.748522559106,897.527467856,9275.55307007,0.719637188715
6,0.0148750195881,16000.0,14000.0,2.08825545059,0.00831390380117,487,-1.37699991646e-16,15166.6666667,-1.08363049438e-18,-0.0148750195881,0.75036960897,687.184270936,8488.10291043,0.736329004772
5,0.0188940908255,16000.0,14000.0,2.05333907412,0.00779163657746,488,-2.23285077578e-17,14800.0,1.55882180796e-18,-0.0188940908255,0.824658578948,748.331477355,8004.6136363,0.719467284712
5,0.0226155108423,16000.0,14000.0,2.03699646211,0.00785695422388,489,-1.10201266536e-16,15200.0,-1.56323709438e-18,-0.0226155108423,0.82659022987,979.795897113,8659.38106238,0.711476400428
5,0.0131392459094,16000.0,15000.0,2.05271361733,0.00738945100137,490,4.11072467837e-17,15600.0,1.00328749795e-18,-0.0131392459094,0.86522013387,489.897948557,9384.95950956,0.719162633582
5,0.0210427922317,16000.0,14000.0,2.04422195037,0.0089533714006,491,-6.49104497465e-17,15600.0,-4.15241539668e-18,-0.0210427922317,0.82749480498,800.0,8803.60059362,0.715017252734
4,0.017336225307,15000.0,14000.0,2.03285038084,0.00645651389449,492,-1.04540774447e-17,14500.0,4.35475702577e-20,-0.017336225307,0.771638793304,500.0,8270.82308028,0.709438936678
7,0.0237642108289,16000.0,14000.0,2.01408110681,0.00861145056375,493,2.92665362274e-17,15142.8571429,2.07599527102e-18,-0.0237642108289,0.671514328103,638.876565,8915.63406506,0.700163064992
4,0.0222548306008,15000.0,14000.0,1.96655909724,0.00922920729475,494,1.01184883257e-16,14750.0,-3.09481865533e-18,-0.0222548306008,-3.36005659715,433.012701892,8521.16834342,0.67628536443
4,0.0154665783579,16000.0,15000.0,1.96801859418,0.00665701200245,495,8.07027588752e-17,15250.0,-5.55493869979e-19,-0.0154665783579,0.617878200857,433.012701892,7415.54839494,0.677027246848
4,0.0265969026797,16000.0,15000.0,1.96342991633,0.00911882964149,496,-3.5265907841e-17,15500.0,2.39329873411e-18,-0.0265969026797,0.761275646014,500.0,8415.25433513,0.67469290116
5,0.0155509926643,15000.0,14000.0,1.99341499701,0.00672374310795,497,-5.88648456699e-17,14600.0,2.23062843837e-18,-0.0155509926643,0.875003009496,489.897948557,9120.09564106,0.689849246856
4,0.0199430704398,16000.0,14000.0,1.9917619987,0.00866719662793,498,-2.22144896075e-17,15000.0,8.689800337e-19,-0.0199430704398,0.862557810299,707.106781187,8572.55282714,0.689019673462
6,0.0211564191147,16000.0,14000.0,1.99179496773,0.0075257275709,499,9.58529687091e-17,15166.6666667,-3.6711082061e-18,-0.0211564191147,0.614266642363,687.184270936,8062.15396865,0.689036226019
