Iteration,ExplainedVariance,MaxReturn,MinReturn,dLoss,LossBefore,StdReturn,LossAfter,MeanKL,Perplexity,AverageDiscountedReturn,AverageReturn,Entropy,NumTrajs,MeanKLBefore
0,5.88418203051e-15,5942.5,-7313.75,0.0,-0.00214715701858,5413.28981279,-0.00214715701858,0.00951241588612,4.81939605499,-100.821956591,-774.166666667,1.57264862042,3,0.00951241588612
1,-1.14789320255,367.5,-5307.5,0.0161354368438,-0.00689608092974,2427.53304131,-0.0230315177735,0.00975435385414,4.90343532877,-439.795460562,-1957.5,1.58993604697,3,0.00843979326713
2,-0.269824538157,-1376.25,-8020.0,0.00869070537967,-0.00745906060731,2824.4852653,-0.016149765987,0.00951074900049,4.78476498207,-301.981677545,-4140.83333333,1.56543690814,3,0.00722286513739
3,-0.0421812620388,2367.5,-3120.0,0.015611105711,-7.46916941528e-05,2524.51177898,-0.0156857974051,0.00944720832974,4.83704311814,528.313993952,446.666666667,1.57630360803,3,0.00798500431542
4,-0.119122409941,-145.0,-8020.0,0.0,-0.00233005568664,3237.34314292,-0.00233005568664,0.021088227088,4.49264688509,-438.668711728,-4351.25,1.50244203477,3,0.021088227088
5,-0.0568799442402,-70.0,-8020.0,0.0,0.0124280293982,3747.66594029,0.0124280293982,0.0203186627892,4.17111864071,-749.938080629,-5370.0,1.428184259,3,0.0203186627892
6,-0.852740602027,6298.75,-8020.0,0.0,-0.00148681428704,6052.48098235,-0.00148681428704,0.014065325335,4.75847219017,683.324921814,248.75,1.55992664827,3,0.014065325335
7,-2.00979042843,-8020.0,-8020.0,0.0158955763279,-0.0217662456834,0.0,-0.0376618220113,0.00977212824259,3.88399154317,-910.247233625,-8020.0,1.35686337308,3,0.00887060453158
8,-0.357513242591,2798.75,-3770.0,0.0,-0.0142542199191,2722.54444663,-0.0142542199191,0.0104748280103,4.85777068916,-12.2105293935,-817.916666667,1.58057962674,3,0.0104748280103
9,-0.129566942578,4617.5,-7638.75,0.0,-0.034309945713,5120.0289238,-0.034309945713,0.0172594253383,4.47465420258,-47.0197620146,-2278.33333333,1.49842907557,3,0.0172594253383
10,-2.23112132169,-1288.75,-7351.25,0.0,0.00968978460329,2748.91234804,0.00968978460329,0.0144675557313,4.65567819633,-659.299275784,-3474.16666667,1.53808759213,3,0.0144675557313
11,0.0739087735736,8036.25,-8020.0,0.0,-0.017220598549,6697.48281384,-0.017220598549,0.0177935244042,4.27561914538,22.0862129184,-963.75,1.45292892123,3,0.0177935244042
12,-18.3894079523,-957.5,-3482.5,0.0,0.0158508954637,1133.50182571,0.0158508954637,0.0222824696344,4.57172053857,-177.114706931,-1886.66666667,1.51988961952,3,0.0222824696344
13,-0.0650957396295,-2413.75,-3926.25,0.0,0.00914444536619,620.28079439,0.00914444536619,0.0140412107231,4.53760797416,-67.5664541807,-3128.33333333,1.51239999526,3,0.0140412107231
14,0.0493193410048,9155.0,-8020.0,0.0,-0.0144018187215,7014.04345264,-0.0144018187215,0.0160369986431,4.67029107075,558.781177957,696.666666667,1.54122139752,3,0.0160369986431
15,0.474327839001,4086.25,-8020.0,0.0,0.0138893583621,4977.18492641,0.0138893583621,0.032159582985,4.24781538849,-167.264998701,-2382.5,1.44640482454,3,0.032159582985
16,-0.59675534673,9917.5,-2088.75,0.0,0.00359023515375,5309.22039292,0.00359023515375,0.0144441061308,4.7972449483,642.409609395,2471.66666667,1.56804178403,3,0.0144441061308
17,0.0346590781171,2761.25,-8020.0,0.0,-0.042349110714,4492.51789244,-0.042349110714,0.0318294104174,4.45739848284,-422.078999991,-1992.91666667,1.49456529604,3,0.0318294104174
18,-0.35246231229,-1926.25,-8020.0,0.0,0.00520036210602,2510.53163637,0.00520036210602,0.0203735066738,4.44358337301,-752.178133318,-4734.58333333,1.49146111693,3,0.0203735066738
19,-0.488320393721,5192.5,-6732.5,0.0123976835559,-0.00184116535282,5000.10156147,-0.0142388489087,0.00992215774219,4.82671829105,130.633704268,-1576.25,1.57416679389,3,0.00949056212814
20,-4.40992840396,1048.75,-6532.5,0.0,-0.031515296148,3103.882817,-0.031515296148,0.0148439357576,4.49395769285,-506.949654628,-2907.5,1.50273375958,3,0.0148439357576
21,-0.315212675567,3711.25,-5082.5,0.00371309697346,-0.00801919557271,3890.10162142,-0.0117322925462,0.00996078167311,4.72780736892,-407.180052949,-1745.0,1.55346153666,3,0.00986220892502
22,-0.144041111206,-5557.5,-8020.0,0.0,0.00351838515186,1125.8137489,0.00351838515186,0.0201520757616,4.16944937598,-716.777018522,-7147.08333333,1.42778398296,3,0.0201520757616
23,0.398313032683,-663.75,-8020.0,0.0,-0.000275114187201,3056.2620711,-0.000275114187201,0.0238454755251,4.3241221684,-362.030360331,-4742.91666667,1.46420915294,3,0.0238454755251
24,0.062460346507,7880.0,-6138.75,0.00637078733383,-0.0105162059926,5740.74058206,-0.0168869933264,0.00993031949724,4.68426608976,103.502974905,1188.33333333,1.54420925236,3,0.0094903321998
25,-3.79605997688,342.5,-3057.5,0.0,0.00323218844518,1567.24557123,0.00323218844518,0.0103409568908,4.77456846397,-99.1722452933,-1872.08333333,1.56330359581,3,0.0103409568908
26,0.0552865816946,7192.5,-8020.0,0.0,0.00150215270577,6672.42654824,0.00150215270577,0.0183603201416,4.68164960516,-41.6193742714,-2138.75,1.54365052756,3,0.0183603201416
27,-1.93077186613,3773.75,-5207.5,0.0,-0.00576971777474,3725.24118347,-0.00576971777474,0.0102431519489,4.78868380683,314.241522094,-1182.5,1.5662555943,3,0.0102431519489
28,-0.291981244956,2867.5,-4001.25,0.0,-0.0105346904767,3003.8184611,-0.0105346904767,0.0189236550185,4.45657315126,-395.345041229,-1328.33333333,1.49438011896,3,0.0189236550185
29,-0.925586226568,4280.0,-5526.25,0.0164787021063,-0.00618313616142,4107.23552777,-0.0226618382677,0.00937139753819,4.64969449852,-57.5059127097,-1272.08333333,1.5368015182,3,0.00803160299317
30,-0.665804527393,-3095.0,-8020.0,0.0,-0.00359059039906,2318.72660216,-0.00359059039906,0.0127734851577,4.42440197336,-525.0502675,-6374.16666667,1.48713512206,3,0.0127734851577
31,-0.330579011767,-2932.5,-6538.75,0.0,0.00243321913982,1478.33603438,0.00243321913982,0.0124265026817,4.70154847041,-690.387575658,-4640.83333333,1.54789191625,3,0.0124265026817
32,-0.182181078255,5711.25,-5538.75,0.0232771963737,-0.0159384060533,4663.20183875,-0.039215602427,0.0087857196118,4.57004760198,241.219856062,657.083333333,1.51952362104,3,0.00658627926076
33,-1.299289555,1467.5,-6820.0,0.0,9.8124483361e-05,3387.52306265,9.8124483361e-05,0.0138324540659,4.77083410809,-409.982983402,-2557.5,1.56252115504,3,0.0138324540659
34,0.259083926409,4723.75,-8020.0,0.0183181610896,-0.00325735095406,6007.46136183,-0.0215755120437,0.00944644643307,4.2111786486,-341.379468646,-3772.08333333,1.43774257255,3,0.00802508374773
35,-0.172956514412,-5882.5,-8020.0,0.0166474131132,0.00571478399441,881.360808636,-0.0109326291188,0.00905846558859,4.24388654915,-789.404521798,-7038.75,1.44547948834,3,0.0064680376334
36,0.709615330555,-5207.5,-8020.0,0.0,-0.00183859935732,1325.82521472,-0.00183859935732,0.0105972604428,4.24304154422,-881.676152483,-7082.5,1.44528035741,3,0.0105972604428
37,-0.65756040866,8217.5,217.5,0.0,0.00577440706795,3486.32746119,0.00577440706795,0.0167478395168,4.63766936929,1733.16787418,5080.0,1.53421194895,3,0.0167478395168
38,0.0807381428656,2748.75,-8020.0,0.0105163789107,0.0061532324252,4771.53106252,-0.00436314648547,0.00995518726426,4.22153264407,112.164887257,-1324.16666667,1.44019824791,3,0.00944163962655
39,-1.26839725252,-688.75,-8020.0,0.0,-0.00629977782799,3312.15800121,-0.00629977782799,0.0143239598906,4.60461784031,-122.766865659,-3351.25,1.52705967827,3,0.0143239598906
40,0.124084076368,3455.0,-8020.0,0.00721764446246,-0.00295674956131,5409.36687608,-0.0101743940238,0.00858281879825,4.00924875162,-437.052068339,-4195.0,1.38860388003,3,0.00498717536841
41,-3.62777425568,-1601.25,-4795.0,0.0,0.00419886649639,1341.76047809,0.00419886649639,0.0135935737289,4.42004589775,-611.301833563,-3422.08333333,1.48615008014,3,0.0135935737289
42,0.2277110996,-6601.25,-8020.0,0.0,0.00419380417509,668.805163872,0.00419380417509,0.0114758333844,4.35948607129,-877.37291108,-7547.08333333,1.47235417686,3,0.0114758333844
43,0.351595363025,-4982.5,-7695.0,0.0,0.0210719514704,1124.8302341,0.0210719514704,0.0213663083351,4.49630993961,-770.685220981,-6199.16666667,1.50325704696,3,0.0213663083351
44,-0.0748971019907,-1407.5,-5613.75,0.0,-0.00342865773545,1819.8295288,-0.00342865773545,0.0178698439605,4.56000433055,-376.241958349,-3084.58333333,1.51732357321,3,0.0178698439605
45,-0.123632875138,-3401.25,-5838.75,0.0,0.0184876532475,1085.27070356,0.0184876532475,0.0187952470278,4.28126243019,-389.643451103,-4926.25,1.45424792643,3,0.0187952470278
46,0.632359346676,-6482.5,-8020.0,0.0,-0.0176515096695,723.315812,-0.0176515096695,0.0146232705168,4.45819801076,-877.181637192,-6997.08333333,1.49474465093,3,0.0146232705168
47,0.140695229034,4355.0,-8020.0,0.0,-0.0196342116481,5092.36646173,-0.0196342116481,0.0111950656493,4.28286627134,-184.877639796,-2284.58333333,1.45462247502,3,0.0111950656493
48,-0.983936233832,4255.0,-5157.5,0.0,0.00485320013566,3960.14432257,0.00485320013566,0.0132231654533,4.45967551233,-161.543441149,-1128.33333333,1.4950760083,3,0.0132231654533
49,-0.619746576799,-801.25,-8020.0,0.0,0.035226125027,2968.70394701,0.035226125027,0.0159371860474,4.18965988724,-139.126799958,-4157.5,1.43261955814,3,0.0159371860474
50,0.217598864094,-4107.5,-7645.0,0.0,0.00699123094445,1453.24110946,0.00699123094445,0.025220448922,4.28343274321,-625.306303309,-5761.66666667,1.45475473094,3,0.025220448922
51,0.358474839778,3080.0,-6182.5,0.0,-0.0179219610058,4341.55770017,-0.0179219610058,0.0132966837988,4.61150467175,-205.281928589,-3059.58333333,1.52855419676,3,0.0132966837988
52,0.327727843438,1942.5,-8020.0,0.0231811055626,-0.000570099104267,4509.39220467,-0.0237512046669,0.00932415817935,4.06095450118,-193.178934253,-4415.83333333,1.4014180448,3,0.00528863455172
53,0.496786815127,-2070.0,-8020.0,0.0,0.00770167642934,2804.85689871,0.00770167642934,0.0141170842998,4.47279030556,-648.843042236,-6036.66666667,1.49801244331,3,0.0141170842998
54,0.692151524079,-8020.0,-8020.0,0.0,0.0272903068723,0.0,0.0272903068723,0.0112918551982,4.22321216429,-910.247233625,-8020.0,1.44059601487,3,0.0112918551982
55,0.436282809004,-2707.5,-8020.0,0.0,-0.0166942880404,2504.3365167,-0.0166942880404,0.0126747645474,4.12463067525,-622.957815838,-6249.16666667,1.41697648251,3,0.0126747645474
56,0.264795717245,-8020.0,-8020.0,0.0198418214112,-0.012010055848,0.0,-0.0318518772592,0.0099199201098,4.06743206022,-910.247233625,-8020.0,1.40301185689,3,0.00707240104251
57,0.158403867053,-1138.75,-6107.5,0.0,-0.000154932237996,2224.01858818,-0.000154932237996,0.0143362680711,4.27112176516,-703.424882758,-4267.91666667,1.45187650121,3,0.0143362680711
58,0.167265261177,-3001.25,-8020.0,0.0,0.0161565133284,2073.23175997,0.0161565133284,0.011471667629,4.16240030382,-782.280213072,-5734.58333333,1.42609190399,3,0.011471667629
59,-0.00935511105029,-1082.5,-8020.0,0.0,0.000108905530143,3058.65546669,0.000108905530143,0.0106038688534,4.19173851329,-486.625550608,-3734.58333333,1.43311556752,3,0.0106038688534
60,0.0356339973452,-288.75,-7001.25,0.0,-0.00264370295766,2758.10516428,-0.00264370295766,0.0108616397628,4.22952827617,-582.838395038,-3865.83333333,1.4420904682,3,0.0108616397628
61,0.191644082297,11780.0,-8020.0,0.0,0.0143031828935,8287.79694038,0.0143031828935,0.0104075758408,4.33754015106,420.081561984,586.25,1.46730740196,3,0.0104075758408
62,-3.51784253973,4717.5,-2120.0,0.0,-0.0112845077577,2843.55234356,-0.0112845077577,0.0127924605091,4.40481560993,246.29546904,915.416666667,1.48269839924,3,0.0127924605091
63,0.197158977328,-357.5,-8020.0,0.0,-0.00386334987528,3612.13714056,-0.00386334987528,0.012567023241,4.26141239361,-695.4930012,-5465.83333333,1.44960065313,3,0.012567023241
64,-0.397483049687,1761.25,-4745.0,0.0,-0.00428955146392,2746.78947693,-0.00428955146392,0.0202254870122,4.27943526899,-203.333988901,-997.083333333,1.45382105439,3,0.0202254870122
65,0.645420529975,-151.25,-8020.0,0.00433944978451,-0.00886926324503,3709.36432297,-0.0132087130295,0.00818774032766,4.07196002612,-570.979230181,-5397.08333333,1.40412446243,3,0.00449871988627
66,0.552334657364,6561.25,-8020.0,0.0214475204969,-0.0047105683985,6873.66716878,-0.0261580888954,0.0088189660686,4.22881955018,-268.138407373,-3159.58333333,1.44192288796,3,0.00655735299665
67,0.916207311531,-8020.0,-8020.0,0.0168728485196,0.00139752551731,0.0,-0.0154753230023,0.00896161469568,4.05559334817,-910.247233625,-8020.0,1.40009700194,3,0.00571669012084
68,-0.0165622784477,-1107.5,-8020.0,0.0041429025902,-5.64074141309e-05,2823.69069954,-0.00419931000433,0.00931405847284,4.53704761383,-583.601443531,-4495.0,1.51227649519,3,0.00790258641352
69,-1.20505515213,-3057.5,-5101.25,0.0,0.00816928009274,846.505274972,0.00816928009274,0.0150633206898,4.4970371389,-401.146531019,-4180.41666667,1.50341876635,3,0.0150633206898
70,0.812356917819,-8020.0,-8020.0,0.0,-0.0120094388887,0.0,-0.0120094388887,0.00750519581105,4.10188829616,-910.247233625,-8020.0,1.41144742773,3,0.00750519581105
71,-0.994966709487,-463.75,-4982.5,0.014887194076,-0.00841911495398,1990.23004324,-0.02330630903,0.00957501011041,4.5314917283,-577.609929755,-3251.25,1.51105118513,3,0.00626546839434
72,0.0317991454882,911.25,-8020.0,0.0,-0.00293780075666,3647.42465271,-0.00293780075666,0.0118763538593,4.20099387702,-487.052723995,-3622.08333333,1.43532113468,3,0.0118763538593
73,0.337682326979,1680.0,-8020.0,0.0,-0.00668770452651,4572.62385167,-0.00668770452651,0.0121901162311,4.33246888163,-564.104434287,-4786.66666667,1.46613756004,3,0.0121901162311
74,0.817733977713,-8020.0,-8020.0,0.00198900398907,-0.00689142927968,0.0,-0.00888043326875,0.00968536542032,4.19771270466,-910.247233625,-8020.0,1.43453978282,3,0.00713328512076
75,-0.115281876005,1986.25,-8020.0,0.0265357764125,3.35454975136e-05,4238.4166085,-0.026502230915,0.00949830921007,4.12853373556,-154.547663924,-2217.91666667,1.41792231623,3,0.00553662380747
76,-0.497756176095,-8020.0,-8020.0,0.0,-0.0292694370453,0.0,-0.0292694370453,0.0115581127374,4.3527318832,-910.247233625,-8020.0,1.47080366711,3,0.0115581127374
77,0.359528815722,-1582.5,-8020.0,0.0172138313675,-0.00531519117793,3034.66660259,-0.0225290225455,0.00907728746486,4.28559048032,-478.589506863,-5874.16666667,1.45525834426,3,0.00615334144296
78,0.909221436929,-8020.0,-8020.0,0.0188801215407,0.00782077054472,0.0,-0.011059350996,0.00857843829551,3.96109679584,-910.247233625,-8020.0,1.37652095556,3,0.00517103131404
79,0.185210490707,-857.5,-8020.0,0.0248846618769,-0.0067403383092,3376.43488017,-0.0316250001861,0.00901874485239,4.26784583309,-422.930791799,-5632.5,1.4511092112,3,0.00640519611435
80,0.479133554448,-8007.5,-8020.0,0.0121928264237,0.000112522034182,5.89255650989,-0.0120803043895,0.00841099709463,4.08011584077,-910.171302595,-8015.83333333,1.40612538036,3,0.00456751966026
81,0.693984696321,-5563.75,-8020.0,0.0,-0.000238177776969,1003.43593744,-0.000238177776969,0.0144417070209,4.29364586225,-711.533318638,-6817.91666667,1.45713622336,3,0.0144417070209
82,-0.332103671418,9530.0,-2707.5,0.0,0.0114644520682,4996.13392201,0.0114644520682,0.0147464715878,4.46082457805,905.619131353,3380.0,1.49533363191,3,0.0147464715878
83,-0.522408557992,-8020.0,-8020.0,0.0196995569748,0.0123530433678,0.0,-0.00734651360703,0.00973531736591,4.06313565572,-910.247233625,-8020.0,1.40195500452,3,0.00790285378824
84,-6.8502802511,-1920.0,-8020.0,0.0,0.00833849718716,2875.56757683,0.00833849718716,0.0164204704799,4.47642276444,-777.632221935,-5986.66666667,1.49882423738,3,0.0164204704799
85,0.5992175552,-2982.5,-8020.0,0.0,-0.000148776430638,2374.70027348,-0.000148776430638,0.00555976978655,4.1676609176,-767.36284187,-6340.83333333,1.4273549474,3,0.00555976978655
86,0.588817411953,1823.75,-8020.0,0.0,-0.00495469092235,4640.38825154,-0.00495469092235,0.0178811765122,4.56884625746,-526.59471195,-4738.75,1.51926071296,3,0.0178811765122
87,-0.371810646862,2898.75,-8020.0,0.00990416798444,0.000740198639518,4709.2062244,-0.00916396934493,0.00986762246017,4.54644659961,-378.131398282,-1486.66666667,1.51434596073,3,0.00930277069576
88,-3.19951523884,-3907.5,-7407.5,0.0,0.000223901315828,1428.88116682,0.000223901315828,0.0179388020607,4.27122194181,-678.430463487,-5653.33333333,1.45189995534,3,0.0179388020607
89,-0.179574575546,6436.25,-8020.0,0.0,-0.0102606144749,6337.134961,-0.0102606144749,0.0140320751925,4.40095686022,385.133531858,840.416666667,1.48182198551,3,0.0140320751925
90,-5.386660329,-5620.0,-8020.0,0.0106509515515,0.00179619937221,1131.3708499,-0.00885475217933,0.00973162474938,4.35464907701,-866.172902072,-7220.0,1.47124402773,3,0.00834866448551
91,0.768066095728,-7732.5,-8020.0,0.0098694206514,0.0077134130543,135.528799727,-0.0021560075971,0.00998845659182,4.40671252985,-908.049240442,-7924.16666667,1.48312895338,3,0.00912137839146
92,0.989069567998,-8020.0,-8020.0,0.00498520014019,0.000119770903804,0.0,-0.00486542923638,0.00851095885283,4.13780491388,-910.247233625,-8020.0,1.42016543319,3,0.00276316748394
93,0.818214198188,-8020.0,-8020.0,0.0,-0.00229657408574,0.0,-0.00229657408574,0.0136485617981,4.16813509476,-910.247233625,-8020.0,1.4274687163,3,0.0136485617981
94,-0.159957174538,-1201.25,-8020.0,0.0,-0.00706318834679,2799.13646158,-0.00706318834679,0.0181313535154,4.5577863389,-747.447731555,-4403.33333333,1.51683705366,3,0.0181313535154
95,-0.0337275395326,-432.5,-6257.5,0.0,0.00089077027595,2378.16309832,0.00089077027595,0.012815520915,4.54449503825,-669.489768095,-3361.66666667,1.51391661876,3,0.012815520915
96,0.519817347289,-2713.75,-8020.0,0.0277211766959,0.0034395975435,2501.39023845,-0.0242815791524,0.00808031692224,4.1521461895,-657.953596072,-6251.25,1.42362535466,3,0.00353527112023
97,0.971107614832,-8020.0,-8020.0,0.0191824264201,0.000915708627479,0.0,-0.0182667177926,0.00678949061451,4.07628653062,-910.247233625,-8020.0,1.4051864099,3,0.00199743382425
98,0.993571988323,-8020.0,-8020.0,0.0159107177517,0.00467398389683,0.0,-0.0112367338548,0.00776355288418,4.03122107692,-910.247233625,-8020.0,1.39406932682,3,0.002770127289
99,0.994148947895,-8020.0,-8020.0,0.0142439271038,-0.00550206940684,0.0,-0.0197459965106,0.00847373684712,3.93256622775,-910.247233625,-8020.0,1.36929219694,3,0.00363629804259
100,0.0743793334053,1030.0,-8020.0,0.00770783280773,-0.000761689127285,3717.9288309,-0.00846952193501,0.00999860639515,4.17820593609,-473.844705197,-3788.75,1.42988195251,3,0.00994950531211
101,0.693228494471,6786.25,-8020.0,0.0135859645292,-0.0139039333133,6979.73318596,-0.0274898978424,0.00922712690762,4.12051478629,-379.476656239,-3084.58333333,1.41597810369,3,0.00790244531624
102,-0.147684552852,-8020.0,-8020.0,0.0219890665828,0.00526305341058,0.0,-0.0167260131722,0.00999724876811,4.08966176083,-910.247233625,-8020.0,1.40846226757,3,0.0092691069967
103,0.993601258135,-8020.0,-8020.0,0.0131184486055,-0.0016278049138,0.0,-0.0147462535193,0.0091912789324,4.11145811062,-910.247233625,-8020.0,1.41377773703,3,0.0064853304026
104,0.991865127387,-8020.0,-8020.0,0.0164106909266,0.00148846664462,0.0,-0.0149222242819,0.00915643966879,3.95223147561,-910.247233625,-8020.0,1.37428034993,3,0.00436933230043
105,-0.0895012579773,461.25,-8020.0,0.0,-0.00298316608522,3469.03840142,-0.00298316608522,0.0110165563568,4.47138419741,-344.161727761,-3628.33333333,1.49769802454,3,0.0110165563568
106,0.028348975368,-8020.0,-8020.0,0.0168626199271,-0.00573880013936,0.0,-0.0226014200664,0.0075700628561,3.98194203086,-910.247233625,-8020.0,1.38176964774,3,0.00516604329205
107,0.745041906867,-4520.0,-8020.0,0.0143274554585,-0.000503975420867,1504.62250711,-0.0148314308794,0.00982137843648,4.26496975749,-696.590494952,-6603.33333333,1.45043509006,3,0.00812555642794
108,0.906610806758,-8020.0,-8020.0,0.0200906986557,-0.0218755846513,0.0,-0.0419662833071,0.00915597720238,4.13595992924,-910.247233625,-8020.0,1.41971944887,3,0.00724589739731
109,0.765960544836,-5538.75,-8020.0,0.0,0.00365810797475,1013.27559457,0.00365810797475,0.0103867576503,4.38949189913,-701.806447583,-6797.08333333,1.47921347987,3,0.0103867576503
110,0.958740811135,-8020.0,-8020.0,0.0141192497012,0.0167530289726,0.0,0.00263377927138,0.00884121529563,4.12159047998,-910.247233625,-8020.0,1.4162391277,3,0.00533240793298
111,0.994274199216,-8020.0,-8020.0,0.0144258437195,-0.0109507524326,0.0,-0.0253765961521,0.00899135439306,4.17497938959,-910.247233625,-8020.0,1.42910942167,3,0.00586947942069
112,0.994329838793,-8020.0,-8020.0,0.0140095334925,0.00681712146528,0.0,-0.00719241202719,0.00821301918587,4.13181023365,-910.247233625,-8020.0,1.41871562418,3,0.00502307973118
113,0.992554881138,-8020.0,-8020.0,0.0211590938058,0.00793543891985,0.0,-0.013223654886,0.00985519027765,4.07726178613,-910.247233625,-8020.0,1.40542563226,3,0.00550437715729
114,0.991628997313,-8020.0,-8020.0,0.0135660886098,-0.0116122947682,0.0,-0.025178383378,0.00969557950542,4.14126504643,-910.247233625,-8020.0,1.42100130793,3,0.00557050286716
115,0.993037476233,-8020.0,-8020.0,0.0120522652345,0.00750617084618,0.0,-0.00454609438827,0.00931606879738,4.07908947899,-910.247233625,-8020.0,1.4058737966,3,0.0052868155685
116,0.994386354649,-8020.0,-8020.0,0.0109212813677,0.0032644535,0.0,-0.00765682786772,0.00964363313391,4.06586418243,-910.247233625,-8020.0,1.40262631141,3,0.00500671011982
117,0.99382950793,-8020.0,-8020.0,0.0143961434388,0.00353650302707,0.0,-0.0108596404117,0.00921765109182,4.02571409148,-910.247233625,-8020.0,1.39270230917,3,0.00440669695196
118,0.992816397998,-8020.0,-8020.0,0.0158653603198,-0.00505315543605,0.0,-0.0209185157559,0.0096268291645,4.26103680608,-910.247233625,-8020.0,1.44951251238,3,0.00260992753762
119,0.994275072363,-8020.0,-8020.0,0.01307097278,-0.00797454821723,0.0,-0.0210455209973,0.00853615683712,4.3467615215,-910.247233625,-8020.0,1.46943109002,3,0.0053953459875
120,0.992590624758,-8020.0,-8020.0,0.0185595103023,-0.000550419650958,0.0,-0.0191099299533,0.00859407735547,3.66493962686,-910.247233625,-8020.0,1.29881186231,3,0.00489477970102
121,0.993969544273,-8020.0,-8020.0,0.0133563372204,-0.00156837513005,0.0,-0.0149247123504,0.00969486904281,3.90087146093,-910.247233625,-8020.0,1.3611999797,3,0.00690525117899
122,0.993639129669,-8020.0,-8020.0,0.0129847945837,0.0061103411997,0.0,-0.00687445338401,0.00921021937601,4.2222929074,-910.247233625,-8020.0,1.44037832348,3,0.00759787366904
123,0.993567121867,-8020.0,-8020.0,0.0111331055231,0.00232834654155,0.0,-0.00880475898153,0.00893728135023,3.74806292157,-910.247233625,-8020.0,1.32123915227,3,0.00440837897537
124,0.994152996801,-8020.0,-8020.0,0.0195173596646,-0.000501545144066,0.0,-0.0200189048086,0.00964361257062,3.63819731428,-910.247233625,-8020.0,1.29148831565,3,0.00331171150674
125,0.99419712931,-8020.0,-8020.0,0.015092565382,0.00325180171946,0.0,-0.0118407636625,0.00732256831038,4.33806157398,-910.247233625,-8020.0,1.4674276064,3,0.00156922339772
126,0.994112258603,-8020.0,-8020.0,0.0156642783394,0.00680097967112,0.0,-0.00886329866831,0.00833824508901,4.44591893744,-910.247233625,-8020.0,1.49198658268,3,0.001738113037
127,0.784826142862,-5645.0,-8020.0,0.0,-0.00581098786592,1119.58573688,-0.00581098786592,0.0089693485205,4.16669790117,-743.589653558,-7228.33333333,1.42712385189,3,0.0089693485205
128,0.230147927004,2473.75,-8020.0,0.0,0.00662968275817,4946.80119005,0.00662968275817,0.024441998882,4.34801294973,-381.894734107,-4522.08333333,1.46971894757,3,0.024441998882
129,-2.53222873849,-5763.75,-8020.0,0.0,-0.00963826410503,1063.60645003,-0.00963826410503,0.015771216125,4.61436987189,-884.151261097,-7267.91666667,1.5291753195,3,0.015771216125
130,-0.34422260074,2773.75,-4876.25,0.0,-0.001266255754,3334.94882728,-0.001266255754,0.0123238730592,4.18715716019,-357.476030926,-1878.33333333,1.43202202161,3,0.0123238730592
131,-0.787155447152,-6113.75,-8020.0,0.0,-0.00468763833967,840.206034586,-0.00468763833967,0.0119478336359,4.1738460164,-831.661632856,-7290.83333333,1.42883791684,3,0.0119478336359
132,0.687365349831,-5907.5,-8020.0,0.0239695912869,0.0105092108871,879.768751182,-0.0134603803997,0.0097166309949,4.50524097647,-841.52576332,-7086.66666667,1.50524138052,3,0.00810532467783
133,0.954358970016,-8020.0,-8020.0,0.00568252145122,0.00184279742656,0.0,-0.00383972402467,0.00846625230019,4.29939091857,-910.247233625,-8020.0,1.45847336582,3,0.000870171492253
134,0.323339363766,-3176.25,-8020.0,0.00711854320677,-0.00723101927214,1986.00791301,-0.0143495624789,0.00976584290381,4.14948090604,-517.351189497,-5728.33333333,1.42298324354,3,0.00876386828242
135,0.321127578455,5598.75,-8020.0,0.0,-0.00723164342584,6419.94031752,-0.00723164342584,0.0226343140441,4.17850100627,-58.1504602798,-3480.41666667,1.42995257128,3,0.0226343140441
136,-3.0415793369,2711.25,-3820.0,0.0,0.0107707507608,2957.75962747,0.0107707507608,0.0147768051156,4.24841178545,309.036947353,350.833333333,1.44654521555,3,0.0147768051156
137,-0.354100184666,-4920.0,-8020.0,0.0,-0.00503507972047,1461.35401445,-0.00503507972047,0.0152474665087,4.01829735387,-874.157415728,-6986.66666667,1.3908582691,3,0.0152474665087
138,-0.0313050490253,3173.75,-6076.25,0.0218654112834,0.00231619259294,4109.29248438,-0.0195492186905,0.00898049789175,4.28618372746,-265.946860954,-2597.08333333,1.45539676302,3,0.00598525380056
139,-0.283717853544,-3157.5,-6951.25,0.0175907797713,0.00486372272531,1609.40432821,-0.012727057046,0.0086154410457,4.37940804737,-726.601475044,-5363.75,1.47691356625,3,0.00518494530455
140,-1.7341142664,-4670.0,-5351.25,0.0,-0.0181486118921,286.607915491,-0.0181486118921,0.0194280908613,4.27145156963,-791.433056875,-4961.66666667,1.45195371552,3,0.0194280908613
141,-0.149176000874,-3207.5,-8020.0,0.0103984124646,0.00179831599559,2196.04284263,-0.00860009646899,0.00977386521402,4.37982134259,-290.865494061,-4920.0,1.47700793419,3,0.009222418606
142,-0.289163374911,1023.75,-1782.5,0.0,0.00499907134484,1196.80927075,0.00499907134484,0.0112682288247,4.38704948586,-4.76318708001,-624.166666667,1.47865690223,3,0.0112682288247
143,0.248814078384,-5520.0,-8020.0,0.0,-0.000701538930823,1147.47609513,-0.000701538930823,0.0137702668329,4.22423195816,-704.776446727,-7140.83333333,1.44083745923,3,0.0137702668329
144,0.365126173826,-3401.25,-5032.5,0.00956971570089,-0.00280426939319,689.397633606,-0.0123739850941,0.00988344751635,4.79704291428,-491.120483242,-4342.91666667,1.56799966855,3,0.00854456530874
145,-0.0580471142155,-3032.5,-6007.5,0.0,0.00207887009544,1217.968054,0.00207887009544,0.012454939331,4.49043700333,-696.683653891,-4455.41666667,1.50195002515,3,0.012454939331
146,0.32274260066,2236.25,-8020.0,0.0111089392377,-0.00508392887742,4188.19127793,-0.0161928681151,0.00971999860138,4.4408164412,-367.881169468,-2824.16666667,1.49083824269,3,0.00910508590629
147,0.0913507516062,4011.25,-4126.25,0.011010691574,0.000810625454584,3334.1392255,-0.0102000661195,0.00938337824589,4.15272858022,109.880273099,142.5,1.4237656074,3,0.00835132845537
148,-0.554085257128,-8020.0,-8020.0,0.0115495940846,0.000254100655018,0.0,-0.0112954934296,0.00939268939989,4.35880922492,-910.247233625,-8020.0,1.47219890651,3,0.00652259264122
149,-0.635200280187,1780.0,-5870.0,0.0,-0.00730878744086,3139.87017601,-0.00730878744086,0.0146101893723,4.50280241316,-372.408840545,-1815.83333333,1.50469996142,3,0.0146101893723
150,-0.889859454784,48.75,-8020.0,0.0,-0.0094453579326,3296.78004734,-0.0094453579326,0.0116181098411,4.43289930718,-347.706136832,-4080.41666667,1.48905384113,3,0.0116181098411
151,-2.07166375767,-4638.75,-5432.5,0.00629050821048,-0.00285095304361,325.520416666,-0.00914146125409,0.0099929508597,4.40365501804,-643.934731604,-5057.5,1.48243488201,3,0.00991105666947
152,0.14907904477,742.5,-6007.5,0.0,-0.00347963090055,2764.99855586,-0.00347963090055,0.0110718516225,4.12033620925,-101.828197612,-2792.91666667,1.41593476422,3,0.0110718516225
153,-0.521793834751,448.75,-8020.0,0.0,-0.00995330962438,3992.20703545,-0.00995330962438,0.0114959313658,4.44779079232,-661.719459082,-5197.08333333,1.49240752174,3,0.0114959313658
154,0.808807904736,-8020.0,-8020.0,0.0158983983568,0.00241495764233,0.0,-0.0134834407144,0.00937940388895,4.51045774262,-910.247233625,-8020.0,1.5063986434,3,0.00453141727867
155,0.0190985691468,2136.25,-6688.75,0.0,-0.00293055749999,3633.11949868,-0.00293055749999,0.0125403625117,4.71616913093,-279.902926595,-2607.5,1.55099684525,3,0.0125403625117
156,-3.69732137626,-3707.5,-8020.0,0.0,-0.0157178002215,1815.19196643,-0.0157178002215,0.0275926431778,4.55131689665,-655.081762207,-6176.25,1.51541661892,3,0.0275926431778
157,-0.994564072321,-1501.25,-5276.25,0.0,-0.0038094301399,1745.27138928,-0.0038094301399,0.0109805461697,4.57028507239,-365.032232264,-2809.58333333,1.51957558204,3,0.0109805461697
158,-1.49078997458,-3870.0,-8020.0,0.0,-0.00222043678546,1721.71587539,-0.00222043678546,0.0129049261381,4.23077732075,-754.686338383,-5728.33333333,1.44238573995,3,0.0129049261381
159,-0.281872894939,5480.0,-8020.0,0.0144128123841,-0.0116005043043,6095.77494846,-0.0260133166884,0.00997776408304,4.62120589362,-81.6371277223,-3111.66666667,1.53065568697,3,0.00949425852422
160,-0.551897936659,-888.75,-8020.0,0.0,-0.00871680802664,3007.80668289,-0.00871680802664,0.0148494721508,4.45446373309,-445.367747595,-3920.0,1.49390667951,3,0.0148494721508
161,0.0242401897649,6417.5,-3088.75,0.0,-0.00300332181086,3898.76560771,-0.00300332181086,0.0126414084085,4.52812358449,833.185401392,1400.83333333,1.51030763392,3,0.0126414084085
162,-1.02575905025,-6170.0,-8020.0,0.00397391059169,0.00188562867001,872.098363463,-0.00208828192168,0.00855803687799,4.45881813549,-840.735014191,-7403.33333333,1.49488373887,3,0.0051080451805
163,0.869484869639,-6963.75,-8020.0,0.0,-0.00977398841233,470.049125683,-0.00977398841233,0.0107620795275,4.47688736816,-900.820842672,-7624.16666667,1.49892802106,3,0.0107620795275
164,0.970735280244,-8020.0,-8020.0,0.0117713678404,0.00153600215934,0.0,-0.0102353656811,0.00915951232048,4.73472004674,-910.247233625,-8020.0,1.55492260065,3,0.00698237686177
165,-0.0277340068525,-1057.5,-7238.75,0.0176829088054,-0.004829711936,2526.73723241,-0.0225126207414,0.00974853148695,4.85070010275,-435.27837912,-4057.5,1.57912304561,3,0.00749681512786
166,-0.131755323803,-2320.0,-8020.0,0.0,-0.0117059100243,2662.31578653,-0.0117059100243,0.0194844576891,4.20270311178,-619.134438665,-6084.58333333,1.43572791631,3,0.0194844576891
167,0.733583598273,-3288.75,-8020.0,0.0113049077842,-0.0027589749786,1945.32247041,-0.0140638827627,0.00989447150144,4.71773802292,-391.545935882,-5490.83333333,1.5513294523,3,0.00888854935053
168,-0.0527943244273,-4895.0,-8020.0,0.0122591186268,-0.00843220520795,1473.13912747,-0.0206913238347,0.00931191457424,3.81261935656,-861.557756259,-6978.33333333,1.33831644808,3,0.00781491782564
169,0.521485638134,-4601.25,-8020.0,0.0160156303307,-0.00785054445857,1495.69114923,-0.0238661747892,0.00910373826975,4.34424410157,-646.39105741,-5930.41666667,1.46885177386,3,0.00701706239163
170,0.295442144803,1580.0,-8020.0,0.00542967510123,-0.0108851358802,3999.68857295,-0.0163148109814,0.00999063860122,3.97298937888,-81.2437696442,-2655.41666667,1.37951880351,3,0.00983483570564
171,-0.603266483383,480.0,-5413.75,0.0,0.00120072836484,2414.07727656,0.00120072836484,0.0241685770398,4.41772342273,-269.690573537,-2605.41666667,1.48562450067,3,0.0241685770398
172,0.099064642421,592.5,-8020.0,0.0,-0.00763227487031,3650.35671773,-0.00763227487031,0.0137502189469,4.08852521852,-657.254483428,-4407.5,1.40818432276,3,0.0137502189469
173,-0.112811786427,-5720.0,-8020.0,0.0238719611944,-0.0109284734073,949.561302216,-0.0348004346016,0.00939570471512,4.37191682725,-752.018384476,-6970.0,1.47520154617,3,0.00679056989242
174,0.804085740802,-4957.5,-8020.0,0.0,-0.0112178269857,1443.67634492,-0.0112178269857,0.0101514101316,4.71281547984,-829.972846455,-6999.16666667,1.55028549586,3,0.0101514101316
175,0.705182900962,-5245.0,-8020.0,0.0,-0.00792361377671,1154.23811452,-0.00792361377671,0.00666920277689,4.55876226325,-839.783229209,-6788.75,1.51705115318,3,0.00666920277689
176,-0.0629344072983,2111.25,-4263.75,0.0,-0.000181482976356,2681.37383164,-0.000181482976356,0.011187832552,3.90718698461,34.0736022628,-620.0,1.3628176738,3,0.011187832552
177,-0.18921530628,-3470.0,-8020.0,0.0,-0.00708480969122,2144.8905696,-0.00708480969122,0.0147706953924,3.89827797793,-792.83976756,-6503.33333333,1.36053491151,3,0.0147706953924
178,-0.0124408202594,5855.0,-8020.0,0.00038025283008,-0.00937588741722,6540.73772598,-0.0097561402473,0.00892509005877,4.12651068558,-71.0571744161,-3395.0,1.41743217955,3,0.0064824811155
179,0.679414280496,-5776.25,-8020.0,0.0,-0.0119043725507,921.629557722,-0.0119043725507,0.0121307358601,4.61285355491,-763.691655132,-6970.0,1.5288466579,3,0.0121307358601
180,0.369414837819,-3101.25,-8020.0,0.0059264919408,-0.00375460093441,2028.51418325,-0.00968109287521,0.00966752513389,4.41816124458,-705.126756227,-5763.75,1.48572360152,3,0.00894812687677
181,0.287647130285,855.0,-8020.0,0.0,-0.0124236160172,3737.27122117,-0.0124236160172,0.0151099553991,4.14957906799,-321.423134887,-4230.41666667,1.4230068997,3,0.0151099553991
182,0.0893102522242,-7382.5,-8020.0,0.0,-0.0202460884145,300.520382004,-0.0202460884145,0.0110549599883,4.70281679882,-903.562635793,-7807.5,1.54816164809,3,0.0110549599883
183,0.990941107971,-8020.0,-8020.0,0.00823513819061,0.00642962401328,0.0,-0.00180551417733,0.00955455966072,4.60318823392,-910.247233625,-8020.0,1.52674915775,3,0.00845251346872
184,0.994385311785,-8020.0,-8020.0,0.00585945106099,-0.00671885127475,0.0,-0.0125783023357,0.00967280876726,4.90458182576,-910.247233625,-8020.0,1.5901698347,3,0.00903726703543
185,0.691539745927,-5713.75,-8020.0,0.0136698724705,-0.00269402735416,980.172355875,-0.0163638998246,0.00987942968157,4.55716433809,-832.850053591,-6674.16666667,1.51670057441,3,0.00926237721966
186,0.388848472862,-2957.5,-6226.25,0.0,-0.0114522257933,1404.35520495,-0.0114522257933,0.0132090337521,4.10847927096,-542.871007653,-4901.25,1.41305295297,3,0.0132090337521
187,0.842949578438,-8020.0,-8020.0,4.97441006831e-05,0.000139678642461,0.0,8.99345417775e-05,0.00833549432989,4.16886716362,-910.247233625,-8020.0,1.4276443355,3,0.00509140061281
188,0.76592256363,-5851.25,-8020.0,0.0,0.00538599588656,885.830785509,0.00538599588656,0.0129599066383,4.35274032976,-782.932215336,-6915.83333333,1.47080560762,3,0.0129599066383
189,0.545344216282,-3188.75,-8020.0,0.0,0.00406822924094,2182.9377027,0.00406822924094,0.00991004054586,4.86431077893,-547.750877051,-6265.83333333,1.58192503632,3,0.00991004054586
190,0.954410266487,-7457.5,-8020.0,0.00812930546591,-0.00231873996014,265.165042945,-0.010448045426,0.00952447798917,5.0924389272,-904.746993569,-7832.5,1.62775687635,3,0.00788926333563
191,0.321104624683,-1120.0,-8020.0,0.0188485657494,-0.00898550469894,3252.69119346,-0.0278340704484,0.00862488078658,4.24638653284,-668.908309346,-5720.0,1.44606839372,3,0.00558352995725
192,0.836877695222,-8020.0,-8020.0,0.0106821046414,-0.0112968166249,0.0,-0.0219789212663,0.00862761654987,4.86096978422,-910.247233625,-8020.0,1.58123796209,3,0.00669296877713
193,0.929692388188,-7951.25,-8020.0,0.0,0.0210345905147,32.4090608044,0.0210345905147,0.0142834980204,4.08872682918,-909.810076626,-7997.08333333,1.40823363289,3,0.0142834980204
194,0.00532077455233,-1207.5,-8020.0,0.0,-0.000207871706258,2781.21644799,-0.000207871706258,0.0110780217295,4.07468706845,-650.480936624,-4622.08333333,1.40479395073,3,0.0110780217295
195,0.54615657675,-8020.0,-8020.0,0.0,-0.0017912569848,0.0,-0.0017912569848,0.0156813671111,4.03752802585,-910.247233625,-8020.0,1.39563262991,3,0.0156813671111
196,0.438172586885,-5326.25,-8020.0,0.0,-0.0395993708099,1259.6605859,-0.0395993708099,0.0367063521673,4.70911504329,-849.207329277,-6238.75,1.54950000148,3,0.0367063521673
197,0.734406711236,-8020.0,-8020.0,0.0,-0.000312827244933,0.0,-0.000312827244933,0.0102520027804,3.93426905204,-910.247233625,-8020.0,1.3697251091,3,0.0102520027804
198,-0.101987315098,-45.0,-8020.0,0.0,-0.0114029669693,3759.45105331,-0.0114029669693,0.0236536683648,4.71776716476,-555.458476768,-5361.66666667,1.55133562936,3,0.0236536683648
199,0.661188066042,-8020.0,-8020.0,0.0,-0.0137457646528,0.0,-0.0137457646528,0.0106086445412,4.02385733608,-910.247233625,-8020.0,1.39224097891,3,0.0106086445412
200,0.90091887696,-8020.0,-8020.0,0.0,0.00892070338694,0.0,0.00892070338694,0.0197189257526,4.02237777055,-910.247233625,-8020.0,1.39187321298,3,0.0197189257526
201,-10.3598873581,-3426.25,-8020.0,0.0,-0.0113986188479,1882.76401793,-0.0113986188479,0.0121609810084,4.2610421321,-574.212676594,-5605.41666667,1.44951376231,3,0.0121609810084
202,0.858701151129,-8020.0,-8020.0,0.00693504665561,0.00416441583512,0.0,-0.00277063082049,0.00960143243726,4.99684412103,-910.247233625,-8020.0,1.60880653736,3,0.0076542997356
203,0.984173782594,-8020.0,-8020.0,0.0,0.000121936552273,0.0,0.000121936552273,0.0116387123804,3.97666353453,-910.247233625,-8020.0,1.38044315981,3,0.0116387123804
204,0.274609403865,-2901.25,-8020.0,0.0,-0.000339889079212,2413.0018908,-0.000339889079212,0.0161699233407,4.10931447757,-745.363205743,-6313.75,1.41325622082,3,0.0161699233407
205,0.552565215601,1961.25,-8020.0,0.0,0.0191432851303,4164.35248235,0.0191432851303,0.0193634999747,4.33618140811,-138.509726465,-2422.08333333,1.46699410093,3,0.0193634999747
206,0.37076461601,-8020.0,-8020.0,0.0,-0.000989497376992,0.0,-0.000989497376992,0.0146874924016,3.83284445335,-910.247233625,-8020.0,1.34360720466,3,0.0146874924016
207,0.400404534063,-3745.0,-8020.0,0.0225062063988,-0.0105281608134,2015.25432638,-0.0330343672122,0.00992693058984,3.79748051533,-791.01462678,-6595.0,1.33433782455,3,0.00714732343247
208,0.777230546731,-8020.0,-8020.0,0.0,0.0148552716616,0.0,0.0148552716616,0.0142694577433,3.80977470266,-910.247233625,-8020.0,1.33757005423,3,0.0142694577433
209,0.994406235878,-8020.0,-8020.0,0.0,-0.00631891720654,0.0,-0.00631891720654,0.0151807003848,3.702347357,-910.247233625,-8020.0,1.3089670393,3,0.0151807003848
210,0.547270193004,-5757.5,-8020.0,0.0,-0.0545379396092,951.821171054,-0.0545379396092,0.0343373115472,4.34272305727,-816.199384743,-6726.25,1.46850158391,3,0.0343373115472
211,-0.113402749069,-2188.75,-8020.0,0.0,-0.00624516194013,2748.87761186,-0.00624516194013,0.0112476318388,3.86976264561,-825.278155221,-6076.25,1.35319317328,3,0.0112476318388
212,0.670923791669,-7551.25,-8020.0,0.0,0.00513730023101,220.970869121,0.00513730023101,0.0103894586415,3.82099934956,-906.040045788,-7863.75,1.34051199824,3,0.0103894586415
213,0.991465720804,-8020.0,-8020.0,0.0,0.00870324587975,0.0,0.00870324587975,0.01272098231,3.69977341986,-910.247233625,-8020.0,1.3082715799,3,0.01272098231
214,-0.339346107018,367.5,-8020.0,0.0,-0.0226880001461,3536.42136088,-0.0226880001461,0.0120274870009,3.8373077505,-514.494071658,-4451.25,1.34477101407,3,0.0120274870009
215,0.0929324089561,-8020.0,-8020.0,0.0,0.00570167549259,0.0,0.00570167549259,0.0116298233756,3.76845563334,-910.247233625,-8020.0,1.3266652712,3,0.0116298233756
216,-0.0513375046353,-5520.0,-8020.0,0.0,0.00658808656913,1075.39156305,0.00658808656913,0.0111094440669,4.18469919434,-701.725151738,-7009.58333333,1.43143482426,3,0.0111094440669
217,0.965078165283,-8020.0,-8020.0,0.0,0.00207974878527,0.0,0.00207974878527,0.010905556538,3.66391100916,-910.247233625,-8020.0,1.29853115862,3,0.010905556538
218,0.160857189361,-945.0,-8020.0,0.0,0.00111904671135,3095.62863837,0.00111904671135,0.0188153380889,4.21982364477,-581.082343986,-5270.0,1.43979333684,3,0.0188153380889
219,0.794065078223,-8020.0,-8020.0,0.0,-0.00999420789888,0.0,-0.00999420789888,0.0152661437785,3.81360458458,-910.247233625,-8020.0,1.33857482707,3,0.0152661437785
220,0.993607619366,-8020.0,-8020.0,0.0,0.00981546753695,0.0,0.00981546753695,0.0133237692823,3.52630579146,-910.247233625,-8020.0,1.26025080496,3,0.0133237692823
221,0.994250014191,-8020.0,-8020.0,0.0,0.00358633779833,0.0,0.00358633779833,0.0141268340661,3.57446110608,-910.247233625,-8020.0,1.27381442523,3,0.0141268340661
222,0.705600033948,-6245.0,-8020.0,0.0,0.0066640031162,730.748284675,0.0066640031162,0.0127259193958,4.05721353239,-841.500185082,-7199.16666667,1.40049641592,3,0.0127259193958
223,0.970357366047,-8020.0,-8020.0,0.00265172267889,-0.000662268969084,0.0,-0.00331399164797,0.00881875763255,4.02129358255,-910.247233625,-8020.0,1.39160363757,3,0.00701166717746
224,0.992459265489,-8020.0,-8020.0,0.0,-0.00998847967497,0.0,-0.00998847967497,0.0117222629698,3.62294055294,-910.247233625,-8020.0,1.28728600354,3,0.0117222629698
225,0.993575309291,-8020.0,-8020.0,0.0,0.0107314033541,0.0,0.0107314033541,0.0150692578713,3.69070216923,-910.247233625,-8020.0,1.30581672971,3,0.0150692578713
226,0.266361308535,-863.75,-8020.0,0.00151523204548,-0.013859560318,3373.48860191,-0.0153747923635,0.00858849545975,3.74697325138,-606.806103227,-5634.58333333,1.32094838111,3,0.00643692120504
227,0.185996791926,-8020.0,-8020.0,0.0,0.00410458457832,0.0,0.00410458457832,0.0180085196522,3.93675921699,-910.247233625,-8020.0,1.37035785109,3,0.0180085196522
228,0.994480963549,-8020.0,-8020.0,0.0,0.00666430387074,0.0,0.00666430387074,0.0132453263882,3.83131432226,-910.247233625,-8020.0,1.34320790941,3,0.0132453263882
229,0.992639999512,-8020.0,-8020.0,0.0,0.00565280562064,0.0,0.00565280562064,0.0120964431536,3.70796735407,-910.247233625,-8020.0,1.31048384348,3,0.0120964431536
230,0.293705268552,473.75,-8020.0,0.0,-0.00213025171681,3467.98727851,-0.00213025171681,0.0251282649177,4.14304842891,-610.469072457,-3811.66666667,1.42143185236,3,0.0251282649177
231,0.0382056118264,10705.0,-8020.0,0.0,-0.0327207917095,8827.04965181,-0.0327207917095,0.0256647454328,3.85048402868,95.634295745,-1778.33333333,1.34819886213,3,0.0256647454328
232,-2.12930890417,-8020.0,-8020.0,0.0,0.032150251371,0.0,0.032150251371,0.0356663176641,4.05636564888,-910.247233625,-8020.0,1.40028741234,3,0.0356663176641
233,-0.0250960460929,2536.25,-8020.0,0.0,-0.00236843580421,4323.45327995,-0.00236843580421,0.019908745403,4.23382073379,-174.625146965,-2986.66666667,1.44310483214,3,0.019908745403
234,0.663882552189,-8020.0,-8020.0,0.0,-0.00851905652887,0.0,-0.00851905652887,0.0126305060331,3.86632762029,-910.247233625,-8020.0,1.35230512119,3,0.0126305060331
235,0.683432332344,-5695.0,-8020.0,0.0,0.0050013009626,1096.01551084,0.0050013009626,0.0324812423642,4.03784550028,-890.487180055,-7245.0,1.39571125771,3,0.0324812423642
236,0.416281108293,-8020.0,-8020.0,0.0,0.00920088083121,0.0,0.00920088083121,0.00929806710129,3.80198243724,-910.247233625,-8020.0,1.33552262471,3,0.00929806710129
237,0.800572473735,-6251.25,-8020.0,0.0,-0.00412654372172,833.796746149,-0.00412654372172,0.0146125453578,3.88025187773,-892.131218976,-7430.41666667,1.35590006847,3,0.0146125453578
238,-0.342941130814,-4726.25,-6482.5,0.0,0.00319580554538,802.702682954,0.00319580554538,0.0244210705229,4.59314533124,-772.858761633,-5349.16666667,1.52456504674,3,0.0244210705229
239,0.413674978273,-2863.75,-8020.0,0.0,-0.00580262788139,2430.67956033,-0.00580262788139,0.0232414967651,3.97560379872,-810.827565148,-6301.25,1.38017663562,3,0.0232414967651
240,0.579660671233,-4026.25,-8020.0,0.0,-8.79612511955e-05,1882.67180491,-8.79612511955e-05,0.0122327126672,3.8093650635,-732.17222414,-6688.75,1.33746252525,3,0.0122327126672
241,0.845545487108,-8020.0,-8020.0,0.0,0.00819154065662,0.0,0.00819154065662,0.0113540512272,3.81923379997,-910.247233625,-8020.0,1.34004982658,3,0.0113540512272
242,0.994045854066,-8020.0,-8020.0,0.0,0.00779450230714,0.0,0.00779450230714,0.0128311992973,3.79436678245,-910.247233625,-8020.0,1.33351754118,3,0.0128311992973
243,0.248233911648,-3026.25,-8020.0,0.0,-0.001082683931,2102.51791841,-0.001082683931,0.0141212622976,3.90108971199,-746.859372154,-5886.66666667,1.36125592744,3,0.0141212622976
244,0.648271141783,-8020.0,-8020.0,0.0,-0.0173264022757,0.0,-0.0173264022757,0.0117762457875,3.67117642589,-910.247233625,-8020.0,1.30051216271,3,0.0117762457875
245,0.994160900659,-8020.0,-8020.0,0.0,0.0035393103066,0.0,0.0035393103066,0.0109320748289,3.77823298755,-910.247233625,-8020.0,1.32925643673,3,0.0109320748289
246,-0.0574561954078,6761.25,-8020.0,0.00777229618978,-0.0076669374496,6077.61503502,-0.0154392336394,0.00994730755038,4.33331647633,92.5055110277,-117.916666667,1.46633317871,3,0.00956552895526
247,-0.462769236417,-8020.0,-8020.0,0.0,0.00176467738662,0.0,0.00176467738662,0.0126241756979,3.71625289147,-910.247233625,-8020.0,1.31271587339,3,0.0126241756979
248,0.98947759188,-8020.0,-8020.0,0.0,0.00869497541728,0.0,0.00869497541728,0.0109058612435,3.95920590771,-910.247233625,-8020.0,1.3760434768,3,0.0109058612435
249,0.994113191011,-8020.0,-8020.0,0.0,0.000699617374689,0.0,0.000699617374689,0.0124557617901,3.6458252705,-910.247233625,-8020.0,1.29358275149,3,0.0124557617901
250,0.211819126866,755.0,-8020.0,0.0,-0.0163117783554,4136.57466994,-0.0163117783554,0.0112008597184,3.81453091932,-658.065353034,-5095.0,1.33881770025,3,0.0112008597184
251,0.271362172695,8780.0,-8020.0,0.0,-0.00226527278353,7370.44586319,-0.00226527278353,0.0147806593984,4.09104334821,362.656541525,-1528.33333333,1.40880003489,3,0.0147806593984
252,0.572884114156,-8020.0,-8020.0,0.0,-0.0120671523424,0.0,-0.0120671523424,0.0122122604217,3.85216745161,-910.247233625,-8020.0,1.34863596433,3,0.0122122604217
253,0.959076540508,-8020.0,-8020.0,0.0,0.0110823444239,0.0,0.0110823444239,0.0141742454114,3.930240121,-910.247233625,-8020.0,1.36870052351,3,0.0141742454114
254,0.34733045915,-5170.0,-8020.0,0.0,-0.0161956061768,1163.80974605,-0.0161956061768,0.0135343132632,4.27107934399,-861.217465693,-6576.25,1.45186656907,3,0.0135343132632
255,0.143086808394,7998.75,-8020.0,0.0,-0.00715213115217,7551.31116742,-0.00715213115217,0.0106269002765,4.03906728026,184.698615399,-2680.41666667,1.3960137941,3,0.0106269002765
256,-0.321527646982,7805.0,-8020.0,0.0,-0.0261134900079,6821.32901375,-0.0261134900079,0.0251339540419,4.1137417795,15.9660617565,-1655.41666667,1.41433302298,3,0.0251339540419
257,-0.815565377745,-2001.25,-8020.0,0.0,-0.000361123527459,2837.26595951,-0.000361123527459,0.0106280791503,3.96654093689,-691.372995658,-6013.75,1.37789441436,3,0.0106280791503
258,0.727322144685,-8020.0,-8020.0,0.0,-0.0102170636807,0.0,-0.0102170636807,0.011385046757,3.86559253858,-910.247233625,-8020.0,1.35211497911,3,0.011385046757
259,0.994170479535,-8020.0,-8020.0,0.0152582514319,-0.00270550735248,0.0,-0.0179637587844,0.00898806418522,4.10477079045,-910.247233625,-8020.0,1.41214990467,3,0.0063543702898
260,0.781943459592,-8020.0,-8020.0,0.0,-5.02083548603e-06,0.0,-5.02083548603e-06,0.0136092509119,3.85177114367,-910.247233625,-8020.0,1.34853307983,3,0.0136092509119
261,0.204332052773,2742.5,-8020.0,0.0,-0.0196125845469,5073.49115501,-0.0196125845469,0.0416974855583,4.31474729056,-218.238388657,-4432.5,1.46203875748,3,0.0416974855583
262,-1.08792781779,-2357.5,-8020.0,0.0,0.0161921519579,2318.68167764,0.0161921519579,0.0201900025051,3.98967878346,-746.461353622,-5315.83333333,1.38371072226,3,0.0201900025051
263,0.884227734368,-8020.0,-8020.0,0.0,0.00921499461572,0.0,0.00921499461572,0.0134283421144,3.62634593304,-910.247233625,-8020.0,1.28822551127,3,0.0134283421144
264,-8.43793965003,-6470.0,-8020.0,0.0,-0.0282533360457,730.677007226,-0.0282533360457,0.0162827918719,4.09563738406,-895.687474998,-7503.33333333,1.40992235454,3,0.0162827918719
265,0.983521761973,-8020.0,-8020.0,0.0,-0.00920703654476,0.0,-0.00920703654476,0.0108461571012,3.84628246061,-910.247233625,-8020.0,1.34710708717,3,0.0108461571012
266,0.994320836324,-8020.0,-8020.0,0.0,0.00811157882958,0.0,0.00811157882958,0.0136715511888,3.7966254999,-910.247233625,-8020.0,1.33411264586,3,0.0136715511888
267,0.935510275561,-7026.25,-8020.0,0.0,-0.00857295491566,468.458242536,-0.00857295491566,0.0131097013339,3.94816952303,-895.501029616,-7688.75,1.37325205961,3,0.0131097013339
268,0.963369191921,-8020.0,-8020.0,0.0,-0.0135837135678,0.0,-0.0135837135678,0.014001581676,4.21584999638,-910.247233625,-8020.0,1.438851231,3,0.014001581676
269,0.532386951696,-3088.75,-8020.0,0.0,9.29906075271e-05,2324.61354315,9.29906075271e-05,0.011261090176,4.01384322397,-523.223037597,-6376.25,1.38974919231,3,0.011261090176
270,0.80841385851,-8020.0,-8020.0,0.0,-0.0129781001817,0.0,-0.0129781001817,0.0137616494412,3.86525574487,-910.247233625,-8020.0,1.35202784929,3,0.0137616494412
271,0.985753296702,-8020.0,-8020.0,0.0,-0.000464965391136,0.0,-0.000464965391136,0.0130649864154,3.80945809003,-910.247233625,-8020.0,1.33748694544,3,0.0130649864154
272,0.994190854007,-8020.0,-8020.0,0.0,0.00701783478364,0.0,0.00701783478364,0.015083983958,4.00058400499,-910.247233625,-8020.0,1.38644035171,3,0.015083983958
273,0.735326406358,-5645.0,-8020.0,0.0,0.000554980940241,1119.58573688,0.000554980940241,0.019819386644,4.11162737884,-888.751029398,-7228.33333333,1.41381890606,3,0.019819386644
274,0.149373928859,2548.75,-8020.0,0.0,-0.0218574730171,4982.15652911,-0.0218574730171,0.0297621622261,4.10801429967,-367.436294462,-4497.08333333,1.41293977299,3,0.0297621622261
275,-0.599765561708,-4951.25,-8020.0,0.0,-0.00657813437328,1446.62262318,-0.00657813437328,0.0127470157967,3.94194063237,-860.227204426,-6997.08333333,1.37167314833,3,0.0127470157967
276,0.9868025024,-8020.0,-8020.0,0.0,-0.0136776691128,0.0,-0.0136776691128,0.0136180092336,3.6266922106,-910.247233625,-8020.0,1.2883209961,3,0.0136180092336
277,0.994148953534,-8020.0,-8020.0,0.0,-0.00613385409327,0.0,-0.00613385409327,0.0127215195074,3.79362603172,-910.247233625,-8020.0,1.33332229831,3,0.0127215195074
278,0.308115515662,-5032.5,-8020.0,0.0,0.000554897228823,1219.69870483,0.000554897228823,0.029623320769,4.05019730955,-829.85190417,-6534.58333333,1.39876559834,3,0.029623320769
279,0.326218352501,967.5,-8020.0,0.0,-0.0161031323615,4236.74813061,-0.0161031323615,0.0113508708328,4.05392046486,-365.162055999,-5024.16666667,1.39968442891,3,0.0113508708328
280,0.229032735986,-8020.0,-8020.0,0.0,-0.00421418088995,0.0,-0.00421418088995,0.0128615122388,3.91101039466,-910.247233625,-8020.0,1.36379575357,3,0.0128615122388
281,0.993473052639,-8020.0,-8020.0,0.0,0.00393734972341,0.0,0.00393734972341,0.011988489824,3.703541293,-910.247233625,-8020.0,1.30928946813,3,0.011988489824
282,0.967569902308,-8020.0,-8020.0,0.0,0.00256560077988,0.0,0.00256560077988,0.0146397672855,3.89824574557,-910.247233625,-8020.0,1.36052664311,3,0.0146397672855
283,-0.0576252628262,12355.0,-8020.0,0.0,-0.00535020153295,8495.94930034,-0.00535020153295,0.011743755206,4.24580655435,239.684087431,944.583333333,1.44593180274,3,0.011743755206
284,-1.28964100993,-8020.0,-8020.0,0.0,0.0050633514776,0.0,0.0050633514776,0.0143353829728,3.99816464937,-910.247233625,-8020.0,1.38583541816,3,0.0143353829728
285,0.155370092121,1036.25,-8020.0,0.0,-0.00406683136817,4260.34586331,-0.00406683136817,0.0155631630169,4.2327271446,-490.696836148,-4988.75,1.44284650036,3,0.0155631630169
286,0.420981205308,-4088.75,-8020.0,0.0,-0.000193793800681,1853.20902236,-0.000193793800681,0.0177457212315,3.87045110179,-851.53967717,-6709.58333333,1.35337106402,3,0.0177457212315
287,0.965063582262,-8020.0,-8020.0,0.0,-0.0150038213635,0.0,-0.0150038213635,0.0114945698859,3.76268527789,-910.247233625,-8020.0,1.32513287215,3,0.0114945698859
288,0.976090046,-8020.0,-8020.0,0.0,-0.00146585639361,0.0,-0.00146585639361,0.0115915010681,3.80386335894,-910.247233625,-8020.0,1.33601722367,3,0.0115915010681
289,0.994002361395,-8020.0,-8020.0,0.0,0.0073789709156,0.0,0.0073789709156,0.0105769992622,3.84397621506,-910.247233625,-8020.0,1.34650730354,3,0.0105769992622
290,0.935447104525,-8020.0,-8020.0,0.0,-0.00099062632038,0.0,-0.00099062632038,0.0170303646615,3.98586233155,-910.247233625,-8020.0,1.3827536832,3,0.0170303646615
291,0.502482458875,-4938.75,-8020.0,0.0,0.00299385713841,1452.51517969,0.00299385713841,0.0190275308858,4.04292672716,-861.295812076,-6992.91666667,1.39696886711,3,0.0190275308858
292,0.845904174701,-8020.0,-8020.0,0.0,0.00724896131963,0.0,0.00724896131963,0.0109869247494,3.73280538295,-910.247233625,-8020.0,1.31716006435,3,0.0109869247494
293,0.993944902856,-8020.0,-8020.0,0.0,0.0099751817164,0.0,0.0099751817164,0.0125016952776,3.85366343266,-910.247233625,-8020.0,1.34902423682,3,0.0125016952776
294,0.953239809341,-8020.0,-8020.0,0.0,0.00874010424694,0.0,0.00874010424694,0.0133742482444,4.15063845271,-910.247233625,-8020.0,1.42326216644,3,0.0133742482444
295,0.993990372192,-8020.0,-8020.0,0.0,-0.00212253400199,0.0,-0.00212253400199,0.0128441475319,3.82676133764,-910.247233625,-8020.0,1.34201884172,3,0.0128441475319
296,0.793864664513,-5670.0,-8020.0,0.0,-0.00920385873165,1107.80062386,-0.00920385873165,0.0104798573993,4.0698535331,-868.244315443,-7236.66666667,1.40360701185,3,0.0104798573993
297,0.837893777176,-8020.0,-8020.0,0.0,-0.0138552992157,0.0,-0.0138552992157,0.030621380399,3.85758153249,-910.247233625,-8020.0,1.35004044113,3,0.030621380399
298,0.994106604614,-8020.0,-8020.0,0.00916159370499,0.00139910268109,0.0,-0.0077624910239,0.00972830798434,4.00081033975,-910.247233625,-8020.0,1.38649692554,3,0.00892113552397
299,0.177310960268,-4738.75,-8020.0,0.0,-0.0139510800082,1546.79608385,-0.0139510800082,0.0152328605216,4.08046178506,-812.520329965,-6926.25,1.40621016462,3,0.0152328605216
300,-0.0230954216523,6592.5,-8020.0,0.0,-0.0107368455606,6074.07043071,-0.0107368455606,0.0118462842549,4.40286979345,-8.0851807822,-1522.08333333,1.4822565541,3,0.0118462842549
301,-2.62742850434,-8020.0,-8020.0,0.0,-0.0164645121377,0.0,-0.0164645121377,0.0179938621907,4.35857234568,-910.247233625,-8020.0,1.47214456009,3,0.0179938621907
302,0.994113867055,-8020.0,-8020.0,0.0,0.00350214955838,0.0,0.00350214955838,0.0132092596315,3.90286144835,-910.247233625,-8020.0,1.36170998881,3,0.0132092596315
303,0.993063900803,-8020.0,-8020.0,0.0,0.00945348210957,0.0,0.00945348210957,0.0136900182,3.96711605587,-910.247233625,-8020.0,1.37803939643,3,0.0136900182
304,0.0151634034838,9511.25,-8020.0,0.0,-0.00469958742909,7947.18623773,-0.00469958742909,0.0151462491707,4.28517693883,10.7754994446,-1697.08333333,1.45516184381,3,0.0151462491707
305,-1.84107748271,-8020.0,-8020.0,0.0,-0.0017342535915,0.0,-0.0017342535915,0.0135673663824,4.01065330673,-910.247233625,-8020.0,1.38895414743,3,0.0135673663824
306,0.993874007377,-8020.0,-8020.0,0.00514919104712,-0.00502037563039,0.0,-0.0101695666775,0.00992733932657,3.78261327862,-910.247233625,-8020.0,1.33041511431,3,0.00917353455192
307,0.744685279897,-8020.0,-8020.0,0.0,0.0134522163047,0.0,0.0134522163047,0.025101905033,4.04639212969,-910.247233625,-8020.0,1.39782565192,3,0.025101905033
308,0.993844165355,-8020.0,-8020.0,0.0,0.0166199443617,0.0,0.0166199443617,0.0152845572442,3.86529909179,-910.247233625,-8020.0,1.35203906373,3,0.0152845572442
309,0.16533034907,-1376.25,-8020.0,0.0,0.00654255380183,3131.89378501,0.00654255380183,0.0119985489633,3.97401685857,-629.684082839,-5805.41666667,1.37977738634,3,0.0119985489633
310,0.768478569158,-8020.0,-8020.0,0.0,-0.0167826059603,0.0,-0.0167826059603,0.0126878513881,3.77911413902,-910.247233625,-8020.0,1.32948962741,3,0.0126878513881
311,0.994193376633,-8020.0,-8020.0,0.0,-0.00303330892302,0.0,-0.00303330892302,0.0118595772461,3.87518065381,-910.247233625,-8020.0,1.35459228206,3,0.0118595772461
312,0.993050314802,-8020.0,-8020.0,0.0,0.0175366531989,0.0,0.0175366531989,0.0126190816992,3.69826467457,-910.247233625,-8020.0,1.30786370276,3,0.0126190816992
313,0.192893988847,-532.5,-8020.0,0.0,-0.0146957430083,3529.64134942,-0.0146957430083,0.0127355282784,4.08520479923,-620.957846509,-5524.16666667,1.40737186151,3,0.0127355282784
314,0.04005107215,4442.5,-3201.25,0.0,0.0104600363041,3168.5561797,0.0104600363041,0.0261597783824,4.23744676293,560.81048685,232.083333333,1.44396090931,3,0.0261597783824
315,-0.0669288741693,9961.25,-8020.0,0.0,-0.00502822161855,8149.77472848,-0.00502822161855,0.0251442300866,4.13147068721,241.497924455,-1532.5,1.41863344218,3,0.0251442300866
316,-2.46254060261,-8020.0,-8020.0,0.0,0.00625671763897,0.0,0.00625671763897,0.0133245383206,3.80774600521,-910.247233625,-8020.0,1.33703741439,3,0.0133245383206
317,0.993993456667,-8020.0,-8020.0,0.0,0.00490967476001,0.0,0.00490967476001,0.0123501476627,3.81768033342,-910.247233625,-8020.0,1.33964299561,3,0.0123501476627
318,-0.384721845824,5111.25,-6176.25,0.0,-0.0021556982752,4609.76375479,-0.0021556982752,0.0111420179642,4.18227166789,-157.244916602,-445.0,1.43085456013,3,0.0111420179642
319,-2.54242637919,-8020.0,-8020.0,0.0,-0.0178912953317,0.0,-0.0178912953317,0.0156160108371,3.78596177213,-910.247233625,-8020.0,1.33129995557,3,0.0156160108371
320,0.994553542179,-8020.0,-8020.0,0.0,-0.00282093315158,0.0,-0.00282093315158,0.0120488278727,3.93239107425,-910.247233625,-8020.0,1.36924765671,3,0.0120488278727
321,0.901285697981,-8020.0,-8020.0,0.00719171380898,0.0307918259959,0.0,0.0236001121869,0.00999645469305,4.59391036087,-910.247233625,-8020.0,1.52473159186,3,0.0100224226987
322,0.993863582974,-8020.0,-8020.0,0.0,0.00431671140888,0.0,0.00431671140888,0.0104321624379,4.12560998739,-910.247233625,-8020.0,1.41721388458,3,0.0104321624379
323,-0.0649097339718,5017.5,-8020.0,0.0,0.0129935540557,5650.62296836,0.0129935540557,0.0152049215382,4.14339096751,-383.269462477,-2842.91666667,1.42151452686,3,0.0152049215382
324,-1.93558580188,-8020.0,-8020.0,0.0,-0.01710689645,0.0,-0.01710689645,0.0110014814991,3.76609122651,-910.247233625,-8020.0,1.32603765366,3,0.0110014814991
325,0.0776542032597,792.5,-8020.0,0.0,-0.0261218884496,4154.25233947,-0.0261218884496,0.0224430956708,3.96030553368,-694.142310444,-5082.5,1.37632117726,3,0.0224430956708
326,0.705020591309,-1595.0,-8020.0,0.0,-0.00690351505823,3028.77404608,-0.00690351505823,0.0128753346248,3.98572758799,-810.789721916,-5878.33333333,1.38271987726,3,0.0128753346248
327,0.18901311097,-3451.25,-8020.0,0.0,0.00552874002801,1930.12260333,0.00552874002801,0.0114620694466,4.0481668168,-810.726158719,-6086.66666667,1.39826414082,3,0.0114620694466
328,0.255854846503,8017.5,-8020.0,0.0,-0.0115033841087,7173.62307733,-0.0115033841087,0.0170610387466,4.1462179611,90.2896294591,-2074.16666667,1.42219658405,3,0.0170610387466
329,0.135398181544,-8020.0,-8020.0,0.0,-0.000961181603087,0.0,-0.000961181603087,0.0109335586148,3.9360570192,-910.247233625,-8020.0,1.37017946567,3,0.0109335586148
330,0.994002822037,-8020.0,-8020.0,0.0,-0.0122224984016,0.0,-0.0122224984016,0.0116041889155,3.71003895827,-910.247233625,-8020.0,1.31104237745,3,0.0116041889155
331,0.960657499264,-8020.0,-8020.0,0.0,-0.0255153676757,0.0,-0.0255153676757,0.0112557663961,3.68680017266,-910.247233625,-8020.0,1.30475891997,3,0.0112557663961
332,0.363290547716,836.25,-8020.0,0.0,-0.00360226044829,4174.87628726,-0.00360226044829,0.0110430080071,3.87484574593,-605.534719011,-5067.91666667,1.35450585451,3,0.0110430080071
333,0.582671585288,-5913.75,-8020.0,0.0,-0.00515001013935,992.895771916,-0.00515001013935,0.0106504713372,4.14253907952,-876.988652769,-7317.91666667,1.42130890407,3,0.0106504713372
334,0.9815292112,-8020.0,-8020.0,0.00381265592647,-0.0115138007271,0.0,-0.0153264566536,0.00991754807277,3.75074069041,-910.247233625,-8020.0,1.32195333792,3,0.00962478900321
335,0.617770525386,-5501.25,-8020.0,0.0,-0.0133376039033,1187.35013674,-0.0133376039033,0.0267925220415,4.0173138986,-887.478599734,-7180.41666667,1.39061349487,3,0.0267925220415
336,0.936823346903,-8020.0,-8020.0,0.0,-0.00598812246913,0.0,-0.00598812246913,0.0113585704962,3.78940832262,-910.247233625,-8020.0,1.3322098915,3,0.0113585704962
337,0.164976614048,-1095.0,-8020.0,0.0,-0.00108728699596,3264.47630648,-0.00108728699596,0.0198761311968,3.79257978933,-825.752955184,-5711.66666667,1.33304647074,3,0.0198761311968
338,0.909681687307,-8020.0,-8020.0,0.0,0.00227693920845,0.0,0.00227693920845,0.0125127350794,3.86216090967,-910.247233625,-8020.0,1.35122684799,3,0.0125127350794
339,0.993990703198,-8020.0,-8020.0,0.0,0.00125859073764,0.0,0.00125859073764,0.0116581001328,3.90825290554,-910.247233625,-8020.0,1.36309044691,3,0.0116581001328
340,0.993649215568,-8020.0,-8020.0,0.0,0.0062644016425,0.0,0.0062644016425,0.0111070983259,3.78983334442,-910.247233625,-8020.0,1.33232204568,3,0.0111070983259
341,0.993870280692,-8020.0,-8020.0,0.0,0.000840580111137,0.0,0.000840580111137,0.0116762938316,3.92763047352,-910.247233625,-8020.0,1.3680363111,3,0.0116762938316
342,-0.0317200849456,4717.5,-8020.0,0.0,-0.00469403601951,5468.15195143,-0.00469403601951,0.0178036136079,3.92075253232,-363.259071085,-2847.08333333,1.36628360791,3,0.0178036136079
343,0.657516198545,7486.25,-8020.0,0.0,0.0182066178606,7278.97764971,0.0182066178606,0.0291419656008,4.25760332584,-256.317259199,-2807.5,1.44870640239,3,0.0291419656008
344,-7.80866309743,-8020.0,-8020.0,0.0,-0.0164440560966,0.0,-0.0164440560966,0.0123527643856,3.83658216685,-910.247233625,-8020.0,1.34458190954,3,0.0123527643856
345,0.993923245202,-8020.0,-8020.0,0.0,0.00101896627356,0.0,0.00101896627356,0.0129573619507,3.85484283079,-910.247233625,-8020.0,1.34933023596,3,0.0129573619507
346,-0.00744379517454,636.25,-8020.0,0.0,-0.00802879040902,4080.5953831,-0.00802879040902,0.0109910972193,4.20899785636,-746.849212858,-5134.58333333,1.43722458049,3,0.0109910972193
347,0.651912332406,-8020.0,-8020.0,0.0,0.00632242744255,0.0,0.00632242744255,0.0111603536122,3.80601749209,-910.247233625,-8020.0,1.33658336479,3,0.0111603536122
348,0.993460291148,-8020.0,-8020.0,0.0,-0.00998114815751,0.0,-0.00998114815751,0.0118429765374,3.73582986055,-910.247233625,-8020.0,1.31796997879,3,0.0118429765374
349,0.257208074156,-5113.75,-8020.0,0.0,-0.0152462738723,1209.37096253,-0.0152462738723,0.0113558144664,4.24693029429,-839.252298135,-6401.25,1.44619643827,3,0.0113558144664
350,0.0186687303435,6536.25,-8020.0,0.0,-0.0144008943351,5987.13681919,-0.0144008943351,0.0216951862373,4.31620904496,-21.1799207159,-1257.5,1.46237748111,3,0.0216951862373
351,0.806606564444,-438.75,-8020.0,0.0,0.00713034950954,3573.83552325,0.00713034950954,0.0188335272228,3.8866914818,-734.505687273,-5492.91666667,1.35755827692,3,0.0188335272228
352,0.484910774168,-8020.0,-8020.0,0.0,-0.0084234142597,0.0,-0.0084234142597,0.0133251712692,3.78449712414,-910.247233625,-8020.0,1.33091301786,3,0.0133251712692
353,0.994172983709,-8020.0,-8020.0,0.0,0.000770429292197,0.0,0.000770429292197,0.011887080707,3.9831104206,-910.247233625,-8020.0,1.38206302679,3,0.011887080707
354,0.994194519775,-8020.0,-8020.0,0.0,0.00640887157304,0.0,0.00640887157304,0.0133220941969,3.84413880779,-910.247233625,-8020.0,1.3465496007,3,0.0133220941969
355,0.99353469731,-8020.0,-8020.0,0.0,0.0155640838556,0.0,0.0155640838556,0.0120607912693,3.86849654209,-910.247233625,-8020.0,1.35286594114,3,0.0120607912693
356,0.994071144029,-8020.0,-8020.0,0.0,-0.00621239990043,0.0,-0.00621239990043,0.0123513742507,3.90200019122,-910.247233625,-8020.0,1.36148929121,3,0.0123513742507
357,0.994276851632,-8020.0,-8020.0,0.0,0.00309587624311,0.0,0.00309587624311,0.0125272990727,3.68975232649,-910.247233625,-8020.0,1.30555933561,3,0.0125272990727
358,-0.0978591375808,3448.75,-8020.0,0.0,-0.0137296398893,5406.42059782,-0.0137296398893,0.013910223323,3.87864766993,-633.830192582,-4197.08333333,1.3554865542,3,0.013910223323
359,-0.182329647076,-8020.0,-8020.0,0.0,-0.00306135921681,0.0,-0.00306135921681,0.0129158242554,3.8476854313,-910.247233625,-8020.0,1.34747178084,3,0.0129158242554
360,0.994208645358,-8020.0,-8020.0,0.0,0.00120264453074,0.0,0.00120264453074,0.0108521554668,3.7490186743,-910.247233625,-8020.0,1.32149411888,3,0.0108521554668
361,-0.135739186769,1755.0,-5657.5,0.0,0.00692461276514,3271.60420852,0.00692461276514,0.0125455184336,4.03457659141,-87.5077817723,-2830.41666667,1.39490136224,3,0.0125455184336
362,-0.614121691317,-8020.0,-8020.0,0.0,-0.0117808459178,0.0,-0.0117808459178,0.0163459380466,3.7790521898,-910.247233625,-8020.0,1.32947323475,3,0.0163459380466
363,0.0301884155981,7592.5,-8020.0,0.0,-0.00448981951347,7359.80308085,-0.00448981951347,0.0131168383994,3.9115178877,75.9558845222,-2815.83333333,1.36392550524,3,0.0131168383994
364,0.337196346786,-8020.0,-8020.0,0.0,-0.00283191480302,0.0,-0.00283191480302,0.0136166044564,3.86944630514,-910.247233625,-8020.0,1.3531114232,3,0.0136166044564
365,0.90046529345,-8020.0,-8020.0,0.0,0.0302991161584,0.0,0.0302991161584,0.0239542280395,3.97197922936,-910.247233625,-8020.0,1.37926451691,3,0.0239542280395
366,0.194562025,1880.0,-8020.0,0.0,-0.0015390220753,4666.90475583,-0.0015390220753,0.0136230668457,3.89324718255,-476.885953529,-4720.0,1.35924356072,3,0.0136230668457
367,0.484385702228,-7026.25,-8020.0,0.0,-0.0065025274521,468.458242536,-0.0065025274521,0.0149814951444,3.95348751625,-895.501029616,-7688.75,1.37459810488,3,0.0149814951444
368,0.960720448388,-8020.0,-8020.0,0.0,0.00465452752951,0.0,0.00465452752951,0.0189189458557,3.98613389842,-910.247233625,-8020.0,1.3828218134,3,0.0189189458557
369,-0.000921974127095,2567.5,-8020.0,0.0,-0.00229551706197,4990.99536388,-0.00229551706197,0.0136015202228,3.80508179246,-591.932260102,-4490.83333333,1.33633748713,3,0.0136015202228
370,0.751638902931,-8020.0,-8020.0,0.0,-0.00115976984718,0.0,-0.00115976984718,0.0118677408486,3.98724696926,-910.247233625,-8020.0,1.38310101011,3,0.0118677408486
371,0.993696391838,-8020.0,-8020.0,0.0,-0.00763071984742,0.0,-0.00763071984742,0.0121203861263,3.82397949416,-910.247233625,-8020.0,1.34129163277,3,0.0121203861263
372,0.994311445226,-8020.0,-8020.0,0.0,0.00380915711596,0.0,0.00380915711596,0.0113392664617,3.88762766892,-910.247233625,-8020.0,1.35779911785,3,0.0113392664617
373,0.994382053192,-8020.0,-8020.0,0.0,0.000714124120888,0.0,0.000714124120888,0.0115657444559,3.89470989261,-910.247233625,-8020.0,1.35961919455,3,0.0115657444559
374,0.994274921441,-8020.0,-8020.0,0.0,0.00531585490812,0.0,0.00531585490812,0.0151093655416,3.93352890766,-910.247233625,-8020.0,1.36953696385,3,0.0151093655416
375,0.982599432567,-8020.0,-8020.0,0.0,0.00266354103635,0.0,0.00266354103635,0.0139098322625,3.7584930778,-910.247233625,-8020.0,1.32401809989,3,0.0139098322625
376,0.994422731873,-8020.0,-8020.0,0.0,0.0107786081526,0.0,0.0107786081526,0.0111095518499,3.79327425377,-910.247233625,-8020.0,1.33322956533,3,0.0111095518499
377,0.994007412748,-8020.0,-8020.0,0.0,0.00108164181845,0.0,0.00108164181845,0.0111992054327,3.94060291645,-910.247233625,-8020.0,1.37133373608,3,0.0111992054327
378,0.989857236317,-8020.0,-8020.0,0.0,-0.00976052370832,0.0,-0.00976052370832,0.0104015254853,3.90210281905,-910.247233625,-8020.0,1.3615155922,3,0.0104015254853
379,0.994151600126,-8020.0,-8020.0,0.0,-4.97715750567e-05,0.0,-4.97715750567e-05,0.0102391944703,3.6697534978,-910.247233625,-8020.0,1.300124493,3,0.0102391944703
380,0.839401597002,-8020.0,-8020.0,0.0,0.0156265311476,0.0,0.0156265311476,0.031648578431,3.98925951519,-910.247233625,-8020.0,1.38360562851,3,0.031648578431
381,0.0213127040675,3280.0,-8020.0,0.0,-0.0157156539535,5326.87108494,-0.0157156539535,0.0236994045053,4.03474429686,-362.210540417,-4253.33333333,1.39494292843,3,0.0236994045053
382,0.824497029751,-8020.0,-8020.0,0.0181108752834,-0.0119490263683,0.0,-0.0300599016517,0.00920685659828,4.53081504755,-910.247233625,-8020.0,1.51090184551,3,0.00673258235094
383,0.964606845332,-8020.0,-8020.0,0.0,-0.0165021040052,0.0,-0.0165021040052,0.0112394726626,3.89180551888,-910.247233625,-8020.0,1.35887319362,3,0.0112394726626
384,0.994091453928,-8020.0,-8020.0,0.0,0.0124197961984,0.0,0.0124197961984,0.0157983674554,3.89110994621,-910.247233625,-8020.0,1.35869445015,3,0.0157983674554
385,0.983684213434,-8020.0,-8020.0,0.0,0.00152283353604,0.0,0.00152283353604,0.0136573962597,4.02626664582,-910.247233625,-8020.0,1.39283955598,3,0.0136573962597
386,-1.94306319771,-2838.75,-8020.0,0.0,-0.000654928912239,2288.52625734,-0.000654928912239,0.0143882111798,4.20879264465,-765.611024814,-4811.66666667,1.43717582382,3,0.0143882111798
387,0.614601376119,-632.5,-8020.0,0.0,0.00421135119464,3035.90636064,0.00421135119464,0.0138494880678,4.34443894761,-392.71729342,-4080.41666667,1.4688966244,3,0.0138494880678
388,0.456297526191,-8020.0,-8020.0,0.0,0.00640759792516,0.0,0.00640759792516,0.014965215581,3.80761889897,-910.247233625,-8020.0,1.33700403287,3,0.014965215581
389,0.993748687867,-8020.0,-8020.0,0.0,-0.00337086992842,0.0,-0.00337086992842,0.0130810733266,3.94590558859,-910.247233625,-8020.0,1.37267848146,3,0.0130810733266
390,0.993862328723,-8020.0,-8020.0,0.0,-0.00281412481314,0.0,-0.00281412481314,0.0136501212602,3.83347899254,-910.247233625,-8020.0,1.34377274403,3,0.0136501212602
391,0.993707598709,-8020.0,-8020.0,0.0,-0.00073797745913,0.0,-0.00073797745913,0.0136991559205,3.80992575043,-910.247233625,-8020.0,1.33760970087,3,0.0136991559205
392,0.0760056509367,6080.0,-8020.0,0.0,-0.0221480176165,6646.80374315,-0.0221480176165,0.0275534423939,4.03895810613,-303.382284542,-3320.0,1.39598676419,3,0.0275534423939
393,0.690267667142,-8020.0,-8020.0,0.0,-0.00470436112469,0.0,-0.00470436112469,0.0119680727781,3.94992774265,-910.247233625,-8020.0,1.37369728575,3,0.0119680727781
394,0.980920346906,-8020.0,-8020.0,0.0,-0.0015888798321,0.0,-0.0015888798321,0.0137676317073,3.95279741724,-910.247233625,-8020.0,1.37442353515,3,0.0137676317073
395,0.994173510568,-8020.0,-8020.0,0.0,0.00265722528201,0.0,0.00265722528201,0.0111195293586,3.91662118485,-910.247233625,-8020.0,1.36522933948,3,0.0111195293586
396,0.993726339373,-8020.0,-8020.0,0.0,-0.00368716105447,0.0,-0.00368716105447,0.0120410753051,3.89713529114,-910.247233625,-8020.0,1.36024174249,3,0.0120410753051
397,0.982581402928,-8020.0,-8020.0,0.0,-0.00668760357176,0.0,-0.00668760357176,0.0158683363878,4.03450331569,-910.247233625,-8020.0,1.39488320014,3,0.0158683363878
398,0.928056631198,-6995.0,-8020.0,0.00572280872859,-0.00935332335544,483.189633811,-0.015076132084,0.00999091925529,4.06242760958,-894.548345449,-7678.33333333,1.40178072832,3,0.00977029120201
399,0.98794043365,-8020.0,-8020.0,0.0,0.0276760189668,0.0,0.0276760189668,0.012834107103,3.86220960729,-910.247233625,-8020.0,1.35123945682,3,0.012834107103
400,0.971057099314,-8020.0,-8020.0,0.0,-0.00716569025514,0.0,-0.00716569025514,0.0142462404079,3.93774362913,-910.247233625,-8020.0,1.3706078763,3,0.0142462404079
401,0.95955792324,-8020.0,-8020.0,0.0,-0.0113879392502,0.0,-0.0113879392502,0.0146659136801,3.83975337983,-910.247233625,-8020.0,1.34540814053,3,0.0146659136801
402,0.860319690339,-8020.0,-8020.0,0.0,-0.058140604211,0.0,-0.058140604211,0.0388352292729,3.90705807242,-910.247233625,-8020.0,1.36278467965,3,0.0388352292729
403,0.994171661535,-8020.0,-8020.0,0.0,0.00279402177379,0.0,0.00279402177379,0.0122111167836,3.89926124317,-910.247233625,-8020.0,1.36078711036,3,0.0122111167836
404,0.297685576291,-4795.0,-8020.0,0.0,-0.010028382388,1520.27957955,-0.010028382388,0.0148446093404,4.16925884042,-870.451438796,-6945.0,1.4277382839,3,0.0148446093404
405,-0.252383321305,-695.0,-8020.0,0.0,-0.0150236806512,3016.75443012,-0.0150236806512,0.0137113365222,4.21857427817,-103.54291278,-4076.25,1.43949722219,3,0.0137113365222
406,0.795978890015,-8020.0,-8020.0,0.0,-0.0117673759837,0.0,-0.0117673759837,0.0142886363454,4.01082480722,-910.247233625,-8020.0,1.38899690775,3,0.0142886363454
407,0.958966863905,-8020.0,-8020.0,0.0,0.0107255516479,0.0,0.0107255516479,0.0159244708126,3.93454645145,-910.247233625,-8020.0,1.36979561511,3,0.0159244708126
408,0.993153791611,-8020.0,-8020.0,0.0,0.010604901962,0.0,0.010604901962,0.0136957934793,3.85234169777,-910.247233625,-8020.0,1.34868119659,3,0.0136957934793
409,-0.434427289732,-8020.0,-8020.0,0.0,-0.0315891811341,0.0,-0.0315891811341,0.016741504182,3.79380080499,-910.247233625,-8020.0,1.3333683675,3,0.016741504182
410,0.229955294305,342.5,-8020.0,0.0,-0.0159482881949,3942.12030512,-0.0159482881949,0.0111742481234,4.48249524783,-479.102525704,-5232.5,1.50017986633,3,0.0111742481234
411,0.613914359926,-8020.0,-8020.0,0.0,0.0228759117083,0.0,0.0228759117083,0.0136843533524,3.83844453358,-910.247233625,-8020.0,1.34506721516,3,0.0136843533524
412,0.994331260233,-8020.0,-8020.0,0.0,-0.000192173105566,0.0,-0.000192173105566,0.0152316657628,3.76430295262,-910.247233625,-8020.0,1.32556270537,3,0.0152316657628
413,0.994011697085,-8020.0,-8020.0,0.0,-0.0145288058853,0.0,-0.0145288058853,0.0128142142981,3.81821198752,-910.247233625,-8020.0,1.33978224695,3,0.0128142142981
414,0.323585789696,-407.5,-8020.0,0.0,-0.00354077673346,3480.68454913,-0.00354077673346,0.0177757197571,4.04414969777,-450.881664563,-5322.08333333,1.39727131773,3,0.0177757197571
415,0.0448510272873,-7438.75,-8020.0,0.0,0.00427356815174,274.00387771,0.00427356815174,0.0266224362532,4.01741876251,-904.464157642,-7826.25,1.39063959752,3,0.0266224362532
416,0.993920651387,-8020.0,-8020.0,0.0,-0.00207349841491,0.0,-0.00207349841491,0.0154744745073,3.82348348379,-910.247233625,-8020.0,1.34116191384,3,0.0154744745073
417,0.853076821737,-6501.25,-8020.0,0.0,-0.00578543424,715.945615951,-0.00578543424,0.0299465184632,3.92134425444,-895.9995044,-7513.75,1.36643451707,3,0.0299465184632
418,0.0164032455659,5673.75,-8020.0,0.0,-0.0185593533361,5719.15868303,-0.0185593533361,0.0279389790737,4.01698047222,16.5230587624,-2026.25,1.39053049408,3,0.0279389790737
419,0.144262655095,-8020.0,-8020.0,0.00969405366438,0.0127275238326,0.0,0.00303347016825,0.00956692283789,3.87137092485,-910.247233625,-8020.0,1.35360868846,3,0.0087014481463
420,0.970963463311,-8020.0,-8020.0,0.0,-0.0117152311112,0.0,-0.0117152311112,0.0116899275647,3.75570263067,-910.247233625,-8020.0,1.3232753864,3,0.0116899275647
421,0.993549763515,-8020.0,-8020.0,0.0,0.00820028460875,0.0,0.00820028460875,0.0144602168594,3.87907172373,-910.247233625,-8020.0,1.35559587855,3,0.0144602168594
422,0.972274932216,-8020.0,-8020.0,0.0,-0.00150353938009,0.0,-0.00150353938009,0.0119068219821,3.83707095798,-910.247233625,-8020.0,1.34470930418,3,0.0119068219821
423,0.221242951163,-2851.25,-8020.0,0.0,-0.0079078047134,2436.57211684,-0.0079078047134,0.0304945663615,3.89132650121,-805.384308629,-6297.08333333,1.35875010238,3,0.0304945663615
424,0.235121101621,-6488.75,-8020.0,0.0,-0.0269969621515,721.838172461,-0.0269969621515,0.0387855864914,3.92342777846,-897.310815114,-7509.58333333,1.36696570499,3,0.0387855864914
425,0.477394907133,-1157.5,-8020.0,0.0,-0.00918666692251,3235.01352393,-0.00918666692251,0.0114876344466,4.27587691485,-472.506389363,-5732.5,1.45298920763,3,0.0114876344466
426,0.72976171266,1511.25,-8020.0,0.0,-0.0112088886754,4493.07433879,-0.0112088886754,0.0221771712412,3.74877442559,-729.257832884,-4842.91666667,1.32142896672,3,0.0221771712412
427,0.684553802258,5167.5,-8020.0,0.0,-0.00102717309165,6216.64711793,-0.00102717309165,0.0190907133846,4.01783264978,-621.982453694,-3624.16666667,1.3907426154,3,0.0190907133846
428,0.528846781081,-8020.0,-8020.0,0.0,0.00615339637467,0.0,0.00615339637467,0.0136740014289,3.85334999622,-910.247233625,-8020.0,1.34894289884,3,0.0136740014289
429,0.909678038614,-8020.0,-8020.0,0.0,-0.0159859734478,0.0,-0.0159859734478,0.0232707691704,3.89031712105,-910.247233625,-8020.0,1.35849067643,3,0.0232707691704
430,0.994770685221,-8020.0,-8020.0,0.0,-0.00690739247485,0.0,-0.00690739247485,0.0125298273936,3.83826164108,-910.247233625,-8020.0,1.34501956647,3,0.0125298273936
431,0.991490605917,-8020.0,-8020.0,0.0,0.00667337376246,0.0,0.00667337376246,0.0134892890603,3.78070168833,-910.247233625,-8020.0,1.32990962424,3,0.0134892890603
432,0.992781595462,-8020.0,-8020.0,0.0,-0.00795349802316,0.0,-0.00795349802316,0.0124334614631,3.92546933708,-910.247233625,-8020.0,1.36748592041,3,0.0124334614631
433,0.846217836433,-8020.0,-8020.0,0.0,-0.0146555026097,0.0,-0.0146555026097,0.0663394910145,3.87738063881,-910.247233625,-8020.0,1.35515983257,3,0.0663394910145
434,0.994023686039,-8020.0,-8020.0,0.0,0.00512994859532,0.0,0.00512994859532,0.011759078599,3.77443065931,-910.247233625,-8020.0,1.3282495526,3,0.011759078599
435,0.994340415156,-8020.0,-8020.0,0.0,-0.0161107032562,0.0,-0.0161107032562,0.0114185674484,3.69791634344,-910.247233625,-8020.0,1.3077695106,3,0.0114185674484
436,0.959567668717,-8020.0,-8020.0,0.0,0.00512239677563,0.0,0.00512239677563,0.0114973820653,3.89048824434,-910.247233625,-8020.0,1.35853466244,3,0.0114973820653
437,0.993548766352,-8020.0,-8020.0,0.0,0.00597283566896,0.0,0.00597283566896,0.0124914405119,3.84039885397,-910.247233625,-8020.0,1.34557622943,3,0.0124914405119
438,0.988206331225,-8020.0,-8020.0,0.0,-0.00770142135051,0.0,-0.00770142135051,0.0141279316683,4.02014954845,-910.247233625,-8020.0,1.39131910305,3,0.0141279316683
439,-3.30959987364,-2963.75,-7626.25,0.0,-0.0109472939996,1914.91768027,-0.0109472939996,0.0311881602086,4.33025420828,-639.674841699,-5442.91666667,1.4656262489,3,0.0311881602086
440,0.853159576451,-8020.0,-8020.0,0.0,0.00464403768436,0.0,0.00464403768436,0.0102017558943,3.71389044267,-910.247233625,-8020.0,1.31207996402,3,0.0102017558943
441,0.993660950658,-8020.0,-8020.0,0.0,-0.00606063127764,0.0,-0.00606063127764,0.0171123461098,3.87758831773,-910.247233625,-8020.0,1.35521339279,3,0.0171123461098
442,0.993182582885,-8020.0,-8020.0,0.0,-0.0132002934163,0.0,-0.0132002934163,0.0114678714707,3.87987872834,-910.247233625,-8020.0,1.35580389756,3,0.0114678714707
443,0.992541047412,-8020.0,-8020.0,0.0,-0.0238317238563,0.0,-0.0238317238563,0.012346115933,3.77290818771,-910.247233625,-8020.0,1.32784610666,3,0.012346115933
444,0.948283271184,-8020.0,-8020.0,0.0,0.0030198010139,0.0,0.0030198010139,0.0178999137231,3.91982793377,-910.247233625,-8020.0,1.36604775839,3,0.0178999137231
445,0.119748134906,2561.25,-8020.0,0.0,-0.0150448781082,4988.04908562,-0.0150448781082,0.0113778167793,4.12325196609,-364.981243665,-4492.91666667,1.41664216418,3,0.0113778167793
446,0.899868127813,-8020.0,-8020.0,0.0,0.00636190689689,0.0,0.00636190689689,0.0105334975445,3.73697699957,-910.247233625,-8020.0,1.3182769957,3,0.0105334975445
447,0.959989398705,-8020.0,-8020.0,0.0,-0.00389438418527,0.0,-0.00389438418527,0.0105345923018,3.96926526367,-910.247233625,-8020.0,1.37858100545,3,0.0105345923018
448,-3.58052361479,-8020.0,-8020.0,0.0,-0.0154930468731,0.0,-0.0154930468731,0.0152115564744,3.77897825005,-910.247233625,-8020.0,1.32945366887,3,0.0152115564744
449,0.0873638316865,-1788.75,-8020.0,0.0,-0.0100848287316,2937.43942018,-0.0100848287316,0.011686201843,4.2837033691,-804.751387206,-5942.91666667,1.45481790862,3,0.011686201843
450,0.791111281785,-8020.0,-8020.0,0.00636471774252,0.0109334865927,0.0,0.00456876885013,0.00991600137768,3.80542842389,-910.247233625,-8020.0,1.33642857995,3,0.00904610448297
451,0.994189926771,-8020.0,-8020.0,0.0,0.0122488402124,0.0,0.0122488402124,0.0117892103457,3.83237828072,-910.247233625,-8020.0,1.3434855715,3,0.0117892103457
452,0.993743296601,-8020.0,-8020.0,0.00127404044958,-0.0014714131242,0.0,-0.00274545357378,0.00999953369309,3.85412883194,-910.247233625,-8020.0,1.34914499754,3,0.00997305817732
453,-0.440028535294,-2445.0,-8020.0,0.0,-0.0111221823183,2449.13001844,-0.0111221823183,0.0176848258246,4.13725360137,-491.44668548,-4592.91666667,1.42003218639,3,0.0176848258246
454,0.892318113335,-8020.0,-8020.0,0.0,-0.00413308276832,0.0,-0.00413308276832,0.0105820959196,3.87296092896,-910.247233625,-8020.0,1.35401931243,3,0.0105820959196
455,0.992791171676,-8020.0,-8020.0,0.0,-0.00669667228953,0.0,-0.00669667228953,0.0112027264629,3.77050107378,-910.247233625,-8020.0,1.32720790345,3,0.0112027264629
456,0.993930346592,-8020.0,-8020.0,0.0,0.0121064619965,0.0,0.0121064619965,0.0126311527013,3.83451824829,-910.247233625,-8020.0,1.34404380719,3,0.0126311527013
457,0.239791863387,-2357.5,-8020.0,0.0,-0.00651707342665,2339.03321671,-0.00651707342665,0.0129850516588,4.11444545265,-686.791064611,-4936.66666667,1.41450406263,3,0.0129850516588
458,0.218602460998,-1451.25,-8020.0,0.0,-0.0492544227689,2712.99438659,-0.0492544227689,0.0440864211031,3.89516954112,-630.573274054,-5026.25,1.35973720626,3,0.0440864211031
459,0.701476336112,-8020.0,-8020.0,0.0,-0.00708249117097,0.0,-0.00708249117097,0.012105483355,3.88238799017,-910.247233625,-8020.0,1.3564504257,3,0.012105483355
460,0.0926299673144,7667.5,-8020.0,0.0,-0.000613713566362,7395.15841991,-0.000613713566362,0.0259541382876,4.30901012607,9.8920912908,-2790.83333333,1.46070820861,3,0.0259541382876
461,-2.84546011937,-4745.0,-8020.0,0.0,0.00700906644815,1543.84980559,0.00700906644815,0.0130229711119,4.10034172557,-813.627857298,-6928.33333333,1.41107031794,3,0.0130229711119
462,0.876525852476,-8020.0,-8020.0,0.0,0.0221247409343,0.0,0.0221247409343,0.0178931314557,3.91869889996,-910.247233625,-8020.0,1.36575968543,3,0.0178931314557
463,0.994238890127,-8020.0,-8020.0,0.0,0.00138481218373,0.0,0.00138481218373,0.0127616411254,4.02131072913,-910.247233625,-8020.0,1.39160790151,3,0.0127616411254
464,0.856063373343,-8020.0,-8020.0,0.0,0.00372414154565,0.0,0.00372414154565,0.0181719970398,3.89081357669,-910.247233625,-8020.0,1.35861828144,3,0.0181719970398
465,-0.00276693507251,198.75,-8020.0,0.0,-0.0169987872891,3435.50320793,-0.0169987872891,0.0190482996538,4.28224730405,-594.123774539,-4432.5,1.45447794283,3,0.0190482996538
466,-0.665443807529,-7001.25,-8020.0,0.0,0.0182673685656,480.243355556,0.0182673685656,0.010379854594,4.20534648219,-894.742731316,-7680.41666667,1.4363566877,3,0.010379854594
467,0.983332410092,-8020.0,-8020.0,0.0,0.00387006182663,0.0,0.00387006182663,0.0111494547596,3.86314698866,-910.247233625,-8020.0,1.35148213335,3,0.0111494547596
468,0.99406115659,-8020.0,-8020.0,0.0,0.0086676352422,0.0,0.0086676352422,0.0112185658171,3.8722363586,-910.247233625,-8020.0,1.35383221058,3,0.0112185658171
469,0.994369991874,-8020.0,-8020.0,0.0,0.00642108220172,0.0,0.00642108220172,0.0124968997039,3.74327816422,-910.247233625,-8020.0,1.31996174201,3,0.0124968997039
470,0.0115342833338,-738.75,-8020.0,0.0,-0.0209944387487,3432.41416701,-0.0209944387487,0.0171472106907,4.22579374939,-766.858819781,-5592.91666667,1.44120711284,3,0.0171472106907
471,0.980038523769,-8020.0,-8020.0,0.0080619617291,0.0118526719918,0.0,0.00379071026275,0.00974393979152,3.91204210471,-910.247233625,-8020.0,1.36405951508,3,0.00921774804032
472,-0.0620981601928,2148.75,-8020.0,0.0,0.00204250160824,4179.57064349,0.00204250160824,0.0248710630821,4.22708415191,-366.457317047,-3278.33333333,1.44151242957,3,0.0248710630821
473,-0.190951283636,-3151.25,-8020.0,0.0,0.0190642073297,2295.1507606,0.0190642073297,0.0317126830063,4.0518613447,-738.261135125,-6397.08333333,1.39917636682,3,0.0317126830063
474,0.711409605563,-7551.25,-8020.0,0.0,-0.0074024525436,220.970869121,-0.0074024525436,0.0347746467796,3.76266101263,-906.654538416,-7863.75,1.32512642321,3,0.0347746467796
475,-0.0117211380262,4117.5,-8020.0,0.0,-0.00295315038939,5521.77822103,-0.00295315038939,0.0220239820411,4.28606979874,499.996096797,-228.333333333,1.45537018221,3,0.0220239820411
476,-0.92041584164,-8020.0,-8020.0,0.0,-0.00539801397834,0.0,-0.00539801397834,0.0138408792862,3.95719311241,-910.247233625,-8020.0,1.37553496394,3,0.0138408792862
477,-2.54783943364,-7313.75,-8020.0,0.0,-0.0173469904937,332.929442809,-0.0173469904937,0.0171554211404,3.97844316483,-905.077589861,-7784.58333333,1.38089057816,3,0.0171554211404
478,0.116580276894,498.75,-8020.0,0.0,-0.00454768648426,3543.45175602,-0.00454768648426,0.00984024726698,4.42072948487,-487.651539626,-3280.41666667,1.4863047243,3,0.00984024726698
479,-0.885077068806,948.75,-6195.0,0.0,0.00818226178099,2991.1428859,0.00818226178099,0.0208287494956,4.59570985736,-208.13697187,-2153.33333333,1.52512322861,3,0.0208287494956
480,0.288005727514,-8020.0,-8020.0,0.0,0.000972481328894,0.0,0.000972481328894,0.0312385055095,3.99265148429,-910.247233625,-8020.0,1.3844555426,3,0.0312385055095
481,0.189430589225,3948.75,-8020.0,0.0,-0.00368739057988,5642.12285822,-0.00368739057988,0.0134378329457,3.95442936563,-42.9349433612,-4030.41666667,1.37483630905,3,0.0134378329457
482,0.925231754082,-8020.0,-8020.0,0.0,0.0164751752677,0.0,0.0164751752677,0.0151160266126,3.90650611978,-910.247233625,-8020.0,1.36264339902,3,0.0151160266126
483,0.99391165244,-8020.0,-8020.0,0.0,-0.00354294680666,0.0,-0.00354294680666,0.0134712992639,3.87230501714,-910.247233625,-8020.0,1.3538499414,3,0.0134712992639
484,0.952223194387,-8020.0,-8020.0,0.0,0.0133210109706,0.0,0.0133210109706,0.0146419593663,3.91352187653,-910.247233625,-8020.0,1.36443770426,3,0.0146419593663
485,0.994130609389,-8020.0,-8020.0,0.0,0.000454597157776,0.0,0.000454597157776,0.0137665453423,3.84684060253,-910.247233625,-8020.0,1.34725218869,3,0.0137665453423
486,0.994133842609,-8020.0,-8020.0,0.0,-0.0128267009114,0.0,-0.0128267009114,0.0138136654213,3.99313888703,-910.247233625,-8020.0,1.3845776101,3,0.0138136654213
487,0.994279602159,-8020.0,-8020.0,0.0,-0.0062632485588,0.0,-0.0062632485588,0.0120286136236,3.90948123996,-910.247233625,-8020.0,1.36340468999,3,0.0120286136236
488,0.994386148062,-8020.0,-8020.0,0.0,0.00269533147415,0.0,0.00269533147415,0.0106139068912,3.918777864,-910.247233625,-8020.0,1.36577983581,3,0.0106139068912
489,0.969676909731,-8020.0,-8020.0,0.0,-0.00336938908414,0.0,-0.00336938908414,0.0142888212994,3.99301987907,-910.247233625,-8020.0,1.38454780655,3,0.0142888212994
490,0.993714963346,-8020.0,-8020.0,0.0,0.00149055512871,0.0,0.00149055512871,0.0155444748938,4.07529126784,-910.247233625,-8020.0,1.40494222091,3,0.0155444748938
491,0.994251089389,-8020.0,-8020.0,0.0,0.00934216746967,0.0,0.00934216746967,0.0116110615188,3.88063502479,-910.247233625,-8020.0,1.35599880643,3,0.0116110615188
492,0.994086449001,-8020.0,-8020.0,0.0,0.00723655161892,0.0,0.00723655161892,0.0115642130301,3.89646175712,-910.247233625,-8020.0,1.36006889958,3,0.0115642130301
493,0.911600873714,-7457.5,-8020.0,0.0,0.0271758146256,265.165042945,0.0271758146256,0.037238668852,3.91837828212,-906.443793854,-7832.5,1.36567786466,3,0.037238668852
494,0.234193344822,3642.5,-8020.0,0.0,-0.00765292162851,5497.75522373,-0.00765292162851,0.0142030152644,4.04686300885,-125.420995602,-4132.5,1.39794201527,3,0.0142030152644
495,0.613471281132,-8020.0,-8020.0,0.0,-0.00333046014023,0.0,-0.00333046014023,0.0140806829822,3.93927297347,-910.247233625,-8020.0,1.37099618178,3,0.0140806829822
496,0.979138768306,-8020.0,-8020.0,0.0,-0.00366092399596,0.0,-0.00366092399596,0.015358303544,3.95813158635,-910.247233625,-8020.0,1.37577209229,3,0.015358303544
497,0.994196908116,-8020.0,-8020.0,0.0,-0.00652499106228,0.0,-0.00652499106228,0.0129516720717,3.96560730363,-910.247233625,-8020.0,1.37765900947,3,0.0129516720717
498,0.994108487359,-8020.0,-8020.0,0.0,-0.00208768016767,0.0,-0.00208768016767,0.012894705778,3.88651256988,-910.247233625,-8020.0,1.35751224392,3,0.012894705778
499,0.911525299296,-8020.0,-8020.0,0.0,0.0206475262231,0.0,0.0206475262231,0.0375403771506,4.04970145862,-910.247233625,-8020.0,1.39864316448,3,0.0375403771506
