MinReturn,Iteration,NumTrajs,ExplainedVariance,Entropy,Perplexity,MeanKL,LossAfter,dLoss,AverageDiscountedReturn,StdReturn,MaxReturn,MeanKLBefore,LossBefore,AverageReturn
0.0,0,3,4.18554080284e-14,1.56555486819,4.78532942647,0.00628362130826,-0.0220945978393,0.0220945978393,1115.30982743,2357.02260396,5000.0,4.04889477197e-18,-1.62101813454e-15,1666.66666667
0.0,1,3,0.267903923625,1.58241677703,4.86670334679,0.00481863714666,-0.0364820257249,0.0364820257249,965.544043707,1885.61808316,4000.0,3.79965663523e-18,-1.74767607793e-16,1333.33333333
4000.0,2,3,-1.02536494591,1.54439890813,4.68515457211,0.0070256262217,-0.0182669928062,0.0182669928062,1600.64098159,1885.61808316,8000.0,-7.96424421135e-18,1.83371836234e-16,5333.33333333
4000.0,3,3,-0.0252469268348,1.5521385692,4.7215567692,0.00625755087104,-0.0170713892472,0.0170713892472,2554.25410185,471.404520791,5000.0,-1.44113646327e-17,7.53563877964e-17,4333.33333333
4000.0,4,3,0.16725042111,1.54795775625,4.70185803057,0.00791620768944,-0.022085145505,0.022085145505,1735.18335454,0.0,4000.0,-5.89331167314e-18,1.79671092819e-16,4000.0
0.0,5,3,-0.265672998473,1.54859654262,4.70486247291,0.00821327855721,-0.0183435345531,0.0183435345531,1832.28846882,2867.44175568,7000.0,1.24560115146e-18,1.1819249283e-16,3333.33333333
0.0,6,3,0.443095476026,1.52587038189,4.59914484013,0.00676885308935,-0.0170005157551,0.0170005157551,1635.49161816,2160.24689947,5000.0,9.77656249717e-18,-7.77156117238e-18,3000.0
0.0,7,3,0.291058089617,1.54558339777,4.69070737717,0.00773923442532,-0.0280389161674,0.0280389161674,1594.70404399,2494.43825785,6000.0,-4.5056537196e-18,-4.4408920985e-18,3333.33333333
4000.0,8,3,0.515844621815,1.54930740468,4.70820817016,0.00661196748093,-0.0231548603722,0.0231548603722,2936.3756467,816.496580928,6000.0,1.13503938687e-17,-1.59432652265e-16,5000.0
0.0,9,3,0.330199859421,1.54772015382,4.7007409904,0.00655350764361,-0.0152640496878,0.0152640496878,2601.16506641,3741.65738677,9000.0,5.16366888689e-18,-2.0460485158e-16,5000.0
0.0,10,3,0.00332292549114,1.47815383012,4.38484303864,0.00469693625061,-0.0163777132533,0.0163777132533,1769.17370136,2867.44175568,7000.0,2.26326617841e-18,6.29126380621e-17,3333.33333333
5000.0,11,3,0.0473207238506,1.44533850373,4.24328826863,0.00741268579559,-0.0196457390256,0.0196457390256,2763.02578846,2054.80466766,10000.0,2.98588155764e-18,-6.14785999886e-17,7333.33333333
0.0,12,3,0,1.47654454772,4.3777922628,0.00329875626608,-0.0122518706422,0.0122518706422,0.0,0.0,0.0,1.92581935765e-17,1.55616260618e-16,0.0
0.0,13,3,9.32587340685e-15,1.52659048309,4.60245788254,0.00856794472623,-0.0141964524481,0.0141964524481,2377.82271129,3741.65738677,9000.0,-7.9209606607e-20,2.25171733111e-15,5000.0
8000.0,14,3,0.327361000406,1.52343031422,4.58793629583,0.00735192584678,-0.0212108760204,0.0212108760204,3640.26210893,471.404520791,9000.0,6.32602857741e-18,-3.35148575559e-17,8333.33333333
0.0,15,3,-0.0188340478363,1.48601300246,4.41944004962,0.00955207438644,-0.0254733244252,0.0254733244252,2385.57620206,3559.02608401,8000.0,-2.78746086687e-18,-7.71142409188e-17,5000.0
8000.0,16,3,0.399062015741,1.45827344359,4.29853146066,0.00651006828404,-0.0306133250173,0.0306133250173,3459.85481311,0.0,8000.0,-5.15386306761e-18,-2.66939248483e-16,8000.0
7000.0,17,3,0.324196060577,1.52846122652,4.611075959,0.00862442444175,-0.0216988686187,0.0216988686187,3595.74885993,1247.21912892,10000.0,-4.33700366357e-18,6.85909662401e-17,8333.33333333
7000.0,18,3,0.323762847284,1.50268812215,4.49375260485,0.0057453295531,-0.0163797316785,0.0163797316785,3919.4317113,1247.21912892,10000.0,-5.8970273409e-18,5.05382772668e-17,8666.66666667
5000.0,19,3,0.596101114589,1.52781522938,4.60809817902,0.00685644577971,-0.0224159885322,0.0224159885322,4092.04078794,2160.24689947,10000.0,-2.08236549094e-19,-5.59737441582e-17,7000.0
7000.0,20,3,0.698569855576,1.51796508049,4.56293054504,0.00823037938903,-0.0170876742479,0.0170876742479,4147.78827915,0.0,7000.0,-4.3444912274e-18,6.26813415986e-18,7000.0
6000.0,21,3,0.417200833678,1.4820610207,4.40200896951,0.00905807212298,-0.0240844539199,0.0240844539199,3279.58244306,942.809041582,8000.0,1.46405110476e-18,-1.70696790036e-17,7333.33333333
4000.0,22,3,0.506100974381,1.44605434033,4.24632685714,0.00845563645786,-0.0248919419868,0.0248919419868,4298.4782911,2357.02260396,9000.0,2.40002165606e-18,-4.70919599612e-17,7333.33333333
0.0,23,3,-3.71820332941,1.41078496597,4.09917185192,0.00825285825666,-0.0261728203587,0.0261728203587,2186.50688632,4496.91252108,10000.0,-9.802900326e-18,-4.32894461018e-16,6333.33333333
7000.0,24,3,0.148456023058,1.50603175374,4.50880320586,0.00787376429029,-0.0157095281215,0.0157095281215,3535.48058568,816.496580928,9000.0,-5.20626727256e-18,-2.33355001988e-16,8000.0
6000.0,25,3,0.40632747579,1.51248182911,4.53797931926,0.00707486738409,-0.0186960827954,0.0186960827954,3702.92255918,1247.21912892,9000.0,-1.57738831391e-18,-1.36372394858e-16,7666.66666667
8000.0,26,3,0.73809939312,1.50395842379,4.49946465342,0.00595941313015,-0.0192081704411,0.0192081704411,5099.99115204,1247.21912892,11000.0,1.16578078335e-18,-2.26227818307e-17,9333.33333333
6000.0,27,3,0.722237216312,1.55190079896,4.72043425697,0.0067161656658,-0.0271163492286,0.0271163492286,4690.64057726,1632.99316186,10000.0,3.26651029408e-18,-1.28138240759e-17,8000.0
6000.0,28,3,0.549437096453,1.56491662979,4.78227621989,0.00571743017008,-0.0263705856053,0.0263705856053,3641.19399758,2160.24689947,11000.0,4.25130515971e-18,-2.75792120622e-16,9000.0
8000.0,29,3,0.325513567425,1.51813445917,4.56370347364,0.00982623003986,-0.0265746575085,0.0265746575085,3341.87978351,471.404520791,9000.0,-4.54656994957e-18,1.85962356625e-16,8666.66666667
6000.0,30,3,0.561796768636,1.54926128935,4.70799105458,0.00912579821471,-0.0249256184994,0.0249256184994,3853.5731811,1247.21912892,9000.0,2.56277215141e-18,4.45939581558e-17,7333.33333333
6000.0,31,3,0.717638715529,1.50176339131,4.489599014,0.00794062236242,-0.017784778356,0.017784778356,3702.65714967,471.404520791,7000.0,-6.55099855143e-19,1.17729899903e-16,6666.66666667
7000.0,32,3,0.786059289746,1.56676512764,4.79112442263,0.00684719392033,-0.0277456152995,0.0277456152995,3799.80033482,0.0,7000.0,4.79265096464e-18,-7.71605002114e-17,7000.0
7000.0,33,3,0.862628843824,1.44350099312,4.23549834068,0.00758364818592,-0.0209618888224,0.0209618888224,4637.62670543,1247.21912892,10000.0,4.99194093795e-19,1.05471187339e-17,8333.33333333
6000.0,34,3,0.622715556285,1.49515295328,4.46001867516,0.00695674944894,-0.0288508637486,0.0288508637486,4137.15250746,1699.6731712,10000.0,2.09436987172e-18,-2.02407535177e-16,8333.33333333
6000.0,35,3,0.657830661424,1.42374715501,4.15265195315,0.00997043525944,-0.0237760110144,0.0237760110144,4155.44776948,1699.6731712,10000.0,-5.07601796191e-19,1.04314705022e-16,8333.33333333
8000.0,36,3,0.844972973275,1.46146413572,4.31226865508,0.00829415197979,-0.030649187096,0.030649187096,4178.70641359,471.404520791,9000.0,-5.28967381628e-18,2.21813308462e-17,8333.33333333
6000.0,37,3,0.530472440517,1.47035371531,4.35077380421,0.00696881079177,-0.0222252325576,0.0222252325576,4192.56287765,1885.61808316,10000.0,-2.5070032572e-18,-1.27721907125e-16,8666.66666667
8000.0,38,3,0.687102890825,1.59474876503,4.92709105901,0.00645260744672,-0.0232285879576,0.0232285879576,4494.68837047,1414.21356237,11000.0,4.24053250461e-18,1.85037170771e-19,9000.0
8000.0,39,3,-0.125775206524,1.56997189833,4.80651312082,0.00961122269838,-0.0271863715992,0.0271863715992,3889.07077119,2160.24689947,13000.0,1.25799357072e-19,-2.15660822533e-16,11000.0
8000.0,40,3,0.438026323943,1.59629082994,4.93469481451,0.0071927867622,-0.0259194421842,0.0259194421842,3271.41782944,471.404520791,9000.0,-3.7572327092e-18,2.37830588556e-17,8333.33333333
8000.0,41,3,0.750594547363,1.55399076943,4.73031014175,0.00671663050483,-0.0179430686951,0.0179430686951,4776.69714239,1414.21356237,11000.0,-1.14827612138e-18,2.24635125316e-16,9000.0
9000.0,42,3,0.139301739944,1.59995860903,4.9528274178,0.00922986874104,-0.0312024524102,0.0312024524102,3169.77494864,1247.21912892,12000.0,-2.08948038776e-18,-1.34845838199e-17,10333.3333333
9000.0,43,3,0.336001645691,1.5283937274,4.61076472594,0.00879394368498,-0.0328996367092,0.0328996367092,4100.37711456,942.809041582,11000.0,-7.45979398953e-18,-4.87457296749e-17,9666.66666667
8000.0,44,3,0.628312739563,1.53837936793,4.65703680874,0.00655891721185,-0.0311395592785,0.0311395592785,3874.33008139,816.496580928,10000.0,1.91991123475e-18,7.4593109467e-17,9000.0
11000.0,45,3,0.665650452435,1.55096986852,4.71604190585,0.00983007693549,-0.0284104718256,0.0284104718256,5064.3433692,471.404520791,12000.0,1.55821030116e-18,1.20968050391e-16,11333.3333333
9000.0,46,3,0.594073723796,1.53710944805,4.65112649871,0.00900224407148,-0.0283500743696,0.0283500743696,3655.0005568,1414.21356237,12000.0,-1.63681870689e-18,6.65179716863e-17,10000.0
9000.0,47,3,0.35817466711,1.56750388228,4.79466519573,0.00853741840288,-0.0245456594153,0.0245456594153,4474.05618294,816.496580928,11000.0,6.37430529734e-18,3.31794776838e-17,10000.0
5000.0,48,3,0.330536330271,1.52198293852,4.58130063164,0.0095845293916,-0.0261439885985,0.0261439885985,2712.5950374,2494.43825785,11000.0,-5.11569983557e-18,-1.19915651483e-16,8333.33333333
8000.0,49,3,0.496230151325,1.52353044168,4.58839569727,0.00859380091107,-0.0250539200806,0.0250539200806,3461.31855478,1247.21912892,11000.0,-2.33569339287e-18,-7.79931674799e-17,9666.66666667
9000.0,50,3,0.528766323621,1.49816212626,4.47345985615,0.00798019880521,-0.0268115787846,0.0268115787846,4612.80652707,942.809041582,11000.0,-4.02309387435e-18,-4.49640324973e-17,10333.3333333
6000.0,51,3,0.474128358373,1.45503840529,4.28464801559,0.00801796088717,-0.0206188756702,0.0206188756702,3872.97334764,2494.43825785,12000.0,-3.36370063495e-18,1.98914958579e-17,9333.33333333
8000.0,52,3,0.659353233955,1.41303465695,4.1084041028,0.00864756821383,-0.0266501460287,0.0266501460287,3919.01300332,1247.21912892,11000.0,1.69313862803e-18,-1.2110682827e-16,9333.33333333
9000.0,53,3,0.744462832648,1.46906099781,4.34515311655,0.00864737904828,-0.0476013496842,0.0476013496842,4186.39609126,816.496580928,11000.0,2.94608853909e-18,-1.46086846324e-16,10000.0
6000.0,54,3,0.753501963314,1.46632827901,4.33329524443,0.00722570697045,-0.0259170974691,0.0259170974691,3909.63204746,2357.02260396,11000.0,9.43577613026e-19,-4.4273178873e-16,9333.33333333
8000.0,55,3,0.619463020039,1.4259720406,4.16190141431,0.00779817097614,-0.0231760561847,0.0231760561847,3680.98068092,1247.21912892,11000.0,2.97860173971e-19,-1.78190795452e-16,9333.33333333
11000.0,56,3,0.684644143525,1.4724478479,4.35989444804,0.00927260347468,-0.0309887792401,0.0309887792401,5200.93437174,471.404520791,12000.0,-5.34011766708e-18,-1.03539861869e-16,11666.6666667
10000.0,57,3,0.429862861612,1.474538495,4.36901898346,0.00784358415949,-0.031449581433,0.031449581433,5113.13058113,471.404520791,11000.0,1.86015189596e-18,-4.07081775696e-17,10333.3333333
10000.0,58,3,0.769282760866,1.48607522406,4.41971504281,0.0067295776313,-0.0212507101407,0.0212507101407,5550.45572007,471.404520791,11000.0,1.77550255312e-18,6.26350823059e-17,10333.3333333
7000.0,59,3,-0.973460603787,1.49378090516,4.45390351102,0.00804686223832,-0.0230676313967,0.0230676313967,5253.01144199,1885.61808316,11000.0,-2.2097703611e-18,8.51170985546e-18,9666.66666667
12000.0,60,3,0.835243353918,1.50611384558,4.509173357,0.00892893604074,-0.0243181728454,0.0243181728454,5407.14553469,0.0,12000.0,4.5753886662e-18,1.56032594253e-16,12000.0
9000.0,61,3,0.647347920533,1.42693614839,4.16591587078,0.00952199002416,-0.0296178578162,0.0296178578162,4626.96899571,816.496580928,11000.0,2.46145299284e-18,3.58046925442e-17,10000.0
11000.0,62,3,0.839886675428,1.50945402617,4.52425999231,0.0068438271849,-0.0211350972848,0.0211350972848,5874.98142954,471.404520791,12000.0,-1.01303908573e-18,-3.1456319031e-18,11333.3333333
8000.0,63,3,0.330480206201,1.39433026397,4.03227310952,0.00956350390753,-0.0268902774637,0.0268902774637,4683.92130071,1247.21912892,11000.0,-3.15064134134e-18,-4.81096644004e-17,9333.33333333
9000.0,64,3,0.749997205997,1.46474327309,4.32643238609,0.00678957548633,-0.0231781286289,0.0231781286289,5157.11729944,942.809041582,11000.0,2.76100233039e-18,2.44249065418e-17,9666.66666667
10000.0,65,3,0.686353262961,1.45956376834,4.3040815421,0.00766753965766,-0.0243667982315,0.0243667982315,5056.33208102,471.404520791,11000.0,-1.26412371126e-18,-3.51686272696e-17,10666.6666667
10000.0,66,3,0.724686891031,1.40838390862,4.08934131177,0.00845592234849,-0.0288904700325,0.0288904700325,4863.0624724,1247.21912892,13000.0,3.16043776653e-18,1.18169363184e-16,11333.3333333
10000.0,67,3,0.767559723595,1.44282421615,4.23263282269,0.00915943178005,-0.0276017784136,0.0276017784136,4723.76416281,1247.21912892,13000.0,2.24107975628e-18,-1.24599404868e-16,11666.6666667
13000.0,68,3,0.638008894221,1.37682484245,3.96230070411,0.00866130453218,-0.029936195383,0.029936195383,6219.51757004,816.496580928,15000.0,-5.42763460069e-18,5.44009282066e-17,14000.0
12000.0,69,3,0.739960716145,1.38980875164,4.01408229294,0.00918940325607,-0.0369514879798,0.0369514879798,5179.23962524,471.404520791,13000.0,-1.51387843748e-18,-1.66996046621e-17,12666.6666667
0.0,70,3,0.0773715964347,1.36007000957,3.89646608217,0.00727621099388,-0.025203506131,0.025203506131,3174.09016914,5887.84057755,14000.0,-1.0091956791e-18,3.8850866968e-16,8000.0
10000.0,71,3,0.598484631863,1.4033258121,4.06870925217,0.00653935777701,-0.024264076539,0.024264076539,4696.14586372,942.809041582,12000.0,3.72314690108e-18,4.55191440096e-17,11333.3333333
10000.0,72,3,0.669904300747,1.32483735524,3.76157350501,0.00697759837969,-0.0278182634559,0.0278182634559,6074.95282134,1699.6731712,14000.0,2.10705419627e-18,7.82707232361e-17,12333.3333333
11000.0,73,3,0.721540301932,1.32857656786,3.77566515758,0.00764595673849,-0.0295280929518,0.0295280929518,5562.3665813,2054.80466766,16000.0,-2.1736937033e-18,1.61822533598e-16,13333.3333333
12000.0,74,3,0.78403162553,1.22510037167,3.40450778178,0.00808052654147,-0.0282874469473,0.0282874469473,5107.56228523,942.809041582,14000.0,6.54063177525e-19,1.56431580652e-16,13333.3333333
8000.0,75,3,0.610327329917,1.31816212931,3.73654777116,0.00945035355757,-0.0329985243703,0.0329985243703,5418.44060526,2624.66929134,14000.0,1.8738450115e-18,-2.77925830498e-16,11666.6666667
11000.0,76,3,0.669370699237,1.277142644,3.58637751385,0.00826945086551,-0.0253883984917,0.0253883984917,6667.48098141,2054.80466766,16000.0,-3.87131735333e-18,1.33900225628e-16,13666.6666667
7000.0,77,3,0.659079873368,1.23453603332,3.43678359768,0.00919981611819,-0.0297303090107,0.0297303090107,5734.3549428,3091.20616517,14000.0,3.63834197766e-18,-2.81996648255e-16,11333.3333333
7000.0,78,3,0.727186046013,1.20771889275,3.34584371261,0.00934918213562,-0.0337405173555,0.0337405173555,5179.51126309,1632.99316186,11000.0,2.15013635166e-18,1.96231919602e-16,9000.0
10000.0,79,3,0.70090773612,1.23249457668,3.42977470957,0.00604750409215,-0.0279362724118,0.0279362724118,4862.70781841,942.809041582,12000.0,6.85103487396e-19,-3.35749946364e-16,11333.3333333
7000.0,80,3,0.623747406501,1.24399507317,3.46944650701,0.00678664544243,-0.0277039798967,0.0277039798967,5449.63230446,3299.83164554,15000.0,-7.86869543922e-18,2.85190403075e-16,11333.3333333
13000.0,81,3,0.642054130102,1.25865121203,3.52066964662,0.00958852594299,-0.0297852714445,0.0297852714445,6568.63583014,816.496580928,15000.0,1.61062018557e-18,-8.01210949438e-17,14000.0
0.0,82,3,-0.200551198562,1.32390100828,3.75805301556,0.00919799371863,-0.0301904919815,0.0301904919815,3835.10141986,6480.74069841,15000.0,-1.89894614012e-18,4.04306218134e-17,9000.0
14000.0,83,3,0.64467985728,1.25841689029,3.51984477382,0.00908620828364,-0.0344546531211,0.0344546531211,6331.52487171,471.404520791,15000.0,-8.66688750164e-19,3.95054359596e-17,14333.3333333
14000.0,84,3,0.841295816995,1.25634599975,3.51256310294,0.0088529868006,-0.0272497847162,0.0272497847162,5666.38118408,471.404520791,15000.0,-1.8430102078e-18,3.24169221559e-17,14666.6666667
13000.0,85,3,0.469746012748,1.27669521568,3.5847732259,0.00959390817836,-0.0373043262828,0.0373043262828,5467.29251273,471.404520791,14000.0,3.47508416256e-18,5.22498710964e-17,13666.6666667
13000.0,86,3,0.710433322472,1.27763861387,3.5881566902,0.00861813070182,-0.0221376349804,0.0221376349804,6419.03538012,471.404520791,14000.0,-3.40628679218e-18,6.37453053306e-17,13666.6666667
11000.0,87,3,0.655732223076,1.29225216694,3.64097741768,0.00914363556099,-0.0255578133653,0.0255578133653,5744.68320744,1699.6731712,15000.0,-4.10766617246e-19,-4.50710071117e-17,12666.6666667
9000.0,88,4,0.734732527748,1.25964467495,3.52416903934,0.00666421333373,-0.0283491956298,0.0283491956298,6134.9731996,2692.58240357,16000.0,2.11783282404e-18,-1.4606315799e-16,13500.0
0.0,89,3,-0.219448449335,1.32524536206,3.76310856579,0.0067037764474,-0.0292601926909,0.0292601926909,3660.12279774,7071.06781187,15000.0,-5.28914462295e-18,1.26449954041e-16,10000.0
5000.0,90,3,-0.0283592334933,1.29712234678,3.65875288222,0.00888962859474,-0.0346637077068,0.0346637077068,2608.84850359,3559.02608401,13000.0,-2.61538124866e-18,-2.51280477907e-16,10000.0
10000.0,91,4,0.34276311549,1.28138175838,3.60161284769,0.00845119160061,-0.0256568874438,0.0256568874438,6397.0974218,2165.06350946,16000.0,-4.82132066085e-19,8.51404341028e-17,13250.0
13000.0,92,3,0.698033457442,1.27234455703,3.56921097881,0.0088620502486,-0.0358753527803,0.0358753527803,5124.87870716,471.404520791,14000.0,-5.43430286691e-18,1.66186508999e-16,13333.3333333
13000.0,93,3,0.609200784382,1.21376435289,3.36613214207,0.00977053648982,-0.0225531354052,0.0225531354052,6337.88029806,471.404520791,14000.0,-9.34809197958e-19,1.85037170771e-18,13666.6666667
13000.0,94,3,0.721180980245,1.25464396021,3.50658966663,0.00719467842646,-0.0256954600985,0.0256954600985,5967.38286695,1247.21912892,16000.0,3.63916468108e-18,7.19551169134e-17,14333.3333333
13000.0,95,3,0.766657652211,1.24409066523,3.46977817442,0.00986593576445,-0.0288770068032,0.0288770068032,6648.03914834,1247.21912892,16000.0,-8.24193367495e-19,6.76006941491e-17,14333.3333333
13000.0,96,3,0.649102639766,1.22375696172,3.3999372029,0.00904089931904,-0.0319005409679,0.0319005409679,6227.77102245,1247.21912892,16000.0,-7.90820913991e-19,1.43580755462e-16,14666.6666667
12000.0,97,3,0.782045600458,1.13591938583,3.11403522708,0.00877381471912,-0.0291619968673,0.0291619968673,5967.82112956,942.809041582,14000.0,2.94148034536e-18,-1.13890378609e-16,13333.3333333
11000.0,98,3,0.567683847402,1.02153187373,2.77744620367,0.00753468154384,-0.0179686420373,0.0179686420373,5622.09184434,1414.21356237,14000.0,1.13870277858e-18,2.38073449843e-16,13000.0
12000.0,99,3,0.626706797831,1.18985940408,3.28661908966,0.00886956159879,-0.030466580685,0.030466580685,5748.06715621,1247.21912892,15000.0,-1.34438091704e-18,-5.37764277553e-17,13666.6666667
12000.0,100,3,0.727773180438,1.15886606932,3.18631816292,0.0093552230287,-0.0258870864666,0.0258870864666,5512.78422483,1632.99316186,16000.0,-4.70406529667e-20,-7.05967749229e-17,14000.0
12000.0,101,3,0.696759801631,1.17251881204,3.2301184618,0.00798170019591,-0.02750226735,0.02750226735,6181.71203778,1247.21912892,15000.0,3.08323796665e-18,-1.09727042267e-16,13333.3333333
10000.0,102,4,0.638134869127,1.22072639189,3.38964905315,0.00986373443132,-0.0321734273787,0.0321734273787,6992.8455973,2449.48974278,16000.0,1.98304032036e-18,8.5295875867e-17,14000.0
15000.0,103,3,0.624741979542,1.20254463227,3.32857615765,0.00806383288272,-0.029578406827,0.029578406827,7356.48864471,471.404520791,16000.0,2.40419105014e-18,2.9278447906e-17,15333.3333333
12000.0,104,3,0.775148512506,1.17950962218,3.25277872118,0.00646974740664,-0.0244343140345,0.0244343140345,6345.73909487,471.404520791,13000.0,-1.88042437739e-18,6.30976752329e-17,12333.3333333
14000.0,105,3,0.851338459121,1.18743708676,3.27866748986,0.00864330510102,-0.0257514544038,0.0257514544038,7010.61168814,471.404520791,15000.0,1.5201893747e-18,-1.52840703057e-16,14333.3333333
14000.0,106,3,0.750347431335,1.18848714161,3.28211207874,0.00671060693028,-0.0323258309907,0.0323258309907,6868.14964554,0.0,14000.0,2.14711206017e-18,4.0800696155e-17,14000.0
13000.0,107,4,0.875503264979,1.18293099285,3.26392674279,0.00843773335154,-0.0187025402972,0.0187025402972,7861.05449501,1118.03398875,16000.0,9.46038987067e-19,1.12293550201e-17,14500.0
13000.0,108,3,0.808806404723,1.19286696899,3.2965186893,0.0067802610631,-0.0304938059697,0.0304938059697,6475.33172512,1247.21912892,16000.0,6.85489932831e-18,-1.15347846714e-17,14333.3333333
14000.0,109,3,0.851208185317,1.18048407679,3.25594995126,0.00648476307959,-0.0334459318397,0.0334459318397,7507.89134417,816.496580928,16000.0,-7.17376666155e-19,-5.96986461984e-17,15000.0
14000.0,110,3,0.777233842831,1.20724509753,3.34425884333,0.00926300630783,-0.0238225225826,0.0238225225826,7418.02661896,942.809041582,16000.0,-1.25784295837e-18,-1.98885654049e-16,14666.6666667
14000.0,111,3,0.635277101912,1.25171982515,3.4963509019,0.00966210353372,-0.0371127368181,0.0371127368181,6793.09578454,471.404520791,15000.0,-1.81002235507e-18,3.39972150012e-16,14333.3333333
9000.0,112,4,0.6899854511,1.23482877076,3.43778982016,0.00867338122559,-0.0299644879495,0.0299644879495,5629.10514927,2586.0201082,16000.0,1.07299424716e-19,-7.50818709719e-17,13250.0
14000.0,113,3,0.717320600073,1.24830945771,3.48444736985,0.00653749979266,-0.0273669958676,0.0273669958676,6237.04023561,816.496580928,16000.0,-1.89420097898e-18,-7.99736924518e-17,15000.0
14000.0,114,3,0.630330397458,1.2567269363,3.51390142151,0.00973670536899,-0.0381381819875,0.0381381819875,6143.54307223,471.404520791,15000.0,-7.83616355184e-19,-2.03592206751e-16,14333.3333333
13000.0,115,4,0.634811766341,1.31992148477,3.74312747321,0.00739230523491,-0.0260535355551,0.0260535355551,6556.59118434,1299.03810568,16000.0,-1.6668575576e-18,3.50393852984e-17,14250.0
15000.0,116,3,0.471743403246,1.24653704285,3.47827695346,0.00866846345287,-0.0312838735432,0.0312838735432,6365.58389318,0.0,15000.0,-1.37838418736e-18,2.47530207814e-16,15000.0
13000.0,117,3,0.755172843711,1.28924860542,3.63005792488,0.00845070171781,-0.0306230160224,0.0306230160224,7041.59947201,471.404520791,14000.0,-2.77514873076e-19,-5.18104078158e-18,13666.6666667
11000.0,118,3,0.866859860323,1.29207110109,3.64031822068,0.00930053937187,-0.0370808970409,0.0370808970409,7137.29380099,1885.61808316,15000.0,2.9920269603e-18,5.94894504028e-17,13666.6666667
12000.0,119,4,0.74605640779,1.30702813992,3.69517583267,0.00920539991452,-0.0254982856957,0.0254982856957,7380.24241045,1089.72473589,15000.0,3.41907191429e-18,1.84215305165e-17,13750.0
13000.0,120,3,0.770557719801,1.26732357167,3.55133493798,0.00665608056086,-0.0232039246166,0.0232039246166,6290.43771208,816.496580928,15000.0,-2.35878967639e-18,-1.19013689811e-16,14000.0
13000.0,121,3,0.711998306588,1.16152119632,3.19478948355,0.00781390055312,-0.0284930329213,0.0284930329213,5536.32536269,816.496580928,15000.0,-6.11307597579e-19,6.43004168429e-17,14000.0
12000.0,122,3,0.616746803454,1.14767227369,3.15085005035,0.00905141376956,-0.0308715753837,0.0308715753837,6889.71831151,942.809041582,14000.0,-1.65972174734e-18,1.69031455499e-16,13333.3333333
12000.0,123,3,0.718936741625,1.15367535077,3.16982173334,0.00899982734434,-0.0290366874892,0.0290366874892,6337.06393563,942.809041582,14000.0,2.98482689108e-18,5.18104078158e-17,13333.3333333
14000.0,124,3,0.853553997483,1.23178334441,3.4273362104,0.00824288332728,-0.0284377110665,0.0284377110665,7802.34846807,471.404520791,15000.0,1.32041566663e-18,-6.01370805005e-18,14333.3333333
14000.0,125,3,0.731896384841,1.2625716578,3.53449933258,0.009396646529,-0.0329143578567,0.0329143578567,5987.80167078,471.404520791,15000.0,-3.95360894886e-18,-1.4414395603e-16,14666.6666667
14000.0,126,3,0.838071607747,1.18089183341,3.25727785712,0.00962926194335,-0.0286404245971,0.0286404245971,6668.78964433,471.404520791,15000.0,-4.89415401536e-18,4.95899617666e-17,14666.6666667
13000.0,127,3,0.766418983731,1.10339470721,3.01438161766,0.0064859169067,-0.0251670294455,0.0251670294455,6646.14978842,816.496580928,15000.0,-6.0768720552e-18,1.5082508425e-16,14000.0
14000.0,128,3,0.53425446291,1.19538934167,3.30484423364,0.00946505472894,-0.024749064787,0.024749064787,5115.60253805,471.404520791,15000.0,4.32460978567e-18,-8.31356806919e-17,14333.3333333
13000.0,129,3,0.635720812511,1.30757491528,3.69719681622,0.00730566547769,-0.0216522051558,0.0216522051558,7561.99529939,942.809041582,15000.0,6.08733075426e-18,9.92724421186e-17,13666.6666667
14000.0,130,3,0.860489720118,1.2184116816,3.3818120713,0.00952653699072,-0.0392912306177,0.0392912306177,7514.89294562,816.496580928,16000.0,-2.72528202842e-18,-2.46469511467e-17,15000.0
13000.0,131,4,0.61149881435,1.15892329276,3.18650050024,0.00947782526594,-0.0322537739874,0.0322537739874,6046.66983028,1000.0,15000.0,3.6247622237e-18,-8.3973232408e-17,14000.0
13000.0,132,3,0.80313149497,1.21209995699,3.3605342254,0.00850549785131,-0.0294723771452,0.0294723771452,6637.73283143,1247.21912892,16000.0,-4.63077558749e-18,-4.11873853653e-17,14666.6666667
14000.0,133,3,0.834854427576,1.23793437614,3.44848283427,0.00967493215762,-0.0319507603977,0.0319507603977,7912.43712839,816.496580928,16000.0,-1.19170609653e-18,7.96603719786e-17,15000.0
12000.0,134,3,0.603353982964,1.26507633668,3.54336321438,0.00980888153445,-0.0365730912883,0.0365730912883,6454.85194297,1632.99316186,16000.0,1.44761367558e-18,-3.41354487712e-16,14000.0
13000.0,135,3,0.785453559837,1.27598801758,3.58223897731,0.00920400107988,-0.0323127663455,0.0323127663455,6974.44110556,471.404520791,14000.0,-4.91064190965e-18,6.82787160144e-17,13333.3333333
13000.0,136,3,0.754992859071,1.24175033291,3.46166723523,0.00702091957406,-0.0205657808465,0.0205657808465,5416.04050504,942.809041582,15000.0,-2.70501019682e-18,-9.56179579958e-17,13666.6666667
14000.0,137,3,0.464158601095,1.25218359527,3.49797278104,0.00949444401337,-0.0287160711613,0.0287160711613,5909.38052763,0.0,14000.0,4.36166302285e-18,-9.72388402437e-17,14000.0
14000.0,138,3,0.672566136467,1.26119909131,3.5296513251,0.00679259713484,-0.0273844808723,0.0273844808723,6451.44641849,471.404520791,15000.0,-1.78314836495e-18,6.30440852326e-17,14666.6666667
14000.0,139,3,0.834748434598,1.22926164014,3.41870437008,0.00715468470282,-0.0246185334261,0.0246185334261,7376.36385834,471.404520791,15000.0,-2.07890316776e-18,-2.13421513472e-17,14333.3333333
15000.0,140,3,0.834422991667,1.28375173183,3.61015869723,0.00712346545738,-0.0228768197938,0.0228768197938,7820.71339295,0.0,15000.0,2.4950618711e-18,2.00995766912e-16,15000.0
15000.0,141,3,0.729071308395,1.21307994246,3.36382911432,0.00882793081305,-0.033619546677,0.033619546677,6691.71656057,0.0,15000.0,2.56993950693e-18,9.7098255362e-17,15000.0
13000.0,142,3,0.847970122866,1.31319255305,3.7180247759,0.00825449429152,-0.0270091551149,0.0270091551149,7433.34075752,816.496580928,15000.0,-1.48670886725e-19,1.62832710278e-16,14000.0
12000.0,143,3,0.755388197664,1.28646843874,3.61997977476,0.00916812759009,-0.0345579669457,0.0345579669457,6918.44904975,816.496580928,14000.0,3.19249135262e-18,-1.28865172501e-17,13000.0
14000.0,144,3,0.687034827682,1.25088396819,3.49342967367,0.00643605878715,-0.0266469976773,0.0266469976773,7203.36935696,471.404520791,15000.0,-4.15716057004e-18,-3.40246418981e-17,14333.3333333
13000.0,145,3,0.787204481455,1.28333822383,3.60866617633,0.00951106243904,-0.0331401466702,0.0331401466702,7554.05877421,942.809041582,15000.0,-2.04148688688e-18,-8.40881923135e-17,14333.3333333
14000.0,146,3,0.865399188536,1.3040982737,3.68436530625,0.00968666611179,-0.0297904481588,0.0297904481588,7500.9685901,471.404520791,15000.0,-7.0785555145e-18,-5.38954160081e-17,14666.6666667
13000.0,147,3,0.741972343319,1.20899742929,3.35012423185,0.00910132630144,-0.0259468721334,0.0259468721334,6503.36316086,942.809041582,15000.0,3.39673705929e-19,-8.6718562393e-17,13666.6666667
13000.0,148,3,0.829656099545,1.17659895953,3.24332474499,0.00723471291361,-0.0264388420259,0.0264388420259,7294.22892951,942.809041582,15000.0,-3.33132230285e-18,-2.56646555859e-16,14333.3333333
14000.0,149,3,0.783029695319,1.21456575448,3.36883084695,0.00894493179415,-0.0267344420831,0.0267344420831,7614.70455559,471.404520791,15000.0,-5.15824804734e-19,-1.35801231504e-17,14666.6666667
14000.0,150,3,0.662529992508,1.23207824016,3.42834706632,0.00641709244091,-0.0215164129006,0.0215164129006,7284.38391471,471.404520791,15000.0,2.52869069022e-18,-5.26617195141e-17,14333.3333333
14000.0,151,3,0.695235991215,1.22621963778,3.40832046526,0.00944953394356,-0.0215436063668,0.0215436063668,5759.08823312,816.496580928,16000.0,-3.25625942771e-19,-1.71497865593e-16,15000.0
12000.0,152,3,0.260861208295,1.27817828157,3.5900936251,0.00942667587244,-0.0261852256405,0.0261852256405,6695.64251468,1247.21912892,15000.0,4.35018145692e-19,7.11053672531e-17,13666.6666667
13000.0,153,5,0.775225820853,1.27484526148,3.57814768998,0.00661879357385,-0.023172271257,0.023172271257,7884.27793603,1019.80390272,16000.0,1.16561235406e-18,1.62504418524e-17,14600.0
14000.0,154,3,0.7718536793,1.32132735735,3.74839353433,0.00648702978174,-0.0277175159726,0.0277175159726,7256.46471459,816.496580928,16000.0,3.81038558335e-18,-1.65455068702e-16,15000.0
14000.0,155,4,0.704138666442,1.2554601788,3.50945297868,0.00734701467217,-0.0248284734729,0.0248284734729,5793.82130479,433.012701892,15000.0,-1.05845182461e-18,-5.65085502004e-17,14750.0
14000.0,156,3,0.804263476741,1.32854953399,3.77556308809,0.00726022960961,-0.0192815665088,0.0192815665088,7281.41425805,816.496580928,16000.0,1.46174588549e-18,-1.94543667618e-17,15000.0
13000.0,157,4,0.785002450599,1.30297690354,3.68023608458,0.00906888798199,-0.0237757802518,0.0237757802518,6750.91892783,829.156197589,15000.0,1.52421327216e-18,4.73301404459e-17,13750.0
14000.0,158,3,0.74609167033,1.24846695439,3.48499620199,0.00781347592578,-0.0259166763962,0.0259166763962,6800.4534282,816.496580928,16000.0,-1.91955463381e-19,2.26960634843e-16,15000.0
13000.0,159,3,0.819494704894,1.2872784449,3.62291316856,0.00876778860101,-0.0237182811724,0.0237182811724,7529.92801549,942.809041582,15000.0,-4.74118549391e-18,1.6826817717e-16,14333.3333333
14000.0,160,4,0.734665461027,1.31398285664,3.72096430564,0.00900525051056,-0.0237370173719,0.0237370173719,7293.73413875,433.012701892,15000.0,-4.35357949642e-18,-1.0847920033e-17,14750.0
14000.0,161,3,0.870724673939,1.24857609165,3.48537656565,0.00971599089569,-0.0262285546865,0.0262285546865,7335.2034212,471.404520791,15000.0,-1.57526923237e-18,5.22139942448e-17,14666.6666667
13000.0,162,3,0.752196356187,1.2462197583,3.47717352498,0.0097485685784,-0.0277943061971,0.0277943061971,7014.82438978,1247.21912892,16000.0,7.42759495439e-19,-7.70582428276e-17,14333.3333333
13000.0,163,3,0.819320686691,1.23758990472,3.44729513507,0.00670311755035,-0.0200152217719,0.0200152217719,6881.71877747,471.404520791,14000.0,1.01348463076e-18,-5.03301104497e-17,13666.6666667
14000.0,164,3,0.82065168747,1.19343640418,3.29839637761,0.00947049632897,-0.0358698629177,0.0358698629177,7084.57067287,471.404520791,15000.0,-2.93090195808e-19,6.36990460379e-17,14666.6666667
13000.0,165,3,0.84916259064,1.25722524455,3.51565286392,0.00689916619132,-0.0240220738768,0.0240220738768,6400.49780267,1247.21912892,16000.0,7.9231923347e-18,2.23364989097e-17,14666.6666667
13000.0,166,3,0.736594224282,1.26045883493,3.52703944505,0.00955221571212,-0.0242747709222,0.0242747709222,7112.77612513,942.809041582,15000.0,2.50738598463e-18,2.51448167843e-17,13666.6666667
15000.0,167,3,0.846868353182,1.29640761492,3.65613878925,0.00930956682779,-0.0214864359703,0.0214864359703,7810.82466856,471.404520791,16000.0,8.69243047342e-19,1.62292364041e-16,15666.6666667
13000.0,168,3,0.75181921973,1.33202691653,3.78871501916,0.00721458817952,-0.0215223654139,0.0215223654139,7001.47740564,816.496580928,15000.0,-2.98921010973e-18,1.38500322322e-16,14000.0
13000.0,169,3,0.851799609635,1.27197013784,3.56787484788,0.00942860636837,-0.0241951295968,0.0241951295968,6945.41844127,1247.21912892,16000.0,4.76190127123e-18,5.18536191651e-18,14666.6666667
14000.0,170,3,0.766264766593,1.3084668923,3.70049610208,0.00942186099955,-0.0323930030083,0.0323930030083,7243.89156719,471.404520791,15000.0,1.8604710582e-18,6.84949289226e-17,14666.6666667
14000.0,171,3,0.782821888818,1.18199204013,3.26086350822,0.00675709551086,-0.0190480967345,0.0190480967345,7167.37878758,816.496580928,16000.0,1.98007550898e-18,-7.26314128259e-17,15000.0
12000.0,172,3,0.642247907513,1.16752674428,3.21403367314,0.00659268707337,-0.0232376272892,0.0232376272892,5987.67764077,1414.21356237,15000.0,-2.29449580957e-18,1.39911230749e-16,14000.0
14000.0,173,3,0.744464147711,1.20501585934,3.33681199728,0.0097615662438,-0.0247229045202,0.0247229045202,8288.18172354,816.496580928,16000.0,3.91913300733e-18,-7.9932046127e-17,15000.0
14000.0,174,4,0.80007889804,1.20418226313,3.33403160248,0.00670294614304,-0.0239288406471,0.0239288406471,7080.94576837,707.106781187,16000.0,4.60944252575e-18,8.59905100176e-18,15000.0
14000.0,175,4,0.75898140585,1.17792387281,3.24762471694,0.00658360300915,-0.0222632786933,0.0222632786933,7499.36485759,829.156197589,16000.0,-2.02830669107e-18,1.73057114581e-16,14750.0
13000.0,176,3,0.723839095674,1.26184113064,3.53191822771,0.00934248227534,-0.0254545978346,0.0254545978346,6089.28650048,471.404520791,14000.0,-3.72150736273e-18,-4.16622754814e-17,13666.6666667
11000.0,177,3,0.716581155564,1.22385925308,3.40028500489,0.00856689287124,-0.0234326747846,0.0234326747846,6453.37328152,1247.21912892,14000.0,1.95590808e-18,1.11022302463e-18,12666.6666667
13000.0,178,3,0.663221695357,1.3397908926,3.81824499861,0.00907065427743,-0.0263575503442,0.0263575503442,6730.66196571,1247.21912892,16000.0,-3.69145302086e-19,1.17216885948e-16,14333.3333333
14000.0,179,3,0.635746544783,1.26612149026,3.54706850909,0.00871742646289,-0.0262702830282,0.0262702830282,6686.28445861,816.496580928,16000.0,-2.88017226655e-18,-1.19666628076e-16,15000.0
14000.0,180,3,0.808054312511,1.28888409969,3.62873498909,0.00748752937134,-0.0178994217893,0.0178994217893,7174.36259236,471.404520791,15000.0,2.93264198023e-19,-2.30296910899e-18,14666.6666667
12000.0,181,3,0.788543759793,1.2749446751,3.57850342429,0.00976414762507,-0.0232654535345,0.0232654535345,6233.23631945,1414.21356237,15000.0,-4.68665031996e-18,5.54728852722e-17,14000.0
14000.0,182,3,0.671236798522,1.2326741512,3.430390665,0.00866693029259,-0.0280330564901,0.0280330564901,7086.94255911,471.404520791,15000.0,1.22458681886e-18,7.19098346928e-17,14666.6666667
14000.0,183,3,0.762704092292,1.29899404205,3.66560736542,0.00659568788358,-0.0193968851704,0.0193968851704,7452.28352091,471.404520791,15000.0,-4.89441003072e-18,3.45606616481e-17,14666.6666667
13000.0,184,3,0.561536163651,1.31341945104,3.71886848398,0.0093265938986,-0.031123464754,0.031123464754,6377.0558011,816.496580928,15000.0,-3.47144182897e-18,-1.31533754237e-16,14000.0
13000.0,185,3,0.719231595744,1.35053399219,3.85948591586,0.00822585289482,-0.0239253902162,0.0239253902162,6481.9195136,942.809041582,15000.0,2.31907447521e-18,3.18263933726e-17,13666.6666667
14000.0,186,3,0.813717739435,1.25128115199,3.49481748296,0.00736885619261,-0.0304130292348,0.0304130292348,5900.94775637,471.404520791,15000.0,-1.07847690335e-18,3.0854948226e-17,14333.3333333
14000.0,187,4,0.793041772583,1.27518817538,3.57937489697,0.00681879162286,-0.0179607823149,0.0179607823149,6982.07183082,707.106781187,16000.0,2.32576739139e-18,9.80790796555e-17,15000.0
14000.0,188,3,0.6600854477,1.28256996772,3.60589486118,0.00686684716187,-0.0200722467844,0.0200722467844,7940.4212772,471.404520791,15000.0,2.48557664816e-18,-7.28121266983e-17,14666.6666667
13000.0,189,3,0.640139626704,1.30776032224,3.6978823658,0.00714981916593,-0.0203762164361,0.0203762164361,6560.50957707,1247.21912892,16000.0,1.84456907501e-18,-1.99178356687e-16,14333.3333333
15000.0,190,3,0.659912318508,1.27557897272,3.5807739805,0.00935460224054,-0.0311360893852,0.0311360893852,7730.02867804,471.404520791,16000.0,-1.5402800711e-18,2.27091073219e-17,15666.6666667
15000.0,191,3,0.438729641871,1.20372684126,3.33251355727,0.00979032952774,-0.0267046329654,0.0267046329654,5542.90923984,0.0,15000.0,-1.97101478423e-18,-5.94200614638e-17,15000.0
12000.0,192,3,0.594684802947,1.25410662843,3.50470597069,0.00997964948933,-0.0267213050216,0.0267213050216,7341.24510092,1414.21356237,15000.0,-5.10539979166e-18,1.38685359493e-16,13000.0
14000.0,193,3,0.747361509555,1.17434880939,3.23603498199,0.00974553306753,-0.02655299441,0.02655299441,6372.93877551,942.809041582,16000.0,3.20088996482e-18,2.26476848743e-17,14666.6666667
11000.0,194,3,0.583739226782,1.24045166827,3.45717460827,0.00859135238833,-0.0267478693613,0.0267478693613,6772.35171283,1885.61808316,15000.0,-5.28019471504e-18,-1.23358113847e-18,13666.6666667
15000.0,195,3,0.708045172306,1.25504625768,3.50800064256,0.00875119065999,-0.0228524565318,0.0228524565318,7104.99089754,0.0,15000.0,1.99357184999e-18,8.04109383246e-17,15000.0
14000.0,196,3,0.673832494903,1.1554283279,3.17538323153,0.00933507279445,-0.0314515366208,0.0314515366208,6173.06620123,471.404520791,15000.0,2.55144348406e-18,9.69317376696e-17,14666.6666667
13000.0,197,3,0.808061414783,1.19755500581,3.31200917189,0.00688544631092,-0.0219974564257,0.0219974564257,6549.70988717,471.404520791,14000.0,6.73223662401e-19,1.59317004034e-16,13666.6666667
14000.0,198,3,0.852780248007,1.21488132606,3.36989412198,0.00922210569917,-0.0244650554459,0.0244650554459,7403.80783466,471.404520791,15000.0,-1.8572871298e-18,4.37150315946e-17,14333.3333333
13000.0,199,3,0.86106141497,1.23136708166,3.42590983489,0.00833245504551,-0.026520120255,0.026520120255,8501.46306489,816.496580928,15000.0,-5.95188364985e-18,-1.58056438308e-16,14000.0
13000.0,200,3,0.744395488104,1.16476088472,3.20515638971,0.00900990547002,-0.0263471947423,0.0263471947423,7042.44427155,816.496580928,15000.0,2.04350982155e-18,1.8353952617e-16,14000.0
12000.0,201,4,0.796357727002,1.19115424761,3.29087750352,0.00810409778674,-0.0235755606577,0.0235755606577,7650.40423495,1658.31239518,16000.0,1.51582295468e-18,1.36318523277e-17,14500.0
13000.0,202,3,0.840073140759,1.22021653055,3.38792124264,0.00965322657472,-0.0347650154306,0.0347650154306,7262.13851412,816.496580928,15000.0,-1.02851172761e-18,-6.84764642764e-17,14000.0
13000.0,203,3,0.836956368376,1.24641195911,3.47784190478,0.00946487170436,-0.0312842823639,0.0312842823639,7077.95478957,1414.21356237,16000.0,1.59470250297e-18,5.93771064063e-17,14000.0
13000.0,204,4,0.824894686258,1.2327179499,3.43054091498,0.0097349667369,-0.0239530019279,0.0239530019279,8124.37024259,1299.03810568,16000.0,3.64860115963e-18,7.34011905971e-17,14250.0
12000.0,205,3,0.611084722125,1.16752937499,3.21404212835,0.00963687872497,-0.023098967392,0.023098967392,5786.57449486,1247.21912892,15000.0,-2.94039182424e-19,-1.69956641353e-16,13666.6666667
12000.0,206,3,0.669922101,1.24795472124,3.48321152851,0.0094397481719,-0.0220169818925,0.0220169818925,5756.72317295,1247.21912892,15000.0,-4.40709412035e-18,-1.16342121122e-17,13666.6666667
10000.0,207,3,0.756110731042,1.20850180251,3.348464232,0.00888939997928,-0.0320786492795,0.0320786492795,6972.08305986,2160.24689947,15000.0,2.76124621955e-18,-1.72065445881e-16,13000.0
14000.0,208,3,0.719727759639,1.18236524499,3.26208070546,0.00783335549849,-0.0387007044192,0.0387007044192,7728.9010094,816.496580928,16000.0,3.07411796164e-19,1.97840690644e-17,15000.0
12000.0,209,3,0.730319242237,1.17879307832,3.25044879742,0.00673378963355,-0.0251435733839,0.0251435733839,7966.2902426,1885.61808316,16000.0,3.64696433995e-18,5.96557699407e-17,13333.3333333
14000.0,210,4,0.637212685792,1.17344711552,3.23311838422,0.00913069778306,-0.0258365676276,0.0258365676276,7174.59590784,433.012701892,15000.0,-1.67574496192e-18,-4.70963656081e-17,14750.0
12000.0,211,3,0.465781319239,1.11716342433,3.05617283095,0.00663876340126,-0.0271779769213,0.0271779769213,6421.98226204,471.404520791,13000.0,-4.23169879422e-18,8.16013923099e-17,12666.6666667
11000.0,212,4,0.674978668173,1.12870123117,3.09163856772,0.00968348871019,-0.0221427862252,0.0221427862252,6925.90637915,1658.31239518,15000.0,2.84156779216e-19,3.48901675748e-17,13500.0
14000.0,213,4,0.769173781013,1.06125641669,2.8899997531,0.00992189343396,-0.0307418259926,0.0307418259926,6955.07842894,866.025403784,16000.0,4.35384662233e-18,-5.49523141383e-18,15500.0
13000.0,214,3,0.437101692148,0.996889972362,2.70984102921,0.00710746841746,-0.0223310437094,0.0223310437094,5471.36118235,816.496580928,15000.0,3.80022421848e-18,-2.23894976633e-17,14000.0
13000.0,215,3,0.535408545958,1.10659724644,3.02405076772,0.00858806143821,-0.0297377006008,0.0297377006008,6690.50789544,471.404520791,14000.0,-3.88104894274e-19,5.79166344513e-17,13333.3333333
11000.0,216,4,0.17341669283,1.00942811925,2.74403130754,0.00977402396345,-0.0188917018125,0.0188917018125,6464.95754574,1785.35710714,16000.0,2.34128483954e-18,-4.40061848841e-16,13750.0
12000.0,217,3,0.668599131932,1.07455021409,2.92867532734,0.0068853958207,-0.0252937449813,0.0252937449813,5874.51238166,1414.21356237,15000.0,1.48328509992e-18,-6.88879847475e-17,14000.0
13000.0,218,3,0.75205808993,0.965067665873,2.62496527103,0.00994944994719,-0.0312882147625,0.0312882147625,6999.05302117,942.809041582,15000.0,1.93829768392e-18,-4.1016303983e-17,14333.3333333
14000.0,219,3,0.74626867976,1.02139444665,2.77706453359,0.00700726315386,-0.020770527876,0.020770527876,6145.85481099,816.496580928,16000.0,9.86274801868e-19,-4.86935195509e-17,15000.0
11000.0,220,3,0.178390541149,1.11601939784,3.05267848746,0.00988674727132,-0.0275455431787,0.0275455431787,5321.6064482,2054.80466766,16000.0,-2.36637762442e-18,-2.58475299846e-16,13333.3333333
15000.0,221,3,0.626230072454,1.08066347873,2.94663393158,0.00931152096788,-0.0199991355152,0.0199991355152,6669.32907748,471.404520791,16000.0,1.62277213225e-18,-1.79902349369e-16,15666.6666667
14000.0,222,3,0.83197882365,1.08516064325,2.95991527097,0.00837283662819,-0.021336155421,0.021336155421,7357.72993204,942.809041582,16000.0,1.32020571185e-18,2.87434434379e-16,14666.6666667
13000.0,223,3,0.74718748913,1.02553688403,2.78859220937,0.00970028613524,-0.0309378983761,0.0309378983761,7298.2409169,1247.21912892,16000.0,6.29736249265e-18,-4.57411886146e-17,14666.6666667
12000.0,224,3,0.916751975747,1.15092289199,3.161108926,0.00848365921572,-0.0239989051989,0.0239989051989,7846.8849415,1632.99316186,16000.0,4.27142407596e-19,-1.40823025755e-16,14000.0
13000.0,225,3,0.887140099715,1.08420497541,2.95708792635,0.0095416204072,-0.0319382285349,0.0319382285349,6980.10289839,942.809041582,15000.0,7.34182874466e-19,-2.03448369263e-16,14333.3333333
11000.0,226,4,0.817430911902,1.07717772401,2.9363805692,0.00704624160624,-0.0215810823702,0.0215810823702,8284.69146859,2121.32034356,16000.0,9.31115258504e-19,9.85625130739e-18,14000.0
13000.0,227,4,0.783316046417,1.02933767149,2.79921122319,0.00652079687875,-0.0216826536703,0.0216826536703,7239.14084274,1118.03398875,16000.0,3.28243595293e-18,1.28032309265e-18,14500.0
14000.0,228,3,0.70961613828,1.09115652456,2.97771588345,0.00668444878541,-0.0143911062146,0.0143911062146,7140.71586997,471.404520791,15000.0,2.23582841332e-18,8.30402534284e-19,14666.6666667
14000.0,229,4,0.740655371338,1.04518351662,2.84392038243,0.00649847543817,-0.0238485770686,0.0238485770686,5825.84238954,500.0,15000.0,-1.72695637935e-19,5.95584260172e-17,14500.0
15000.0,230,4,0.822993716353,1.09736849028,2.99627092441,0.00874084816961,-0.0186742502924,0.0186742502924,7117.06292528,433.012701892,16000.0,-1.8092610398e-18,6.21237648576e-17,15250.0
14000.0,231,3,0.697009544234,1.04921346182,2.85540435006,0.00667686942475,-0.029775652357,0.029775652357,6703.09739959,471.404520791,15000.0,-1.27441518718e-19,7.98124834311e-17,14333.3333333
14000.0,232,4,0.640334860555,0.974930118709,2.65098195047,0.00663434514918,-0.0343781830006,0.0343781830006,6935.81490583,829.156197589,16000.0,-3.12814389638e-18,-3.88279382171e-18,15250.0
14000.0,233,4,0.658991594765,0.989130060322,2.68889427876,0.00726085876034,-0.0246190476161,0.0246190476161,7140.3578465,866.025403784,16000.0,-7.11381551809e-19,-1.38293487579e-17,15500.0
13000.0,234,4,0.69353561597,1.004019662,2.72923039265,0.00761295699319,-0.0197761704481,0.0197761704481,7353.67144791,829.156197589,15000.0,-9.56444319757e-19,5.86344343088e-17,14250.0
13000.0,235,3,0.66223122953,1.01021144247,2.74618161305,0.00740547938561,-0.024233071879,0.024233071879,6742.99833215,471.404520791,14000.0,2.89551269204e-18,4.13765937812e-17,13333.3333333
14000.0,236,4,0.737424064139,1.01483318427,2.75890313055,0.00920476914259,-0.0246395970636,0.0246395970636,6734.55267076,829.156197589,16000.0,3.21156555666e-19,-1.00723313803e-16,14750.0
14000.0,237,4,0.682597605563,1.0006728456,2.72011142787,0.00650233595138,-0.0248313774629,0.0248313774629,7190.1650224,829.156197589,16000.0,4.31918624702e-19,-4.43244933786e-17,15250.0
14000.0,238,3,0.839578371997,1.05136008091,2.86154039907,0.00831716268619,-0.0203586108733,0.0203586108733,6855.71808873,816.496580928,16000.0,3.82582050926e-18,-3.81479036394e-16,15000.0
13000.0,239,3,0.749572669453,0.997649342768,2.71189958379,0.00659052120819,-0.0291760286882,0.0291760286882,7302.55206919,1247.21912892,16000.0,-3.44757187856e-18,-1.0111325471e-16,14333.3333333
14000.0,240,3,0.319351599182,0.968599873907,2.63425358893,0.00719910459865,-0.0242434820266,0.0242434820266,5354.31857117,471.404520791,15000.0,-6.26060980954e-18,9.81675952823e-17,14666.6666667
15000.0,241,3,0.618546014692,1.02031142175,2.77405853162,0.00827170403021,-0.0268946820694,0.0268946820694,7112.37569794,471.404520791,16000.0,-1.23589900146e-18,-1.52304963667e-17,15333.3333333
14000.0,242,3,0.711064893946,0.959667959021,2.61082942713,0.00664008836576,-0.0221137343863,0.0221137343863,7529.51955242,816.496580928,16000.0,-2.41756467993e-18,4.1307769171e-16,15000.0
14000.0,243,3,0.737913978436,1.0508198019,2.85999478642,0.00947923216127,-0.0280789978108,0.0280789978108,6394.11959482,471.404520791,15000.0,6.34774435451e-19,-1.53488333154e-16,14333.3333333
13000.0,244,3,0.714235872347,1.01419148243,2.75713330524,0.00688824794109,-0.0276135771047,0.0276135771047,6948.35551486,1247.21912892,16000.0,-1.30627142424e-18,1.1413413915e-16,14333.3333333
13000.0,245,3,0.815392069533,1.04330851011,2.83859300919,0.00671579164618,-0.020825395321,0.020825395321,7015.28683015,816.496580928,15000.0,1.34488283078e-18,1.18645645085e-16,14000.0
13000.0,246,3,0.426628992293,0.995479587908,2.70602180547,0.00690848859813,-0.0250707081445,0.0250707081445,5903.60443105,1247.21912892,16000.0,-6.87047350357e-18,2.7755116289e-16,14666.6666667
12000.0,247,4,0.72048292981,1.00225694382,2.72442376623,0.00955091901787,-0.0261998056329,0.0261998056329,7215.55314147,1299.03810568,15000.0,-2.93524700827e-18,1.70878653746e-18,14250.0
14000.0,248,4,0.660818949615,1.03837675442,2.8246282257,0.00660207889135,-0.0199249694141,0.0199249694141,6753.31460838,707.106781187,16000.0,1.29623322495e-18,-6.61103678094e-17,15000.0
12000.0,249,4,0.657171894074,0.962279209723,2.61765586619,0.00775524341593,-0.024493344877,0.024493344877,6689.6874734,1224.74487139,15000.0,1.16583797431e-18,2.33012871609e-16,14000.0
13000.0,250,3,0.501061423518,1.00315015928,2.7268583508,0.0068166417781,-0.028109568919,0.028109568919,5401.97695472,816.496580928,15000.0,5.51573448305e-19,-6.38378239159e-18,14000.0
13000.0,251,3,0.784530111248,1.05339963184,2.86738261218,0.00585151813388,-0.0200608037924,0.0200608037924,6541.98483062,816.496580928,15000.0,1.8121199005e-18,-1.05990433402e-17,14000.0
12000.0,252,3,0.699591883097,1.05558431635,2.87365378631,0.00956149004512,-0.0400740026062,0.0400740026062,6169.53411321,1247.21912892,15000.0,-1.04974687349e-18,-3.08642000846e-16,13666.6666667
15000.0,253,3,0.711258020116,1.06362956695,2.89686630123,0.00964879708263,-0.0318260326056,0.0318260326056,5974.52528333,471.404520791,16000.0,-8.32717035223e-19,5.12848959194e-17,15333.3333333
12000.0,254,3,0.841648965865,1.09606646632,2.99237224651,0.0065581512209,-0.0285076387954,0.0285076387954,6370.32656961,1414.21356237,15000.0,2.37850111867e-18,-9.17784367023e-17,14000.0
14000.0,255,4,0.663540980705,1.13600771625,3.11431030327,0.00910272013148,-0.0281385940557,0.0281385940557,6504.58172662,500.0,15000.0,1.00692771596e-18,9.80919941436e-17,14500.0
14000.0,256,3,0.830866375354,1.12317382607,3.0745969702,0.00780709609125,-0.0396019340491,0.0396019340491,7229.99625867,471.404520791,15000.0,-5.58772955634e-18,7.93983539388e-17,14333.3333333
12000.0,257,4,0.848008507366,1.12228153471,3.07185475751,0.00913850357442,-0.0268300084872,0.0268300084872,7287.66179504,1479.01994577,16000.0,7.15969067652e-19,-3.67309080166e-16,14250.0
12000.0,258,3,0.870704056054,1.14729564599,3.1496635764,0.0092710666437,-0.031457385993,0.031457385993,7650.46405419,1699.6731712,16000.0,9.40980998805e-19,-2.96566424386e-17,13666.6666667
14000.0,259,3,0.754397034899,1.0824287954,2.95184026766,0.00924705777816,-0.0295067207313,0.0295067207313,6650.2397074,942.809041582,16000.0,-1.22307781562e-18,6.6065574064e-17,15333.3333333
14000.0,260,4,0.649132295575,1.10263236274,3.01208449622,0.00791299224199,-0.0222594347728,0.0222594347728,6442.0475168,829.156197589,16000.0,3.58714314752e-18,1.36790552069e-16,15250.0
15000.0,261,4,0.664014879432,1.0879472122,2.96817478144,0.00668867613624,-0.0315886929069,0.0315886929069,7151.86750133,433.012701892,16000.0,-3.21945654142e-18,6.04953439588e-17,15250.0
13000.0,262,4,0.727365051251,1.15758135567,3.18222728486,0.00631205949792,-0.0314204591756,0.0314204591756,7781.32845471,1224.74487139,16000.0,-2.10333301393e-18,-9.30738638988e-17,15000.0
13000.0,263,3,0.604570270445,1.0976556207,2.99713136849,0.0065502004822,-0.0265261777004,0.0265261777004,6281.31379557,1414.21356237,16000.0,1.06397318533e-18,5.53554507561e-17,14000.0
11000.0,264,3,0.719664951298,1.16038273017,3.19115439348,0.00674995860902,-0.0258267507094,0.0258267507094,5385.36665026,1414.21356237,14000.0,1.42491735363e-18,4.07821924379e-16,13000.0
14000.0,265,3,0.743611387959,1.08996457001,2.97416869592,0.00965509661984,-0.0220407204437,0.0220407204437,6171.88072148,471.404520791,15000.0,2.43842659086e-18,-1.60982338571e-17,14333.3333333
14000.0,266,4,0.706084902794,1.13380590505,3.10746072347,0.00909865674078,-0.0343480043714,0.0343480043714,6404.64987646,707.106781187,16000.0,1.62380202089e-18,1.54009534682e-16,15000.0
13000.0,267,4,0.656959246682,1.0769873922,2.93582173573,0.00980543320516,-0.0314480592637,0.0314480592637,6572.51551153,1299.03810568,16000.0,-9.99220874216e-19,-1.03133875709e-16,15250.0
13000.0,268,3,0.735010011077,1.03405530393,2.81244807161,0.00897620944657,-0.0302362806896,0.0302362806896,6186.29664378,471.404520791,14000.0,-6.25164731421e-19,-2.2435756956e-17,13333.3333333
13000.0,269,3,0.751366602715,1.1418824766,3.13265997714,0.00870385275581,-0.0295619961642,0.0295619961642,6991.59859533,471.404520791,14000.0,1.42949132259e-19,2.49484776272e-16,13333.3333333
13000.0,270,3,0.84352631218,1.08322008477,2.95417695185,0.0096975786801,-0.0154898107617,0.0154898107617,7713.4191196,942.809041582,15000.0,-3.95355590871e-19,5.59968738045e-17,14333.3333333
14000.0,271,4,0.67614357007,1.10850528631,3.02982628534,0.00902935131921,-0.0233330317129,0.0233330317129,6594.55789905,433.012701892,15000.0,1.98252672694e-19,7.32853555127e-17,14750.0
14000.0,272,3,0.799054958979,1.0563651613,2.87589854066,0.00929734146674,-0.0287206355956,0.0287206355956,6968.91175373,471.404520791,15000.0,1.26546752127e-18,6.67914921232e-19,14666.6666667
14000.0,273,4,0.666202412901,1.06045037375,2.88767122778,0.0090888623452,-0.0233894456537,0.0233894456537,6759.41315979,500.0,15000.0,-1.04108101917e-19,-1.78990022268e-16,14500.0
15000.0,274,4,0.736338499724,1.15652075871,3.17885401343,0.00706504695511,-0.0345310046832,0.0345310046832,7763.14643631,433.012701892,16000.0,3.9855948897e-18,-6.60192086001e-18,15250.0
15000.0,275,4,0.780309800407,1.14389420969,3.13896839618,0.00677597671805,-0.0226203730654,0.0226203730654,7505.03586815,433.012701892,16000.0,-5.24934859648e-19,-7.95357908861e-17,15250.0
14000.0,276,4,0.727204949123,1.10741920157,3.02653742356,0.00647103087919,-0.0209872150351,0.0209872150351,8420.49492507,829.156197589,16000.0,2.6554024085e-18,-3.93203987888e-17,15250.0
15000.0,277,3,0.794540583521,1.10377026255,3.0155138974,0.00679481525911,-0.0253347990538,0.0253347990538,7276.41240365,0.0,15000.0,-1.64318255154e-18,-1.66533453694e-18,15000.0
14000.0,278,3,0.780025317119,1.08260318506,2.95235508296,0.00840233344739,-0.0292662192886,0.0292662192886,7014.14890132,471.404520791,15000.0,3.88348434499e-18,-3.86557021559e-17,14333.3333333
15000.0,279,3,0.766593688056,1.08961566541,2.9731311758,0.00993766767113,-0.0255484428735,0.0255484428735,5642.88727937,0.0,15000.0,3.79949508197e-19,6.65841137352e-18,15000.0
15000.0,280,4,0.78443362951,1.05176666943,2.86270410511,0.00650186762533,-0.0274762628318,0.0274762628318,7348.49007175,433.012701892,16000.0,-1.00020381838e-18,-2.38114911725e-17,15250.0
14000.0,281,5,0.866785353081,1.08271392578,2.95268204699,0.00939688907913,-0.0326270150914,0.0326270150914,8235.64738468,748.331477355,16000.0,-1.60385910107e-18,1.84250200674e-16,15200.0
13000.0,282,4,0.774015035257,1.02724597757,2.79336224935,0.00896759571053,-0.0256141459881,0.0256141459881,7295.03723469,1500.0,16000.0,7.82871586466e-19,-7.28889415687e-17,14500.0
14000.0,283,4,0.539840544928,1.00824796302,2.74079483205,0.00941295163925,-0.0366173849932,0.0366173849932,7113.56441066,433.012701892,15000.0,1.87817353629e-18,1.54607040416e-16,14750.0
14000.0,284,3,0.779870915629,1.04743378904,2.85032718384,0.00816353185915,-0.0277539661713,0.0277539661713,7682.99650874,471.404520791,15000.0,-2.43648313288e-18,2.50270614026e-17,14333.3333333
13000.0,285,3,0.697180635831,0.954139036059,2.59643418412,0.00920236676722,-0.034490964389,0.034490964389,6905.51312716,1247.21912892,16000.0,-6.37879236264e-19,-3.39154292118e-17,14666.6666667
12000.0,286,4,0.729945259277,1.07909617476,2.94201927775,0.00886461261925,-0.0227811583552,0.0227811583552,6899.12950573,1224.74487139,15000.0,-2.92884981294e-18,-2.97008724615e-16,14000.0
13000.0,287,4,0.861329295465,0.984033699049,2.67522556204,0.00933974754303,-0.0227692110988,0.0227692110988,7976.7846813,866.025403784,15000.0,-1.18103027633e-18,1.21334969164e-16,14500.0
15000.0,288,3,0.734317475433,1.02043221035,2.77439362652,0.00758007109135,-0.0275163818935,0.0275163818935,7271.00447298,471.404520791,16000.0,3.09749001991e-18,1.5701725634e-16,15666.6666667
14000.0,289,4,0.791321274402,0.969341288563,2.63620738735,0.0086915334246,-0.0316302163008,0.0316302163008,8475.53065978,829.156197589,16000.0,-9.5503493032e-19,-1.33818946095e-16,14750.0
14000.0,290,5,0.80104165488,0.924410908853,2.52038308758,0.00655972730713,-0.0231612513023,0.0231612513023,8225.33760905,800.0,16000.0,-3.80785536843e-18,-6.15904694092e-17,15400.0
13000.0,291,3,0.736279925032,1.01799152201,2.7676304531,0.00720421486511,-0.0266431096869,0.0266431096869,7050.05622885,1247.21912892,16000.0,-1.13648142048e-19,-1.79456290955e-17,14666.6666667
12000.0,292,4,0.806610494141,1.01608692974,2.76236426209,0.00958145064766,-0.0267821150126,0.0267821150126,7542.37411495,1500.0,16000.0,-2.78121686895e-18,-2.72820848862e-17,14500.0
14000.0,293,4,0.793735854375,1.00685798699,2.73698783934,0.00971577641904,-0.0251763589542,0.0251763589542,7289.64978689,866.025403784,16000.0,-8.2139285952e-18,2.35495383877e-16,15500.0
14000.0,294,5,0.767914970476,0.882928292599,2.41796987289,0.0093147242954,-0.0325224959891,0.0325224959891,7277.72206193,748.331477355,16000.0,3.17060406538e-18,4.27564960181e-17,15200.0
14000.0,295,5,0.74468119436,1.01101666202,2.74839378271,0.00952994637919,-0.0308777424545,0.0308777424545,8014.07070143,748.331477355,16000.0,-1.53820939545e-19,1.49142742155e-16,15200.0
14000.0,296,3,0.868318243211,1.00800727393,2.740135232,0.00660408148133,-0.0252767692281,0.0252767692281,8238.60641664,816.496580928,16000.0,-1.38677020994e-18,-1.54396985269e-16,15000.0
12000.0,297,3,0.712158184864,1.00784193805,2.7396822268,0.0071024575352,-0.0174671437743,0.0174671437743,7108.73197252,1632.99316186,16000.0,-7.06499859226e-19,-3.06935754911e-16,14000.0
13000.0,298,3,0.778754358144,1.01631534023,2.76299528712,0.00918766759591,-0.0315754880034,0.0315754880034,6901.74973216,1247.21912892,16000.0,-2.9739261151e-18,-1.90768410573e-16,14333.3333333
14000.0,299,4,0.753269715761,0.986437271914,2.68166339541,0.00995565268425,-0.0328654875116,0.0328654875116,7732.78131885,1000.0,16000.0,6.4913113941e-19,-4.44665450174e-17,15000.0
14000.0,300,4,0.813492492561,0.981011117473,2.66715168266,0.00653493031969,-0.0267369348818,0.0267369348818,7705.10622676,500.0,15000.0,-1.49912158253e-18,1.19023099968e-16,14500.0
16000.0,301,3,0.857337721451,1.04167074818,2.83394787448,0.00866071088931,-0.037297557092,0.037297557092,9252.69720361,0.0,16000.0,1.59236649163e-18,-5.34625848942e-17,16000.0
14000.0,302,3,0.883489638976,0.986356140597,2.68144583735,0.00956249802715,-0.0314457152247,0.0314457152247,7784.89957305,942.809041582,16000.0,-2.62831595742e-18,-6.28983632562e-17,14666.6666667
14000.0,303,4,0.837842876801,1.03870415844,2.82555317177,0.00986238126666,-0.0325002615229,0.0325002615229,8558.2997857,829.156197589,16000.0,2.93775309932e-18,1.41048545958e-17,15250.0
14000.0,304,4,0.623323607197,0.963881938603,2.62185462268,0.00921567202793,-0.0348164874305,0.0348164874305,7034.94759977,829.156197589,16000.0,-2.59184676585e-18,3.84682539234e-17,15250.0
14000.0,305,4,0.791829894886,0.947186851392,2.5784458956,0.00682322941719,-0.0267784742181,0.0267784742181,8101.48014531,829.156197589,16000.0,-5.55133369229e-19,1.5735222003e-16,14750.0
15000.0,306,4,0.767941165778,1.00615933772,2.73507631261,0.00800704948107,-0.027959050868,0.027959050868,7898.40995981,500.0,16000.0,1.68696631784e-18,1.15069056419e-16,15500.0
14000.0,307,4,0.809777897528,1.02665070483,2.79169993177,0.00985526717375,-0.0267877531033,0.0267877531033,7844.85762276,829.156197589,16000.0,2.46932578134e-18,-3.82049912184e-17,15250.0
14000.0,308,5,0.736997498477,0.992615724204,2.69828321426,0.00990329893988,-0.0282809696001,0.0282809696001,8667.76897165,800.0,16000.0,-1.72157181657e-18,8.21112688717e-17,15400.0
12000.0,309,3,0.598795472084,1.0142246757,2.75722482502,0.00688443331379,-0.0321978656852,0.0321978656852,6966.22114426,1699.6731712,16000.0,3.37282921147e-19,4.20553639215e-17,14333.3333333
13000.0,310,4,0.559599330413,0.969838515102,2.63751850556,0.00979270458633,-0.0357211679167,0.0357211679167,7557.08132177,1224.74487139,16000.0,4.07066499527e-18,1.52046798516e-16,15000.0
15000.0,311,5,0.751033760391,0.931122924895,2.53735683963,0.00709612372188,-0.0232805941047,0.0232805941047,8508.5470527,489.897948557,16000.0,-3.12107506921e-19,-2.98279298353e-17,15600.0
13000.0,312,3,0.855083165275,0.9732582565,2.64655357678,0.00792792837528,-0.029240389843,0.029240389843,7171.75858128,942.809041582,15000.0,1.38692512371e-19,-3.98508326076e-17,14333.3333333
15000.0,313,4,0.770662070979,0.949616221528,2.58471751001,0.00939991662479,-0.0232230626953,0.0232230626953,8699.22672362,433.012701892,16000.0,-4.70207398994e-19,1.24763766225e-16,15250.0
13000.0,314,3,0.823295681431,0.984300434979,2.67593923599,0.00871396992328,-0.0334904902429,0.0334904902429,7946.22245877,942.809041582,15000.0,1.74234587098e-18,-1.87054424367e-17,14333.3333333
15000.0,315,3,0.843414534189,0.974077239923,2.64872194809,0.00911692965424,-0.0308335419,0.0308335419,8272.63003471,0.0,15000.0,-2.17705486897e-18,5.75945555727e-17,15000.0
15000.0,316,4,0.65549207557,0.961305179581,2.6151074318,0.00638793001086,-0.0256375390297,0.0256375390297,7975.56562268,0.0,15000.0,-3.59391442185e-20,9.36095475715e-17,15000.0
13000.0,317,3,0.785667386914,0.927392544722,2.52790916664,0.00922613156128,-0.0275275815208,0.0275275815208,7569.49599998,942.809041582,15000.0,-5.8963282063e-19,-6.40092773374e-17,13666.6666667
13000.0,318,4,0.770324518513,0.922657601757,2.51596795371,0.00915912531633,-0.0322158682787,0.0322158682787,7723.78985469,1224.74487139,16000.0,1.75399089005e-18,-7.36775170398e-17,15000.0
15000.0,319,4,0.835305708713,0.904640001866,2.47104219234,0.00691099161758,-0.0253797145928,0.0253797145928,7985.57362356,500.0,16000.0,3.12967981724e-18,1.9996630614e-16,15500.0
16000.0,320,4,0.56914474613,0.899800986966,2.45911366678,0.00889677686519,-0.0355887869371,0.0355887869371,7116.18262873,0.0,16000.0,2.43579666188e-18,6.31734047313e-17,16000.0
14000.0,321,4,0.565543305625,0.900325020445,2.46040266238,0.00902144066718,-0.0287521461002,0.0287521461002,7659.0607131,707.106781187,16000.0,-1.05690154186e-18,-6.4043514824e-17,15000.0
14000.0,322,4,0.845994418502,0.873763086431,2.39590992689,0.00683988929934,-0.0249323232739,0.0249323232739,8923.38754028,866.025403784,16000.0,6.25895801671e-19,-6.88112327936e-18,15500.0
13000.0,323,5,0.363304059402,0.922466644064,2.51548755614,0.00805487941107,-0.0356285898867,0.0356285898867,8543.34311508,1095.44511501,16000.0,4.1258125686e-20,4.85409163431e-16,15000.0
14000.0,324,3,0.705803684657,0.965103551099,2.62505947019,0.00957727044565,-0.0316650067682,0.0316650067682,9161.9342839,816.496580928,16000.0,1.53187792242e-18,-1.60946458787e-16,15000.0
14000.0,325,4,0.812420995078,0.983873718856,2.67479761317,0.00950401501435,-0.033188881248,0.033188881248,7939.75096912,1000.0,16000.0,-1.83713023545e-19,1.97356083784e-16,15000.0
14000.0,326,5,0.793747983911,0.976001026664,2.6538224288,0.00972765411436,-0.0221355568126,0.0221355568126,8468.84617946,632.455532034,16000.0,-2.46239431704e-18,-1.01451414319e-16,15000.0
13000.0,327,3,0.692612810872,0.955482899167,2.59992578182,0.00666051666129,-0.0236797856619,0.0236797856619,6961.08713077,471.404520791,14000.0,8.03134685213e-20,9.21485110439e-17,13666.6666667
14000.0,328,5,0.754901445765,0.967016222865,2.63008515204,0.0082916037072,-0.0252748316994,0.0252748316994,8644.09969667,748.331477355,16000.0,1.19727142476e-19,1.19227908824e-16,14800.0
12000.0,329,3,0.700619892836,0.990828410281,2.69346484236,0.00935064143463,-0.0295065577657,0.0295065577657,7201.19572991,1885.61808316,16000.0,-3.795887232e-19,1.82829340892e-16,14666.6666667
13000.0,330,3,0.840089507705,0.920920593872,2.51160149092,0.00885237197341,-0.0312207954355,0.0312207954355,6599.94776978,1247.21912892,16000.0,3.35828519731e-18,7.3725747729e-17,14333.3333333
15000.0,331,4,0.891195920481,0.885415834331,2.4239921611,0.00706888493423,-0.0248886510861,0.0248886510861,8480.42492948,500.0,16000.0,-4.31853052059e-19,4.75447428736e-17,15500.0
13000.0,332,4,0.543287750007,0.88546337307,2.42410739737,0.00702036484693,-0.0140578343451,0.0140578343451,7871.83252084,1224.74487139,16000.0,2.60776202581e-18,-1.47754833218e-16,15000.0
14000.0,333,3,0.778307106789,0.87841234934,2.4070750768,0.0064066652829,-0.0294166033146,0.0294166033146,8136.93485883,816.496580928,16000.0,2.942130215e-18,-1.26875487093e-16,15000.0
14000.0,334,3,0.831682846696,0.889833928831,2.43472528004,0.00867267021209,-0.0327666207987,0.0327666207987,7559.87985492,942.809041582,16000.0,-1.02137688527e-18,-7.3811530758e-17,14666.6666667
15000.0,335,5,0.841412495881,0.927782698198,2.52889563161,0.00961202073037,-0.0286730771419,0.0286730771419,8386.47110051,400.0,16000.0,-3.54040829991e-18,1.27494178016e-17,15800.0
15000.0,336,4,0.811921137471,0.952099444148,2.59114391479,0.00794783302919,-0.0268554240465,0.0268554240465,8013.27440224,433.012701892,16000.0,4.88073696098e-19,-6.46379846544e-17,15250.0
15000.0,337,4,0.768035093108,0.878216737221,2.40660426979,0.00981987135134,-0.0255159542412,0.0255159542412,7564.1631739,500.0,16000.0,2.25681700544e-19,1.5590952997e-17,15500.0
14000.0,338,4,0.789756775832,0.916603480047,2.50078199271,0.00611292408783,-0.0186592187243,0.0186592187243,7448.43927908,433.012701892,15000.0,-2.0144349161e-18,-2.31185662763e-16,14750.0
14000.0,339,3,0.779399551578,0.943210630093,2.56821378017,0.0065293702405,-0.0192161373865,0.0192161373865,7978.25463441,816.496580928,16000.0,2.3063853482e-18,1.85208660271e-17,15000.0
15000.0,340,4,0.764918638064,0.951247294734,2.58893681354,0.00995448836556,-0.0260671344436,0.0260671344436,7436.82596381,500.0,16000.0,1.73362044538e-18,1.7076287474e-17,15500.0
14000.0,341,5,0.746301744009,0.887166482081,2.42823943417,0.00756889661552,-0.0210023256202,0.0210023256202,7680.88982989,800.0,16000.0,2.76155936079e-18,1.79697271711e-16,15600.0
14000.0,342,3,0.813856093861,0.882719345126,2.41746469697,0.00877304364986,-0.0200888609633,0.0200888609633,6882.64038236,471.404520791,15000.0,4.70251282654e-18,-3.19675112149e-17,14666.6666667
15000.0,343,4,0.809226628879,0.946371385042,2.57634411682,0.0091224993911,-0.0271907692725,0.0271907692725,7717.93450153,433.012701892,16000.0,-1.85064078942e-18,-8.14599234481e-17,15250.0
15000.0,344,3,0.848332726295,0.994899505449,2.70445254488,0.00930851396334,-0.0442129594257,0.0442129594257,8146.6447817,471.404520791,16000.0,1.26389731503e-18,3.72851634912e-17,15333.3333333
15000.0,345,4,0.764609956973,0.902315103746,2.465303944,0.00995403142026,-0.0261796876506,0.0261796876506,8693.29724765,433.012701892,16000.0,2.5832676512e-18,1.11907870786e-16,15250.0
14000.0,346,3,0.183707620554,0.789220118208,2.2016787074,0.00824125382781,-0.0197865823543,0.0197865823543,6069.31100471,942.809041582,16000.0,-2.22664917731e-18,1.95665124265e-16,14666.6666667
15000.0,347,3,0.691381620107,0.889878092428,2.43483280864,0.00958242423225,-0.0284286297377,0.0284286297377,7392.58647408,471.404520791,16000.0,2.88464254238e-18,1.30439189993e-16,15333.3333333
15000.0,348,4,0.83652828853,0.938615250329,2.55643893819,0.00982577132069,-0.0315617120434,0.0315617120434,8504.74510985,433.012701892,16000.0,-1.93806262113e-18,3.04202190836e-17,15750.0
14000.0,349,3,0.443920270137,0.884142976086,2.42090872549,0.00679924546399,-0.0247372739439,0.0247372739439,6006.61083589,471.404520791,15000.0,5.56763090951e-20,-1.38777878078e-18,14666.6666667
15000.0,350,4,0.727948350181,0.880704977733,2.41259993627,0.00889364101074,-0.0329364226454,0.0329364226454,7031.74737439,500.0,16000.0,-2.17001143673e-18,2.32899641274e-16,15500.0
12000.0,351,4,0.0636114553851,0.860667759513,2.36473924373,0.00662851797604,-0.0210618988825,0.0210618988825,6683.18683198,1785.35710714,16000.0,4.32850257576e-18,1.57845123933e-16,13750.0
14000.0,352,3,0.0633747785216,0.826415769436,2.28511367036,0.00901711357279,-0.0313164095413,0.0313164095413,6391.98477704,942.809041582,16000.0,-6.47116272231e-19,1.69483641188e-16,15333.3333333
15000.0,353,4,0.671099641797,0.930367094993,2.53543975404,0.00696096376104,-0.0276148445393,0.0276148445393,7503.95863138,500.0,16000.0,-4.61645617597e-19,3.09084436092e-16,15500.0
13000.0,354,3,0.799044621729,0.899747758813,2.45898277619,0.00762391379166,-0.0256990931901,0.0256990931901,6727.2281691,1414.21356237,16000.0,-2.84092217366e-18,1.05737877924e-16,15000.0
14000.0,355,3,0.748914461753,0.966455954485,2.6286120112,0.00975675870268,-0.0320505105907,0.0320505105907,8616.32446782,942.809041582,16000.0,-1.81506745726e-18,-1.42240454838e-16,14666.6666667
14000.0,356,4,0.7619485195,0.945031626905,2.57289475,0.00979123084941,-0.0234631442679,0.0234631442679,8225.56261301,707.106781187,16000.0,-3.12412634949e-18,-2.32742731005e-16,15000.0
14000.0,357,4,0.757695028749,0.891640438,2.43912760881,0.0059031790799,-0.0258783596036,0.0258783596036,7758.66325137,433.012701892,15000.0,-1.15842182089e-18,1.63391313058e-17,14250.0
14000.0,358,4,0.835225905198,0.896375299737,2.4507039253,0.00699160361685,-0.0187541992517,0.0187541992517,7952.79934752,707.106781187,16000.0,1.10819544128e-18,5.14592423823e-17,15000.0
14000.0,359,4,0.713829527186,0.917950624804,2.50415317829,0.00960841987282,-0.0241707909888,0.0241707909888,7048.92882371,829.156197589,16000.0,1.40856353304e-18,-1.85677366339e-16,15250.0
15000.0,360,4,0.715573528956,0.897806152938,2.45421303276,0.00752298985067,-0.0207883098721,0.0207883098721,7344.15016912,500.0,16000.0,-2.89768111279e-18,2.48859313571e-17,15500.0
15000.0,361,4,0.863196257168,0.970953596931,2.64046119488,0.00907584113773,-0.0278751441615,0.0278751441615,8786.89624074,433.012701892,16000.0,2.80110577822e-18,2.04654466864e-16,15250.0
14000.0,362,3,0.807812761971,0.950421588712,2.58679999514,0.00702413570177,-0.0224857521693,0.0224857521693,8780.65723925,816.496580928,16000.0,2.63443279426e-18,-1.01178892867e-16,15000.0
12000.0,363,3,0.820997079213,0.979976385905,2.66439332395,0.00846865466175,-0.0307847371286,0.0307847371286,7604.5792331,1247.21912892,15000.0,7.09592616278e-20,5.55111512313e-17,13333.3333333
15000.0,364,3,0.645178378392,0.919375196337,2.50772306579,0.006773932235,-0.0232781625415,0.0232781625415,6899.50689184,0.0,15000.0,-1.55967500289e-18,1.38777878078e-18,15000.0
13000.0,365,3,0.849077338648,0.931206329117,2.53756847472,0.00843275252817,-0.034518876071,0.034518876071,6899.65888303,1247.21912892,16000.0,3.01381979351e-18,2.02410761098e-19,14666.6666667
15000.0,366,3,0.8160343095,0.939249731972,2.55806146645,0.00661732224426,-0.0260555635512,0.0260555635512,8875.68753479,0.0,15000.0,-4.90860739485e-18,9.29658437402e-19,15000.0
15000.0,367,3,0.892157063419,0.940321525241,2.56080464931,0.00816782354188,-0.0292464371108,0.0292464371108,8333.5988599,471.404520791,16000.0,2.73122446925e-18,-7.17237653432e-17,15333.3333333
14000.0,368,3,0.797502821294,0.893972003244,2.44482122891,0.00704411867392,-0.0220318790091,0.0220318790091,7955.82371847,816.496580928,16000.0,5.12733164012e-19,8.95447737123e-17,15000.0
14000.0,369,4,0.794039032625,0.888120884603,2.43055805829,0.00759578575619,-0.0283571255733,0.0283571255733,7606.65495286,829.156197589,16000.0,-1.27352209199e-18,1.63268091857e-17,15250.0
14000.0,370,3,0.83041573367,0.931287047904,2.53777331244,0.00642882335604,-0.0257600727811,0.0257600727811,7633.52032487,471.404520791,15000.0,-2.1500261012e-18,9.04253523911e-17,14666.6666667
14000.0,371,3,0.828937562375,0.910920131561,2.48660948894,0.00701433411466,-0.0268640208113,0.0268640208113,7662.50395569,471.404520791,15000.0,9.02143938492e-19,-7.81782046507e-18,14666.6666667
14000.0,372,4,0.762634943772,0.895862937398,2.44944859852,0.00707757303826,-0.0233196846216,0.0233196846216,8187.9812077,500.0,15000.0,-3.06241268574e-19,8.18789480661e-17,14500.0
13000.0,373,4,0.796410078234,0.893307808289,2.44319793014,0.00703795879133,-0.0290858435926,0.0290858435926,8332.22066712,1500.0,16000.0,4.52570066466e-18,8.64692932641e-17,14500.0
14000.0,374,3,0.649514912751,0.899923292103,2.45941444741,0.00934714418797,-0.0319441262157,0.0319441262157,7126.9358498,942.809041582,16000.0,2.28412646041e-18,-2.74767524816e-17,14666.6666667
15000.0,375,3,0.816205443151,0.916900557933,2.5015250301,0.00899357630175,-0.0265707175554,0.0265707175554,7967.21743735,471.404520791,16000.0,-3.80557539143e-18,-9.74793674436e-18,15333.3333333
15000.0,376,4,0.646833822204,0.844497592066,2.3268085138,0.00665404980346,-0.022773337946,0.022773337946,7346.60246242,0.0,15000.0,1.4936335648e-18,-1.07561624121e-18,15000.0
14000.0,377,4,0.687897418755,0.878471109122,2.40721652016,0.00854164782735,-0.0301932796765,0.0301932796765,7593.04639554,829.156197589,16000.0,7.06673280083e-19,-1.49752076015e-16,14750.0
14000.0,378,3,0.863750550523,0.890291467015,2.43583951471,0.0075823131409,-0.0238410861355,0.0238410861355,6263.64625576,471.404520791,15000.0,6.75696038816e-19,4.40244281626e-17,14333.3333333
14000.0,379,3,0.801983707108,0.824526746353,2.28080111243,0.00900820062962,-0.028723894277,0.028723894277,6731.07987732,942.809041582,16000.0,3.08065129321e-18,-3.74129950764e-17,14666.6666667
13000.0,380,4,0.752049395239,0.891170532593,2.43798171881,0.00652088661926,-0.0235351985679,0.0235351985679,7839.34201772,1089.72473589,16000.0,1.00398672225e-18,1.86417433271e-16,14750.0
15000.0,381,4,0.856845221498,0.845790353436,2.32981846712,0.00834793098456,-0.0205455895218,0.0205455895218,7728.02399034,433.012701892,16000.0,-1.40629147349e-18,6.31993153689e-17,15750.0
13000.0,382,4,0.583846590283,0.823769641318,2.27907495995,0.00793531440329,-0.0260853241283,0.0260853241283,7018.88127346,829.156197589,15000.0,2.13589604064e-18,6.96099229214e-18,14250.0
16000.0,383,4,0.773963408982,0.844864869472,2.32766325495,0.00925120570493,-0.0281717543011,0.0281717543011,8426.45773536,0.0,16000.0,3.09121993458e-18,-1.99656129567e-16,16000.0
15000.0,384,3,0.720705487379,0.872584431026,2.39308763829,0.00925236407247,-0.0355715507359,0.0355715507359,7606.33041498,471.404520791,16000.0,1.04435336622e-18,1.91712674444e-16,15333.3333333
12000.0,385,5,-0.0688963259782,0.83094382388,2.29548425103,0.00789048678035,-0.0271007693111,0.0271007693111,7933.83953067,1166.19037897,15000.0,-1.3712650077e-18,1.63145640788e-16,14200.0
14000.0,386,4,0.834596098816,0.83577894644,2.3066100744,0.00864890621749,-0.0207499268962,0.0207499268962,7840.37029538,829.156197589,16000.0,-4.65921125971e-18,-8.02622573215e-17,14750.0
13000.0,387,4,0.722127576228,0.844962508045,2.32789053577,0.00657961952497,-0.0329118953051,0.0329118953051,6806.88242174,1299.03810568,16000.0,9.43861769849e-19,-8.30808043308e-17,15250.0
12000.0,388,3,0.586814966152,0.910107346405,2.48458923079,0.00830329932972,-0.029627364065,0.029627364065,8613.96038718,1414.21356237,15000.0,-2.18567183622e-18,5.40108498466e-17,14000.0
15000.0,389,4,0.782323287374,0.848454318571,2.33603329666,0.00796686756696,-0.0227401561309,0.0227401561309,8196.11922377,433.012701892,16000.0,3.89951049371e-18,2.97267009473e-17,15250.0
13000.0,390,5,0.829389888701,0.821933179332,2.27489336626,0.00846956112914,-0.0129457530756,0.0129457530756,8545.51853589,1166.19037897,16000.0,-3.74467685056e-18,5.68205970901e-17,14200.0
13000.0,391,4,0.896519271937,0.806305874403,2.23961925148,0.00664560511512,-0.025331884447,0.025331884447,8796.42404588,1089.72473589,16000.0,1.38197448961e-19,3.02060678772e-17,14750.0
13000.0,392,3,0.836461661831,0.839041458639,2.31414770703,0.00750827745562,-0.0269085058603,0.0269085058603,7338.27826622,942.809041582,15000.0,7.27220061322e-19,-2.36690535969e-16,14333.3333333
14000.0,393,3,0.8683846105,0.792173258667,2.20819018379,0.00883553527893,-0.0267248097165,0.0267248097165,8365.9001002,471.404520791,15000.0,-3.9675592995e-18,-7.58652400161e-18,14666.6666667
14000.0,394,4,0.867891837057,0.837355018757,2.310248325,0.0097119597662,-0.0321574834248,0.0321574834248,8894.86564541,829.156197589,16000.0,-3.10938207605e-20,7.56724554272e-19,15250.0
11000.0,395,3,0.821982434039,0.90987124873,2.4840026943,0.00940107866899,-0.0252538592086,0.0252538592086,8206.22894846,2054.80466766,16000.0,-2.95546487905e-18,-1.68789834408e-16,13333.3333333
13000.0,396,3,0.848554665445,0.859342217733,2.36160675964,0.00975820890199,-0.0310023058332,0.0310023058332,8198.90462831,471.404520791,14000.0,-9.51408909106e-19,-9.24260668e-17,13666.6666667
14000.0,397,3,0.831992249636,0.855526088699,2.35261173751,0.00693250076571,-0.0234432851044,0.0234432851044,8596.09416274,471.404520791,15000.0,9.77526430232e-19,6.3931098784e-17,14333.3333333
14000.0,398,3,0.837164779289,0.842341740912,2.32179766425,0.00732361660583,-0.0306743556669,0.0306743556669,8710.43483388,471.404520791,15000.0,-1.45351103025e-18,1.28600833686e-16,14333.3333333
12000.0,399,3,0.499132714234,0.887922348027,2.43007555151,0.00597620321705,-0.0171340945674,0.0171340945674,5351.67299443,1414.21356237,15000.0,2.67058364738e-18,-8.85402862139e-17,14000.0
13000.0,400,3,0.789733789312,0.833984747113,2.3024752666,0.00846020841047,-0.0263184288935,0.0263184288935,7407.61953926,1247.21912892,16000.0,3.70717343961e-18,-6.83364789408e-17,14333.3333333
13000.0,401,3,0.842188883754,0.849341558086,2.33810683744,0.0094823606123,-0.021470502521,0.021470502521,7500.70800123,471.404520791,14000.0,-5.99098261128e-19,5.58465311033e-17,13666.6666667
2000.0,402,4,-0.348783358829,0.538488189769,1.71341454549,0.00618884820009,-0.0203949747385,0.0203949747385,4832.69436305,5220.15325446,16000.0,-6.75290862103e-19,1.0959571203e-16,10500.0
14000.0,403,3,0.523127160696,0.892124972738,2.44030973723,0.00922112165752,-0.0264613670269,0.0264613670269,7599.7946234,471.404520791,15000.0,-4.4041654427e-19,8.17864294807e-17,14333.3333333
12000.0,404,3,0.8678232212,0.756629436925,2.13108115814,0.00710104916558,-0.0223299434091,0.0223299434091,7354.38323185,1414.21356237,15000.0,1.12267754539e-18,1.17123528093e-16,14000.0
14000.0,405,3,0.726658506026,0.776881637109,2.17468023884,0.00643821375072,-0.0281271225775,0.0281271225775,6822.04858248,471.404520791,15000.0,-3.85160471197e-23,-3.51638279737e-17,14666.6666667
13000.0,406,3,0.593167275398,0.686317734327,1.98638764287,0.00748005198428,-0.0283978429792,0.0283978429792,6669.34679999,1247.21912892,16000.0,1.68924783292e-18,2.34927738999e-17,14666.6666667
14000.0,407,4,0.73377195385,0.840007081986,2.31638338132,0.00655941164773,-0.0193519774408,0.0193519774408,7443.56890152,829.156197589,16000.0,8.55712621529e-19,2.4369895491e-16,15250.0
13000.0,408,4,0.825309202525,0.804351116059,2.23524561316,0.00747667598261,-0.0285918199082,0.0285918199082,6844.58336395,829.156197589,15000.0,1.00644075106e-18,1.06252127393e-16,14250.0
15000.0,409,3,0.8491290979,0.857686370953,2.35769953646,0.00821495608035,-0.0298331646793,0.0298331646793,7402.47783024,0.0,15000.0,5.72365646124e-19,7.95506063813e-17,15000.0
14000.0,410,3,0.784876069533,0.860261189163,2.36377800628,0.00997972889966,-0.0237825641367,0.0237825641367,6026.39711909,0.0,14000.0,2.04555767769e-18,-1.0806170773e-16,14000.0
14000.0,411,4,0.653349987847,0.768719541002,2.15700253145,0.00892877327156,-0.028648531846,0.028648531846,6391.14155928,829.156197589,16000.0,-2.17168360812e-18,5.82933330352e-18,15250.0
14000.0,412,3,0.780750106954,0.765926862867,2.1509871211,0.00642363483777,-0.0242923583533,0.0242923583533,6893.7078515,471.404520791,15000.0,8.35530281815e-19,-1.62890534394e-16,14333.3333333
15000.0,413,4,0.842210484505,0.837660458185,2.31095407371,0.00937591772366,-0.0319790651241,0.0319790651241,7306.7880896,0.0,15000.0,-6.90150505372e-19,2.36099340847e-17,15000.0
13000.0,414,5,0.813349899693,0.798779755702,2.2228268811,0.00971653499754,-0.0294337903309,0.0294337903309,7390.18346184,1166.19037897,16000.0,-2.62775884673e-20,7.21403962455e-17,14200.0
14000.0,415,5,0.765019443146,0.829447888911,2.29205292303,0.00885975653072,-0.0159240480308,0.0159240480308,7243.95864407,489.897948557,15000.0,-3.89444567814e-18,-5.36343655022e-17,14600.0
14000.0,416,3,0.743010800544,0.780607945624,2.18279888523,0.00976444040675,-0.0295078594126,0.0295078594126,7765.56399929,471.404520791,15000.0,7.04615903452e-19,6.38783007971e-17,14333.3333333
14000.0,417,4,0.712392339596,0.843115493822,2.32359485715,0.00800467296364,-0.0196305513618,0.0196305513618,6968.51373697,0.0,14000.0,2.4677837792e-18,-2.16045749115e-16,14000.0
14000.0,418,5,0.806364024537,0.739054419111,2.09395457464,0.00922501618005,-0.02455058299,0.02455058299,7918.90533479,400.0,15000.0,-7.03580922174e-19,-1.5698213125e-17,14200.0
15000.0,419,4,0.779199127319,0.798367158014,2.22190993705,0.00966862182726,-0.025152390149,0.025152390149,8111.0115744,433.012701892,16000.0,-3.56365787735e-19,-4.05620955927e-17,15750.0
13000.0,420,5,0.772911629133,0.764915979079,2.14881382175,0.00675760438715,-0.0194875634371,0.0194875634371,7695.55233579,1264.91106407,16000.0,-6.02579324434e-19,-9.42642190719e-18,15000.0
15000.0,421,4,0.723119758263,0.706082520323,2.02603872634,0.00717823042261,-0.0239593431917,0.0239593431917,7509.18309617,500.0,16000.0,-6.09076560808e-19,1.21294219421e-16,15500.0
14000.0,422,3,0.821465308007,0.776721733339,2.17433252708,0.00877490394901,-0.0394424235316,0.0394424235316,7539.00967936,471.404520791,15000.0,3.16973495715e-19,3.66373598126e-17,14333.3333333
14000.0,423,4,0.866417925761,0.634644061788,1.88635059769,0.00963423055792,-0.0304694105747,0.0304694105747,7844.85447814,707.106781187,16000.0,7.07441894696e-19,7.40148683083e-17,15000.0
15000.0,424,4,0.91116772063,0.757644274641,2.13324495744,0.00837769938189,-0.0266829848704,0.0266829848704,9087.16416656,500.0,16000.0,-1.09538862018e-18,2.13114108932e-16,15500.0
14000.0,425,4,0.899928561663,0.741705881685,2.09951398386,0.00816063430373,-0.0245801752587,0.0245801752587,8534.52587633,866.025403784,16000.0,3.3243840492e-18,-5.7361522939e-17,14500.0
13000.0,426,3,0.653157788072,0.796325322078,2.21737779002,0.00838309168984,-0.0279393742782,0.0279393742782,7876.75099904,942.809041582,15000.0,-3.66078346755e-18,-4.36244163433e-16,14333.3333333
15000.0,427,4,0.79976825638,0.685056409802,1.98388374287,0.00994406051476,-0.0272003321235,0.0272003321235,8042.86057521,0.0,15000.0,-1.61804723341e-18,-2.66347284472e-16,15000.0
14000.0,428,3,0.849997878359,0.736905337435,2.08945932729,0.00923932452697,-0.0227063606179,0.0227063606179,8506.32467598,942.809041582,16000.0,2.39325917483e-18,-1.60869050507e-16,14666.6666667
15000.0,429,4,0.851013825229,0.825068260692,2.28203653341,0.00919754061076,-0.0323066873809,0.0323066873809,8104.459031,500.0,16000.0,-4.43808577441e-18,-2.40484953108e-17,15500.0
14000.0,430,4,0.887199301974,0.825468658122,2.28295043792,0.00814801908083,-0.029736714321,0.029736714321,8317.073828,707.106781187,16000.0,3.23588425038e-18,1.16715753871e-16,15000.0
14000.0,431,4,0.806836713667,0.77397437528,2.16836705548,0.00777374027463,-0.0303434433244,0.0303434433244,7870.6203482,829.156197589,16000.0,1.97274518382e-19,9.52013487352e-17,15250.0
14000.0,432,4,0.806406140386,0.807965129201,2.24333843515,0.00919124163503,-0.0260272054057,0.0260272054057,6981.77988753,433.012701892,15000.0,3.9151304276e-19,-2.80816003879e-17,14750.0
14000.0,433,3,0.793785292092,0.809212679577,2.24613885934,0.00935483718593,-0.0307606825783,0.0307606825783,8243.88622456,471.404520791,15000.0,-8.06130235986e-19,1.52833061404e-18,14666.6666667
15000.0,434,4,0.883156719964,0.770726758816,2.16133645346,0.00961051195167,-0.0336919192925,0.0336919192925,8760.99492926,433.012701892,16000.0,1.66363428191e-18,4.43093494133e-17,15250.0
15000.0,435,3,0.565115113802,0.859366072871,2.36166309677,0.00737385766217,-0.0288759741258,0.0288759741258,6209.76292228,471.404520791,16000.0,4.90374246374e-18,-7.09551985554e-17,15333.3333333
14000.0,436,3,0.654573812379,0.821722473654,2.27441408381,0.00662726805179,-0.0194434919417,0.0194434919417,7167.70053652,471.404520791,15000.0,-1.12645470321e-18,4.16033509066e-17,14333.3333333
13000.0,437,5,0.85579002186,0.807976782835,2.24336457835,0.00894263188724,-0.0235588339646,0.0235588339646,8886.55285781,1019.80390272,16000.0,-4.63542985613e-19,-1.67815096435e-17,14600.0
13000.0,438,4,0.566727404886,0.824446020205,2.28061699957,0.00931473216514,-0.028658229594,0.028658229594,7700.72744582,1089.72473589,16000.0,3.00958827178e-18,8.64983834627e-17,14750.0
13000.0,439,6,0.709920310625,0.827908876603,2.28852813841,0.00824099188544,-0.0247705724215,0.0247705724215,8876.79289607,897.527467856,16000.0,-3.64581065691e-18,2.97420040666e-17,14833.3333333
15000.0,440,4,0.0918346007242,0.910782026755,2.48626609994,0.00658702863889,-0.0231974949848,0.0231974949848,8562.02566419,500.0,16000.0,-1.33036302896e-19,-3.25136742926e-16,15500.0
14000.0,441,6,0.703183905605,0.845738972445,2.32969876182,0.00663148574229,-0.021287515841,0.021287515841,8825.7774419,897.527467856,16000.0,-2.27967603935e-18,7.91786963299e-17,14833.3333333
14000.0,442,3,0.503628623805,0.880908042399,2.41308989982,0.00978300245908,-0.0296685530745,0.0296685530745,7447.98705289,0.0,14000.0,-1.97838313151e-18,-1.18423789293e-17,14000.0
14000.0,443,4,0.866538205097,0.852682466256,2.3459313008,0.00994258129432,-0.0272265868847,0.0272265868847,8336.67746,829.156197589,16000.0,4.28437844513e-19,-9.00200247965e-17,15250.0
13000.0,444,4,0.854859579784,0.909031479473,2.48191758083,0.00672403708367,-0.0212714295917,0.0212714295917,8581.27844824,1224.74487139,16000.0,-1.56708282403e-18,-2.21512973788e-17,14000.0
12000.0,445,3,0.883381053042,0.900930212111,2.46189212823,0.00914618438685,-0.0312488689596,0.0312488689596,8503.22954146,1414.21356237,15000.0,1.87632016747e-18,8.05416339683e-17,14000.0
14000.0,446,4,0.827031851159,0.885881857187,2.42512206011,0.00656927197595,-0.0225959769005,0.0225959769005,7818.69617727,1000.0,16000.0,-1.00418790796e-18,5.79406529397e-17,15000.0
13000.0,447,4,0.805351230733,0.882325713148,2.41651329283,0.00788815447134,-0.0202717557804,0.0202717557804,8273.98410668,1089.72473589,16000.0,1.06507502822e-18,-2.73855012741e-17,14750.0
13000.0,448,5,0.808862953247,0.830403468987,2.29424420994,0.00879167252326,-0.0231993463314,0.0231993463314,8756.51875059,1166.19037897,16000.0,1.75284630462e-18,-6.82269757629e-17,14800.0
14000.0,449,5,0.916395908966,0.82912000066,2.291301509,0.00687655501534,-0.0314424129264,0.0314424129264,8923.31682943,800.0,16000.0,-1.4485515982e-18,8.66683870911e-17,15400.0
14000.0,450,5,0.661252770053,0.818473172142,2.26703582028,0.00890362810516,-0.0189649937614,0.0189649937614,7479.76422258,632.455532034,16000.0,-3.26454398903e-18,6.3818448296e-18,15000.0
14000.0,451,4,0.695234047541,0.891907813067,2.43977985791,0.00898010659202,-0.0370043110808,0.0370043110808,8195.40545433,707.106781187,16000.0,3.13485885115e-18,-1.84518859368e-17,15000.0
14000.0,452,4,0.817290645002,0.80167885505,2.22928042728,0.00824652047621,-0.0236095883272,0.0236095883272,9062.21859332,707.106781187,16000.0,-2.35894835772e-18,-2.06837527097e-16,15000.0
14000.0,453,3,0.855338047085,0.813709958187,2.25626312033,0.00651081608604,-0.0222392716467,0.0222392716467,7849.94290137,471.404520791,15000.0,-4.36383518374e-18,2.40958786001e-16,14666.6666667
14000.0,454,4,0.776439559204,0.820990511795,2.27274990858,0.00983201163329,-0.032170711949,0.032170711949,9098.96053256,829.156197589,16000.0,3.16371519569e-18,1.92671451822e-16,15250.0
13000.0,455,4,0.799213551196,0.831013280532,2.29564369321,0.00672089116847,-0.01834303994,0.01834303994,7804.71710509,1224.74487139,16000.0,1.03865473682e-18,1.34454579696e-16,15000.0
14000.0,456,3,0.788411227215,0.822932586879,2.27716804834,0.00813562417852,-0.0277625233196,0.0277625233196,8571.44721699,471.404520791,15000.0,-1.46463526693e-18,-8.96965899239e-17,14666.6666667
13000.0,457,5,0.785639501436,0.834711821221,2.30414994548,0.00882833456237,-0.0193450874502,0.0193450874502,8289.42486799,1095.44511501,16000.0,3.84944562104e-19,-3.38300815932e-16,15000.0
13000.0,458,3,0.798450810621,0.816273017085,2.26205347293,0.00873927735538,-0.0302482984126,0.0302482984126,7760.89898577,1247.21912892,16000.0,-1.5170391045e-20,-9.54159645719e-17,14333.3333333
15000.0,459,5,0.82429463732,0.820432443713,2.27148191324,0.00999573061662,-0.0232888194157,0.0232888194157,9313.17407548,400.0,16000.0,-4.01679848876e-18,-1.17437384245e-16,15200.0
14000.0,460,4,-0.377852996537,0.821854658949,2.27471474778,0.00923771488631,-0.020044163459,0.020044163459,7881.22348909,707.106781187,16000.0,2.04134328652e-18,-1.64836606276e-17,15000.0
14000.0,461,3,0.855722705369,0.836661535439,2.30864676172,0.00884922975903,-0.0259819800405,0.0259819800405,8059.09347574,471.404520791,15000.0,1.66717362789e-18,-1.18768044495e-18,14333.3333333
14000.0,462,3,0.926317992859,0.815447314105,2.26018645955,0.00835169781094,-0.0296269512361,0.0296269512361,8568.06585168,471.404520791,15000.0,1.83801591385e-18,8.08627006125e-18,14333.3333333
13000.0,463,5,0.854703385677,0.814629393247,2.25833856172,0.00883530620239,-0.0260997455764,0.0260997455764,8728.18809049,1019.80390272,16000.0,3.57874513337e-18,-1.35944454831e-16,14600.0
12000.0,464,4,0.867372340626,0.821281795989,2.27341202113,0.00862691188612,-0.0287898620414,0.0287898620414,8846.11222318,1658.31239518,16000.0,1.26345330421e-18,-1.00075227608e-16,14500.0
13000.0,465,4,0.892031448273,0.844725945682,2.32733990961,0.00913079885342,-0.0318362188563,0.0318362188563,8519.37392249,829.156197589,15000.0,1.53695093785e-18,3.18833278867e-17,14250.0
13000.0,466,5,0.861940016512,0.81743685209,2.26468766253,0.00657720420814,-0.0235352697259,0.0235352697259,9510.45214107,1095.44511501,16000.0,2.89757313448e-18,1.75389418751e-16,15000.0
13000.0,467,3,0.679718067212,0.844129042532,2.32595112761,0.0066545474117,-0.0250772967717,0.0250772967717,7771.57403266,471.404520791,14000.0,-7.09113966517e-19,4.55191440096e-17,13666.6666667
14000.0,468,4,0.851688426062,0.857886171063,2.35817065215,0.00564080179521,-0.0254381130878,0.0254381130878,9014.14850256,433.012701892,15000.0,-5.0357831989e-19,-5.09933218402e-18,14750.0
13000.0,469,3,0.821253544991,0.83883215141,2.31366338987,0.00662356806536,-0.0222362553435,0.0222362553435,7504.42700441,816.496580928,15000.0,-1.98726387454e-18,-3.8919963051e-17,14000.0
15000.0,470,4,0.849145876984,0.828781227379,2.29052540874,0.00961299379948,-0.0325449793359,0.0325449793359,8744.69043815,433.012701892,16000.0,-3.41201989237e-19,9.57322935862e-17,15250.0
14000.0,471,4,0.622679259344,0.818821502363,2.26782563492,0.00882450837966,-0.0253519634815,0.0253519634815,8713.13431312,500.0,15000.0,-4.52292795692e-19,-2.15477666517e-18,14500.0
13000.0,472,5,0.812600015917,0.830724696018,2.29498130158,0.00936423484761,-0.0289398966723,0.0289398966723,8862.17875097,1264.91106407,16000.0,-6.59966057132e-20,1.97905600072e-16,14000.0
14000.0,473,4,0.881466243245,0.823612828322,2.27871759939,0.00816342919937,-0.0226294487218,0.0226294487218,9148.16131899,433.012701892,15000.0,1.867319042e-18,-2.80639709002e-17,14750.0
14000.0,474,3,0.84757776505,0.80160267604,2.22911060937,0.00892489567627,-0.0318064963145,0.0318064963145,9032.87631646,471.404520791,15000.0,4.18081667549e-18,-1.90400567025e-17,14666.6666667
14000.0,475,6,0.821598157648,0.826669013534,2.28569243519,0.00695245672319,-0.0207156944314,0.0207156944314,9033.6337822,763.762615826,16000.0,9.10199582029e-19,-1.80694890458e-17,14500.0
14000.0,476,3,0.914477093869,0.857735385649,2.35781510122,0.00967776647043,-0.0306539583321,0.0306539583321,8891.16404114,471.404520791,15000.0,2.53592562777e-18,7.43028639049e-17,14333.3333333
14000.0,477,3,0.808078274103,0.835605338123,2.30620966246,0.00994473932157,-0.0350849067024,0.0350849067024,8418.92520968,816.496580928,16000.0,5.62031914547e-18,6.91464145919e-17,15000.0
14000.0,478,4,0.722026519462,0.843295940395,2.32401417971,0.00993176904601,-0.0277014598961,0.0277014598961,8693.51056993,433.012701892,15000.0,2.07115989348e-18,-1.30736543087e-17,14250.0
14000.0,479,4,0.908956252912,0.83625081744,2.30769875364,0.00955949391323,-0.0283335128414,0.0283335128414,9302.04299533,829.156197589,16000.0,2.77892491914e-18,-4.92472470067e-17,14750.0
14000.0,480,4,0.766015647828,0.820595203878,2.2718516501,0.00943958322131,-0.0197738353109,0.0197738353109,7369.8538595,433.012701892,15000.0,-2.3663353364e-19,-5.51352292139e-17,14250.0
14000.0,481,3,0.711076729034,0.8454210463,2.3289582074,0.00678578058737,-0.0215763991175,0.0215763991175,9061.55305628,471.404520791,15000.0,9.90557351072e-21,-8.75915601282e-18,14666.6666667
14000.0,482,3,0.846019310341,0.834902971097,2.30459042556,0.00644837425518,-0.0201371334831,0.0201371334831,8272.86703959,816.496580928,16000.0,-3.69479841712e-18,9.20050851029e-17,15000.0
12000.0,483,3,0.855648678311,0.83894213529,2.31391786954,0.00955064571619,-0.0355288900492,0.0355288900492,8543.60305338,1414.21356237,15000.0,-1.33968560213e-18,1.29312103735e-16,14000.0
14000.0,484,5,0.652999909143,0.780753777847,2.18311723086,0.00927262056138,-0.0283244658987,0.0283244658987,8066.76215862,489.897948557,15000.0,-2.53887946066e-18,6.29769693749e-18,14600.0
14000.0,485,4,0.801129445008,0.792511487112,2.20893718284,0.00720091726178,-0.0169283526609,0.0169283526609,9336.11345078,433.012701892,15000.0,-2.98802355275e-18,1.78499929408e-16,14250.0
14000.0,486,6,0.854003637083,0.786563694165,2.19583787644,0.00838187920052,-0.0269057510992,0.0269057510992,9596.65962749,577.35026919,16000.0,3.07142129882e-18,-2.51163966786e-17,15000.0
14000.0,487,3,0.419964868347,0.797209946936,2.2193402054,0.00908659418399,-0.0313608218758,0.0313608218758,7240.39954364,471.404520791,15000.0,-1.28325316435e-18,2.52030299395e-17,14333.3333333
14000.0,488,4,0.799011658101,0.783941462244,2.19008742308,0.00809353741598,-0.0163145284179,0.0163145284179,9308.59600871,500.0,15000.0,-5.05476723098e-20,-2.82406245099e-17,14500.0
15000.0,489,4,0.780946578837,0.798737558594,2.22273308621,0.00784726732754,-0.0199144819947,0.0199144819947,9300.37740935,0.0,15000.0,-5.60125739933e-18,-7.88995908234e-17,15000.0
14000.0,490,4,0.841770506054,0.769117270587,2.1578606058,0.00978414408551,-0.021532672669,0.021532672669,9321.59787721,829.156197589,16000.0,1.79701180699e-18,-5.33483791054e-17,14750.0
15000.0,491,4,0.816360085058,0.752012757584,2.12126531552,0.00900741403179,-0.0242648128765,0.0242648128765,9420.73796142,0.0,15000.0,-7.00759715501e-19,-2.20383668686e-16,15000.0
14000.0,492,4,0.905114651193,0.776719023806,2.17432663566,0.0093404202441,-0.0119410354468,0.0119410354468,9734.27495006,500.0,15000.0,-3.56584399002e-18,9.70403444376e-17,14500.0
13000.0,493,5,0.824030610891,0.762302618509,2.14320552788,0.00655771306713,-0.0223174704644,0.0223174704644,9271.59637025,748.331477355,15000.0,-4.60894704806e-18,-3.44680118942e-17,14200.0
14000.0,494,5,0.749487190303,0.779766101653,2.18096208241,0.00657184252864,-0.0205690991703,0.0205690991703,8804.43421788,748.331477355,16000.0,1.49573137167e-18,-1.91765795163e-17,15200.0
14000.0,495,5,0.810863255132,0.746027273492,2.10860643827,0.00937895957745,-0.0235515435161,0.0235515435161,9754.05699228,800.0,16000.0,3.31089543649e-18,5.47227723082e-18,14600.0
12000.0,496,4,0.719439310301,0.744921840362,2.10627680272,0.0080875330325,-0.0207077109402,0.0207077109402,8499.08351647,1299.03810568,15000.0,1.04668793455e-18,-5.69754741654e-17,13750.0
14000.0,497,7,0.749928559768,0.7259036528,2.06659774328,0.0088404558264,-0.0241063014113,0.0241063014113,10071.7138427,832.993127835,16000.0,2.21732935889e-18,-5.08169929167e-17,15142.8571429
14000.0,498,6,-0.470534259925,0.745973622208,2.10849331186,0.00956557059693,-0.0270048578882,0.0270048578882,10175.4124719,577.35026919,16000.0,1.69328667423e-18,-1.5463097145e-16,15000.0
13000.0,499,6,0.861954180829,0.71164743646,2.0373448917,0.00928305584831,-0.0286227213333,0.0286227213333,9445.59327836,745.3559925,15000.0,2.27136803385e-18,1.59163778411e-16,14333.3333333
