Perplexity,NumTrajs,LossBefore,Entropy,AverageDiscountedReturn,dLoss,MinReturn,LossAfter,AverageReturn,StdReturn,MaxReturn,Iteration,ExplainedVariance,MeanKLBefore,MeanKL
4.90109392866,3,-2.64001783397e-16,1.58945843095,-39.016226047,0.0204746769081,-7470.0,-0.0204746769081,-576.25,5548.87610617,6117.5,0,5.77315972805e-15,-5.531504502e-18,0.00993229873305
5.27642921384,3,1.61722487254e-16,1.66324958368,891.27795785,0.0170869391803,1186.25,-0.0170869391803,3950.83333333,2005.20373376,5880.0,1,0.0370030187052,-4.98080413136e-18,0.00907075015017
5.22792261255,3,6.94490761196e-16,1.65401399316,645.149507539,0.0361254830216,142.5,-0.0361254830216,4240.41666667,3540.04742396,8780.0,2,-1.69469167209,-1.14568851319e-19,0.00751790040471
5.22764624684,3,-3.8756035418e-16,1.65396112837,267.328267642,0.0234629575361,-1482.5,-0.0234629575361,2009.16666667,3485.10720383,6767.5,3,0.0877633909424,8.89497508846e-18,0.00747860805442
5.27375007294,3,1.56726483643e-16,1.66274169829,302.491144364,0.0301471721474,5.0,-0.0301471721474,3557.08333333,2908.8063727,7130.0,4,0.256094917557,-3.76592519896e-19,0.00869351275977
5.44205148396,3,-2.64834450666e-16,1.6941561008,89.0212311958,0.0250976424589,1342.5,-0.0250976424589,2944.58333333,1821.46013239,5492.5,5,-0.314173017012,-9.10202831662e-19,0.00835512681561
5.37402286652,3,1.18331270708e-16,1.68157676521,177.34003226,0.0363509301312,417.5,-0.0363509301312,3023.75,1889.24450288,4836.25,6,0.165163535195,1.6462923326e-18,0.00902539236949
5.33843241808,3,-2.79776202206e-16,1.67493205521,546.375345789,0.0260737148738,4217.5,-0.0260737148738,5911.25,2051.94902268,8798.75,7,-0.285303656255,-4.96385657782e-18,0.0083754094637
5.44905439,3,-4.41591208045e-16,1.6954420872,366.20987411,0.0255451832724,-7832.5,-0.0255451832724,2557.08333333,7447.5148493,9248.75,8,-0.270331108064,5.89697944119e-18,0.00795920908813
5.2811960332,3,-1.77913239696e-16,1.66415259351,-5.95054300905,0.0304572883074,1080.0,-0.0304572883074,2867.5,2121.95247159,5848.75,9,-1.34404055598,1.91326186887e-18,0.00961539921442
5.44422915481,3,-6.02527287323e-16,1.694556177,819.607532609,0.0235075271884,-1520.0,-0.0235075271884,3557.08333333,4713.44578632,9836.25,10,-0.227469412949,-1.71488789578e-18,0.0081030446666
5.27259762684,3,6.22097136536e-17,1.66252314943,615.116388544,0.0341408905313,-4857.5,-0.0341408905313,1240.41666667,6245.94521247,9823.75,11,0.438873744665,8.96838203385e-19,0.00700702416507
5.31024774466,3,-1.48584848129e-16,1.66963849041,534.4044409,0.0175230757345,-3276.25,-0.0175230757345,3932.08333333,5254.29718315,9098.75,12,0.426968457425,-2.17796980039e-19,0.0067206717178
5.15836331015,3,4.97749989374e-17,1.64061934122,1031.82498496,0.0304452966057,-607.5,-0.0304452966057,6294.58333333,4916.58633409,10473.75,13,0.702843002695,7.34906998335e-18,0.00709030612523
5.10276215375,3,-2.91063469623e-16,1.62978199189,155.672085551,0.0350636770743,-6151.25,-0.0350636770743,300.833333333,4834.67923071,5486.25,14,-0.4802818833,1.93298924547e-18,0.00981680562846
5.18896869101,3,1.48954922471e-16,1.64653496664,300.497972035,0.0338125156948,-2332.5,-0.0338125156948,1313.33333333,2602.6245434,3573.75,15,0.433758926293,2.05258758651e-18,0.00901105553754
5.3606671689,3,-4.76655751906e-16,1.67908843915,1270.73671779,0.0257061273938,4967.5,-0.0257061273938,7511.25,1822.47970953,9142.5,16,0.216209830429,3.76391636895e-18,0.0070529204204
5.38784691785,3,-4.62454149049e-16,1.68414584646,1282.26654632,0.0281781887794,2061.25,-0.0281781887794,6313.33333333,3866.90125905,11417.5,17,0.286706779993,-2.44651058231e-18,0.00777511333386
5.26533375387,3,-1.87997765503e-16,1.66114453463,890.998053733,0.0259865179948,5011.25,-0.0259865179948,7540.41666667,2095.45846548,10142.5,18,0.34416955015,3.31888843413e-18,0.00802871250846
5.34347603862,3,-1.46179364909e-16,1.67587638476,1418.16780248,0.0258765498647,6580.0,-0.0258765498647,7894.58333333,1832.64902001,10486.25,19,0.318584043413,2.36803600127e-18,0.00663975987816
5.11353062991,3,2.61272485128e-16,1.63189009125,-73.7613788945,0.0161175781477,-6645.0,-0.0161175781477,184.166666667,4854.7773221,4211.25,20,0.0544932401139,-6.24983669536e-18,0.00682332906571
4.76907605839,3,3.48795066903e-16,1.56215258769,-136.250633779,0.0278812309422,-8020.0,-0.0278812309422,-84.5833333333,5611.44276729,3948.75,21,0.472737252071,2.50639338539e-18,0.00862193233335
5.21269618417,3,-1.20274161001e-16,1.65109722367,2075.31451504,0.0198698077145,7955.0,-0.0198698077145,10077.9166667,1929.32639728,12623.75,22,-0.00810577931348,-3.66543681108e-18,0.00833504375099
5.25789170773,3,1.94404677541e-16,1.65973013038,1576.37858586,0.0236437437021,5148.75,-0.0236437437021,10040.4166667,3494.89707367,13098.75,23,0.450330477395,2.42734888226e-18,0.00954389682802
4.94401825523,3,1.56356409301e-16,1.59817841255,335.53052583,0.0202430367116,-8020.0,-0.0202430367116,625.833333333,6410.62824643,7311.25,24,-1.39029240886,3.70922013068e-18,0.00792749718693
5.12206665232,3,3.67483821151e-16,1.63355800064,1886.37555158,0.0224005123055,7780.0,-0.0224005123055,10286.25,2980.103291,14473.75,25,0.14453771572,7.13008816117e-18,0.00999942883986
5.13831821803,3,4.07081775696e-18,1.63672583099,609.503888649,0.0322082152073,-6882.5,-0.0322082152073,2136.25,6385.18997694,7036.25,26,0.399408580633,6.45463175036e-18,0.00845990191038
4.89209275605,3,-4.61667741073e-16,1.58762017841,706.639665241,0.017378659109,-4332.5,-0.017378659109,2321.66666667,4758.37346743,6517.5,27,0.0772767851701,1.05594271294e-17,0.00639029137936
5.25034898085,3,1.94289029309e-16,1.65829454694,522.600808597,0.0290171468318,-4376.25,-0.0290171468318,2709.16666667,5702.07001277,9586.25,28,0.186454119132,-3.46803731641e-18,0.00810178363932
4.95173228249,3,1.0926444934e-16,1.59973747142,738.329542154,0.0279762351277,-4851.25,-0.0279762351277,3377.91666667,5819.27770909,7573.75,29,0.617778921734,-3.81480494754e-18,0.00832702289365
4.85822880531,3,8.22258927613e-17,1.58067392814,793.615516362,0.0203098102501,-845.0,-0.0203098102501,4536.25,4039.13473098,8886.25,30,0.363459877773,-1.30170441404e-18,0.00674842046747
4.79097952694,3,-2.47024622979e-16,1.56673488466,53.8082559968,0.0289379335349,-4032.5,-0.0289379335349,-665.833333333,3463.61419097,4098.75,31,0.100903676135,6.69162224685e-18,0.00940086129255
4.99835488831,3,1.68383825401e-16,1.60910883596,1236.94260095,0.0159774578183,2805.0,-0.0159774578183,8248.75,3957.98573035,12098.75,32,0.0610502509169,-6.25446481073e-19,0.00857088340709
4.42006563087,3,2.21304456242e-16,1.48615454459,395.870404997,0.0300667006615,161.25,-0.0300667006615,2819.58333333,2237.96162215,5636.25,33,-0.881211428216,1.04517678304e-18,0.00925362290421
4.54692493018,3,2.77925830498e-16,1.51445116496,-212.099105638,0.0225515421391,-5501.25,-0.0225515421391,-1365.83333333,4957.61286782,5605.0,34,0.146971307886,-2.95317844751e-18,0.00792953271988
4.79494779411,3,-8.22963659025e-18,1.56756282071,876.405851617,0.0256021493318,-132.5,-0.0256021493318,3338.33333333,2558.99319666,5961.25,35,0.324557013238,-7.52381498815e-18,0.00916555228723
4.42803644686,3,2.32765196007e-16,1.48795624581,569.077452356,0.019849780225,536.25,-0.019849780225,2663.33333333,1563.26925508,4248.75,36,0.320966823611,2.07849469062e-17,0.00813848597561
4.30328114069,3,-2.45266769857e-16,1.45937778769,-404.64710805,0.011782920337,-8020.0,-0.011782920337,-4199.16666667,5201.50552458,3155.0,37,-0.419145053224,2.19902109065e-17,0.00848932635352
4.30626153393,3,3.81176571788e-16,1.46007013419,431.058855005,0.0122075505034,548.75,-0.0122075505034,1934.16666667,1811.09380317,4492.5,38,-0.0450031342956,1.37143037199e-17,0.00781244925023
4.19219776905,3,-1.69262751963e-16,1.43322512364,511.266871974,0.0183538953737,1911.25,-0.0183538953737,2352.91666667,320.373046446,2661.25,39,0.699469767686,-1.3687647748e-17,0.00663195767897
4.1496976459,3,1.9808229131e-16,1.42303547518,-3.81111987975,0.013150977521,-4645.0,-0.013150977521,-1332.5,4378.86733833,4855.0,40,0.357555677274,1.15232889536e-17,0.00552828699272
4.22254814736,3,-1.40258175444e-16,1.44043877221,644.713985002,0.0204369710955,-2738.75,-0.0204369710955,1623.75,3355.9803585,5423.75,41,0.657791184908,-4.29731661648e-18,0.00998380213865
4.17138604866,3,-8.56895573017e-16,1.42824836635,419.49694839,0.0207991989061,173.75,-0.0207991989061,2073.75,1728.14477837,4355.0,42,0.467982632534,-4.38174547538e-18,0.00964269069317
4.31554810726,3,-1.17498603439e-16,1.46222434017,683.44228442,0.0260029520045,-4107.5,-0.0260029520045,1900.83333333,4254.73490328,5186.25,43,0.131405462758,-5.35843920028e-19,0.00771987175997
4.2261538768,3,-1.72662809976e-16,1.44129233046,256.674273698,0.0110273285539,-7870.0,-0.0110273285539,-53.3333333333,5540.1031629,4317.5,44,0.410538563308,-1.73629590391e-17,0.00580597794133
4.13307230825,3,-1.86147393795e-16,1.41902103072,503.178001048,0.0201624271717,1198.75,-0.0201624271717,2567.5,1547.03176815,4730.0,45,0.629133967015,3.56066549012e-18,0.00710584871646
4.2326740639,3,-3.6478343494e-17,1.44283395973,338.425358838,0.0195296482021,948.75,-0.0195296482021,2042.5,778.536955877,2698.75,46,0.593385880002,8.76624556597e-18,0.00658576691086
4.04652934152,3,-1.64544304108e-16,1.39785956101,487.108544374,0.0175896308049,-5001.25,-0.0175896308049,1275.83333333,4443.37736756,4667.5,47,-0.840241298975,-1.32712015306e-17,0.00602706473868
4.13471865243,3,-2.0631644541e-16,1.41941928564,576.595748916,0.0398470316539,2473.75,-0.0398470316539,2867.5,372.526565048,3367.5,48,0.709213801434,-1.27113340483e-17,0.00665128116245
4.0395863082,3,5.69821967389e-16,1.39614228777,-135.031195185,0.0105715818046,-8020.0,-0.0105715818046,-649.166666667,5311.93951292,4292.5,49,-0.921655404313,-6.00012686429e-19,0.00821569418351
4.19593216199,3,2.97909844941e-17,1.4341155231,480.769683094,0.0236680885469,2267.5,-0.0236680885469,3136.25,668.155888747,3892.5,50,0.327716626241,-7.19082403154e-18,0.00754606387363
4.14033624006,3,2.90924691744e-16,1.42077700195,806.47274322,0.0177940212305,2386.25,-0.0177940212305,3425.83333333,968.277214381,4717.5,51,0.664309102112,-1.23702275948e-17,0.00687256061961
4.20927335173,3,4.51028103754e-17,1.43729003226,568.007025563,0.0232001598408,1886.25,-0.0232001598408,2375.83333333,529.453662331,3111.25,52,0.922164492206,1.36499730495e-17,0.00759523445861
4.13324046816,3,3.48980104074e-16,1.41906171631,-421.846858708,0.0181008898072,-8020.0,-0.0181008898072,-3951.25,3229.53089344,-120.0,53,0.0327793302596,2.86680672087e-17,0.00604917780997
4.18840651616,3,-2.31666537805e-16,1.43232035519,56.9014133798,0.0206392459927,-8020.0,-0.0206392459927,-590.833333333,5262.42907052,3505.0,54,0.674688022317,-1.16191804592e-18,0.00973062847815
4.10591111538,3,-1.72454643158e-16,1.41242767086,613.885358677,0.0166075569044,2286.25,-0.0166075569044,3727.91666667,1274.80935394,5386.25,55,0.504784778498,7.98373205139e-18,0.00729732687261
3.9921428302,3,8.69674702623e-18,1.38432813692,-247.31776902,0.0154417605381,-8020.0,-0.0154417605381,-4145.0,5480.0775542,3605.0,56,-0.466844018674,1.6714656688e-17,0.00687784169434
4.13227904701,3,3.66373598126e-17,1.41882908214,585.697085143,0.00771421279009,1711.25,-0.00771421279009,2761.25,854.781282941,3805.0,57,-0.232973604705,-1.83168056884e-19,0.0061455174456
4.03453468515,3,-5.74424767012e-17,1.39489097541,685.306452343,0.0163875399649,1311.25,-0.0163875399649,2807.08333333,1197.4401226,4242.5,58,0.763994232481,-2.2810904762e-18,0.00549418788651
3.94440175958,3,7.17481629664e-17,1.37229729757,540.359267942,0.0247737772865,2298.75,-0.0247737772865,2830.0,391.345169469,3230.0,59,0.645199495589,-2.90161609352e-17,0.00824869573453
3.99496507608,3,1.43773881689e-16,1.38503483727,828.308599987,0.0133691151561,3523.75,-0.0133691151561,3763.33333333,334.412316194,4236.25,60,0.866986035409,-3.14930504533e-18,0.00654155994861
4.16743610786,3,-2.41843582198e-16,1.42730100448,965.541244257,0.0321811075511,1692.5,-0.0321811075511,2886.25,1062.65930178,4273.75,61,0.772214865685,-2.01607952632e-17,0.00948144229799
3.61888515157,3,-2.40964655636e-16,1.28616600923,282.123064438,0.0142263661852,-8020.0,-0.0142263661852,-797.083333333,5107.55754713,2867.5,62,-2.10831225411,4.41472208609e-18,0.00933925029325
4.21427876946,3,-7.84557604068e-17,1.43847846636,1098.27598962,0.00925449329241,3067.5,-0.00925449329242,3840.41666667,680.654046161,4723.75,63,0.686641149036,-2.20661143626e-17,0.00646999985478
3.77232002155,3,-2.19107139839e-16,1.32769020252,1049.47035733,0.022754594165,2355.0,-0.022754594165,3659.16666667,1002.4102897,4792.5,64,0.883754490013,1.80172108917e-17,0.00832083273351
3.71700599145,3,5.44471874993e-17,1.31291850322,486.691012284,0.0179836385656,-8020.0,-0.0179836385656,-367.916666667,5413.38121515,3661.25,65,-1.82340567034,1.82421807519e-17,0.00678864574768
4.09809110707,3,-9.91799235332e-17,1.41052128165,966.947333938,0.0201758880354,1086.25,-0.0201758880354,2792.5,1354.16987179,4398.75,66,0.620135592718,3.47148075864e-18,0.00842196151894
3.95250545963,3,-4.53896179901e-16,1.37434967141,526.207003318,0.0156807714403,-8020.0,-0.0156807714403,225.833333333,5864.92117144,5123.75,67,0.347332210601,1.15966273402e-17,0.0072583630226
4.18307652991,3,1.11392376804e-16,1.43104698775,1162.90803816,0.016502373268,2211.25,-0.016502373268,3436.25,938.929465757,4492.5,68,0.692604300203,6.89813705807e-18,0.00874626533886
4.07567433731,3,9.34437712393e-18,1.40503621455,1239.02695403,0.0116545371361,3080.0,-0.0116545371361,3338.33333333,182.954153334,3480.0,69,0.978992505199,1.49550355286e-17,0.00861339618568
3.83603067901,3,-7.55876842599e-17,1.34443815465,381.378745096,0.0176095159398,-8020.0,-0.0176095159398,-172.083333333,5603.61753815,4705.0,70,-0.107910263695,2.50908651085e-17,0.00942851757043
3.79307750778,3,3.66743672468e-16,1.33317769693,306.937327829,0.0132030988845,-8020.0,-0.0132030988845,-1005.41666667,4973.0899111,2942.5,71,0.880958029051,-4.44713744559e-17,0.00750962624348
4.06531124734,3,-3.10862446895e-16,1.40249030768,954.086516908,0.0203219383375,1548.75,-0.0203219383375,2673.75,807.33938031,3405.0,72,0.683189411688,1.42740402686e-17,0.00889997595374
4.04167831336,3,-5.47710025482e-17,1.39666002981,1106.23140858,0.0189153748389,1342.5,-0.0189153748389,3596.66666667,2025.78002809,6255.0,73,0.539346850546,-2.30898181582e-17,0.00764737017784
4.22331607942,3,-1.12849544524e-16,1.44062062028,1264.21951802,0.0200587049134,3080.0,-0.0200587049134,3892.5,1074.79406942,5411.25,74,0.873952679466,3.28003604183e-17,0.00877177778048
3.9577874057,3,9.62193288008e-18,1.37568513318,510.026674086,0.0171252213262,-8020.0,-0.0171252213262,-370.0,5427.97537454,4005.0,75,-1.43975653152,-1.68988530539e-17,0.00943342691612
3.7489490128,3,-1.18423789293e-17,1.32147553745,572.734594154,0.0135641734972,-8020.0,-0.0135641734972,-186.666666667,5549.54562079,4148.75,76,0.91132289515,-1.32319471453e-17,0.00689840821333
4.21345382978,3,1.87997765503e-16,1.43828269848,1245.66948352,0.0124362334257,3092.5,-0.0124362334257,3563.33333333,438.758111669,4148.75,77,0.804744329478,1.4197920573e-17,0.00690778079978
3.8801756965,3,-2.18621417266e-16,1.35588043521,672.167568266,0.0133699375295,-8020.0,-0.0133699375295,546.666666667,6057.80817875,4898.75,78,-0.211510088373,-2.2375623426e-17,0.00917737587525
4.33440257454,3,4.62592926927e-17,1.46658378633,1388.68823141,0.0215700272412,5405.0,-0.0215700272412,5794.58333333,542.13921695,6561.25,79,0.625995511542,8.43320168984e-18,0.0096760378164
3.65540055226,3,2.40178247661e-16,1.29620567742,936.724465353,0.0201121733613,-1032.5,-0.0201121733613,1559.16666667,1919.64442599,3555.0,80,-0.159548548471,5.92410264435e-19,0.00718965718044
4.2448750297,3,9.07607322631e-17,1.44571237992,1059.83947805,0.0213312676463,1686.25,-0.0213312676463,3040.41666667,1348.26599028,4880.0,81,0.745338440974,-1.88349335624e-18,0.00828300539218
4.38249864845,3,-2.51187959321e-16,1.47761902942,1028.78106362,0.0173103189328,2567.5,-0.0173103189328,3855.0,1066.87823423,5180.0,82,0.670970030954,-1.31514492313e-18,0.00696622872802
4.26156975959,3,1.13797860024e-16,1.44963758057,955.725496049,0.0256540223279,1417.5,-0.0256540223279,3371.66666667,1587.13359726,5305.0,83,0.618273495796,1.00098601628e-20,0.00636324464795
4.37060369537,3,-3.44261656219e-16,1.47490114496,1151.42533311,0.0162059306905,1798.75,-0.0162059306905,3121.66666667,944.451082493,3942.5,84,0.789288215569,2.69947728956e-17,0.0065058500667
3.72951847661,3,-2.52575738102e-16,1.31627913058,462.884443657,0.0150343884149,-8020.0,-0.0150343884149,-501.25,5316.60870527,3286.25,85,0.400341572993,2.43076348828e-17,0.00700425807921
3.92735257855,3,-1.53950926081e-16,1.36796555475,323.256928029,0.0224838042622,-8020.0,-0.0224838042622,-1270.0,4918.84397411,3561.25,86,0.859776993118,-6.62158164598e-19,0.00864946580685
4.28236364061,3,8.51170985546e-17,1.45450510964,1230.92491129,0.0158279438689,3311.25,-0.0158279438689,4602.91666667,1427.5774692,6592.5,87,0.451115018931,2.5092964149e-17,0.00670117509482
4.15302716947,3,-2.81580314621e-16,1.42383750676,1247.98405151,0.0211085329797,917.5,-0.0211085329797,3740.41666667,2062.21168018,5786.25,88,0.673928039007,-9.92053328761e-18,0.00868564148897
4.15093649452,3,-5.83607236611e-16,1.42333397012,1252.30093344,0.0149529008636,1348.75,-0.0149529008636,4552.91666667,2265.7109658,6167.5,89,0.487807523888,-5.65820361088e-18,0.00698122420253
3.98293956184,3,-8.05836878707e-17,1.38202013005,747.490160921,0.0156814179197,-8020.0,-0.0156814179197,1392.5,6674.78932252,6717.5,90,-0.316180394776,1.0934773296e-17,0.00759553406295
4.19155787959,3,5.24580379135e-17,1.4330724738,1420.79866702,0.0139506853024,2080.0,-0.0139506853024,4548.75,2154.66427199,7330.0,91,0.466311381511,2.0674749108e-17,0.00642018561542
4.1886453364,3,1.7162197589e-16,1.43237737292,1282.31550165,0.0227274710614,3736.25,-0.0227274710614,4755.0,878.401127997,5880.0,92,0.814758818434,-2.49344649422e-18,0.00901452929925
4.12910327285,3,-3.63829337028e-17,1.41806025818,1416.28717785,0.0212419536229,3542.5,-0.0212419536229,5169.58333333,1196.67870816,6386.25,93,0.823532959542,-9.18116955215e-18,0.00706081012653
4.21709039853,3,-2.74086309204e-16,1.43914541123,1539.39802235,0.0158892961394,3661.25,-0.0158892961394,5490.41666667,1551.74912509,7455.0,94,0.771033790552,2.29464637287e-18,0.00906288388011
3.97901785084,3,5.62397350912e-17,1.3810350177,736.471896473,0.019683387553,-5676.25,-0.019683387553,1438.33333333,5053.83088332,5586.25,95,0.64600446762,1.73526909106e-17,0.00738546791827
4.25568450993,3,2.21304456242e-16,1.44825562099,1407.29471229,0.016093726124,3011.25,-0.016093726124,4844.58333333,1389.48181788,6373.75,96,0.601988885766,-1.52314516612e-17,0.00990930874191
3.84466762037,3,-2.05021185214e-16,1.34668715458,745.373339458,0.0114358894053,-8020.0,-0.0114358894053,1361.25,6672.1806624,6930.0,97,0.324659068028,2.34967144844e-17,0.00552763639358
4.01032126975,3,1.78930944135e-16,1.38887135525,1497.03245938,0.0225167544845,3286.25,-0.0225167544845,5869.58333333,1834.91409124,7373.75,98,0.506808183197,-1.56466674121e-18,0.00866964486851
4.09612879205,3,-1.18339944325e-16,1.41004233062,1738.61567848,0.0162003924218,5361.25,-0.0162003924218,6217.5,942.334755629,7530.0,99,0.886032509443,3.82569170159e-18,0.00706257669049
4.09094067947,3,2.0631644541e-16,1.40877493859,1873.3956621,0.0200803378323,5092.5,-0.0200803378323,7365.41666667,2082.48107568,10123.75,100,0.699637189963,-1.66039699374e-18,0.0075279553898
4.07257996847,3,-2.089069658e-16,1.40427669751,1717.19311399,0.0683698875237,6136.25,-0.0683698875237,6938.33333333,700.30375354,7842.5,101,0.843086451646,6.45475387224e-18,0.00718554110861
3.73589292746,3,2.58126853225e-16,1.31798686028,1003.67907809,0.017045680558,-3326.25,-0.017045680558,2350.83333333,4014.81090429,5267.5,102,0.268565889924,-7.74591016476e-19,0.00650078382887
4.18026492083,3,1.81151390185e-16,1.43037462272,1432.9590612,0.0218823759582,3030.0,-0.0218823759582,4975.83333333,1512.32207402,6717.5,103,0.640248354623,-2.10591769567e-17,0.0093324495054
3.98738009579,3,4.90348502543e-18,1.38313439764,1631.91438004,0.0136808974092,4611.25,-0.0136808974092,6298.75,1195.08542233,7223.75,104,0.849806230972,8.65830366243e-18,0.00774271614546
3.9953817283,3,-2.44989214101e-16,1.38513912617,1411.39551656,0.0166397681564,4498.75,-0.0166397681564,5046.66666667,387.443992368,5323.75,105,0.937282858987,9.22869658548e-18,0.00908534060865
4.02884153115,3,2.46012700951e-16,1.39347887338,1586.35833887,0.0151778334735,3748.75,-0.0151778334735,5023.75,948.902875255,6023.75,106,0.881809568553,6.80530582031e-18,0.00680025509931
3.94425755962,3,-1.45069141884e-16,1.37226073877,1480.85939008,0.0157411883579,4230.0,-0.0157411883579,5182.08333333,925.680117835,6436.25,107,0.826423155162,1.52793125941e-17,0.00902005783799
3.535549117,3,3.8395212935e-17,1.26286862448,743.570512122,0.0163685386839,-8020.0,-0.0163685386839,992.5,6377.50563504,5798.75,108,-0.157303556678,6.43391253783e-18,0.00806666389667
3.8725050127,3,-1.74305014866e-16,1.35390158774,1448.04962823,0.0211077572823,3780.0,-0.0211077572823,5305.0,1230.13380031,6792.5,109,0.577066008503,-9.89687989983e-18,0.00987991846473
3.80462174962,3,-9.52016243616e-17,1.3362165776,1676.83302017,0.0224275994819,5455.0,-0.0224275994819,6144.58333333,858.661951656,7355.0,110,0.910513352602,5.54124767122e-18,0.0096837616344
3.64652351234,3,-6.05487882055e-16,1.29377425134,1455.87097724,0.014281436168,4042.5,-0.014281436168,5355.0,989.054683355,6430.0,111,0.858905300513,-8.60450427573e-19,0.00881407104698
3.77204968105,3,4.0338103228e-17,1.3276185357,1909.988136,0.019701651081,7373.75,-0.019701651081,7961.25,419.20062818,8323.75,112,0.890261641025,3.41961530299e-18,0.00703836723215
3.56763968675,3,3.25665420557e-17,1.27190422496,1750.74918913,0.0193358442399,3623.75,-0.0193358442399,5905.0,1799.96383066,8023.75,113,0.73198764486,1.66825438366e-18,0.00691698841427
3.39733954272,3,-2.12191375581e-16,1.22299263788,1494.24168407,0.016845232135,5286.25,-0.016845232135,5769.58333333,524.636117281,6498.75,114,0.926102006451,-2.01408559293e-18,0.00929491672778
3.80413815256,3,8.79851747015e-17,1.33608946173,1579.97288842,0.0183095908674,5248.75,-0.0183095908674,6196.66666667,679.19861888,6805.0,115,0.939133985557,8.08909956347e-19,0.00804737948158
3.63752611364,3,-3.46944695195e-17,1.29130381148,1596.56334594,0.0190607532181,5055.0,-0.0190607532181,6094.58333333,1127.38558794,7661.25,116,0.84932593005,-6.65041495779e-18,0.00763769414078
3.5613300168,3,3.69334192859e-16,1.27013407532,1326.88752868,0.0200949718873,3617.5,-0.0200949718873,5161.25,1340.60193259,6886.25,117,0.769459764979,-4.72877386506e-18,0.0065341142116
3.65904113558,3,-1.67042305913e-16,1.29720112828,1569.81321981,0.016469689205,4823.75,-0.016469689205,5777.91666667,816.182892426,6817.5,118,0.882715858288,-7.8090286533e-18,0.00765248364232
3.72085464604,3,-1.0806170773e-16,1.31395338546,1509.23971267,0.0231280505333,3942.5,-0.0231280505333,5534.16666667,1219.47449976,6905.0,119,0.729859034618,1.81102107442e-18,0.00854155551299
3.63446853687,3,2.30440666549e-16,1.29046289311,1498.80430729,0.0152646814918,4961.25,-0.0152646814918,5771.66666667,671.253750248,6605.0,120,0.891920040299,4.24135534889e-18,0.00630933846597
3.60380282662,3,1.71251901548e-16,1.28198962865,1571.5598073,0.0147559276459,3548.75,-0.0147559276459,5082.08333333,1084.66264597,5886.25,121,0.861674665484,4.18794620097e-18,0.00934929909473
3.52816886142,3,6.62248034189e-16,1.26077900021,1626.52744502,0.0165318704225,3148.75,-0.0165318704225,5990.41666667,2020.76030796,7673.75,122,0.719885213138,6.96803782782e-18,0.00657051532663
3.60790314378,3,-3.51061772245e-16,1.28312675699,1546.07148241,0.0159401773777,4542.5,-0.0159401773777,5613.33333333,1492.34446891,7723.75,123,0.796743873508,6.59743030282e-18,0.00695081258115
3.5266640262,3,-1.62786450986e-16,1.26035238905,1469.32917864,0.0255604834732,3755.0,-0.0255604834732,6780.0,2253.54466156,9161.25,124,-0.120371960683,-3.08990279544e-18,0.0073430556274
3.37549035239,3,2.05946371068e-16,1.21654060337,573.846379136,0.0173210525353,-8020.0,-0.0173210525353,325.833333333,5925.67096529,5155.0,125,-3.66954343949,-1.91411361638e-17,0.00683817371952
3.34624909868,3,3.87652872765e-16,1.2078400465,295.290844384,0.0166579985816,-8020.0,-0.0166579985816,944.583333333,6345.24168286,5773.75,126,0.822458437758,1.67224566936e-17,0.00929611944857
3.61832725738,3,-1.86887542479e-17,1.28601183545,1941.06584391,0.0220011600171,3561.25,-0.0220011600171,9550.83333333,6064.22297968,17861.25,127,0.0265005949633,-6.69659801397e-18,0.00644566245021
3.71864033528,3,-3.75269838352e-16,1.3133581002,1508.4139114,0.0226597490501,4623.75,-0.0226597490501,6798.75,1791.38563687,9011.25,128,-1.28615588404,6.39046694428e-18,0.00650069819358
3.76785615144,3,1.05193631583e-16,1.32650617962,1909.37243904,0.00999407286245,6705.0,-0.00999407286245,8813.33333333,1795.2580285,11092.5,129,0.442784122663,4.88057372396e-18,0.00694403930767
3.43320456314,3,-1.0521676123e-16,1.23349409998,1525.7493879,0.0224539022734,5098.75,-0.0224539022734,6684.16666667,1406.6650622,8517.5,130,0.694541828698,-9.23408657529e-18,0.00670431106316
3.57980784564,3,2.33158399994e-16,1.27530912457,1620.37944822,0.0171202884324,4811.25,-0.0171202884324,5952.91666667,1488.23802886,8055.0,131,0.753884408163,1.00560037847e-17,0.00746128604641
3.49934937547,3,-2.08166817117e-18,1.25257705849,1452.08700649,0.0299195786909,2755.0,-0.0299195786909,5532.08333333,1967.35289934,7067.5,132,0.62384687811,4.07787718223e-18,0.00939229743829
3.62683112488,3,4.54636328584e-16,1.28835929866,1879.0832349,0.0303141392865,7542.5,-0.0303141392865,10263.3333333,3110.70619885,14617.5,133,0.263543095951,-5.10021667659e-18,0.00941699938071
3.60346451877,3,1.19348975147e-16,1.28189574901,1356.4904664,0.0227903583599,3730.0,-0.0227903583599,5586.25,1313.46194907,6573.75,134,0.299776736406,-9.11667411206e-18,0.00773873852053
3.46068500494,3,3.11232521237e-16,1.24146654778,1844.43420292,0.0285830530091,7711.25,-0.0285830530091,8521.66666667,909.904031875,9792.5,135,0.815490490615,7.19054592697e-18,0.00901936320024
3.70653860095,3,5.82867087928e-17,1.31009844945,2076.65804798,0.0258154560301,5017.5,-0.0258154560301,11898.75,4868.26725249,15530.0,136,0.314990249546,1.17927726242e-17,0.00940207934564
3.41557194064,3,-6.51330841113e-17,1.22834495796,1216.06212719,0.0143969198872,-8020.0,-0.0143969198872,5027.91666667,9751.21030593,15417.5,137,-2.94044202024,2.57661083056e-17,0.0069894659332
3.59947780176,3,-1.24437497343e-16,1.28078877987,1583.68291052,0.0188501190113,7023.75,-0.0188501190113,8090.41666667,1339.83765082,9980.0,138,-4.75117300852,6.03090890255e-18,0.00801518951708
3.88424953977,3,2.34997206879e-16,1.3569297965,1622.4785934,0.0148996188099,6073.75,-0.0148996188099,7063.33333333,703.124228395,7642.5,139,0.848652591262,-2.01073812427e-18,0.0080418181794
3.80746784893,3,-3.44539211975e-16,1.33696436161,2263.31347849,0.0215593879575,12698.75,-0.0215593879575,14288.3333333,2173.31312299,17361.25,140,0.5091911852,4.3585545053e-18,0.00777806225347
3.94477903927,3,-4.63749409244e-16,1.3723929424,2402.37649972,0.0203573129976,8573.75,-0.0203573129976,13227.9166667,5129.41205749,20373.75,141,0.341490221016,-4.77021123764e-18,0.0067767158866
3.90563413083,3,-3.83362323368e-16,1.36242015956,2284.13164147,0.0177504843585,4386.25,-0.0177504843585,12782.0833333,6318.75583855,19630.0,142,0.433954410181,7.48587583601e-20,0.00886461115648
3.78773889032,3,-3.81176571788e-17,1.3317692422,2128.54219309,0.0201057753938,7067.5,-0.0201057753938,12602.9166667,4346.85690247,17686.25,143,-1.19976546141,-1.91433390377e-17,0.00671755509382
3.87047857535,3,3.72294787591e-16,1.35337816228,1906.73154487,0.0257898404146,8523.75,-0.0257898404146,11315.4166667,3352.52677303,16030.0,144,0.122521024667,-2.85914582704e-18,0.00980060643027
3.87555434918,3,1.35817283346e-16,1.35468871043,1153.34307435,0.0207913319767,-8020.0,-0.0207913319767,5321.66666667,9467.94253066,12973.75,145,-0.0652627402908,4.23167529514e-18,0.00992924588148
3.91351531533,3,-1.28785870857e-16,1.36443602772,1975.41638406,0.0268446807847,5092.5,-0.0268446807847,11119.5833333,5712.79706862,18792.5,146,-0.0418110397458,8.13617511308e-18,0.00733974891675
3.53636759066,3,-6.03221176713e-17,1.26310009601,-127.408767518,0.0251112348026,-8020.0,-0.0251112348026,-2490.83333333,7819.42248862,8567.5,147,-0.135026247258,9.74966101371e-18,0.00708677981024
3.78201777186,3,1.00290146558e-16,1.33025766929,1564.32868832,0.0181812356075,7436.25,-0.0181812356075,7713.33333333,215.320336295,7961.25,148,-2.89536734278,-4.93199677554e-17,0.0070859237805
3.93539779998,3,4.12077779307e-16,1.37001196951,1893.26109045,0.0354434736213,7530.0,-0.0354434736213,9861.25,2079.78239046,12580.0,149,0.424549550974,8.53793408502e-18,0.00960521359289
3.87538022473,3,2.49985217711e-16,1.3546437805,1961.10855331,0.018168539187,6217.5,-0.018168539187,11188.3333333,4049.34515453,16136.25,150,0.70234090427,-7.0801796792e-17,0.00784772879017
3.64346848816,3,2.64464376324e-16,1.29293610931,1697.46295673,0.0204408226329,-8020.0,-0.0204408226329,8490.41666667,11769.6625524,18573.75,151,0.0370728006758,1.05470900425e-17,0.00700945936725
3.63017588754,3,1.63110266035e-16,1.28928110097,1206.99290522,0.0222866303039,-8020.0,-0.0222866303039,6338.33333333,10383.0056128,16180.0,152,0.556402052566,7.45546807109e-18,0.0098868743642
3.53869124445,3,8.641235875e-17,1.26375695383,1305.76556204,0.018752357874,4536.25,-0.018752357874,5023.75,515.084944451,5736.25,153,-4.07711469964,5.6646942002e-18,0.00752582435269
3.88249565312,3,6.12935628178e-17,1.35647815643,1947.81466254,0.0150868204862,5930.0,-0.0150868204862,8373.75,2290.09984317,11436.25,154,0.353837114407,6.88809996495e-18,0.00893867314305
3.55485589229,3,5.83792273782e-17,1.26831452581,1725.50126364,0.026217309894,6923.75,-0.026217309894,9238.33333333,2555.12318957,12798.75,155,0.770274672543,1.96110847408e-18,0.00676899553399
3.51053000064,3,-1.2712053632e-16,1.25576702341,1873.07091491,0.013016483586,9792.5,-0.013016483586,12069.5833333,1756.38962474,14067.5,156,0.630992341928,1.39118476675e-18,0.0067954488811
3.2808842755,3,-3.33992093241e-17,1.18811298225,1819.28672653,0.019765224404,5942.5,-0.019765224404,9505.0,3307.48441039,13911.25,157,0.491146183304,1.07049915351e-17,0.00670735699
3.56191909547,3,-1.02843659514e-15,1.27029947138,2994.38500913,0.0186887849114,9123.75,-0.0186887849114,15769.5833333,5105.37230659,21536.25,158,0.428918876247,-2.55771112939e-18,0.00930802970167
3.64620306684,3,-1.46734476421e-16,1.29368637049,2696.62945761,0.0248786271122,16648.75,-0.0248786271122,17509.1666667,928.713454493,18798.75,159,0.417580775512,-4.32407457975e-18,0.00930384665523
3.54884413179,3,4.65090928733e-16,1.26662195379,2874.82310017,0.0168613639607,11780.0,-0.0168613639607,16248.75,3313.63581156,19705.0,160,0.665740376547,-2.55620303243e-18,0.00974690881582
3.46815058751,3,-1.31561428418e-16,1.24362147998,1705.64083439,0.0218222686502,6161.25,-0.0218222686502,11552.9166667,4030.09942668,15848.75,161,-0.436122663319,2.52155548013e-18,0.00660782857585
3.40123407859,3,-2.10526041045e-16,1.22413833006,1197.16110587,0.0189641240987,-8020.0,-0.0189641240987,7161.25,10756.6851791,15592.5,162,-0.380839544045,-2.7192031508e-18,0.00757693541638
3.38683780517,3,-1.1939523444e-16,1.21989668523,2143.76716393,0.0254438307155,11517.5,-0.0254438307155,13273.75,1243.24214925,14223.75,163,-0.0566037424608,-7.83229139889e-18,0.00893711406451
3.4635682075,3,2.81256499572e-17,1.24229933152,2654.7646423,0.019636546588,12667.5,-0.019636546588,15386.25,1928.73690317,16936.25,164,0.855569797639,4.00141416826e-17,0.00656868587668
3.48209509603,3,-7.93809462607e-17,1.24763415172,2788.83330572,0.0170358463058,9467.5,-0.0170358463058,16580.0,5289.34660426,22142.5,165,0.555521748542,1.69101762257e-18,0.00604926779767
3.51396899214,3,2.05391259556e-17,1.25674616563,1937.86869469,0.0160203469765,8480.0,-0.0160203469765,9346.66666667,1164.32801316,10992.5,166,-0.619257377424,5.27362482776e-17,0.00652229974232
3.54170886045,3,-1.6288673573e-16,1.26460933961,2879.00821785,0.0200511641147,14623.75,-0.0200511641147,15652.7166667,1282.87300056,17461.25,167,0.695105351909,1.35658235951e-17,0.00791146815547
3.62122648653,3,2.56091444347e-16,1.28681277689,121.198992299,0.0201346805492,-8020.0,-0.0201346805492,-2174.16666667,8267.25678337,9517.5,168,-0.710434736822,-9.9519776852e-18,0.00847329503968
3.66596152339,3,-2.37680245855e-16,1.29909065383,1523.24364654,0.019520127831,4905.0,-0.019520127831,7534.16666667,3223.35363877,12073.75,169,-3.39698819883,2.34685458198e-17,0.00846096293057
3.63395254929,3,-1.25270164612e-16,1.29032091246,1659.44419287,0.0175241638973,9592.5,-0.0175241638973,10538.3333333,737.700067025,11392.5,170,0.553894038256,-2.51903426279e-17,0.00714327124629
3.68954552482,3,-2.16215934046e-16,1.30550328646,1463.84973992,0.0198731745704,-5782.5,-0.0198731745704,7023.75,9662.34772411,17555.0,171,0.00967658424406,-3.96340747044e-17,0.00574746926884
3.81228171285,3,2.27109997475e-16,1.33822788465,1063.9644575,0.0222562576687,-8020.0,-0.0222562576687,6377.91666667,11023.8523748,18755.0,172,0.244621878404,2.76013589322e-18,0.00698753327898
3.80835160519,3,-2.17048601314e-16,1.33719644596,2733.18634973,0.0122247636254,9592.5,-0.0122247636254,14321.6666667,3361.45946312,17105.0,173,0.00250512272607,-2.8144840152e-17,0.00512005497116
3.76409948875,3,8.00285763584e-17,1.32550865303,2722.24446895,0.0228371745034,9517.5,-0.0228371745034,15894.5833333,4627.31454848,20355.0,174,0.592687102029,1.07678932068e-16,0.00921541971811
3.69838798442,3,9.05756950923e-17,1.30789704483,1828.7808272,0.0172299731482,-3526.25,-0.0172299731482,9382.08333333,9440.03185317,18786.25,175,-0.0644282972369,9.64462342695e-17,0.00955747341534
3.67764613109,3,6.97497615221e-16,1.30227290924,332.605098908,0.0423763704364,-8020.0,-0.0423763704364,917.5,6319.93374174,5442.5,176,-1.30003118398,1.40518259922e-17,0.00916328445363
3.71772802515,3,-4.32246830921e-16,1.31311273578,2528.50824467,0.0158812327275,11267.5,-0.0158812327275,12688.3333333,1009.34866237,13517.5,177,0.277955089099,-1.96555770349e-17,0.00871835925663
3.61557592226,3,2.34534613952e-17,1.28525115752,2524.73969726,0.0117699045585,10786.25,-0.0117699045585,12586.25,1637.86573524,14748.75,178,0.879846894875,-6.43292063939e-17,0.00928852862528
3.61845807432,3,-1.20274161001e-17,1.28604798878,1244.25350098,0.0158155066537,-3582.5,-0.0158155066537,4421.66666667,6061.1152485,11080.0,179,0.115952496918,3.83915979122e-17,0.00780282852376
3.50285510042,3,7.20685085683e-16,1.25357837894,1363.99399098,0.0251358049186,-8020.0,-0.0251358049186,7538.33333333,11229.2242577,18073.75,180,0.323306898726,6.67934998503e-17,0.00738064303111
3.60579737456,3,-1.59663948729e-16,1.28254293201,2191.7336097,0.0213210909803,-3313.75,-0.0213210909803,9609.16666667,9142.11342345,16411.25,181,0.308971182564,-5.22356772143e-18,0.00823220466998
3.54933303146,3,2.91063469623e-16,1.26675970737,3120.71207599,0.0216699781132,11561.25,-0.0216699781132,16830.0,3920.92078365,20961.25,182,0.486581752001,-2.01212435645e-17,0.00927968193718
3.29364179186,3,1.47474625104e-16,1.1919938802,2406.19438267,0.018603581763,9923.75,-0.018603581763,12732.0833333,2306.7232652,15573.75,183,0.364003442808,1.81416640594e-17,0.00782895408133
3.46463145573,3,1.74418857114e-16,1.242606265,1663.36816713,0.0302868528871,-8020.0,-0.0302868528871,6437.8,10279.6879924,14984.65,184,0.23669862028,3.81042930871e-17,0.0071337859122
3.12679080503,3,-2.69328379398e-16,1.14000717666,1969.65596465,0.0290778656935,4480.0,-0.0290778656935,13651.25,6492.25315601,18611.25,185,-0.102432936848,-7.12802881598e-18,0.00958982168682
3.2720852924,3,3.0716170348e-17,1.18542748576,2500.46982076,0.0206301494249,9455.0,-0.0206301494249,12663.3333333,2884.19875018,16448.75,186,-1.62281473988,1.37939865978e-17,0.00791324826151
3.79319886292,3,-5.54186326459e-16,1.33320969026,283.455494297,0.0150757476403,-8020.0,-0.0150757476403,796.666666667,7061.82764745,9267.5,187,0.0336768421156,1.80064795482e-17,0.0093025891951
2.9760864662,3,-2.53870998298e-16,1.09060917105,2414.2333257,0.0236712920157,10523.75,-0.0236712920157,15771.6666667,4767.40870535,22061.25,188,-0.407021217797,-3.75962292533e-18,0.00886371381718
3.08014368474,3,-6.77236045021e-17,1.12497624679,2716.06311671,0.0303449090371,8055.0,-0.0303449090371,15365.4166667,5358.36168344,20748.75,189,0.35848982736,-2.33398455033e-18,0.00855642819039
2.99451583643,3,-1.79580740757e-16,1.09678256121,1987.85878284,0.0276203471056,11173.75,-0.0276203471056,12883.1333333,2208.69933684,16001.9,190,0.495620534371,-8.27026824204e-18,0.00891787072135
2.92057838508,3,2.57895556762e-16,1.07178167375,1653.69625227,0.0260935142562,7973.75,-0.0260935142562,12869.5833333,6747.7491103,22411.25,191,0.429677784372,1.38311495978e-18,0.00670848779001
2.99462265943,3,4.71427592906e-16,1.09681823346,1843.3707045,0.0292560401609,9142.5,-0.0292560401609,12517.6333333,2687.09199115,15717.5,192,0.465373166531,2.09794798401e-18,0.00896873680302
3.41246113915,3,3.55191279655e-16,1.22743377265,3521.43879111,0.0335993382665,13585.5,-0.0335993382665,19052.6666667,4008.9427967,23086.25,193,0.596420016353,-6.01105030903e-18,0.0084669489642
2.93705965859,4,4.28835560175e-16,1.07740896478,3307.58721805,0.0272729263911,7114.9,-0.0272729263911,15701.7875,4963.14402098,18886.25,194,0.0652319028036,-5.85183193684e-18,0.00872842081526
3.24026190685,3,1.69089215721e-16,1.17565416199,3632.0948731,0.0309988834484,15883.4,-0.0309988834484,19520.7166667,2572.64072059,21411.25,195,0.564433895278,5.240831059e-18,0.00900712493246
2.92317303562,3,3.90058355985e-16,1.07266968233,2194.36195831,0.0374813366134,10792.5,-0.0374813366134,14227.9166667,3547.08776283,19111.25,196,-0.56355120315,1.90839361995e-18,0.00916264555778
3.17885405935,4,9.13798951038e-18,1.15652077315,2333.74226872,0.0216575603972,-8020.0,-0.0216575603972,9523.9125,10405.0939002,19142.5,197,0.255653401941,5.05391911192e-18,0.00700615105944
2.8955439924,3,-3.22544484137e-16,1.06317300094,2619.94778076,0.0380468306314,9006.75,-0.0380468306314,14907.6666667,4504.38428244,19936.25,198,0.054748836138,2.95740466626e-18,0.00943709825693
3.20742364086,4,5.69599881389e-17,1.16546801079,2764.89222907,0.0231498619754,7273.4,-0.0231498619754,13477.575,5136.9168683,20214.4,199,0.600810443111,-2.36703296894e-18,0.00639272378792
3.24624420158,3,-3.07901852163e-16,1.1774986978,2926.62061106,0.0301756294191,7892.5,-0.0301756294191,15992.5,5924.70331536,21898.75,200,0.764455623535,6.55948044322e-18,0.00866385213179
2.79135099057,4,-1.88504098153e-16,1.02652570464,3459.6667757,0.027979394827,9174.7,-0.027979394827,17178.675,5140.20934806,22167.5,201,0.479053887267,9.81852331518e-19,0.006785235272
2.80151931763,3,5.11783902294e-16,1.03016188346,3126.74705177,0.0254914900148,16117.5,-0.0254914900148,18075.8333333,2681.59881828,21867.5,202,0.729722992165,2.04132559239e-18,0.00859645222521
2.81982710165,3,9.91470142377e-17,1.0366755716,2145.07215249,0.0231669702605,13473.75,-0.0231669702605,16516.9833333,2428.03691121,19415.95,203,0.704464803707,3.42611533581e-19,0.00725466360354
2.74710840947,4,-2.11501479799e-16,1.01054887101,3738.58180228,0.022196841409,10341.75,-0.022196841409,18775.125,4987.18923374,23192.5,204,0.515841829927,4.04490716912e-18,0.00901559243423
2.79857228948,4,2.42616629462e-16,1.02910939053,2770.0670845,0.021754483529,7568.5,-0.021754483529,14334.1875,6243.95090111,22245.75,205,0.067186789207,1.14690663641e-18,0.00850820312111
2.76766666878,3,5.02081578183e-17,1.01800460737,3930.62799129,0.0264195396655,18437.65,-0.0264195396655,20884.6333333,1744.46010575,22380.0,206,0.795801035086,-6.34250073303e-18,0.00798710953212
2.64364872507,3,2.85725321809e-16,0.972160055776,3067.92587626,0.0285043383546,14180.0,-0.0285043383546,15259.8333333,1066.25896505,16711.25,207,0.748281624721,4.10485608218e-18,0.00980487592355
2.85745175528,3,-4.96269692007e-16,1.049930233,3278.13711629,0.0191401662127,14505.0,-0.0191401662127,19000.8333333,3322.12177013,22430.0,208,0.361912198518,2.54034057584e-18,0.00747721941568
2.73871074529,3,3.23699400617e-16,1.00748727875,3479.79655455,0.0251257718759,8042.5,-0.0251257718759,18042.5,7174.61526262,24530.0,209,0.400857529354,5.31659573916e-18,0.00717807610454
2.6701080702,3,4.99600361081e-17,0.982118947322,4038.38839592,0.0229602513932,21467.5,-0.0229602513932,22309.1666667,686.369019228,23148.75,210,0.936848055548,6.13666390229e-18,0.00938565558937
2.92637399897,3,3.37415280901e-16,1.07376411363,2673.60171627,0.0243520711632,13386.25,-0.0243520711632,16002.9166667,2957.00674482,20136.25,211,0.462548196013,-2.04616905357e-19,0.0099696056762
3.19261781518,3,3.1197266992e-16,1.16084121198,2782.45411558,0.0218578574045,11542.5,-0.0218578574045,14100.8333333,3194.72764445,18605.0,212,0.424873926761,-1.81438731004e-17,0.00832974236637
2.97506251071,3,4.0742129344e-19,1.09026505078,3016.76165981,0.0197066624654,15880.5,-0.0197066624654,16944.75,759.089174603,17598.75,213,0.375018395096,-3.8272425073e-18,0.00890681566612
3.27899268991,3,-7.514359505e-16,1.18753626849,2611.5326935,0.0147316012361,5736.25,-0.0147316012361,10875.8333333,3690.23321493,14230.0,214,0.416418764231,-2.25644062936e-18,0.00718311236871
3.36818749371,3,-2.00580293116e-16,1.21437476398,2464.94895568,0.0237531845513,7323.75,-0.0237531845513,12625.8333333,4851.87982613,19048.75,215,0.48221006713,-7.3908670911e-17,0.00906387927505
3.53982095239,3,-4.18785376747e-16,1.26407614745,2897.27339552,0.0345114218559,9936.25,-0.0345114218559,14638.3333333,5180.508173,21855.0,216,0.327837017068,2.3203267147e-18,0.00846376976569
3.49477476486,3,9.89948863624e-17,1.25126892865,1853.36641836,0.023410961663,5586.25,-0.023410961663,10536.25,4811.70718578,17055.0,217,0.244245725553,-2.48632213026e-18,0.00762076210269
2.97240452475,3,4.90081470972e-17,1.08937122955,1509.30523026,0.0348091288141,-3513.75,-0.0348091288141,6651.05,8858.14187372,18074.4,218,0.322269503037,-7.61750722351e-18,0.00766148312555
2.94866894902,3,-5.44009282066e-17,1.08135386481,2182.40079962,0.0269704291399,8086.25,-0.0269704291399,13777.9166667,5344.16137143,20930.0,219,0.522541138164,-8.96189574578e-18,0.00624036346389
3.50814085568,3,-1.23743607953e-17,1.25508622641,3350.39328299,0.0217738330484,14130.0,-0.0217738330484,17402.9166667,2326.43511563,19330.0,220,0.533774683477,3.55584066127e-17,0.00617926220628
2.39011086723,3,-3.72063491128e-16,0.87133975283,2370.34263773,0.0271983793523,13480.0,-0.0271983793523,15980.0,2766.47056283,19836.25,221,0.624592075244,6.77922422951e-19,0.00996539899631
2.99083866062,3,1.19487753025e-16,1.09555383658,3312.57160708,0.0224395934673,14355.0,-0.0224395934673,18652.9166667,3600.94870794,23167.5,222,0.730618646189,1.04737072533e-17,0.00861484797548
2.47668502455,3,4.08747110233e-16,0.906920982368,1284.22023081,0.0200700061253,867.5,-0.0200700061253,7315.41666667,6649.5307113,16467.5,223,0.0305985089255,2.04422302372e-18,0.00839754769906
2.88334101355,3,-1.88113413735e-16,1.05894969593,2586.54513531,0.0316252124922,7223.75,-0.0316252124922,13425.8333333,4416.01705128,17161.25,224,0.445284533162,7.1873975066e-19,0.0091546394935
2.71012030307,3,5.30316531429e-16,0.996993026185,2858.99437213,0.0204100435138,18061.25,-0.0204100435138,19130.0,1103.22680125,20648.75,225,0.735994441489,-6.09444618588e-19,0.00918099381485
2.65032162819,3,1.63312670175e-16,0.974681001761,2326.71940103,0.0253861404561,11023.75,-0.0253861404561,13130.3166667,2037.52044789,15886.25,226,0.0760431914538,1.61410743708e-18,0.00870500291391
2.96631480845,3,2.90232335811e-16,1.08732037714,2287.73975467,0.0309566957459,7373.75,-0.0309566957459,11799.8833333,3512.08628437,15964.65,227,0.231477335049,-1.23438692425e-18,0.00983401186854
2.46345564809,4,-2.41796061891e-16,0.901565099223,2491.2644821,0.0144873213905,7946.0,-0.0144873213905,12037.125,3476.31584125,16961.25,228,0.418735939313,-6.66106141856e-19,0.00909691080835
2.24184819343,3,-6.75385673314e-17,0.807300612022,2954.20713334,0.0400315623065,12811.25,-0.0400315623065,16915.4166667,2941.46157217,19555.0,229,0.62506023077,1.23672604712e-17,0.00947699036981
2.29732362984,3,-2.53516605072e-16,0.831744806183,2224.70922541,0.0169441959238,10086.25,-0.0169441959238,14092.4166667,2935.07967902,17036.25,230,0.455434347067,1.13146377542e-17,0.00649790126362
2.51251233212,4,-4.827874774e-16,0.921283181681,2311.98486462,0.0267706248502,6322.2,-0.0267706248502,12920.2375,3865.76087843,15855.0,231,0.517304481792,-1.15027432348e-17,0.00968388065754
2.65862854397,3,-2.25722218694e-16,0.97781040486,2849.03813305,0.0238894395026,11880.0,-0.0238894395026,15875.8333333,2826.38394075,17961.25,232,0.597680396527,3.92253327402e-19,0.00921893027825
2.44754589426,3,-3.85802501057e-17,0.895085846733,2118.3016347,0.0324546141193,1673.75,-0.0324546141193,11180.0,6722.596767,16048.75,233,0.253685397143,-2.50434127223e-18,0.00924312793148
2.48720550667,3,-2.04651110873e-16,0.911159793762,2158.38328824,0.042009660298,14280.0,-0.042009660298,16486.25,1838.15889547,18780.0,234,0.441445381872,-1.39385786247e-18,0.0088279029286
2.62228217677,3,9.24176842437e-17,0.964044998457,1885.93064747,0.0247590811782,11623.75,-0.0247590811782,14154.4833333,1874.52524893,16103.45,235,0.539695169852,-2.49833364797e-18,0.00723408705203
2.54331319662,4,-8.06091708241e-17,0.933467639148,3066.71271869,0.0224283460615,10905.0,-0.0224283460615,15519.8,4145.05966649,20517.5,236,0.142337366768,-5.42758047272e-18,0.00678804874834
2.5288814424,4,1.70931198111e-17,0.927777087348,2397.49579343,0.0260587756743,8413.9,-0.0260587756743,14015.275,3861.10114224,19323.75,237,0.123431417675,-1.64768456231e-18,0.00984990229953
2.47762083906,3,-8.43551807926e-17,0.907298760628,3047.38555379,0.0253780226934,10917.5,-0.0253780226934,15540.7333333,3365.1661042,18830.0,238,0.376199290293,-5.87445232441e-18,0.00693997522438
2.47951025681,4,-2.20798097038e-16,0.908061063585,3189.21407563,0.0208163560939,8795.4,-0.0208163560939,15062.7,4488.47162977,19705.0,239,0.306398787073,2.65794507272e-18,0.00689439326521
2.55783306704,3,-1.44328993201e-17,0.939160441854,3451.40713121,0.02295299402,17142.5,-0.02295299402,19782.0833333,1887.83339587,21448.75,240,0.794403174072,-2.92272109749e-19,0.00644810290311
2.65174844618,3,-4.20476257461e-17,0.975219213443,2965.90849882,0.0238081579575,14873.75,-0.0238081579575,15937.15,1100.77301021,17453.45,241,0.636586954204,6.48220946946e-18,0.00858979197174
2.66944725007,3,-3.0533894926e-16,0.981871428533,2811.87230477,0.0383942697006,9476.0,-0.0383942697006,12957.8333333,4550.82620856,19386.25,242,0.225209187642,-3.49097542843e-18,0.00916581632307
2.30718264159,3,-4.62592926927e-17,0.836027144499,3223.01546278,0.0270641631017,16086.25,-0.0270641631017,17238.3333333,857.569441633,18142.5,243,0.840121122127,6.89245445337e-19,0.00928039171243
2.55874796718,3,-2.7457941358e-16,0.939518063535,3040.120802,0.0207371404345,13873.75,-0.0207371404345,18763.75,3460.415588,21375.0,244,0.633006010708,-2.448741286e-18,0.00699191465221
2.72679685922,3,-1.51730480032e-17,1.00312760869,2449.70847734,0.0338055420283,11236.25,-0.0338055420283,14730.0,4088.99373828,20467.5,245,0.237486982901,-2.04452886713e-18,0.00695888093304
2.4214400737,3,4.63148038439e-16,0.88436243496,2864.97569758,0.0233143252887,14930.0,-0.0233143252887,17755.0,1998.10457059,19223.75,246,0.805642806398,-7.68343140084e-18,0.00888658901393
2.65029098783,3,-8.27856302029e-16,0.9746694407,3128.56824861,0.0246267573775,16717.5,-0.0246267573775,18230.0,1535.84768939,20336.25,247,0.908273607318,1.87782113342e-19,0.00713704567802
2.43970746537,3,5.39152056334e-17,0.891878140875,2914.17509306,0.0267265956215,15236.25,-0.0267265956215,17919.5833333,2321.15123496,20898.75,248,0.810238072243,7.95197267736e-18,0.00903375748119
2.41200185684,4,3.70964326498e-16,0.880457048697,3277.69240401,0.0177231312945,9415.4,-0.0177231312945,16702.9125,4570.77825476,21936.25,249,0.650670001925,-2.97179743525e-19,0.00853103003452
2.47931374411,4,5.87875260931e-17,0.9079818058,3186.63341253,0.0195202519201,11198.5,-0.0195202519201,14790.55,2934.9044599,19273.75,250,0.417508128951,-1.67715412694e-19,0.00656769841413
2.29185268711,3,1.53210777398e-16,0.829360524149,4060.61662558,0.0205973118823,21886.25,-0.0205973118823,22098.75,181.644685214,22330.0,251,0.766387464715,3.56743972932e-18,0.00845500195419
2.22707899461,4,-1.31262830529e-16,0.800690858957,3433.09892772,0.0203048556082,12881.75,-0.0203048556082,17741.0375,3785.18754958,23436.25,252,0.634286798314,-6.71038003471e-18,0.00654078161867
2.14420537763,3,6.71498136551e-17,0.762769030426,3085.98694582,0.0203321262085,9305.0,-0.0203321262085,16413.9166667,5176.06879596,21480.0,253,0.568197237179,1.68523299251e-18,0.00714150681102
2.10842401404,3,6.22650079644e-17,0.745940755631,2666.83372645,0.0179086438336,7773.75,-0.0179086438336,14421.6666667,5219.45562429,20523.75,254,-0.149993672229,2.30146213849e-17,0.00885820071994
2.02381502282,3,5.31056680112e-17,0.704984355361,3313.50925615,0.0170004748069,13417.5,-0.0170004748069,18594.5833333,3671.69045044,21530.0,255,0.660247559271,1.14443893366e-17,0.0069788684909
2.1065899748,3,-3.82911295264e-16,0.745070514459,3057.85434803,0.0302862453434,12536.25,-0.0302862453434,17850.8333333,3819.23017076,21342.5,256,0.728504343821,-2.70209069136e-18,0.00950695453116
1.96552131862,3,-2.22229642096e-16,0.675757512232,3247.36051566,0.0168047744012,16467.5,-0.0168047744012,19198.75,1956.61937407,20948.75,257,0.888359772559,-4.10691163131e-18,0.0073976097308
2.11241396398,3,-1.02001740387e-16,0.747831352308,3643.51001758,0.0205618616711,17192.5,-0.0205618616711,19440.4166667,1618.25791534,20936.25,258,0.897396854152,3.35381744237e-19,0.00859814609324
2.09742719253,4,1.1487957279e-16,0.740711447211,3688.55226381,0.017269194137,11662.4,-0.017269194137,17014.0125,3578.34273554,21205.0,259,0.603951741359,-4.85035497782e-18,0.00921224905972
2.00672755702,3,1.61121116449e-16,0.696505314224,2893.93704999,0.0253748988566,9061.25,-0.0253748988566,14000.8333333,4226.93598807,19386.25,260,0.544176238535,-3.96631728483e-18,0.0097174441023
2.13432194215,3,1.53767323307e-16,0.758149004739,3250.20908756,0.0230566084069,17659.65,-0.0230566084069,18973.2166667,1057.33772698,20248.75,261,0.810326849379,5.53155193072e-18,0.00739261716316
2.05238777518,3,1.92191699258e-16,0.719003883716,2666.29230644,0.0300494846406,12053.5,-0.0300494846406,14789.9166667,2741.22364962,18536.25,262,0.366030478536,1.80474760218e-18,0.00697348597613
2.11468012802,3,-5.43084096212e-17,0.748903561353,3512.82771872,0.0197784728904,16923.75,-0.0197784728904,18559.1666667,1884.17431445,21198.75,263,0.848112225005,3.48810651151e-18,0.00851559539417
1.9660960473,3,2.40085729075e-16,0.676049874705,3553.60653291,0.0199522639213,15680.0,-0.0199522639213,19438.3333333,2903.13378333,22748.75,264,0.822481148596,2.59711709305e-18,0.00658841885606
2.15197018904,3,-3.8154664613e-16,0.766383789527,3543.70528502,0.0161363452906,17680.0,-0.0161363452906,19848.75,1549.52109537,21205.0,265,0.89289280762,-3.55520715231e-18,0.00763176964736
1.9984429065,3,-7.36100994973e-17,0.692368330584,3689.68715854,0.0185787186356,14573.75,-0.0185787186356,19936.25,3826.7289121,23248.75,266,0.752843786053,1.93105021588e-18,0.00671353475615
2.06443171714,3,6.83989901754e-16,0.72485499103,2777.11678777,0.0262719631298,8017.5,-0.0262719631298,14650.8333333,5855.88720268,22261.25,267,0.33643246177,5.47996761457e-18,0.00967595492986
2.11444837291,3,3.44909286317e-16,0.748793961886,2647.83639051,0.0206933493397,12030.0,-0.0206933493397,13769.5833333,1989.84618683,16555.0,268,0.75855110708,-1.36447110754e-18,0.00935940192524
2.09488099402,4,-3.37185624297e-16,0.739496746997,3580.81573916,0.0232447880105,6955.25,-0.0232447880105,15457.6875,6099.4808344,24111.25,269,0.465684400566,-2.06319143623e-18,0.00693612765344
2.19713933176,3,2.69044046301e-16,0.787156210492,3732.48285615,0.0213532857413,19355.0,-0.0213532857413,20036.25,855.329493042,21242.5,270,0.939596106264,-5.06917375763e-18,0.00907356425701
2.35830901486,3,1.43169058698e-16,0.857944843087,3106.90802455,0.0284446942947,9505.0,-0.0284446942947,13247.4166667,3901.62498376,18630.0,271,0.397827270887,-4.51036488245e-18,0.00916615810453
2.23890117229,3,1.96694512529e-16,0.805985197426,3086.1356534,0.023058909354,14386.25,-0.023058909354,17411.25,2146.87272562,19148.75,272,0.625932275772,6.56402097246e-18,0.00993097900935
2.33926271004,3,2.96869010855e-17,0.84983579854,2500.42037475,0.025903341749,11661.25,-0.025903341749,15436.25,3865.97066293,20748.75,273,0.594866082339,-2.99937326191e-18,0.00735470048218
2.25801782686,4,2.29535168731e-16,0.814487360675,3449.66207689,0.0202745811274,8998.15,-0.0202745811274,16243.9125,5648.70122388,24442.5,274,0.516843336259,3.18716981452e-18,0.0073565742275
2.21574969861,4,2.12624623406e-16,0.795590810613,3472.58958997,0.0230583155138,8629.7,-0.0230583155138,15554.925,5330.23727351,21867.5,275,0.542310592255,1.8339444574e-18,0.00647640766236
2.24390840305,3,-8.51170985546e-17,0.808219168221,3524.62600165,0.0265119257956,19017.5,-0.0265119257956,19402.9166667,295.73061597,19736.25,276,0.91609503759,-1.2568598014e-17,0.00936656103145
2.23479925406,3,3.6729878398e-17,0.804151404821,2641.73402559,0.0243691885964,9855.0,-0.0243691885964,14859.1666667,4001.1597711,19648.75,277,0.551039058014,1.59495873557e-17,0.00678213945182
2.33342651413,3,2.18713935851e-16,0.847337794219,3714.95072179,0.0192307162234,14323.75,-0.0192307162234,19742.5,4168.11120793,24461.25,278,0.69266357624,1.32831315031e-19,0.00732221070306
2.22262820671,3,-4.29309365835e-16,0.798690372552,3565.58133883,0.0141920632951,13242.5,-0.0141920632951,17825.8333333,3368.5638219,21242.5,279,0.731489597361,4.05737651164e-18,0.00803816843373
2.34488572952,3,-2.28289609439e-17,0.852236671295,2976.18073671,0.0162315299179,13542.5,-0.0162315299179,17069.5833333,4197.0858359,22967.5,280,0.570198209571,1.6832588126e-17,0.00825543195499
2.18714463545,3,8.69582184038e-16,0.782596873686,3496.04742797,0.00944154762631,14592.5,-0.00944154762631,18223.75,2597.96093921,20523.75,281,0.772791329475,-1.76256988139e-17,0.00663794490981
2.29577715471,3,2.10942374679e-17,0.831071415693,3605.0165628,0.0299510092949,18536.25,-0.0299510092949,19384.1666667,1060.86066343,20880.0,282,0.934873571393,-3.31589690575e-18,0.00913642796298
2.325809683,3,-1.89755618626e-16,0.844068229165,2646.0620223,0.026591607523,15236.25,-0.026591607523,16944.5833333,1240.1521804,18142.5,283,0.835501313961,2.35515159042e-18,0.00939135697371
2.20149692095,3,-2.14064876936e-16,0.789137547596,3327.07848898,0.0256373859046,10311.25,-0.0256373859046,17513.3333333,5319.98573907,22998.75,284,0.533688320471,5.00875736369e-19,0.00854713720178
2.25348718293,3,8.04264062756e-16,0.812478875504,2923.27488626,0.0273602833576,14317.5,-0.0273602833575,18392.5,3096.16698516,21817.5,285,0.68728698446,7.58216365095e-18,0.00904053947676
2.34005882233,3,-3.37322762315e-16,0.850176066803,2534.15882099,0.0195738444737,10730.0,-0.0195738444737,13305.0,1965.41052751,15498.75,286,0.70062278014,-6.57434322946e-18,0.00729432345356
2.50796440998,3,-7.3320978918e-18,0.919471432073,1655.66781465,0.0250172380908,6767.5,-0.0250172380908,10707.0833333,4723.46297017,17348.75,287,0.128888015946,-4.76815314234e-18,0.00934549833533
2.38472823804,3,-6.8874946898e-16,0.869085171532,2919.69932738,0.020014475197,12548.75,-0.020014475197,15814.9166667,3404.34859979,20511.25,288,0.406679175258,-7.94792293758e-18,0.00944099442079
2.42648476715,3,3.13638004457e-16,0.886443612137,1611.82199033,0.0291433058001,4680.0,-0.0291433058001,9411.25,3467.29135998,12892.5,289,0.119280367583,-2.3869958444e-18,0.00958754880398
2.39545020469,3,9.58492544593e-17,0.873571190102,2383.96724093,0.0242119071148,11830.0,-0.0242119071148,15611.25,3607.24459133,20467.5,290,0.571754250521,2.87474037621e-18,0.00653796336897
2.40524120065,3,1.50065145495e-16,0.877650189861,3106.9533411,0.025192185308,13923.75,-0.025192185308,18423.75,3226.78003201,21330.0,291,0.790101070127,-7.05379145931e-19,0.00898023846132
2.4089034043,3,1.99655107262e-16,0.879171624988,3675.47678662,0.0201262932638,19498.75,-0.0201262932638,21536.25,1440.81140334,22573.75,292,0.882706893493,-2.96071811926e-19,0.00630829058506
2.43993788239,3,-1.83001761892e-16,0.891972580945,3198.96866309,0.0227456238291,14505.0,-0.0227456238291,18261.25,2842.67607927,21380.0,293,0.780600954447,2.77523770253e-18,0.008170697254
2.50882736954,3,3.44816767731e-16,0.919815460531,2781.49967687,0.0203956699987,13123.75,-0.0203956699987,16219.5833333,2339.98493882,18780.0,294,0.783106787475,-1.97112448885e-17,0.00817589841436
2.40377499371,3,2.36107429904e-16,0.877040415664,3524.22158181,0.0224488288569,19167.5,-0.0224488288569,20486.25,1376.82643847,22386.25,295,0.891135463759,6.54305378459e-18,0.00692636117245
2.39924818511,3,3.6774264002e-17,0.875155432075,3765.99950596,0.0247487321795,18610.9,-0.0247487321795,18898.6333333,267.393721359,19255.0,296,0.861314762146,3.19020658863e-18,0.00802842783836
2.45533394542,3,6.93889390391e-17,0.898262778643,2656.81976907,0.0206242695647,10023.75,-0.0206242695647,16217.5,4736.61216395,21523.75,297,0.457236302617,-1.41026817321e-17,0.0064986530994
2.35756372717,4,1.22892611531e-16,0.857628766835,2891.78360382,0.0228218632215,5740.95,-0.0228218632215,12702.525,5761.03349284,18892.5,298,0.385064472045,1.81463518766e-18,0.00651714806539
2.4539284094,3,-9.87173306063e-17,0.897690172839,3492.23935584,0.0187642679405,9755.0,-0.0187642679405,18286.25,6033.80019487,22705.0,299,0.447528259093,3.10781040244e-19,0.00949078989647
2.40602378586,3,1.70696790036e-17,0.877975503565,3039.2532219,0.0167201516018,15392.5,-0.0167201516018,16932.0833333,1201.23995544,18323.75,300,0.913742414616,-3.63355180439e-18,0.00762582706191
2.23566266849,3,-2.17418675656e-16,0.804537680088,3777.4491127,0.0247730853711,17555.0,-0.0247730853711,19825.8333333,1751.31894741,21817.5,301,0.905174421833,-5.80366226136e-18,0.00978056166637
2.28788073876,4,2.27887884002e-16,0.827625947493,3608.22870899,0.0182633705866,10809.7,-0.0182633705866,18001.2375,4247.9952228,21586.25,302,0.701046307257,3.80817260549e-18,0.00919059212528
2.30523328776,4,2.19504879052e-16,0.835181880766,3611.0919982,0.02171183516,10923.4,-0.02171183516,14225.0,4107.04943162,21048.75,303,0.279119972867,-5.30455560097e-18,0.0065374673108
2.22555262809,4,9.27997968912e-17,0.800005256955,3799.99015078,0.0240870781871,4371.4,-0.0240870781871,17935.6625,7835.28548885,22855.0,304,0.448620475646,-2.74178931678e-18,0.00719440500208
2.32089908944,3,5.80230308245e-16,0.841954649155,3226.64425365,0.0205467325901,17236.25,-0.0205467325901,19921.6666667,2059.98794832,22242.5,305,0.888000102653,-2.98431997438e-18,0.0070960677431
2.29671735896,4,4.34720239178e-17,0.831480868232,3564.41742051,0.0217822557259,6944.5,-0.0217822557259,15052.6875,5693.50993834,21830.0,306,0.372059012606,-2.04562354374e-18,0.00842733687556
2.40063273018,3,7.36447939668e-17,0.875732340185,3523.05869731,0.0223009289046,17773.75,-0.0223009289046,19692.5,2028.48850749,22498.75,307,0.813523428334,-3.82172906783e-18,0.00807026968693
2.3551011572,4,-1.58706111462e-16,0.856583680771,3307.14261214,0.0205846539435,10913.0,-0.0205846539435,15282.0,3313.98774609,18903.0,308,0.569474409183,2.12674219042e-18,0.00663686277848
2.39122530517,3,-2.24635125316e-16,0.871805914554,3231.12025147,0.0262966903114,19748.75,-0.0262966903114,19971.6666667,178.705802617,20186.25,309,0.788739812125,-2.66495498305e-18,0.00681976626165
2.34542777031,3,-4.83872201566e-17,0.852467803304,3689.41011782,0.0214606971211,17730.0,-0.0214606971211,20277.9166667,2061.90858524,22780.0,310,0.888861038953,5.55299258689e-18,0.00655277275055
2.2555935912,5,-1.76558040824e-16,0.813413171663,3328.89375686,0.0201340432512,3733.15,-0.0201340432512,14140.02,7364.57481051,23548.75,311,0.263764923952,-1.33220031706e-18,0.00809274414733
2.25563572988,3,6.72601133365e-17,0.813431853349,3990.14881464,0.0265908222075,12793.5,-0.0265908222075,18703.25,4180.69420571,21811.25,312,0.630835016388,5.87531145467e-18,0.00997286470963
2.32185660752,3,1.31907686094e-17,0.842367127499,3178.01883629,0.0200456549273,16498.4,-0.0200456549273,17269.4666667,622.834603959,18023.75,313,0.816884313763,-6.32943325043e-18,0.00721069815149
2.34275555241,3,6.43929354283e-17,0.851327823058,3594.08942028,0.0202496198947,18842.5,-0.0202496198947,19311.25,339.615284795,19636.25,314,0.955095013738,1.50654624189e-18,0.00692434233819
2.32718915934,3,-2.95961049206e-16,0.844661169945,3394.90543767,0.0282748049292,15948.75,-0.0282748049292,18563.1333333,2020.00134337,20867.5,315,0.774432038135,3.43935628965e-18,0.00655391592432
2.28980099018,3,-2.05576296726e-16,0.82846490994,3810.55320766,0.0078508656135,19498.75,-0.0078508656135,21232.0833333,1225.65175406,22098.75,316,0.912823118933,2.46648282038e-19,0.00602639695182
2.25778165662,3,-1.11635238091e-16,0.814382763362,3753.7685977,0.0143712815331,15592.5,-0.0143712815331,19796.6666667,3203.66137108,23361.25,317,0.813689856498,-6.39643493849e-19,0.00773933985124
2.22547963486,3,4.6814404205e-16,0.799972458616,3076.62556901,0.0208466639949,15117.5,-0.0208466639949,15686.25,486.082340418,16305.0,318,0.877786028797,-9.63568888228e-18,0.00758644724581
2.19415509363,3,3.8129222002e-16,0.785797049251,2423.01191507,0.0240170121442,11805.0,-0.0240170121442,14623.75,2412.92634402,17698.75,319,0.681062718131,-4.64129218064e-18,0.00682208421752
2.17539042163,3,-6.07847105982e-17,0.777208152631,3452.66668709,0.0204082495083,10786.25,-0.0204082495083,18438.3333333,5432.28757191,22855.0,320,0.488379382467,-7.4874496739e-18,0.00821480018671
2.13842363485,4,1.15479402196e-16,0.760068938367,3626.77449803,0.0141144613488,10384.0,-0.0141144613488,16615.375,4281.23233026,21730.0,321,0.594341465721,1.52577868394e-18,0.00757941367155
2.10643150685,3,7.54354227315e-16,0.744995286763,3790.02392622,0.0180802923511,15735.5,-0.0180802923511,19046.4166667,3771.79050283,24323.75,322,0.710916915669,2.3989892029e-18,0.00686668358019
2.10990118196,3,-4.74089527547e-16,0.746641113199,3458.54365552,0.018785399628,14262.4,-0.018785399628,16715.8,1734.82328255,17948.75,323,0.752876670332,9.30448796127e-18,0.00963721981852
2.24371479732,3,2.89028060744e-16,0.808132883912,4211.46658165,0.0169179082064,22773.75,-0.0169179082064,23269.5833333,403.155952731,23761.25,324,0.892972628973,-2.83413665594e-18,0.00901790281441
2.27841564442,4,5.71661976419e-17,0.823480308617,3648.55598259,0.0200236801944,9492.2,-0.0200236801944,15162.8,3998.00378642,20698.75,325,0.459820545525,1.75862268806e-18,0.00654475135088
2.21349704479,4,3.23532240946e-16,0.794573638105,3540.455797,0.0171532090201,7683.75,-0.0171532090201,17184.0625,5648.47244111,22398.75,326,0.567278605959,1.19948616301e-18,0.00736983117293
2.29475849105,3,1.28159973312e-16,0.830627605317,4227.84438353,0.021434529198,21955.0,-0.021434529198,22989.9,758.871406542,23753.45,327,0.900429603932,1.06769051677e-18,0.00814612259084
2.18889491574,4,-1.67747415252e-16,0.783396811786,3667.01287422,0.0220909306786,10129.25,-0.0220909306786,13265.3,3330.84038213,18867.5,328,0.00671422138366,-7.53265224493e-19,0.00897921664835
2.22416435282,3,-1.34896915239e-17,0.799381273309,3733.4864605,0.0191061058025,14955.0,-0.0191061058025,17569.4833333,3526.69338057,22555.0,329,0.505102362165,-1.67035815535e-18,0.00801243294041
2.34494980989,3,2.22507197852e-16,0.852263998636,3812.81408667,0.0206156129411,11355.0,-0.0206156129411,19644.5833333,5873.93681278,24255.0,330,0.595224988712,1.61295053359e-20,0.00900951114854
2.26962297327,3,-7.45699798207e-17,0.81961372663,4011.36506019,0.0197849542096,19305.0,-0.0197849542096,21546.6666667,2031.53737283,24223.75,331,0.82699768993,1.82067030355e-18,0.00650855089086
2.32989030523,3,-4.107767367e-16,0.845821187168,4239.3974035,0.0257843406957,12911.25,-0.0257843406957,20807.0833333,5606.00806179,25373.75,332,0.607856172984,-1.14461536562e-18,0.00694594744144
2.27754557017,3,1.78083436581e-17,0.823098358808,3254.23046686,0.0223907411731,11526.4,-0.0223907411731,15072.55,4213.3088448,20992.5,333,0.374253341076,-2.80001079589e-18,0.00723998517836
2.27271361158,4,-4.79923497677e-17,0.820974541147,3218.44875472,0.0204757999958,10523.4,-0.0204757999958,15970.5375,3542.16318412,20211.25,334,0.636113221475,-6.99998125827e-18,0.00836026781643
2.20092820364,3,-7.77156117238e-18,0.788879182128,4183.40020086,0.0189620744774,20355.0,-0.0189620744774,22286.25,1391.63235986,23580.0,335,0.896987879538,4.27332467197e-18,0.00564900808156
2.23633627764,3,-7.68190208464e-16,0.804838936488,3529.9861013,0.0201763526031,11379.4,-0.0201763526031,15298.55,3014.56185954,18711.25,336,0.61142551519,3.74428806188e-19,0.00892922287421
2.21323276567,3,-3.94869322425e-16,0.79445423659,3746.75560502,0.0139293189726,17473.75,-0.0139293189726,18190.4166667,589.454491222,18917.5,337,0.935459038816,3.34441743157e-18,0.00892548392632
2.1605562484,3,1.05286150169e-16,0.770365710949,3856.20590286,0.0169075541056,15855.0,-0.0169075541056,19073.75,3142.11562884,23336.25,338,0.837675800733,-3.96625222251e-18,0.0085934790042
2.19705004516,3,-1.58816825431e-16,0.787115572007,3444.50253415,0.0210801429975,11842.5,-0.0210801429975,17173.75,4576.54516257,23017.5,339,0.62825801537,-9.18445662972e-18,0.00694775074216
2.21744786419,4,-9.98638787154e-17,0.796356923849,3265.12595011,0.0157211274839,9267.5,-0.0157211274839,13381.2875,3583.0216348,17461.25,340,0.58892528219,1.6433286483e-18,0.00867005625492
2.21582172967,3,2.90138283769e-16,0.795623318749,4142.60969583,0.0239444274901,19992.5,-0.0239444274901,21090.4166667,1396.61358789,23061.25,341,0.833243490497,-3.65953824439e-18,0.0071535679935
2.25526886208,3,-1.44061556665e-16,0.813269195153,3708.97152172,0.0213786482009,16442.5,-0.0213786482009,19113.3333333,2134.69195019,21667.5,342,0.868646965838,6.03410681542e-18,0.00656730198019
2.25201271526,3,-3.35324939112e-16,0.811824356471,3643.67868799,0.0216958303806,11980.0,-0.0216958303806,17421.6666667,4765.72597798,23586.25,343,0.612250565997,-8.10245234532e-18,0.00704291957963
2.29145214379,3,-5.31056680112e-16,0.82918574052,4541.84347771,0.0198078843448,22455.0,-0.0198078843448,23057.0833333,739.551055634,24098.75,344,0.931251550056,-2.33026883159e-18,0.00689997903137
2.23574342646,3,-1.27723825302e-16,0.804573802047,3907.90745868,0.0142247136938,13817.2,-0.0142247136938,17696.5666667,2762.50059437,20036.25,345,0.716786543194,8.64647631913e-18,0.00783757109392
2.27118519472,3,9.43689570931e-17,0.820301807451,3959.44018038,0.017648431279,12542.5,-0.017648431279,18950.8333333,4759.05478331,23936.25,346,0.658812885831,-2.58358938209e-18,0.00836592625712
2.30022929444,3,-4.57041811804e-17,0.833008811202,4255.86059613,0.0198898194686,19523.75,-0.0198898194686,21713.3333333,1562.00269864,23061.25,347,0.922493372805,-3.46743463565e-18,0.00922158581197
2.28959559163,3,2.44989214101e-16,0.828375204431,3429.85561801,0.0174069033795,13567.5,-0.0174069033795,16292.5,2011.30269767,18361.25,348,0.856285126197,-5.16498589438e-18,0.00922652575937
2.28818035444,3,1.69123974085e-16,0.827756896653,3589.66689127,0.0225865947339,14630.0,-0.0225865947339,19475.8333333,3720.41221021,23673.75,349,0.704235425608,1.91186315234e-18,0.009127118172
2.3123108722,3,-1.84389540673e-16,0.838247402064,3198.8941158,0.0196821487598,16936.25,-0.0196821487598,19025.8333333,1841.89054069,21417.5,350,0.798188732349,6.6444795617e-18,0.00636559219313
2.30354080646,3,-2.72281924942e-16,0.834447420217,3350.03080556,0.0232240263492,12921.9,-0.0232240263492,15039.8,1865.57078978,17461.25,351,0.542298004548,2.24385348672e-18,0.0098658199352
2.14456331432,4,-1.55987152503e-16,0.762935948587,3343.04581948,0.0223186984483,7850.15,-0.0223186984483,15094.4125,4282.95523024,18886.25,352,0.69804351863,-4.71631429966e-19,0.00822049357318
2.31541962692,4,5.49272623378e-17,0.83959093544,3172.97979345,0.0222618566887,10050.15,-0.0222618566887,13675.475,2660.94137161,16830.0,353,0.643276261484,-3.70589653459e-18,0.00911564978278
2.30327704326,3,-4.4168372663e-16,0.834332910287,3335.1514469,0.019919431479,12692.5,-0.019919431479,17071.6666667,3812.99973956,21986.25,354,0.591825956288,-4.26986341398e-19,0.0080387818488
2.38612888237,3,-2.38394715167e-16,0.869672338297,3085.54659915,0.0185962213819,10823.75,-0.0185962213819,13992.9666667,3597.13523431,19023.75,355,0.532362593579,-2.80095943821e-20,0.00779823998049
2.31548745855,3,-1.56541446472e-16,0.83962023062,3230.49614955,0.0269393615171,8342.5,-0.0269393615171,18698.75,7323.13507261,23936.25,356,0.373797451003,-3.66736187691e-18,0.00842643658264
2.35402464445,3,1.44884104714e-16,0.856126477965,2849.13202441,0.0195316618199,10430.0,-0.0195316618199,12913.3333333,3511.96367989,17880.0,357,0.376621875807,4.24570039771e-18,0.0076134790909
2.24237024295,4,-1.29605776941e-16,0.807533450601,3059.23753925,0.0254979210661,4909.7,-0.0254979210661,15029.6125,6419.82484773,21217.5,358,0.463232071917,2.5096116905e-18,0.00660977211127
2.27514433174,3,5.05521550546e-16,0.822043492915,3933.19241997,0.0222646916371,16761.25,-0.0222646916371,19232.0833333,2127.81880037,21955.0,359,0.796221016869,4.95761195398e-18,0.00855162857325
2.23761390708,3,-5.17282975713e-16,0.805410078064,3393.6724054,0.0177792098027,13673.75,-0.0177792098027,16998.75,3127.01601638,21186.25,360,0.677401688994,6.41516489203e-19,0.0081182902453
2.13535637736,3,-2.56218657402e-16,0.75863355423,3536.3679604,0.017084933479,15730.0,-0.017084933479,16348.75,444.614767711,16755.0,361,0.960090310977,-3.55522208893e-18,0.00713800933028
2.03572516144,3,3.53837329807e-16,0.710852100105,2194.21142066,0.0201620275223,-8020.0,-0.0201620275223,10567.5,13180.9640201,21080.0,362,0.0966092309842,-1.13950130746e-17,0.00851647439704
2.16150217178,3,1.89431803577e-17,0.770803429879,4213.1063335,0.0154547210757,21023.75,-0.0154547210757,21725.8333333,692.112055394,22667.5,363,0.0620117894819,-2.81100728737e-18,0.00786099851624
2.13442735907,3,-2.60994929372e-16,0.758198394812,4202.40944036,0.0207575537758,18942.5,-0.0207575537758,20619.5833333,1479.93817908,22542.5,364,0.937554879647,-9.33314614754e-18,0.00680642272683
2.24818616224,3,-2.11960079118e-16,0.810123740987,3070.0599977,0.0172415590438,13123.75,-0.0172415590438,15586.25,1963.9392281,17930.0,365,0.762001668703,-1.85873919923e-18,0.00680060970971
2.24960106671,3,2.21304456242e-16,0.810752896811,3210.45542827,0.0213674720939,15155.0,-0.0213674720939,19332.0833333,4326.46390607,25292.5,366,0.668118856292,7.96451894842e-18,0.00691592242515
2.24074360569,4,-2.91069706831e-17,0.806807777602,3932.72937614,0.0202215338323,6407.0,-0.0202215338323,18102.375,6821.24676219,23411.25,367,0.637537388413,6.10605480713e-18,0.00984598332927
2.37881094225,3,7.00677438775e-18,0.866600758744,4232.14509046,0.0215894794294,17648.75,-0.0215894794294,20164.1666667,1797.09439482,21736.25,368,0.83511787265,2.95931884922e-18,0.00943968825363
2.41768810326,3,3.25572901971e-16,0.882811754319,4275.43633181,0.0244234398534,17330.0,-0.0244234398534,20361.25,3080.26733824,24586.25,369,0.806420406137,3.66197745395e-18,0.00890659121671
2.34223951083,3,-2.28664333351e-16,0.851107527593,3838.16376,0.0167845006465,12967.5,-0.0167845006465,19447.0833333,4590.31479646,23030.0,370,0.663521296481,-2.54338642997e-18,0.00870804415736
2.32905575551,3,-1.00752739485e-16,0.845462930294,3879.51756505,0.0143441861419,17105.0,-0.0143441861419,19988.3333333,2133.25805531,22198.75,371,0.883961985049,-2.52846354804e-18,0.00696676193311
2.30505987327,3,-2.24080013804e-16,0.835106651498,3287.7691983,0.0205849417869,11323.75,-0.0205849417869,16442.5,3802.69572694,20430.0,372,0.62594403372,-1.99418479592e-18,0.00973573066189
2.19063047699,3,-6.92039018683e-17,0.784189391433,3709.32332469,0.0262856717029,18155.0,-0.0262856717029,19615.4166667,1387.18402308,21480.0,373,0.881095532643,-1.83961332091e-17,0.00779950381971
2.32854255373,3,8.22490224076e-17,0.845242558441,2445.86677218,0.0290671213881,12086.25,-0.0290671213881,12988.3333333,805.843459088,14042.5,374,-0.342629459564,-6.29894512742e-19,0.00940704733219
2.40179795757,3,1.49139959641e-16,0.876217605868,3964.36982826,0.0235362235315,19298.75,-0.0235362235315,20738.3333333,1153.93725157,22123.75,375,0.612775451091,-2.54716255871e-18,0.00967325288765
2.45121470692,3,-3.76643161104e-16,0.896583700433,2782.50776238,0.0281514171191,10961.25,-0.0281514171191,17046.6666667,4417.17862599,21311.25,376,0.404243659209,1.0290160457e-17,0.00767858333945
2.38646912455,3,5.11488999303e-16,0.869814919835,3671.37892447,0.0214220168495,15680.0,-0.0214220168495,19140.4166667,2465.65118455,21242.5,377,0.758465976584,3.80399506102e-18,0.0065607653895
2.51209534227,3,7.60502771868e-17,0.92111720261,4090.07462858,0.0275302209446,18286.25,-0.0275302209446,21469.5833333,2322.38502885,23761.25,378,0.86835489116,-5.13746324723e-18,0.0095927543694
2.56080701862,4,-1.97260582963e-16,0.940322450463,3558.63085718,0.0174296429795,6090.95,-0.0174296429795,16390.55,6224.77258631,22542.5,379,0.572552352472,1.54608389324e-18,0.00980655904323
2.61730496209,3,-1.79835182385e-16,0.962145147935,3250.07004152,0.0253862502886,10232.0,-0.0253862502886,16361.9166667,4896.90355537,22217.5,380,0.550669325388,1.80221323877e-18,0.00705788385993
2.60341030856,3,3.0943716058e-16,0.956822242697,3787.0161432,0.019287640031,17970.5,-0.019287640031,20728.9166667,2039.08687012,22836.25,381,0.856616398203,2.88419924376e-18,0.00655929432838
2.57338880134,4,-2.56029809378e-17,0.94522363006,3814.46516531,0.0209404923749,9228.75,-0.0209404923749,17917.1875,5745.41769689,23480.0,382,0.531808132593,-1.74589481096e-18,0.00678974860651
2.5726327309,3,-1.3692750637e-16,0.944929783467,3891.10456225,0.0384457218102,19130.0,-0.0384457218102,20650.8333333,1424.2810077,22555.0,383,0.899827345182,-8.07348190886e-19,0.00979016040893
2.63244365357,3,7.61821802582e-17,0.967912560645,3916.92746375,0.0236848944881,19448.9,-0.0236848944881,19863.3833333,444.548621888,20480.0,384,0.950173370698,-8.43219054322e-19,0.0084474826189
2.60585155876,3,2.88704245695e-16,0.957759515747,3437.57064781,0.0251151639731,19380.0,-0.0251151639731,19757.0833333,314.010239571,20148.75,385,0.899158616466,-3.75569432938e-19,0.00917796452033
2.65770611544,4,-1.79293364545e-16,0.97746338813,3860.77948775,0.0185232463666,8444.4,-0.0185232463666,17896.1,5958.17245775,24686.25,386,0.549476492323,1.10331229781e-18,0.00801038710441
2.63886393658,3,-6.78161230875e-17,0.97034849749,3654.87265575,0.0216177228141,17998.75,-0.0216177228141,20182.0833333,1651.62745917,21992.5,387,0.884872691081,3.19286189488e-19,0.00909745561779
2.60375402274,3,-2.38420394538e-16,0.95695425857,4195.30139925,0.0261973519893,16505.0,-0.0261973519893,20696.6666667,2968.73611108,22998.75,388,0.771125823744,-1.38117743389e-18,0.00897283520607
2.51087187146,4,3.32979281261e-18,0.920630051977,3983.80182464,0.0194173938384,8113.5,-0.0194173938384,17107.725,5290.91416505,21067.5,389,0.563544308315,3.66432884217e-18,0.00644243011757
2.52820339148,3,4.11892742136e-16,0.927508928538,3499.99750142,0.0210030573847,17336.25,-0.0210030573847,19171.6666667,1828.85105478,21667.5,390,0.743179949362,1.2852301423e-18,0.00671277014966
2.55051560119,3,1.589980033e-16,0.936295535275,3272.45498012,0.0250154519142,14514.75,-0.0250154519142,17502.0,2680.88610196,21017.5,391,0.713997290467,-3.80524403206e-19,0.00817432009119
2.55463014497,3,2.47579734491e-16,0.937907455828,3640.74345221,0.0272695461493,18298.75,-0.0272695461493,20507.0833333,1662.83935551,22311.25,392,0.913763092179,-1.55170554194e-18,0.00865871980905
2.51443835207,3,3.09937261041e-18,0.922049459356,3824.54042765,0.0213962962123,18923.75,-0.0213962962123,20284.1666667,1682.51062817,22655.0,393,0.916410856321,2.54432331862e-18,0.00807374864153
2.56206002296,3,-2.00534033823e-16,0.940811631365,4194.68722556,0.0215784735391,16041.25,-0.0215784735391,19642.0833333,2708.53306956,22573.75,394,0.767668425527,6.87742699707e-19,0.00976809124592
2.59111254932,3,-3.25480383386e-16,0.952087339201,4349.20053306,0.0211740723641,17423.75,-0.0211740723641,20613.3333333,2382.55559863,23148.75,395,0.882892392254,-1.27546317184e-18,0.0067755362647
2.61314406509,3,1.07414077632e-16,0.960554118999,3462.6892351,0.0140512820852,18036.25,-0.0140512820852,20071.6666667,2001.30382848,22792.5,396,0.793483090098,2.13848130878e-18,0.00600351788276
2.57394104941,3,2.41936100783e-16,0.945438206586,3770.91055328,0.0266586942621,17861.25,-0.0266586942621,19688.3333333,1446.53261188,21398.75,397,0.876020323511,6.24858867323e-20,0.00858129342426
2.48614785735,3,2.01505478969e-16,0.910734467324,3648.15106619,0.026894696425,17936.25,-0.026894696425,19348.75,1239.9911794,20955.0,398,0.900143060995,4.78663039245e-19,0.00853977257378
2.66294633129,3,-5.48823689603e-16,0.97943315315,4618.32276293,0.0175959989264,20436.25,-0.0175959989264,22993.8,1957.50528011,25190.15,399,0.840561348224,2.04010178556e-18,0.00765708845709
2.54531569353,3,-2.01227923213e-16,0.93425468692,3358.546472,0.0234655294778,15880.0,-0.0234655294778,18925.8333333,2613.16943842,22261.25,400,0.711554632113,-2.03906320087e-18,0.00695242627254
2.53246465961,3,1.30451205393e-16,0.929193002298,4099.45002397,0.0223588400194,18417.5,-0.0223588400194,20880.0,1759.1131762,22417.5,401,0.89050189128,2.19701558342e-18,0.00817870068198
2.63299353469,3,-4.60077577887e-17,0.968121425019,4314.63664341,0.0215940837157,16967.5,-0.0215940837157,20746.6666667,2672.35233715,22661.25,402,0.77880850965,9.95813065933e-19,0.0069895265203
2.67115384943,3,-1.78439465315e-16,0.982510532407,4016.64890848,0.0214084228995,17446.0,-0.0214084228995,19804.0833333,1758.5575331,21667.5,403,0.785033614509,-2.72949370463e-18,0.00905283694324
2.66048586921,3,1.80411241502e-16,0.978508763712,4109.58110076,0.0300706829431,17405.0,-0.0300706829431,20352.9166667,2841.81176316,24192.5,404,0.81645681769,-2.16899452906e-19,0.00898587595244
2.6298638917,3,1.4294121442e-16,0.966932092646,3941.98344621,0.0311502265755,19098.75,-0.0311502265755,20998.75,1398.36213717,22423.75,405,0.940906152989,3.5572276799e-18,0.00964874791027
2.60998813205,3,1.80503760087e-16,0.959345674217,3606.41511915,0.0316047180642,17936.25,-0.0316047180642,18836.25,1075.92014883,20348.75,406,0.864599032817,3.94827226414e-18,0.00973102983355
2.70085799181,3,-3.00911719982e-17,0.993569497275,3823.97968811,0.0272305233614,11968.45,-0.0272305233614,17582.4,4279.91248684,22348.75,407,0.619391243697,3.74063806661e-18,0.00896918000431
2.71918951705,5,4.15881589029e-17,1.00033386423,3239.63153097,0.0297709029011,6303.15,-0.0297709029011,11882.31,5040.17978255,19692.5,408,0.224796361662,6.07159929188e-18,0.00969275236889
2.74905123324,3,1.50250182666e-16,1.01125584606,3120.04324976,0.0278628992696,16142.5,-0.0278628992696,17884.1666667,2012.88384883,20705.0,409,0.599892358216,-2.97636163193e-18,0.00937531541456
2.71313923466,3,2.01910247781e-16,0.998106353649,3362.56221544,0.0278339432389,11842.5,-0.0278339432389,17863.3333333,4545.35114308,22823.75,410,0.514729924526,-2.25298560304e-18,0.00961981877408
2.72227573159,3,-3.77845902714e-16,1.00146819652,3654.12091953,0.0220700778259,16855.0,-0.0220700778259,19696.6666667,2152.0480394,22061.25,411,0.758699894209,4.18945137085e-19,0.00643923281479
2.58193701106,3,7.66053886991e-17,0.948539896719,4551.25115654,0.0286293306018,21348.75,-0.0286293306018,22859.1666667,1570.00143754,25023.75,412,0.854596865508,1.01105431976e-18,0.00741227986555
2.66933367749,3,-4.9595165937e-16,0.981828882275,4164.01323503,0.0278337859549,19873.75,-0.0278337859549,21142.5,908.05137061,21948.75,413,0.967671012229,-1.31457793776e-18,0.00936253099718
2.56554292344,3,-9.06913433241e-17,0.942170122282,3472.59596476,0.0258256956133,13730.0,-0.0258256956133,18636.25,3676.54091844,22580.0,414,0.731237958153,-1.92335000149e-18,0.00899954282349
2.63558453963,3,3.30753942753e-17,0.969104994064,3128.89006497,0.0342273463215,11405.0,-0.0342273463215,15748.75,4124.77587775,21292.5,415,0.551448195237,2.16456880462e-18,0.00951577487606
2.67299150789,3,1.25825276124e-16,0.983198260154,4012.22447478,0.0218285020079,19436.25,-0.0218285020079,20269.5833333,810.322938025,21367.5,416,0.874969212277,4.95883117641e-19,0.00936674693482
2.63752656733,3,1.15317484585e-16,0.969841571674,3694.84741861,0.0246700363734,12509.4,-0.0246700363734,17639.8,3861.01063475,21823.75,417,0.609098117508,-2.13490321458e-18,0.00984816018929
2.72367713465,3,-5.64733445193e-16,1.00198285507,3804.80917833,0.030106310235,18086.25,-0.030106310235,19530.0,1274.45862689,21186.25,418,0.932614072557,2.74720352584e-18,0.00940367097439
2.72034172859,3,-6.84637531852e-18,1.00075750793,4110.47782536,0.0243343272959,20517.5,-0.0243343272959,21755.0,985.890037817,22930.0,419,0.932141145749,-1.14225055999e-18,0.00719123197207
2.73963372369,3,-3.46019509342e-17,1.00782423398,4485.75877113,0.0219463884083,21942.5,-0.0219463884083,22750.8333333,1056.00136784,24242.5,420,0.934583728146,2.87111865058e-18,0.00750107761725
2.75151998109,3,-4.54728847169e-16,1.01215347938,4285.9000917,0.0285349584954,20692.5,-0.0285349584954,21444.5833333,775.106399506,22511.25,421,0.964029699699,4.18056263078e-18,0.00949963913957
2.73244064533,3,-1.25640238953e-16,1.00519521909,4584.20594233,0.0268481605937,21780.0,-0.0268481605937,22273.75,628.88376642,23161.25,422,0.974918658804,1.19054603015e-18,0.00925059078517
2.74216173613,3,-3.36092787782e-16,1.00874656413,3950.81163877,0.0287908459832,9455.5,-0.0287908459832,17713.5,5855.37642186,22373.75,423,0.394154549622,-6.71720633783e-19,0.00888624875844
2.68075813846,3,2.79498646449e-16,0.986099642003,3142.55596033,0.0276245084507,15223.75,-0.0276245084507,18567.5,2373.85389013,20498.75,424,0.705105269855,1.64582092631e-18,0.00674535556296
2.64057315958,3,7.03141248929e-18,0.970995999496,4437.43419784,0.029402677592,20761.25,-0.029402677592,22777.9166667,1940.85283374,25398.75,425,0.827438670192,1.76173183584e-18,0.00898033452388
2.64469182042,3,-1.10999172816e-16,0.972554544503,3824.01566413,0.0314600224177,16248.75,-0.0314600224177,20700.8333333,3246.57003835,23898.75,426,0.747619726037,-8.95452800879e-19,0.00998692307182
2.60272310964,4,3.15796771449e-18,0.956558246799,3803.71970556,0.0264484227142,7960.95,-0.0264484227142,15604.575,5197.61856929,20877.65,427,0.414017921932,1.04553330967e-19,0.00693867763696
2.64596700528,3,-1.22576659732e-17,0.973036595956,3959.84783862,0.0197038333056,18527.25,-0.0197038333056,20060.3333333,1150.48522976,21298.75,428,0.763693690639,-1.39490283964e-18,0.00673506574022
2.60298652742,3,-9.35943828899e-17,0.956659450209,4650.13485445,0.0268982933817,14003.45,-0.0268982933817,20608.65,4698.93440704,24542.5,429,0.679996226584,-1.32531103979e-18,0.00726107455436
2.73550385514,3,4.84673908248e-16,1.00631564382,4667.76336591,0.0304276752767,13247.25,-0.0304276752767,20164.9166667,4914.49798357,24205.0,430,0.461531739273,-3.02965158889e-18,0.00998726825737
2.80398048496,3,-1.34892097492e-16,1.03104000943,4113.26351147,0.0385636010809,20036.25,-0.0385636010809,20663.3333333,795.827879562,21786.25,431,0.931569127496,-1.66273962424e-18,0.00911260740744
2.68855739039,4,-1.90911151339e-16,0.989004763659,3770.86859823,0.0267562075495,12895.65,-0.0267562075495,18016.35,3521.45097297,22111.25,432,0.659685244416,-8.24744284226e-18,0.00933347501312
2.73504961216,3,2.86030014234e-16,1.00614957544,4453.50214155,0.0332074580081,21773.75,-0.0332074580081,22327.1333333,391.5641419,22621.4,433,0.943622441845,3.27705585611e-19,0.00986663133375
2.74792609145,3,-1.53982675087e-16,1.0108464786,3823.12586229,0.0269557729812,18996.0,-0.0269557729812,19395.75,296.437669109,19705.0,434,0.854077546098,-2.08137577791e-18,0.00899084540152
2.70332736134,4,1.40916793697e-17,0.994483370334,3568.144146,0.0325953191834,8147.65,-0.0325953191834,13964.95,3404.3088904,16811.25,435,0.352828484631,-3.74676105459e-18,0.00797512193496
2.69825516251,3,-2.81626573913e-16,0.992605328001,4085.13607703,0.0335049560889,21136.25,-0.0335049560889,21927.9166667,560.629606385,22361.25,436,0.712361281245,1.50333433842e-18,0.00873503998666
2.66278955549,3,3.88480155354e-16,0.979374278359,4540.43550881,0.0275109164536,18118.0,-0.0275109164536,21913.5,2756.24645124,24580.0,437,0.84468620151,2.8761528906e-19,0.00941997261213
2.6327373419,3,-8.11863272121e-17,0.968024119328,3952.46888138,0.0276361906173,16088.5,-0.0276361906173,18759.9166667,2336.58859534,21780.0,438,0.801977665538,-2.31559386225e-18,0.00767819312211
2.61562173058,3,-1.172395514e-16,0.961501824737,3916.70215407,0.023821685483,15496.25,-0.023821685483,19931.25,3241.85726732,23155.0,439,0.774085773657,1.3742637119e-18,0.00736940640842
2.61781082493,4,1.38454197896e-16,0.96233840549,4271.10401825,0.0250041374319,10760.0,-0.0250041374319,19587.7875,5110.74725436,23080.0,440,0.662750427562,-1.40370229313e-18,0.0097853382649
2.71734326623,3,-1.76410882738e-16,0.999654662631,4277.51324222,0.0265992888376,18741.25,-0.0265992888376,21450.4166667,1923.97844467,23023.75,441,0.862343366302,-1.67535805259e-18,0.0093586564476
2.69974280343,3,-4.74543244206e-16,0.993156510484,4329.9770442,0.0232781247995,20193.45,-0.0232781247995,22507.4,1666.03673279,24048.75,442,0.925149489651,-1.68263762225e-18,0.00634645444166
2.63903010545,4,-2.06668061797e-16,0.970411465358,3696.65553518,0.0309822204845,10025.65,-0.0309822204845,16423.2625,4812.88099614,23548.75,443,0.482272454853,4.11932911874e-19,0.00974044630903
2.72118708777,3,-4.03361451627e-17,1.00106821443,4433.83374918,0.0222674549261,19949.25,-0.0222674549261,21269.75,934.417554772,21973.75,444,0.901968752003,-2.60520633543e-18,0.00736121853003
2.65486171698,4,-3.65566163199e-17,0.976392569339,4010.88965073,0.0280559957003,13702.65,-0.0280559957003,18228.4875,2860.9324296,20986.25,445,0.781469307821,2.97608205846e-18,0.00952278792183
2.69500178125,4,-4.24541264947e-16,0.991398865305,3490.21039128,0.0414248218711,10641.75,-0.0414248218711,17026.875,5014.1332174,23261.25,446,0.436095491995,-2.97661038769e-18,0.00957518956864
2.69085922191,3,-1.43033733006e-16,0.98986055596,4797.59959274,0.0220434930391,20886.25,-0.0220434930391,22736.25,1308.30679379,23686.25,447,0.918014346906,3.24448610061e-18,0.00927950058844
2.56924227727,3,-1.35495968799e-16,0.943611021688,4046.2247754,0.0289861534228,17848.75,-0.0289861534228,19899.75,2104.21375855,22792.5,448,0.831846762088,-1.93388116523e-18,0.00989472717164
2.61025854123,3,8.06762064561e-17,0.95944927437,3466.09567592,0.0263129655061,18355.0,-0.0263129655061,19432.0833333,1096.20953618,20936.25,449,0.878362102974,2.55367887505e-18,0.00885038631564
2.63746071153,3,4.93432455389e-17,0.969816602589,3409.17655533,0.0261726408138,11166.15,-0.0261726408138,16327.4666667,4978.3507688,23055.0,450,0.523252394871,-1.04740675636e-18,0.00702183081327
2.69112432963,3,-8.42878349799e-17,0.989959072696,4049.36326261,0.0207197145759,17583.15,-0.0207197145759,20218.55,1864.51510587,21611.25,451,0.872480862928,-1.20842760046e-18,0.0077374492652
2.71923994859,4,1.1761109502e-16,1.00035241059,3671.87658298,0.0270525453512,10628.9,-0.0270525453512,15867.6375,4845.97747446,22786.25,452,0.429969464355,3.16202528606e-18,0.00982110180945
2.59056116898,3,-1.50597127361e-16,0.951874519802,3953.8485925,0.0235853059119,18061.25,-0.0235853059119,19925.8333333,1318.75822799,20892.5,453,0.826595771313,4.90742468585e-20,0.00688337115793
2.62240159581,3,-1.23049718563e-16,0.964090537538,4125.18106103,0.0313836906556,19230.0,-0.0313836906556,20723.75,1352.38023191,22505.0,454,0.930744189288,-2.68233494732e-18,0.00952997351337
2.60487754904,3,-2.61538704615e-16,0.957385667976,3478.94925444,0.0260346010924,8223.45,-0.0260346010924,17465.3166667,6552.94405469,22680.0,455,0.501016690069,-8.08627585107e-19,0.00796114467637
2.56112037345,4,-2.82567510997e-17,0.940444808632,4112.24193105,0.0217066528217,13808.0,-0.0217066528217,16506.7125,3997.37199082,23386.25,456,0.322395556019,2.87476194611e-18,0.00719258699441
2.67545218763,3,-1.38777878078e-16,0.984118408166,3886.18258396,0.0303695750901,18142.5,-0.0303695750901,20494.5833333,1838.40916661,22630.0,457,0.560986717741,-1.76901061877e-18,0.00913612005242
2.68961306493,3,-3.92972691425e-17,0.989397341233,3334.96634543,0.0332272836648,16467.5,-0.0332272836648,18567.5,2479.04236383,22048.75,458,0.794704465507,-2.21223664279e-18,0.00883187111693
2.67530742924,3,6.1450844413e-16,0.984064300563,3699.22165142,0.0227265545917,16586.25,-0.0227265545917,20861.25,3240.90474122,24430.0,459,0.779237653323,-2.02429017526e-18,0.00676650282289
2.61689389905,4,9.7190620262e-17,0.961988079757,2943.94530491,0.0229186045546,6191.5,-0.0229186045546,12941.45,4436.65834934,18653.65,460,0.190474159578,-1.30022830781e-18,0.00896141553052
2.6214352808,3,-1.94289029309e-16,0.963721984876,3659.5389794,0.0231145273841,16373.75,-0.0231145273841,18317.3,2203.59835383,21398.75,461,0.611167750049,5.20600963744e-18,0.00728140233959
2.54624598634,3,-1.2302471354e-16,0.934620112255,3960.86148206,0.0274567651195,16031.65,-0.0274567651195,16880.8833333,752.664601414,17861.25,462,0.813152708296,-8.67556584891e-19,0.00904958764225
2.5721670313,3,-6.80936788437e-17,0.944748746451,4226.92660116,0.0196359064233,21117.5,-0.0196359064233,21942.5,792.09966229,23011.25,463,0.875988129893,1.22957344443e-18,0.00650336200129
2.58657593093,3,3.21496045142e-16,0.950334966664,3932.28661309,0.0191680888234,17498.75,-0.0191680888234,20017.5,2346.91175626,23148.75,464,0.859619356939,-7.56894600469e-19,0.00694386811965
2.54093881484,3,-2.91037035741e-16,0.932533624881,3857.42482193,0.0210154707656,18576.5,-0.0210154707656,20045.5,1200.66009622,21517.5,465,0.893926340971,3.13507667472e-19,0.0090778472176
2.58239471493,4,3.33547523416e-16,0.948717152518,3955.38720982,0.0154500205059,10360.9,-0.0154500205059,19056.475,5385.83444051,24342.5,466,0.543197365989,-7.68870697558e-19,0.00790148564409
2.52224964024,3,6.07384513055e-17,0.925151217673,3702.40786744,0.022538860482,18230.0,-0.022538860482,19630.0,1109.10061161,20942.5,467,0.922973326091,-6.02646846865e-20,0.00706923416957
2.56547821341,3,-2.42491212295e-16,0.94214489922,3375.74614773,0.043103167817,17242.5,-0.043103167817,19648.75,1829.02666511,21673.75,468,0.677281591831,3.34483101172e-18,0.00744552275691
2.53489816009,3,-3.33992093241e-17,0.930153462701,4004.3810045,0.0195696314913,19480.0,-0.0195696314913,20605.0,1273.98856941,22386.25,469,0.914533318501,7.14571687931e-19,0.00665692738181
2.5556543114,3,7.97972798949e-16,0.938308281436,3485.17633878,0.033646229505,15111.25,-0.033646229505,19436.25,3227.29246686,22861.25,470,0.718337223509,4.5775886504e-18,0.00914606841398
2.55445125939,3,-7.22682047494e-17,0.937837429312,4176.58332069,0.0269756554391,12422.2,-0.0269756554391,18585.7333333,4541.16457995,23230.0,471,0.594204458852,1.40275199207e-18,0.00978748039045
2.51151880098,3,3.87652872765e-16,0.920887670136,4189.44424188,0.0253138110436,19680.0,-0.0253138110436,21615.4166667,1765.27805097,23948.75,472,0.865024078834,4.69115787539e-18,0.00705626596393
2.52891405397,3,-4.10782519111e-17,0.927789982914,4393.14648743,0.0236096173954,21523.75,-0.0236096173954,22765.4166667,888.736423556,23555.0,473,0.973055178796,-3.03920665267e-18,0.00671635666181
2.49053910782,3,2.22322160681e-16,0.912499196206,2955.08345583,0.0171303370359,8998.75,-0.0171303370359,17190.4166667,5795.80113219,21530.0,474,0.317084912159,-2.01675772848e-18,0.00999837043677
2.49289225806,4,-6.26131000833e-17,0.91344358582,3788.64013019,0.0216636855511,8130.75,-0.0216636855511,15197.25,6648.98264539,21886.25,475,0.257065314468,5.87750703633e-18,0.0074787681851
2.48706993247,3,-8.41078048958e-18,0.911105283634,4378.65961621,0.0222554668298,16401.0,-0.0222554668298,19966.0666667,2540.67547132,22136.25,476,0.541916367477,2.27411646265e-18,0.00956833216435
2.50813823558,3,9.79840961235e-17,0.919540739106,4233.65268454,0.0316703950634,18947.5,-0.0316703950634,20294.1666667,1587.88064116,22523.75,477,0.909904420963,-1.93190261481e-18,0.00981292474238
2.4551882014,3,-6.66133814775e-17,0.898203418755,4301.85471094,0.0200867528252,21917.5,-0.0200867528252,22217.5,242.437706776,22511.25,478,0.953316130685,1.13295949381e-18,0.00658076688221
2.45575778222,3,-3.51570624465e-18,0.898435382546,4606.44815718,0.0259472174746,23198.75,-0.0259472174746,23790.4166667,696.014198051,24767.5,479,0.976465168989,-6.0006050223e-18,0.00738632159876
2.43473306827,3,1.00382665143e-17,0.889837127638,3376.59886421,0.0185694743031,11548.75,-0.0185694743031,19082.0833333,5334.80692533,23205.0,480,0.503299122805,3.34143167976e-18,0.0072881350459
2.50888687157,3,5.74842266331e-16,0.919839177316,4157.29014414,0.0245980556709,17605.4,-0.0245980556709,20680.1333333,2261.54741322,22980.0,481,0.786439515891,1.67685318223e-18,0.00673796542047
2.45793574169,4,-4.27386739568e-16,0.899321868282,3807.31555114,0.0151501839627,8952.5,-0.0151501839627,17808.675,5119.81350228,21148.75,482,0.571514037693,-7.67452226774e-19,0.0066160319188
2.44463649087,3,3.33269291793e-16,0.893896437383,3985.90042635,0.0189983307573,20036.25,-0.0189983307573,20900.8333333,1005.76894989,22311.25,483,0.908941041435,-2.35386275759e-18,0.00782118500979
2.54414080765,4,2.00887781355e-16,0.933792992866,4190.68258624,0.016526719164,14061.9,-0.016526719164,18643.85,3942.73612387,23967.5,484,0.60179684955,-4.28669348723e-18,0.00810975875895
2.61983051663,3,3.27515792264e-16,0.963109627372,4303.00018096,0.0349567709229,18292.5,-0.0349567709229,21800.8333333,2574.64769704,24398.75,485,0.82751189353,-3.03863984963e-18,0.00938374940992
2.49148619438,3,-6.15541373147e-16,0.912879397636,4034.2422372,0.0233998994767,13449.7,-0.0233998994767,17763.65,4088.65748892,23255.0,486,0.522058164727,-2.71238138688e-18,0.00679056488757
2.48117328009,3,1.11207339633e-16,0.908731545113,4527.85168834,0.0232326859456,19280.0,-0.0232326859456,22288.3333333,2475.21744275,25342.5,487,0.8286396985,-2.91712751065e-18,0.00715603082929
2.51305130542,3,7.66979072845e-17,0.921497674358,4180.82955999,0.0249650512021,21136.25,-0.0249650512021,22032.0833333,710.364734172,22873.75,488,0.963354820114,-4.00523179665e-18,0.00654415229428
2.42435192708,3,-1.08626137661e-16,0.885564242107,4363.72186609,0.0227192672554,18066.25,-0.0227192672554,20235.3,1625.7130656,21980.0,489,0.897747383625,1.79265087514e-18,0.00819542472511
2.48335586172,3,1.88364814714e-16,0.909610815515,4075.14104646,0.0210443487215,17586.15,-0.0210443487215,20682.05,2287.44455051,23042.5,490,0.767530580248,4.34187763246e-18,0.00660522497283
2.45847251836,3,-1.60612264229e-16,0.899540229594,4659.63532492,0.02217731075,21555.0,-0.02217731075,22652.9166667,796.056905769,23417.5,491,0.953867887967,-4.70508851493e-18,0.00824811815852
2.50919007738,3,-1.15300829929e-16,0.919960022737,3600.84650645,0.0363267386241,11305.0,-0.0363267386241,16433.6333333,3631.43746592,19230.0,492,0.219364633405,-3.66465723943e-18,0.00971952325995
2.51370514003,3,2.15753341119e-16,0.921757816108,4290.15500563,0.0189094662632,19561.25,-0.0189094662632,21063.3333333,1073.47679554,22005.0,493,0.92433449555,-8.84476473679e-19,0.00653663012722
2.42595209027,3,5.97022431492e-16,0.886224061881,4176.16597842,0.0258389207136,18423.75,-0.0258389207136,21259.1666667,2005.1387975,22711.25,494,0.865552871993,1.72967466131e-18,0.00923999056917
2.47013727575,3,-3.21256024147e-17,0.904273726323,4337.49439326,0.0253556092897,20512.5,-0.0253556092897,22032.5,1895.68918866,24705.0,495,0.890071356562,-1.09237080347e-18,0.00925414657454
2.54125018163,3,-2.49355904267e-16,0.932656157433,4428.02642215,0.0260583083855,20086.25,-0.0260583083855,21090.3166667,1260.19044218,22867.5,496,0.943059992624,6.03230887937e-19,0.00988868774511
2.60528271375,3,1.59687078375e-16,0.95754119667,4318.57242811,0.0262034361355,20998.75,-0.0262034361355,21990.4166667,827.227632249,23023.75,497,0.966583179202,-4.60702126664e-18,0.00977531070383
2.48442890004,3,2.22044604925e-17,0.910042814239,4069.12558407,0.0232362256318,14570.5,-0.0232362256318,19268.5,3322.08564635,21648.75,498,0.622583986288,4.4902507703e-18,0.00869049109847
2.57351024242,3,1.06247149668e-16,0.94527082006,4086.38179216,0.0159183590978,17861.25,-0.0159183590978,19594.2166667,1769.27582235,22023.75,499,0.808284585765,-9.6115517521e-19,0.00883277967386
