LossAfter,Perplexity,NumTrajs,AverageReturn,StdReturn,MeanKL,dLoss,Iteration,ExplainedVariance,MinReturn,LossBefore,MeanKLBefore,AverageDiscountedReturn,Entropy,MaxReturn
-0.0156226192119,4.68016852946,3,1.33333333333,1.88561808316,0.0127031780709,0.0,0,2.56450081171e-08,0.0,-0.0156226192119,0.0127031780709,0.783639590948,1.54333411985,4.0
0.00996770273846,4.7458477123,3,0.0,0.0,0.00976572008186,0.0185342959609,1,0,0.0,0.0285019986993,0.00890833962564,0.0,1.55727006991,0.0
-0.0,4.68774522154,3,0.0,0.0,0.0109233191071,0.0,2,1,0.0,-0.0,0.0109233191071,0.0,1.54495170386,0.0
-0.0,4.75112320898,3,0.0,0.0,0.0102228375832,0.0,3,1,0.0,-0.0,0.0102228375832,0.0,1.55838105514,0.0
-0.00998450912106,4.2596616643,3,5.66666666667,1.6996731712,0.00963186873299,0.0114791109304,4,1.38274877104e-08,4.0,0.00149460180933,0.00884569433632,1.29871493137,1.4491897356,8.0
-0.00353857035302,4.57454286029,3,1.33333333333,1.88561808316,0.00994602863186,0.0069491431087,5,-2.21951744276,0.0,0.00341057275568,0.00961318790178,0.663318087832,1.52050677249,4.0
-0.0108617107438,4.38394808366,3,0.0,0.0,0.00934924713662,0.0124427351256,6,0,0.0,0.00158102438181,0.00838413199746,0.0,1.47794970734,0.0
-0.00911751366029,4.56821017276,3,1.66666666667,2.35702260396,0.0114351342995,0.0,7,1.9668107254e-08,0.0,-0.00911751366029,0.0114351342995,0.844673499412,1.51912148109,5.0
-0.00697881659744,4.49039123111,3,3.66666666667,2.62466929134,0.0141753618228,0.0,8,0.369171522889,0.0,-0.00697881659744,0.0141753618228,1.54712767101,1.50193983184,6.0
-0.00933573775342,4.69049451019,3,0.0,0.0,0.0107371676736,0.0,9,0,0.0,-0.00933573775342,0.0107371676736,0.0,1.54553801617,0.0
-0.00237589002712,4.34295040778,3,5.0,2.16024689947,0.00960395166512,0.00753955836353,10,6.1607468016e-09,3.0,0.00516366833641,0.00853765164636,2.17517894393,1.4685539346,8.0
-0.0244660815981,4.51999807349,3,1.66666666667,2.35702260396,0.0116985195912,0.0,11,-1.77675469249,0.0,-0.0244660815981,0.0116985195912,0.829124383784,1.50851156763,5.0
-0.0162549302267,4.55689238121,3,2.0,2.82842712475,0.0123374002507,0.0,12,0.331589680189,0.0,-0.0162549302267,0.0123374002507,1.02140575604,1.51664089586,6.0
-0.0399251259875,4.53930566201,3,2.0,2.82842712475,0.00943331831809,0.0307572624934,13,0.0198777786479,0.0,-0.00916786349405,0.00736897682262,0.310592575604,1.51277406247,6.0
-0.00223621731804,4.68492082806,3,3.0,2.16024689947,0.00999922939721,0.00486668141077,14,0.168985916226,0.0,0.00263046409273,0.0101322877659,0.863365779031,1.54434901652,5.0
-0.0190753559869,4.59473409518,3,2.66666666667,3.09120616517,0.00983534305134,0.00910537266206,15,-0.10918602681,0.0,-0.00996998332483,0.00877158178753,0.929335820875,1.52491088584,7.0
0.00305359795173,4.49413191412,3,3.0,2.16024689947,0.0135790496253,0.0,16,-0.291815856178,0.0,0.00305359795173,0.0135790496253,1.93643483936,1.50277252672,5.0
-0.0105847311011,4.45476886492,3,4.33333333333,3.29983164554,0.00982050278759,0.0104900200026,17,-0.0164356287036,0.0,-9.47110984672e-05,0.00969085194159,1.30730206048,1.4939751774,8.0
-0.00485416775519,4.63135443262,3,3.0,2.16024689947,0.010930048405,0.0,18,-1.00229054629,0.0,-0.00485416775519,0.010930048405,1.36462799082,1.53284935936,5.0
-0.006996995619,4.5666286255,3,2.0,2.82842712475,0.013206619184,0.0,19,0.136181835786,0.0,-0.006996995619,0.013206619184,0.156462536266,1.51877521395,6.0
0.00519471818905,4.61725092413,3,4.0,5.65685424949,0.0111082266818,0.0,20,0.214572058903,0.0,0.00519471818905,0.0111082266818,1.27774638192,1.52979948992,12.0
-0.00571516366348,4.51696204331,3,3.33333333333,2.86744175568,0.0099102982982,0.0100023292673,21,-6.43399594139,0.0,0.0042871656038,0.00962468398306,1.55068410286,1.50783965356,7.0
-0.0204301612558,4.45434725106,3,2.66666666667,2.05480466766,0.00946754279056,0.0170820809891,22,-0.161315307346,0.0,-0.00334808026664,0.00572626410475,1.07526485249,1.49388052966,5.0
-0.00828257251425,4.44880838138,3,4.33333333333,3.68178700573,0.0124445022526,0.0,23,0.35132862354,0.0,-0.00828257251425,0.0124445022526,1.07906309552,1.49263628085,9.0
0.00156006077534,4.72592584479,3,2.33333333333,2.62466929134,0.0183988652269,0.0,24,-1.44356259477,0.0,0.00156006077534,0.0183988652269,0.527317161512,1.55306348774,6.0
-0.0274597985008,4.70015041544,3,1.66666666667,2.35702260396,0.00982135975653,0.0129160897358,25,0.125638853474,0.0,-0.0145437087651,0.00914030289682,0.529701155264,1.54759451149,5.0
-0.00249496273211,4.47989811781,3,2.33333333333,1.6996731712,0.010554559566,0.0,26,0.383630864158,0.0,-0.00249496273211,0.010554559566,0.820795333431,1.49960030461,4.0
-0.0215444206637,4.54395372026,3,1.66666666667,2.35702260396,0.009505697607,0.0134613223635,27,0.188477514882,0.0,-0.00808309830026,0.00825198024031,0.588313527061,1.51379749657,5.0
-0.0281369457929,4.68393496068,3,0.0,0.0,0.0122088777984,0.0,28,0,0.0,-0.0281369457929,0.0122088777984,0.0,1.54413856022,0.0
0.00860750038607,4.43135904496,3,5.0,0.816496580928,0.00944382266872,0.00543656310576,29,1.05753334978e-08,4.0,0.0140440634918,0.00798180425387,1.61495185108,1.48870631917,6.0
-0.0219298596237,4.54259946094,3,0.0,0.0,0.0126473599705,0.0,30,0,0.0,-0.0219298596237,0.0126473599705,0.0,1.51349941669,0.0
-0.00743065350315,4.52701483392,3,2.66666666667,3.77123616633,0.0177845361865,0.0,31,6.76457379001e-09,0.0,-0.00743065350315,0.0177845361865,1.01527825809,1.51006274521,8.0
0.00267546368333,4.42915583574,3,2.0,1.63299316186,0.0152898072115,0.0,32,-0.00837692653015,0.0,0.00267546368333,0.0152898072115,0.496062854145,1.48820900963,4.0
-0.0139607740084,4.3852612895,3,1.33333333333,1.88561808316,0.00943536292985,0.0197347004833,33,0.250227752908,0.0,0.00577392647494,0.00815864588673,0.409121095741,1.47824921116,4.0
-0.00446525876155,4.44802917255,3,2.0,2.82842712475,0.0108756654108,0.0,34,0.290444697455,0.0,-0.00446525876155,0.0108756654108,0.284535996318,1.4924611155,6.0
0.0101007363703,4.40831458793,3,1.33333333333,1.88561808316,0.0114297989967,0.0,35,0.239127903487,0.0,0.0101007363703,0.0114297989967,0.23373672236,1.4834924368,4.0
-0.0256040938486,4.49621730718,3,2.66666666667,2.05480466766,0.00983054994353,0.0287655236278,36,-0.186223631104,0.0,0.00316142977911,0.00792623059237,1.30111988506,1.50323644487,5.0
0.000319330010206,4.45236276952,3,3.0,2.94392028878,0.0234673166724,0.0,37,0.0588415835197,0.0,0.000319330010206,0.0234673166724,0.356691171028,1.49343491471,7.0
-0.0147315891578,4.50139385163,3,3.33333333333,0.471404520791,0.00951662736437,0.0190799219505,38,-0.352394323375,3.0,0.00434833279266,0.00820951109845,1.83750432934,1.50438709362,4.0
-0.0139800574989,4.5290748,3,3.33333333333,2.86744175568,0.00878312514365,0.0164339360472,39,0.24161405934,0.0,0.00245387854827,0.00521587863111,1.5515254708,1.51051768022,7.0
-0.00512163705394,4.35589832222,3,2.33333333333,1.6996731712,0.0109598414335,0.0,40,0.347214385912,0.0,-0.00512163705394,0.0109598414335,0.82874444912,1.47153086279,4.0
-0.0170413071221,4.3959179953,3,5.33333333333,2.05480466766,0.0095595241323,0.0179496588845,41,-0.144053560499,3.0,0.000908351762385,0.00781008682236,1.83053089593,1.48067638198,8.0
0.0120294074949,4.91207640201,3,0.0,0.0,0.0124735602033,0.0,42,0,0.0,0.0120294074949,0.0124735602033,0.0,1.59169674488,0.0
-0.0209408093539,4.60720929166,3,5.66666666667,0.942809041582,0.0096589779735,0.0112419175879,43,7.7489968886e-09,5.0,-0.00969889176594,0.00869039198845,2.33663381319,1.52762231398,7.0
-0.0112919037856,4.76483447736,3,1.33333333333,1.88561808316,0.0112394591146,0.0,44,-15.8617996295,0.0,-0.0112919037856,0.0112394591146,0.340846953714,1.56126279933,4.0
-0.0141186252239,4.63913026224,3,4.66666666667,0.471404520791,0.00876292310096,0.0185756667856,45,0.212674714667,4.0,0.00445704156168,0.00625420297572,1.97008429789,1.53452690519,5.0
-0.0196023906719,4.30234200741,3,1.33333333333,1.88561808316,0.00958327460389,0.0146719168609,46,-3.98582135977,0.0,-0.00493047381095,0.00889568619459,0.781031364261,1.45915952732,4.0
-0.0281728174596,4.43686844349,3,6.0,4.89897948557,0.0097514694311,0.0206540458904,47,0.299401492063,0.0,-0.00751877156921,0.00742052422581,2.54719802529,1.48994882208,12.0
-0.0261095586732,4.45041826115,3,5.33333333333,1.24721912892,0.00951343260286,0.0128391188311,48,0.0813051642544,4.0,-0.0132704398421,0.00808627131328,2.1088516222,1.49299808303,7.0
-0.0209251028047,4.30061476451,3,4.33333333333,2.05480466766,0.00976541557279,0.0155974967513,49,0.0783013348307,2.0,-0.00532760605347,0.00831408464388,2.06538612596,1.45875798097,7.0
-0.0249980525689,4.57892493871,3,4.66666666667,2.62466929134,0.00964298270916,0.013514745324,50,-0.524129715976,1.0,-0.0114833072449,0.00831758792957,1.2402154963,1.52146424103,7.0
-0.0504193170383,4.54429051736,3,5.66666666667,1.24721912892,0.00973949176268,0.0299015273101,51,0.286071685787,4.0,-0.0205177897282,0.0060100158308,2.78669852401,1.51387161365,7.0
-0.0155538751526,4.14140846218,3,3.33333333333,2.86744175568,0.00981165683184,0.0146108633222,52,0.416049362032,0.0,-0.000943011830392,0.008904822352,1.61269354203,1.42103593823,7.0
-0.012212815073,4.17136322295,3,4.0,2.44948974278,0.00973464043903,0.0197627004749,53,0.223893256827,1.0,0.00754988540193,0.0078809700722,1.53330520437,1.42824289437,7.0
-0.0281870806708,4.08587366527,3,2.33333333333,2.62466929134,0.0096228164486,0.024256066119,54,0.194037979333,0.0,-0.00393101455186,0.00741116357696,0.860675712873,1.40753557699,6.0
-0.0335008370539,4.03392587628,3,6.0,0.816496580928,0.00961468714094,0.0157459080374,55,0.587345935978,5.0,-0.0177549290165,0.00825101318713,2.67602130769,1.39474006462,7.0
-0.00995565658353,4.30147288019,3,4.66666666667,2.62466929134,0.00943481090852,0.0198532108993,56,-0.438815566201,1.0,0.0098975543158,0.00724839223424,1.88545687098,1.45895749433,7.0
-0.0374695352956,4.13113003192,3,3.0,2.16024689947,0.00918272566695,0.0153221525853,57,0.0994488905477,1.0,-0.0221473827102,0.00712018002288,1.29524969531,1.41855098502,6.0
0.00128580995377,4.14772988858,3,4.0,2.94392028878,0.0104844190762,0.0,58,0.421130452424,1.0,0.00128580995377,0.0104844190762,1.95777264241,1.42256116978,8.0
-0.00935489327255,4.28057279697,3,5.66666666667,2.05480466766,0.00992121890781,0.00872851047475,59,0.670198912253,3.0,-0.000626382797797,0.00962895466435,2.34130130942,1.45408683171,8.0
-0.0154811701239,4.57157425764,3,8.66666666667,0.471404520791,0.00910952207145,0.0153906049604,60,0.197494568821,8.0,-9.05651634379e-05,0.00724584637196,2.71500804173,1.5198576221,9.0
-0.0391987689845,4.23581342337,3,5.66666666667,3.85861230093,0.00987562451984,0.0230044706129,61,0.17395133554,2.0,-0.0161942983716,0.0067915360511,2.15715264339,1.44357538129,11.0
0.011358379627,4.07189099163,3,4.0,1.41421356237,0.00921380113934,8.9330076551e-05,62,0.292788148862,3.0,0.0114477097036,0.00731426357343,2.37240326468,1.40410750866,6.0
-0.0236710628273,4.1703640191,3,4.33333333333,2.05480466766,0.00943969413984,0.00932503552465,63,0.502121351332,2.0,-0.0143460273027,0.00676384587723,2.82647883826,1.42800332675,7.0
0.0094227572516,4.22312315647,3,3.0,0.816496580928,0.00978228206439,0.0055161247597,64,-0.00426457541086,2.0,0.0149388820113,0.00903751382707,1.84716172067,1.44057493879,4.0
-0.014461349872,4.14213402017,3,2.0,0.816496580928,0.00987543836805,0.00922554015978,65,-10.4801390417,1.0,-0.00523580971219,0.00953431941887,0.970117917039,1.42121111884,3.0
-0.0402999636436,4.21030591344,3,6.33333333333,2.86744175568,0.0094484307002,0.0200438791842,66,0.321658648975,3.0,-0.0202560844594,0.00634357410245,3.77528098522,1.43753530858,10.0
0.0376181736719,4.11587553484,3,4.33333333333,1.6996731712,0.0109288207317,0.0,67,-0.529705338714,2.0,0.0376181736719,0.0109288207317,2.35570034195,1.41485157817,6.0
-0.0377491482005,4.03328683239,3,3.66666666667,1.24721912892,0.00995406292096,0.00621316945098,68,0.520117046009,2.0,-0.0315359787495,0.00979934560058,2.31287505556,1.39458163471,5.0
-0.0267220729471,4.01164509832,3,4.0,3.55902608401,0.00999968623738,0.00403625156018,69,-0.0351117847754,1.0,-0.0226858213869,0.00995568039443,1.41585696886,1.38920140615,9.0
-0.0232411835683,4.16641041489,3,3.66666666667,3.85861230093,0.00978428880448,0.0187261929535,70,0.319707783627,0.0,-0.00451499061483,0.00875185592389,1.61935918383,1.42705485332,9.0
-0.0137278461692,4.14312874769,3,3.0,1.41421356237,0.00951321452198,0.00762851304759,71,0.205230156689,2.0,-0.00609933312158,0.0069211113426,1.85194994809,1.42145123857,5.0
-0.0222641493706,3.96083168533,3,2.33333333333,1.24721912892,0.00936278030045,0.0317837898442,72,0.352788161143,1.0,0.0095196404736,0.0074358971549,1.43629732525,1.37645402476,4.0
0.00321209464213,3.93485396921,3,2.0,1.63299316186,0.00998948255021,0.00303527548998,73,0.368437064325,0.0,0.00624737013211,0.0099568084983,1.41045848218,1.36987377043,4.0
-0.0339809686815,4.1399708498,3,3.0,0.816496580928,0.00918962578205,0.0230085167042,74,-0.0613840740097,2.0,-0.0109724519773,0.00711847415478,1.86795214683,1.4206887467,4.0
-0.0151388992823,4.09237556876,3,5.66666666667,1.6996731712,0.00891927168458,0.00867804959826,75,0.554545606735,4.0,-0.00646084968406,0.00655507508881,3.170854006,1.4091256251,8.0
-0.0108830273381,4.07549567503,3,4.33333333333,2.86744175568,0.0107333995067,0.0,76,0.471201531853,1.0,-0.0108830273381,0.0107333995067,2.43005143554,1.40499237734,8.0
-0.0194692572312,4.05014439898,3,4.0,0.0,0.0096690721118,0.0183795543604,77,-1.71550668267,4.0,-0.00108970287076,0.00603275803653,2.85751381955,1.39875253455,4.0
-0.0303462584305,4.1191398985,3,4.0,0.0,0.00974128684128,0.011420297366,78,0.677877428565,4.0,-0.0189259610645,0.00918923539104,2.61127677663,1.41564437907,4.0
-0.0023583663668,4.1046574462,3,3.33333333333,1.6996731712,0.00991449476988,0.0231362699228,79,0.214180402621,1.0,0.020777903556,0.00900645734834,2.31908897938,1.41212229148,5.0
-0.0267454114802,4.32721865401,3,5.0,1.41421356237,0.00996970653644,0.00732839055277,80,0.487495494468,4.0,-0.0194170209274,0.00995334020385,2.39709552524,1.46492499244,7.0
-0.0226604685838,4.0563147816,3,5.0,2.44948974278,0.00979097863742,0.0118747690531,81,0.364855593192,2.0,-0.0107856995306,0.00868437238533,2.85363305905,1.40027487215,8.0
-0.00901437318556,4.1859571935,3,2.66666666667,1.6996731712,0.00995962651608,0.0151353490477,82,-0.458525478154,1.0,0.0061209758621,0.00935219973195,1.47775128601,1.43173539786,5.0
-0.00750066492654,4.11089049035,3,3.33333333333,0.942809041582,0.00956615790678,0.0136136813787,83,0.256984146876,2.0,0.00611301645216,0.00830051728065,1.93850763819,1.41363966936,4.0
-0.0238758975609,4.20607822559,3,3.66666666667,1.24721912892,0.00927015822706,0.0141754859613,84,0.577406954676,2.0,-0.00970041159966,0.00752494173142,2.58844230991,1.43653067568,5.0
0.0027693848695,3.94847604761,3,4.33333333333,1.6996731712,0.0123504061753,0.0,85,-0.39751628753,2.0,0.0027693848695,0.0123504061753,2.55812876059,1.37332969374,6.0
-0.0180372478097,3.89676310999,3,3.0,0.816496580928,0.00983308677473,0.000618469033096,86,0.237051746079,2.0,-0.0174187787766,0.00950669977259,1.61949375974,1.36014623672,4.0
-0.0211114260835,4.05538015775,3,3.33333333333,2.05480466766,0.00989903393339,0.00517572227065,87,0.146899509253,1.0,-0.0159357038128,0.00961007974491,1.81870294067,1.40004443354,6.0
-0.0100449569458,4.04481412409,3,5.0,2.16024689947,0.0113955989874,0.0,88,0.358085948284,3.0,-0.0100449569458,0.0113955989874,2.40152596224,1.39743559744,8.0
-0.0129124343649,3.94352220558,3,4.66666666667,2.49443825785,0.00968358620117,0.0181387905711,89,0.618833278388,2.0,0.00522635620616,0.00752266109771,2.99774489231,1.37207428477,8.0
-0.00764526972954,4.10821969645,3,3.33333333333,1.24721912892,0.0124528901824,0.0,90,-2.12906885754,2.0,-0.00764526972954,0.0124528901824,1.9838994762,1.41298977079,5.0
-0.0291219822069,4.04397008972,3,5.33333333333,1.24721912892,0.00996625003698,0.0127535470337,91,0.648993873619,4.0,-0.0163684351732,0.00922359807735,3.64741716491,1.39722690492,7.0
-0.00380336492652,3.98771693521,3,2.33333333333,0.471404520791,0.0109767187587,0.0,92,-3.24869879486,2.0,-0.00380336492652,0.0109767187587,1.0955230146,1.38321887044,3.0
-0.0273663079841,4.04405414522,3,4.0,2.16024689947,0.0102573747806,0.0,93,-0.071834220553,1.0,-0.0273663079841,0.0102573747806,2.39710437132,1.39724769009,6.0
0.00718431773195,4.14279951632,3,3.66666666667,0.471404520791,0.0098047970166,0.00795803393372,94,0.43767460281,3.0,0.0151423516657,0.00920004812672,2.59146064981,1.42137177098,4.0
-0.00258553121395,4.18454096211,3,2.33333333333,2.05480466766,0.0112291305004,0.0,95,0.257196050476,0.0,-0.00258553121395,0.0112291305004,1.89064818856,1.43139701145,5.0
-0.0215811673633,4.27984987803,3,3.66666666667,2.35702260396,0.00975946090809,0.00955126536804,96,0.199318371345,2.0,-0.0120299019953,0.00934968840919,2.64205895674,1.45391793375,7.0
-0.0442577634648,4.13174647992,3,4.33333333333,0.471404520791,0.00997874720984,0.0186461450703,97,0.360220287729,4.0,-0.0256116183946,0.00862885641062,3.07288012903,1.41870019408,5.0
0.010266650517,4.17149444596,3,2.66666666667,2.05480466766,0.0158742089547,0.0,98,0.370014522353,0.0,0.010266650517,0.0158742089547,1.8409851881,1.42827435193,5.0
0.00142675824839,2.8606955737,3,1.33333333333,1.88561808316,0.00916448912625,0.0136040719941,99,-7.00389971353,0.0,0.0150308302424,0.00693039788309,1.07213133431,1.05106480285,4.0
-0.0464504169955,3.74510248833,3,3.0,1.41421356237,0.00992953201368,0.0181776309179,100,-0.128404387635,1.0,-0.0282727860776,0.00961468856189,1.85330442325,1.32044898331,4.0
0.00869105433307,3.99931902103,3,3.0,0.816496580928,0.0125081800297,0.0,101,0.551173976953,2.0,0.00869105433307,0.0125081800297,1.87727542624,1.38612410188,4.0
0.00782962910767,3.56375092706,3,2.33333333333,0.471404520791,0.00984912999185,0.0118395932206,102,-0.168147189176,2.0,0.0196692223283,0.00806373263611,1.40437828951,1.27081362138,3.0
-0.00406377457215,4.08001600761,3,2.66666666667,0.942809041582,0.0152039985426,0.0,103,-1.07110816449,2.0,-0.00406377457215,0.0152039985426,1.65307219908,1.40610091184,4.0
-0.0311529161957,3.95577145906,3,3.66666666667,0.471404520791,0.0171157119099,0.0,104,0.148746008053,3.0,-0.0311529161957,0.0171157119099,1.67816883487,1.37517564138,4.0
0.00322835017006,4.30048157118,3,3.33333333333,0.942809041582,0.013670438154,0.0,105,0.320611726296,2.0,0.00322835017006,0.013670438154,2.36053082124,1.45872700973,4.0
0.00100489212921,4.08800538921,3,4.0,0.816496580928,0.0125176115772,0.0,106,0.558826154555,3.0,0.00100489212921,0.0125176115772,2.71201268662,1.4080571712,5.0
0.0132751979795,4.26504536786,3,4.0,1.63299316186,0.0109664913427,0.0,107,0.418549885359,2.0,0.0132751979795,0.0109664913427,2.26066196483,1.45045281814,6.0
-0.0245841531581,4.09788090834,3,3.0,0.816496580928,0.00977827205307,0.0100001522844,108,0.435960766725,2.0,-0.0145840008737,0.00929255620326,2.21990375048,1.41046998847,4.0
-0.0204086516907,4.04643969494,3,3.0,0.816496580928,0.0131807435314,0.0,109,-2.01740908421,2.0,-0.0204086516907,0.0131807435314,1.82718007647,1.39783740683,4.0
-0.0237799310276,4.03171756369,3,2.33333333333,0.471404520791,0.0154872648963,0.0,110,-1.20864197396,2.0,-0.0237799310276,0.0154872648963,0.654792660415,1.39419247963,3.0
-0.0669378035484,3.94157479024,3,4.33333333333,0.471404520791,0.0112228330138,0.0,111,0.0618476270946,4.0,-0.0669378035484,0.0112228330138,3.08910952481,1.37158033641,5.0
-0.0124232635177,3.7039037749,3,3.0,1.41421356237,0.00956898260826,0.0239378126874,112,-0.725365175182,2.0,0.0115145491697,0.00801024725384,1.6327895033,1.30938733775,5.0
-0.0215573376663,4.09717319862,3,3.66666666667,0.471404520791,0.00992641466756,0.0169203340156,113,0.362352488451,3.0,-0.00463700365076,0.00923040835143,2.80683083657,1.41029727217,4.0
-0.0252475336889,4.06292777968,3,3.33333333333,0.942809041582,0.00960592054105,0.0206959445842,114,0.624256947732,2.0,-0.00455158910464,0.00815560077281,2.4589966472,1.40190384173,4.0
-0.0135592217871,4.00440328873,3,2.33333333333,0.471404520791,0.00869395168537,0.0292816607631,115,0.273610455538,2.0,0.015722438976,0.00719332296821,1.82379667889,1.38739457784,3.0
-0.00765951302864,4.19089089255,3,4.0,0.0,0.0100462214839,0.0,116,0.562318683444,4.0,-0.00765951302864,0.0100462214839,2.56715064102,1.43291333485,4.0
-0.0155909828431,3.96362654676,3,4.0,0.0,0.00853378675841,0.0,117,0.674863935862,4.0,-0.0155909828431,0.00853378675841,2.47848183585,1.37715940082,4.0
-0.0180355911312,4.08590156728,3,3.0,0.816496580928,0.00971107511023,0.0123094664875,118,0.548416587882,2.0,-0.00572612464365,0.00711119166755,2.2235763848,1.40754240587,4.0
-0.0445606538856,4.1654495689,3,3.66666666667,0.471404520791,0.00978257218712,0.0341771360766,119,-0.831694438284,3.0,-0.010383517809,0.00888174449037,2.17072532732,1.42682420951,4.0
-0.0173151671463,4.06632732985,3,3.33333333333,0.942809041582,0.00932131284946,0.021974200955,120,0.589329207242,2.0,0.00465903380875,0.00709224060542,2.53738545819,1.40274021611,4.0
-0.0115729977999,4.13809164822,3,2.66666666667,0.942809041582,0.019354156325,0.0,121,0.125445485138,2.0,-0.0115729977999,0.019354156325,0.949889120188,1.42023472703,4.0
-0.0108586988256,3.93470821125,3,3.0,0.816496580928,0.0114751337108,0.0,122,-0.338929287901,2.0,-0.0108586988256,0.0114751337108,1.55431202814,1.36983672696,4.0
-0.0153366440396,3.82590916607,3,2.33333333333,1.6996731712,0.013210866825,0.0,123,0.341619487023,0.0,-0.0153366440396,0.013210866825,1.55275152048,1.34179612951,4.0
-0.00138922403895,4.05486033901,3,4.0,0.816496580928,0.014527269065,0.0,124,0.265076081392,3.0,-0.00138922403895,0.014527269065,1.76175914294,1.3999162453,5.0
-0.0115568304546,4.15328497962,3,6.0,0.816496580928,0.0164569675898,0.0,125,0.583570214922,5.0,-0.0115568304546,0.0164569675898,2.25187743941,1.42389958248,7.0
-0.00527298926125,4.00589094459,3,3.33333333333,2.49443825785,0.0105400813951,0.0,126,-0.540881390463,0.0,-0.00527298926125,0.0105400813951,2.29205452401,1.38776601386,6.0
-0.026332437032,3.89478554815,3,3.66666666667,1.24721912892,0.00978681365584,0.0147722019288,127,0.693464708486,2.0,-0.0115602351032,0.00742431472173,2.42379766193,1.35963861957,5.0
-0.0266456202177,3.99073038906,3,3.66666666667,0.471404520791,0.0198384157636,0.0,128,0.190702833239,3.0,-0.0266456202177,0.0198384157636,1.84431015904,1.38397426905,4.0
-0.0154394563206,3.97867757438,3,3.33333333333,0.471404520791,0.00989519323866,0.00565391883574,129,0.360176367566,3.0,-0.00978553748485,0.00977759067236,2.12642063318,1.38094949634,4.0
-0.00435547699496,3.72557128358,3,2.66666666667,2.05480466766,0.0285574744185,0.0,130,-0.466631345508,0.0,-0.00435547699496,0.0285574744185,0.562008410473,1.31522020479,5.0
0.0203200929383,3.79080053641,3,4.33333333333,1.24721912892,0.0162641844422,0.0,131,0.115956552736,3.0,0.0203200929383,0.0162641844422,2.05386405283,1.33257722012,6.0
-0.0398348792835,3.8395599246,3,2.66666666667,1.88561808316,0.0233191465882,0.0,132,-3.01704383329,0.0,-0.0398348792835,0.0233191465882,1.20874115732,1.34535775706,4.0
-0.00994140629667,4.03682559744,3,3.33333333333,0.942809041582,0.00724313125393,0.0,133,0.280407718579,2.0,-0.00994140629667,0.00724313125393,2.62738894594,1.39545863991,4.0
0.0273696901069,3.7904686251,3,4.33333333333,0.942809041582,0.0145088883172,0.0,134,-2.63692997064,3.0,0.0273696901069,0.0145088883172,2.15504150922,1.33248965923,5.0
-0.047561574783,4.03655459059,3,2.66666666667,0.942809041582,0.009899196485,0.0317957817062,135,0.152400187789,2.0,-0.0157657930769,0.0088284091758,1.77775402059,1.395391504,4.0
-0.0038931924544,4.00701664305,3,3.66666666667,0.471404520791,0.00953698699852,0.000124295284287,136,0.210916374224,3.0,-0.00376889717011,0.00542255243175,2.76788411215,1.38804698514,4.0
0.000126687276565,3.93638545454,3,3.66666666667,0.471404520791,0.01015603765,0.0,137,0.670501177728,3.0,0.000126687276565,0.01015603765,2.73879551466,1.37026290492,4.0
-0.0180611265809,4.15353252596,3,4.33333333333,0.942809041582,0.00976526319475,0.0168316836975,138,0.453469419153,3.0,-0.00122944288337,0.0091243469051,2.51999524612,1.42395918324,5.0
-0.00287909058144,4.01576150857,3,3.66666666667,1.24721912892,0.0103706416155,0.0,139,0.197673682885,2.0,-0.00287909058144,0.0103706416155,2.27188008925,1.39022699531,5.0
-0.0215302826947,3.90700500928,3,3.0,1.41421356237,0.00985991554329,0.0085193991117,140,-0.414171685744,1.0,-0.013010883583,0.00950884709289,2.06250166597,1.3627710982,4.0
-0.0252026476115,4.02460251529,3,2.66666666667,0.942809041582,0.00968574787723,0.0105606954758,141,-0.393313324856,2.0,-0.0146419521357,0.00871250213394,1.75879094571,1.39242615203,4.0
-0.0275769159788,3.55435087403,3,0.666666666667,0.942809041582,0.0354554562349,0.0,142,-1.06999726904,0.0,-0.0275769159788,0.0354554562349,0.148395141633,1.26817245137,2.0
-0.014593881426,4.13894674747,3,3.33333333333,1.6996731712,0.0117325088256,0.0,143,-0.0617445994955,1.0,-0.014593881426,0.0117325088256,1.7245390247,1.42044134665,5.0
-0.0249524629662,4.17080101741,3,3.0,0.816496580928,0.0096359394552,0.0191534755359,144,0.0530957306646,2.0,-0.00579898743026,0.00710373820767,2.36519057844,1.42810810787,4.0
-0.011946327597,4.08947584318,3,2.66666666667,0.471404520791,0.0113782925953,0.0,145,-1.24278956744,2.0,-0.011946327597,0.0113782925953,1.85094456182,1.40841680614,3.0
-0.0226484130892,4.12941399052,3,2.33333333333,0.471404520791,0.0108851629452,0.0,146,0.626800652947,2.0,-0.0226484130892,0.0108851629452,1.6314780249,1.41813550599,3.0
-0.0318595068035,4.17365235634,3,4.0,0.816496580928,0.00973187820104,0.020005196835,147,0.541671189413,3.0,-0.0118543099685,0.00799265588045,2.44653814908,1.4287915173,5.0
0.00326347811205,4.08041904058,3,3.33333333333,0.471404520791,0.0115910073873,0.0,148,0.224775046901,3.0,0.00326347811205,0.0115910073873,2.15533343228,1.40619968917,4.0
-0.024968016572,4.09757110296,3,3.66666666667,1.24721912892,0.011830954605,0.0,149,0.53350149382,2.0,-0.024968016572,0.011830954605,2.51038134288,1.41039438425,5.0
0.0051546157622,4.13928790604,3,3.66666666667,0.942809041582,0.00910927025534,0.0,150,0.476043190755,3.0,0.0051546157622,0.00910927025534,2.40417458714,1.42052376967,5.0
-0.0105233793009,4.01792123433,3,3.33333333333,0.471404520791,0.00993085413769,0.00557589309317,151,0.43810435663,3.0,-0.00494748620768,0.00890476267011,2.44469609862,1.390764663,4.0
-0.00887353237075,4.08825829667,3,3.33333333333,0.471404520791,0.00991849468721,0.0093225436575,152,0.51504597467,3.0,0.00044901128676,0.00888523257883,2.00326961812,1.40811903502,4.0
0.00103201107756,3.743628901,3,3.0,2.16024689947,0.00990080827418,0.0155595123068,153,-35.9709027721,0.0,0.0165915233843,0.00894726668161,2.20113314562,1.32005543538,5.0
-0.0325863398982,4.04093777722,3,4.66666666667,0.942809041582,0.011598457293,0.0,154,0.345968511136,4.0,-0.0325863398982,0.011598457293,2.79544365693,1.39647678811,6.0
0.00861817666274,3.9888632426,3,5.0,1.41421356237,0.0113756482232,0.0,155,-0.133732529332,4.0,0.00861817666274,0.0113756482232,2.90027686386,1.38350628871,7.0
-0.0106458574939,3.77094834834,3,2.0,0.816496580928,0.018454822753,0.0,156,-6.28389014893,1.0,-0.0106458574939,0.018454822753,0.866552433743,1.32732652111,3.0
-0.0216717145124,4.02789838163,3,2.33333333333,0.471404520791,0.00995368450037,0.00903534443872,157,0.302956120046,2.0,-0.0126363700737,0.00638435488617,1.78709245586,1.39324474654,3.0
-0.0213701336938,3.56578634454,3,2.0,1.63299316186,0.00994254357455,0.0134091076943,158,-5.27308998809,0.0,-0.00796102599947,0.00866895140064,1.53424764091,1.27138460305,4.0
-0.0148717384581,3.45068174019,3,3.33333333333,0.942809041582,0.0177539024682,0.0,159,0.166487037993,2.0,-0.0148717384581,0.0177539024682,1.19072013111,1.23857181737,4.0
-0.00602534931133,3.69885025658,3,1.66666666667,1.24721912892,0.011052603764,0.0,160,-0.872344765714,0.0,-0.00602534931133,0.011052603764,1.35529935108,1.3080220299,3.0
-0.0375148623848,4.02634285913,3,3.0,0.816496580928,0.00917688586577,0.0202699175486,161,0.24854508674,2.0,-0.0172449448361,0.00739458765326,2.46280493496,1.39285848482,4.0
-0.000655405323164,3.48493385618,3,2.66666666667,1.88561808316,0.0199225271656,0.0,162,-0.263825057194,0.0,-0.000655405323164,0.0199225271656,1.88472275184,1.24844906446,4.0
0.00136036122082,3.77339703164,3,3.66666666667,1.24721912892,0.0139365439233,0.0,163,0.425732813581,2.0,0.00136036122082,0.0139365439233,2.11456203865,1.32797566514,5.0
-0.0318447006736,3.58986927914,3,1.33333333333,0.942809041582,0.021546715793,0.0,164,-3.07281067405,0.0,-0.0318447006736,0.021546715793,0.691777069236,1.27811578934,2.0
-0.0290152542338,3.77926449509,3,3.33333333333,0.942809041582,0.00985081496808,0.014433683144,165,0.446850049698,2.0,-0.0145815710899,0.00817002562816,2.39618376373,1.32952941268,4.0
0.0132583222286,3.71483204365,3,2.66666666667,0.471404520791,0.0174196509206,0.0,166,0.451369026136,2.0,0.0132583222286,0.0174196509206,1.23767454235,1.31233346683,3.0
-0.00850749111065,3.80569630611,3,2.33333333333,1.24721912892,0.0131210347523,0.0,167,0.381324763994,1.0,-0.00850749111065,0.0131210347523,1.14928976067,1.33649897224,4.0
-0.0155470655901,3.96550562427,3,3.0,0.816496580928,0.0116021787533,0.0,168,0.323029271672,2.0,-0.0155470655901,0.0116021787533,2.42580011354,1.37763336884,4.0
0.00731022983639,3.59218519805,3,3.0,0.816496580928,0.0141715398449,0.0,169,-0.608527821425,2.0,0.00731022983639,0.0141715398449,2.14207306933,1.27876070759,4.0
-0.0206588044584,3.60904681922,3,2.33333333333,1.6996731712,0.0142792066339,0.0,170,0.109133120414,0.0,-0.0206588044584,0.0142792066339,1.67748710379,1.28344369848,4.0
0.00383060305257,3.88655486833,3,3.66666666667,0.471404520791,0.0113411701786,0.0,171,0.535167948688,3.0,0.00383060305257,0.0113411701786,2.63771788494,1.35752312726,4.0
-0.0608971732451,3.5074329817,3,2.66666666667,0.942809041582,0.0160377655409,0.0,172,-0.454450508748,2.0,-0.0608971732451,0.0160377655409,1.51321285227,1.25488442567,4.0
-0.0289098094363,3.57639877144,3,2.33333333333,1.6996731712,0.0149408226982,0.0,173,-0.191009177647,0.0,-0.0289098094363,0.0149408226982,1.73903914261,1.27435636436,4.0
-0.0160628305867,3.85852731022,3,2.66666666667,0.942809041582,0.0104078525546,0.0,174,0.488755181206,2.0,-0.0160628305867,0.0104078525546,2.02380707284,1.35028558483,4.0
-0.0147298964192,3.81621678616,3,2.33333333333,1.24721912892,0.0114796183108,0.0,175,-4.96488498572,1.0,-0.0147298964192,0.0114796183108,1.70251736863,1.33925956176,4.0
-0.0173424299992,3.3707603654,3,0.666666666667,0.471404520791,0.0234488560678,0.0,176,-1.87171264928,0.0,-0.0173424299992,0.0234488560678,0.19336120205,1.21513834663,1.0
-0.0151794788421,3.51147965465,3,3.33333333333,2.49443825785,0.0101594913502,0.0,177,0.181533452138,0.0,-0.0151794788421,0.0101594913502,1.99664606921,1.25603750268,6.0
-0.0140648968476,3.78972945536,3,5.0,0.816496580928,0.0110152222404,0.0,178,0.432881463218,4.0,-0.0140648968476,0.0110152222404,3.64263642275,1.33229463274,6.0
0.0228697617899,3.94938429285,3,3.33333333333,0.942809041582,0.0179229755603,0.0,179,-0.390059659038,2.0,0.0228697617899,0.0179229755603,1.93242981248,1.37355969154,4.0
-0.0291182212145,3.78341811767,3,2.33333333333,1.24721912892,0.026532869499,0.0,180,0.0526235653837,1.0,-0.0291182212145,0.026532869499,0.465627273308,1.33062786497,4.0
-0.0192129551556,3.70913469839,3,4.0,0.0,0.0108049340491,0.0,181,-0.294737536738,4.0,-0.0192129551556,0.0108049340491,3.04611317042,1.31079861448,4.0
0.00601986166016,3.60078582781,3,3.33333333333,0.942809041582,0.00998040021318,0.00290320693005,182,0.607394387926,2.0,0.00892306859021,0.00994485180733,2.48220886014,1.28115210714,4.0
-0.0219419219716,3.64322742125,3,3.33333333333,0.471404520791,0.0101571210664,0.0,183,-1.36619234013,3.0,-0.0219419219716,0.0101571210664,2.26183655338,1.29286994299,4.0
-0.00297946381679,3.83957931006,3,2.33333333333,0.471404520791,0.0131463653085,0.0,184,-0.568158446332,2.0,-0.00297946381679,0.0131463653085,1.20138322153,1.34536280593,3.0
-0.0261992365006,4.01717149198,3,4.0,1.63299316186,0.00986452561501,0.0102429860079,185,-0.104366975024,2.0,-0.0159562504927,0.00874095596629,2.45386889147,1.39057804602,6.0
-0.00818969385588,3.56841417603,3,3.0,1.41421356237,0.0119872756983,0.0,186,-7.4589604348,1.0,-0.00818969385588,0.0119872756983,2.00614960469,1.27212128871,4.0
-0.00500626634139,3.93722202323,3,3.0,0.816496580928,0.011680172701,0.0,187,0.215521660086,2.0,-0.00500626634139,0.011680172701,2.19034182318,1.37047540439,4.0
-0.0213547951175,3.85199272328,3,3.33333333333,0.942809041582,0.0148790230427,0.0,188,0.210404370514,2.0,-0.0213547951175,0.0148790230427,1.7767333331,1.34859060486,4.0
-0.0166390813425,3.88615239366,3,4.33333333333,1.24721912892,0.00996632564152,0.00403018599922,189,0.392644067829,3.0,-0.0126088953432,0.00973617404759,2.83145851101,1.35741956626,6.0
-0.0130043085604,3.21060426979,3,1.66666666667,2.35702260396,0.0254720412684,0.0,190,-0.897510946747,0.0,-0.0130043085604,0.0254720412684,0.776744907305,1.16645916547,5.0
-0.00780580457394,3.87533373426,3,3.66666666667,1.24721912892,0.0164068039857,0.0,191,-0.953611391409,2.0,-0.00780580457394,0.0164068039857,2.54154617415,1.35463178407,5.0
-0.0419772934684,3.4079011408,3,2.66666666667,1.88561808316,0.0162336621165,0.0,192,-1.59697857362,0.0,-0.0419772934684,0.0162336621165,1.81498714689,1.22609660056,4.0
-0.00457628824143,3.69720793149,3,4.66666666667,0.942809041582,0.0113943836796,0.0,193,0.438132450188,4.0,-0.00457628824143,0.0113943836796,3.16829129961,1.30757792168,6.0
-0.00159029187619,3.85282963649,3,3.0,0.816496580928,0.00981889951877,0.0111782908307,194,0.338060586041,2.0,0.00958799895451,0.00885607211624,2.3604430936,1.34880784886,4.0
0.00156899224085,3.57481952855,3,3.66666666667,0.471404520791,0.014118457237,0.0,195,0.692453363072,3.0,0.00156899224085,0.014118457237,2.99478216505,1.27391469335,4.0
-0.0150562674007,3.79568502344,3,3.33333333333,0.942809041582,0.0107437695257,0.0,196,0.152597517582,2.0,-0.0150562674007,0.0107437695257,2.49556973822,1.33386490139,4.0
-0.0406510622463,3.80509959116,3,3.33333333333,0.942809041582,0.0181850822426,0.0,197,0.0384887606051,2.0,-0.0406510622463,0.0181850822426,1.90683347281,1.33634216473,4.0
-0.00105855329254,3.79686157818,3,3.0,0.816496580928,0.0118547238045,0.0,198,0.497725616479,2.0,-0.00105855329254,0.0118547238045,2.41893288572,1.33417482501,4.0
-0.00360883349307,3.72025586763,3,4.0,0.0,0.00994893635788,0.0,199,0.612694809518,4.0,-0.00360883349307,0.00994893635788,3.26535266134,1.31379244754,4.0
0.00295802592741,3.80098669213,3,3.0,1.41421356237,0.013094154113,0.0,200,-15.7066064455,1.0,0.00295802592741,0.013094154113,2.10347105446,1.33526068885,4.0
-0.0116617232672,3.78093451503,3,4.0,0.0,0.0126004050008,0.0,201,0.343793871014,4.0,-0.0116617232672,0.0126004050008,2.51929892094,1.32997120528,4.0
-0.0121641164671,3.71480269631,3,2.66666666667,0.942809041582,0.0128415817864,0.0,202,0.302297781242,2.0,-0.0121641164671,0.0128415817864,1.93080906945,1.31232556675,4.0
-0.0177384560237,3.43424854847,3,3.33333333333,2.49443825785,0.0132733735312,0.0,203,0.102284434624,0.0,-0.0177384560237,0.0132733735312,2.29668890622,1.23379813856,6.0
-0.0334608242452,3.30799062059,3,2.0,2.82842712475,0.0349699790932,0.0,204,0.123588290492,0.0,-0.0334608242452,0.0349699790932,1.00922806473,1.19634094179,6.0
0.00996500847112,3.91262120569,3,3.66666666667,1.6996731712,0.010074925072,0.0,205,-0.190991375366,2.0,0.00996500847112,0.010074925072,2.1432226518,1.36420753448,6.0
-0.00358160816866,3.70321683186,3,1.33333333333,0.942809041582,0.0172910100636,0.0,206,-195.337939281,0.0,-0.00358160816866,0.0172910100636,0.173026780732,1.30920185594,2.0
-0.0299358627571,3.94778089166,3,3.0,0.816496580928,0.00997847009527,0.00761094635309,207,-0.280650544799,2.0,-0.022324916404,0.00948905547462,2.37110585032,1.37315362147,4.0
0.0206828306038,3.42753904104,3,2.66666666667,1.88561808316,0.0202109186913,0.0,208,-6.93988531311,0.0,0.0206828306038,0.0202109186913,1.67090749232,1.23184252292,4.0
0.0030129388718,3.73349743511,3,3.33333333333,0.471404520791,0.0114906550226,0.0,209,0.582562639208,3.0,0.0030129388718,0.0114906550226,2.71282772263,1.3173454445,4.0
0.0278803458666,3.7428864003,3,2.33333333333,1.24721912892,0.0239567685539,0.0,210,-10.8302306307,1.0,0.0278803458666,0.0239567685539,1.01550604585,1.31985707855,4.0
-0.0337871446889,3.79526107037,3,4.0,0.816496580928,0.011692521772,0.0,211,0.348169924338,3.0,-0.0337871446889,0.011692521772,2.65511861647,1.33375320173,5.0
-0.00982251926919,3.36994828701,3,1.0,0.816496580928,0.0183316880057,0.0,212,-6.64713289241,0.0,-0.00982251926919,0.0183316880057,0.564306998828,1.21489739915,2.0
-0.0164749129874,3.82532023143,3,3.33333333333,0.942809041582,0.0116225826712,0.0,213,0.269521360697,2.0,-0.0164749129874,0.0116225826712,2.51024757786,1.34164218441,4.0
-0.0289382875425,3.64169649141,3,2.33333333333,1.6996731712,0.0145096369605,0.0,214,0.305165091885,0.0,-0.0289382875425,0.0145096369605,1.88352354493,1.29244964214,4.0
-0.00702009060476,3.66062907393,3,3.66666666667,0.471404520791,0.0116587289053,0.0,215,0.279214887011,3.0,-0.00702009060476,0.0116587289053,2.33989934874,1.29763501077,4.0
-0.0337840705011,3.66909995241,3,1.66666666667,1.24721912892,0.0190449306247,0.0,216,-1.16234635496,0.0,-0.0337840705011,0.0190449306247,0.835790604296,1.29994638741,3.0
-0.0308796420081,3.72722712623,3,3.33333333333,2.49443825785,0.00995278783588,0.00782499851073,217,0.0834523912283,0.0,-0.0230546434973,0.0097023231857,2.27401959897,1.31566455941,6.0
-0.00346336340479,3.81322497298,3,3.33333333333,0.942809041582,0.00993442129026,0.0108845859177,218,0.648198906543,2.0,0.00742122251295,0.00970310289885,2.30591888597,1.3384752807,4.0
-0.00664698358349,3.91315384719,3,3.66666666667,0.471404520791,0.0120400775383,0.0,219,0.537871528949,3.0,-0.00664698358349,0.0120400775383,2.63100111702,1.3643436594,4.0
0.0391545033355,3.69504689228,3,2.0,1.63299316186,0.0226745498468,0.0,220,-16.9876142251,0.0,0.0391545033355,0.0226745498468,1.53262090887,1.30699324506,4.0
-0.0470334827878,3.46997827632,3,1.33333333333,1.88561808316,0.0263958557485,0.0,221,0.201348660247,0.0,-0.0470334827878,0.0263958557485,0.950227666452,1.24414833351,4.0
-0.0195164553352,3.46363056971,3,3.33333333333,0.942809041582,0.017097285299,0.0,222,0.0786175179385,2.0,-0.0195164553352,0.017097285299,1.80065545651,1.24231733655,4.0
-0.00337727410842,3.48900207134,3,2.66666666667,0.942809041582,0.0119031380736,0.0,223,0.298438778393,2.0,-0.00337727410842,0.0119031380736,1.80835166312,1.24961575588,4.0
-0.00165983915583,3.59400153775,3,4.0,0.0,0.0153237065259,0.0,224,0.360908797453,4.0,-0.00165983915583,0.0153237065259,2.35539683258,1.27926621623,4.0
-0.0196940331857,3.63750433613,3,3.0,0.816496580928,0.0138601441146,0.0,225,0.0358928716667,2.0,-0.0196940331857,0.0138601441146,1.6712297887,1.29129782456,4.0
-0.0169417610692,3.53601467704,3,3.0,2.16024689947,0.011833050135,0.0,226,0.373701827793,0.0,-0.0169417610692,0.011833050135,2.18951936093,1.26300029551,5.0
-0.0161033376385,3.35461568433,3,3.0,0.816496580928,0.0105158688385,0.0,227,0.589053592957,2.0,-0.0161033376385,0.0105158688385,2.27185632755,1.21033721374,4.0
0.00446574170619,3.27594815284,3,3.66666666667,2.62466929134,0.0157879615611,0.0,228,-9.31534719134,0.0,0.00446574170619,0.0157879615611,2.55904849402,1.1866073395,6.0
-0.0240728695973,3.71759602539,3,3.0,2.16024689947,0.010575225321,0.0,229,-0.151143002797,0.0,-0.0240728695973,0.010575225321,2.31316095749,1.31307722966,5.0
0.00374170182004,3.64230115851,3,1.66666666667,1.6996731712,0.0196310179834,0.0,230,-0.0772349724083,0.0,0.00374170182004,0.0196310179834,1.25970348257,1.29261566831,4.0
-0.0251132736807,3.79128616555,3,1.66666666667,1.24721912892,0.0155972903131,0.0,231,0.422305979261,0.0,-0.0251132736807,0.0155972903131,1.06408946465,1.33270531919,3.0
-0.0415976312282,3.51113038887,3,3.0,2.16024689947,0.0149946440163,0.0,232,0.290860753887,0.0,-0.0415976312282,0.0149946440163,2.25374567136,1.25593803374,5.0
-0.0305942698152,3.6022651035,3,2.0,1.63299316186,0.0146875034505,0.0,233,-1.48313912038,0.0,-0.0305942698152,0.0146875034505,1.2621103248,1.28156284302,4.0
-0.0250530081672,3.54722464793,3,2.0,1.63299316186,0.0190080779133,0.0,234,-0.126102241845,0.0,-0.0250530081672,0.0190080779133,1.48797778063,1.26616550842,4.0
-0.00707517007671,3.57377254498,3,2.33333333333,1.24721912892,0.020395449978,0.0,235,0.248762434771,1.0,-0.00707517007671,0.020395449978,1.37478571527,1.27362177313,4.0
-0.00695768970359,3.62773436867,3,3.33333333333,0.471404520791,0.0143982210276,0.0,236,0.467858446578,3.0,-0.00695768970359,0.0143982210276,2.62372511744,1.28860831256,4.0
0.0431237087594,3.59331386868,3,2.66666666667,1.88561808316,0.0277257501017,0.0,237,-8.50122820762,0.0,0.0431237087594,0.0277257501017,2.14936247429,1.27907485992,4.0
-0.0286716809985,3.44069242343,3,2.66666666667,1.88561808316,0.0182942488562,0.0,238,-0.680858843843,0.0,-0.0286716809985,0.0182942488562,1.83914731091,1.23567273701,4.0
-0.0141743791038,3.96971016245,3,3.0,0.816496580928,0.0130941502718,0.0,239,0.591693930056,2.0,-0.0141743791038,0.0130941502718,2.15795427419,1.3786930851,4.0
-0.0400950207804,3.68779261345,3,3.33333333333,0.942809041582,0.0172182693705,0.0,240,-0.791181349462,2.0,-0.0400950207804,0.0172182693705,2.0007053903,1.30502807132,4.0
-0.000910395998176,3.52754717549,3,4.66666666667,0.471404520791,0.0176861887792,0.0,241,0.046765449529,4.0,-0.000910395998176,0.0176861887792,2.64554770729,1.26060277829,5.0
-0.00901424171536,3.43106374994,3,2.33333333333,1.6996731712,0.0184814191092,0.0,242,-1.13561584912,0.0,-0.00901424171536,0.0184814191092,1.75827664499,1.23287034427,4.0
-0.0267130195748,3.50971392301,3,2.0,1.63299316186,0.0134643192708,0.0,243,-0.505412486663,0.0,-0.0267130195748,0.0134643192708,1.58281867054,1.25553453074,4.0
-0.0153262708508,3.54099738561,3,3.33333333333,0.942809041582,0.0178112063189,0.0,244,0.446391036563,2.0,-0.0153262708508,0.0178112063189,2.01848985422,1.26440843481,4.0
0.00725953780643,3.52636644718,3,1.33333333333,0.942809041582,0.0213483636437,0.0,245,-0.402571624546,0.0,0.00725953780643,0.0213483636437,0.495402052985,1.26026800574,2.0
-0.0229270388118,3.31170734307,3,1.0,1.41421356237,0.023243554346,0.0,246,-0.785976609635,0.0,-0.0229270388118,0.023243554346,0.760567945495,1.19746387002,3.0
-0.0161332598897,3.67026572375,3,2.66666666667,1.88561808316,0.016878681542,0.0,247,0.216765681278,0.0,-0.0161332598897,0.016878681542,1.64267997018,1.30026406374,4.0
-0.0150492231788,3.64869817239,3,3.33333333333,0.942809041582,0.0141202669156,0.0,248,-0.220343970774,2.0,-0.0150492231788,0.0141202669156,2.16286115435,1.29437043887,4.0
-0.0239759988851,3.71362848774,3,4.0,0.0,0.0137679257341,0.0,249,0.526450144835,4.0,-0.0239759988851,0.0137679257341,2.8075815301,1.3120094277,4.0
-0.00289498744172,3.83549971605,3,3.66666666667,0.942809041582,0.0129148033532,0.0,250,0.601742293539,3.0,-0.00289498744172,0.0129148033532,2.48293645392,1.34429973039,5.0
-0.0347417677799,3.69409390978,3,2.33333333333,1.6996731712,0.0120169818012,0.0,251,-0.0656619733488,0.0,-0.0347417677799,0.0120169818012,1.65730109705,1.3067353037,4.0
-0.0255177194816,3.64660781328,3,4.0,0.0,0.0131656262311,0.0,252,0.494442478373,4.0,-0.0255177194816,0.0131656262311,2.78203207921,1.29379736924,4.0
0.000630237565567,3.60968972321,3,3.33333333333,1.24721912892,0.00952645261391,0.00857028772637,253,0.549467560318,2.0,0.00920052529193,0.00825241435561,2.20338244514,1.2836218194,5.0
0.0030507242801,3.85909445433,3,2.66666666667,1.24721912892,0.0164335984721,0.0,254,-24.9386573098,1.0,0.0030507242801,0.0164335984721,1.71020778456,1.35043255863,4.0
0.00193777036692,3.7167368852,3,3.33333333333,0.471404520791,0.010415465588,0.0,255,0.528847527132,3.0,0.00193777036692,0.010415465588,2.67189279274,1.31284610194,4.0
0.0190245811868,3.49391728929,3,3.0,2.16024689947,0.0218768115848,0.0,256,-11.703172888,0.0,0.0190245811868,0.0218768115848,1.66060210622,1.25102353922,5.0
-0.0363636635447,3.32616730639,3,0.0,0.0,0.0193344255227,0.0,257,0,0.0,-0.0363636635447,0.0193344255227,0.0,1.20182068209,0.0
-0.0160784569221,3.72435624315,3,3.66666666667,0.471404520791,0.0126218570436,0.0,258,1.85496981109e-08,3.0,-0.0160784569221,0.0126218570436,2.95408613914,1.31489401626,4.0
0.00949594438731,3.32579997967,3,1.66666666667,2.35702260396,0.0115900146499,0.0,259,-2.10873655945,0.0,0.00949594438731,0.0115900146499,1.2327389917,1.20171024056,5.0
-0.015834092406,3.46711274031,3,2.0,1.63299316186,0.0170021837786,0.0,260,-13.4153753569,0.0,-0.015834092406,0.0170021837786,1.14717360925,1.24332218429,4.0
-0.0313713916338,3.4876165006,3,2.0,1.41421356237,0.0125969581,0.0,261,-0.0943771269046,0.0,-0.0313713916338,0.0125969581,1.36366707335,1.24921855178,3.0
-0.0416774490582,3.64846866754,3,5.0,0.816496580928,0.010941024704,0.0,262,0.32971187754,4.0,-0.0416774490582,0.010941024704,3.74802857232,1.29430753642,6.0
0.0081919559152,3.72512923587,3,3.66666666667,0.471404520791,0.016961722126,0.0,263,0.48306275832,3.0,0.0081919559152,0.016961722126,2.6273523414,1.31510154542,4.0
-0.00474926550046,3.71331906255,3,3.33333333333,0.942809041582,0.0216802775895,0.0,264,0.324271440253,2.0,-0.00474926550046,0.0216802775895,1.56038344581,1.3119261027,4.0
-0.017700241191,3.62131540439,3,1.66666666667,1.24721912892,0.0162280937689,0.0,265,-0.429375647153,0.0,-0.017700241191,0.0162280937689,1.21883038307,1.28683733121,3.0
-0.0228688261438,3.64008659459,3,3.0,2.44948974278,0.0126832035163,0.0,266,0.417260387538,0.0,-0.0228688261438,0.0126832035163,1.57936337354,1.29200747109,6.0
-0.0262669486087,3.62693399487,3,2.0,1.63299316186,0.0178929016494,0.0,267,0.194061775943,0.0,-0.0262669486087,0.0178929016494,1.32917984487,1.28838766186,4.0
-0.0131554946226,3.55399312471,3,2.66666666667,1.88561808316,0.0139534679298,0.0,268,0.285808234233,0.0,-0.0131554946226,0.0139534679298,2.1424518209,1.26807179521,4.0
-0.00313576877135,3.5327543434,3,2.33333333333,1.6996731712,0.0105043746641,0.0,269,0.570942737604,0.0,-0.00313576877135,0.0105043746641,1.76701747,1.26207783395,4.0
-0.0108350760713,3.58124086061,3,1.66666666667,1.24721912892,0.012285371766,0.0,270,-0.735837564991,0.0,-0.0108350760713,0.012285371766,0.838846600163,1.27570934947,3.0
-0.0538124280205,3.67328720019,3,2.66666666667,1.88561808316,0.0153058835767,0.0,271,-0.0588547895127,0.0,-0.0538124280205,0.0153058835767,1.81245100831,1.30108695604,4.0
-0.0274091661054,3.76991308183,3,3.66666666667,0.471404520791,0.0143528531795,0.0,272,-0.146081791504,3.0,-0.0274091661054,0.0143528531795,2.93545641214,1.32705194598,4.0
0.0237338235733,3.5780374309,3,3.33333333333,0.942809041582,0.0178149541813,0.0,273,-19.7268158207,2.0,0.0237338235733,0.0178149541813,1.72129953856,1.27481444644,4.0
-0.0166722330437,3.56296129675,3,4.0,0.0,0.0139369843763,0.0,274,0.345699986569,4.0,-0.0166722330437,0.0139369843763,3.10183734804,1.27059202402,4.0
-0.00855097872864,3.65294314729,3,3.66666666667,0.471404520791,0.0128447785785,0.0,275,-0.30166810197,3.0,-0.00855097872864,0.0128447785785,2.71569676448,1.2955331844,4.0
0.00424203262874,3.82587778445,3,3.0,0.0,0.0126670263309,0.0,276,0.302206804076,3.0,0.00424203262874,0.0126670263309,2.16630843514,1.34178792708,3.0
-0.0356013320576,3.40859486896,3,3.0,0.0,0.0170418336565,0.0,277,-1.06000229724,3.0,-0.0356013320576,0.0170418336565,1.42262500756,1.22630014449,3.0
-0.0226357151835,3.68200459503,3,3.0,0.816496580928,0.0234583410916,0.0,278,-0.208304222382,2.0,-0.0226357151835,0.0234583410916,1.24887969501,1.30345733078,4.0
-0.00860742916968,3.73319720177,3,3.33333333333,0.942809041582,0.0134223224387,0.0,279,0.15883144659,2.0,-0.00860742916968,0.0134223224387,2.23802335007,1.31726502516,4.0
-0.00890674103616,3.54260863298,3,4.0,0.0,0.011810528536,0.0,280,0.451063986673,4.0,-0.00890674103616,0.011810528536,3.0200125572,1.26486335774,4.0
0.0163851550237,3.44098745305,3,3.0,2.16024689947,0.0165180773062,0.0,281,-1.00018339507,0.0,0.0163851550237,0.0165180773062,2.07385932207,1.2357584805,5.0
-0.0191460896433,3.64631112409,3,2.0,1.63299316186,0.0123987939597,0.0,282,0.132255725497,0.0,-0.0191460896433,0.0123987939597,1.59905007616,1.29371600561,4.0
-0.0317029916763,3.58541859572,3,1.66666666667,1.6996731712,0.0186376425799,0.0,283,-0.0196013715213,0.0,-0.0317029916763,0.0186376425799,1.26824619522,1.27687523034,4.0
-0.0432073447973,3.57887898354,3,2.0,1.63299316186,0.00995786943534,0.010653483113,284,0.31611603724,0.0,-0.0325538616843,0.00902874937333,1.58361513827,1.27504961829,4.0
-0.000821717322208,3.7385291384,3,3.66666666667,0.471404520791,0.0146890155798,0.0,285,0.584871157856,3.0,-0.000821717322208,0.0146890155798,2.67726962009,1.31869225557,4.0
-0.0322349201839,3.57434877007,3,2.0,1.63299316186,0.0228760593419,0.0,286,-2.81043172066,0.0,-0.0322349201839,0.0228760593419,1.22103651401,1.27378299733,4.0
-0.022598603933,3.5908375905,3,3.33333333333,0.942809041582,0.0117446761874,0.0,287,0.00635007823006,2.0,-0.022598603933,0.0117446761874,2.60908793189,1.2783854874,4.0
-0.0085824499593,3.59305591294,3,2.66666666667,1.88561808316,0.0110947023372,0.0,288,-10.7961799795,0.0,-0.0085824499593,0.0110947023372,2.13476430159,1.27900306964,4.0
0.0051002669845,3.82234569612,3,3.0,1.41421356237,0.0225396549821,0.0,289,-0.22160911371,1.0,0.0051002669845,0.0225396549821,2.22464927209,1.34086429074,4.0
-0.0512936564939,3.2925194134,3,0.666666666667,0.942809041582,0.0275548223363,0.0,290,-0.691489289979,0.0,-0.0512936564939,0.0275548223363,0.128671662831,1.19165305087,2.0
-0.046645322985,3.60509974694,3,2.66666666667,1.88561808316,0.0185250387354,0.0,291,-0.0770474623825,0.0,-0.046645322985,0.0185250387354,2.05838461012,1.28234943941,4.0
-0.00854457025079,3.63391026626,3,3.33333333333,1.24721912892,0.0102848909591,0.0,292,0.572064336319,2.0,-0.00854457025079,0.0102848909591,2.50696864858,1.29030927684,5.0
0.0250588819901,3.58900041029,3,3.0,0.816496580928,0.0107495687056,0.0,293,0.264752193252,2.0,0.0250588819901,0.0107495687056,2.16800785128,1.27787372649,4.0
-0.00693059697796,3.35987252131,3,0.666666666667,0.942809041582,0.0212423815967,0.0,294,-5.45093394495,0.0,-0.00693059697796,0.0212423815967,0.503247839731,1.21190303317,2.0
-0.0271857326676,3.40342016724,3,3.0,1.41421356237,0.0203977520955,0.0,295,0.0608387134659,1.0,-0.0271857326676,0.0203977520955,2.10422702366,1.22478085755,4.0
-0.0151988894841,3.597485113,3,4.0,0.0,0.0130950799774,0.0,296,0.584191727657,4.0,-0.0151988894841,0.0130950799774,3.1519736785,1.28023502162,4.0
-0.0295646952235,3.54525980969,3,2.66666666667,1.88561808316,0.0143741517859,0.0,297,0.310593448188,0.0,-0.0295646952235,0.0143741517859,1.93492583514,1.26561144635,4.0
-0.0145416878679,3.92050452263,3,2.66666666667,0.942809041582,0.0134296533656,0.0,298,0.101384100459,2.0,-0.0145416878679,0.0134296533656,2.09020877565,1.36622035027,4.0
-0.003785042542,3.62448275195,3,2.33333333333,1.24721912892,0.016791852182,0.0,299,-0.0483120778267,1.0,-0.003785042542,0.016791852182,1.24461221535,1.28771158901,4.0
-0.0207878530668,3.54524036143,3,2.66666666667,1.88561808316,0.0138158991815,0.0,300,-0.994476345275,0.0,-0.0207878530668,0.0138158991815,2.25207774374,1.26560596063,4.0
-0.0218467696412,3.69781665678,3,3.33333333333,0.942809041582,0.0154347136804,0.0,301,0.66756162177,2.0,-0.0218467696412,0.0154347136804,2.58186610349,1.30774255272,4.0
-0.0387197484047,3.26401251675,3,2.66666666667,1.88561808316,0.0128198433768,0.0,302,-0.950525633382,0.0,-0.0387197484047,0.0128198433768,2.01562726613,1.18295727188,4.0
-0.0425256639792,3.32315398042,3,1.66666666667,1.6996731712,0.0166674875384,0.0,303,-0.123005143195,0.0,-0.0425256639792,0.0166674875384,0.923633728854,1.20091432607,4.0
-0.0302510017163,3.49179249975,3,3.33333333333,0.942809041582,0.0274087862469,0.0,304,-0.499086124089,2.0,-0.0302510017163,0.0274087862469,1.29237495289,1.25041521461,4.0
-0.0220354488968,3.70223082191,3,2.66666666667,1.88561808316,0.0173895276732,0.0,305,-0.295128563018,0.0,-0.0220354488968,0.0173895276732,2.01243726784,1.3089355628,4.0
-0.0213820659876,3.36283350181,3,2.33333333333,1.6996731712,0.0201326708803,0.0,306,0.0236771802345,0.0,-0.0213820659876,0.0201326708803,1.43799606126,1.2127839227,4.0
-0.0275894892863,3.50371273647,3,2.0,1.63299316186,0.0211255640298,0.0,307,0.663551550586,0.0,-0.0275894892863,0.0211255640298,1.58706487845,1.25382318811,4.0
-0.0238512283667,3.21191939607,3,0.0,0.0,0.0167875353108,0.0,308,0,0.0,-0.0238512283667,0.0167875353108,0.0,1.16686870115,0.0
-0.00303086168939,3.5418854417,3,3.33333333333,0.471404520791,0.0147552504799,0.0,309,1.54867006996e-08,3.0,-0.00303086168939,0.0147552504799,2.01218394289,1.26465919601,4.0
-0.0077331663826,3.48669465771,3,2.66666666667,1.88561808316,0.0143662167207,0.0,310,0.3795609764,0.0,-0.0077331663826,0.0143662167207,2.13434116396,1.24895419796,4.0
-0.0062511000557,3.34144335872,3,3.0,2.16024689947,0.0100760314189,0.0,311,-7.57462368486,0.0,-0.0062511000557,0.0100760314189,2.23435309776,1.20640285697,5.0
-0.0214571417088,3.51428697762,3,1.66666666667,1.6996731712,0.0197670893258,0.0,312,-0.961074040607,0.0,-0.0214571417088,0.0197670893258,1.21956841165,1.25683665337,4.0
-0.0079167583223,3.74191922059,3,3.33333333333,0.471404520791,0.0147918635942,0.0,313,0.332767601062,3.0,-0.0079167583223,0.0147918635942,2.28396807014,1.31959864039,4.0
0.0232452729143,3.23695530798,3,1.0,1.41421356237,0.0304637977938,0.0,314,-9.4713563016,0.0,0.0232452729143,0.0304637977938,0.812563281692,1.17463316823,3.0
-0.0245615330003,3.5501846895,3,4.33333333333,0.471404520791,0.0118837628979,0.0,315,0.214285688422,4.0,-0.0245615330003,0.0118837628979,3.02899568739,1.26699962735,5.0
0.0055208574143,3.66611002957,3,2.66666666667,1.88561808316,0.0130785275755,0.0,316,-0.973041127848,0.0,0.0055208574143,0.0130785275755,1.92538610419,1.29913116249,4.0
-0.0829063892422,3.28241745742,3,0.666666666667,0.942809041582,0.0292216316691,0.0,317,-1.76909509782,0.0,-0.0829063892422,0.0292216316691,0.0208104853762,1.18858018063,2.0
-0.0273488134013,3.51649718619,3,1.0,1.41421356237,0.0131321011868,0.0,318,-0.232777709014,0.0,-0.0273488134013,0.0131321011868,0.804214989734,1.25746537659,3.0
-0.0286483829587,3.85141162061,3,4.0,0.816496580928,0.0171103940966,0.0,319,0.171494066937,3.0,-0.0286483829587,0.0171103940966,2.41020841367,1.3484397358,5.0
-0.00440874833451,3.54778269628,3,2.66666666667,1.88561808316,0.0149305903392,0.0,320,0.0948737865912,0.0,-0.00440874833451,0.0149305903392,2.19331541692,1.26632281575,4.0
-0.0234467386252,3.56160506066,3,3.33333333333,1.6996731712,0.0123026592613,0.0,321,0.285012142271,1.0,-0.0234467386252,0.0123026592613,1.93001672484,1.27021130299,5.0
-0.00198406348919,3.70261732623,3,3.0,0.816496580928,0.00982490083119,0.00960234306457,322,0.552382302257,2.0,0.00761827957538,0.00926283977644,2.45094462634,1.30903995504,4.0
-0.0249850271695,3.56537010853,3,3.66666666667,0.471404520791,0.0124691317099,0.0,323,0.231936806296,3.0,-0.0249850271695,0.0124691317099,2.76328858863,1.27126786574,4.0
-0.0234408675167,3.4395485909,3,1.0,1.41421356237,0.0188150809864,0.0,324,-12.57558465,0.0,-0.0234408675167,0.0188150809864,0.77031666759,1.2353402392,3.0
-0.0210280525347,3.30059296462,3,1.33333333333,1.88561808316,0.036483745027,0.0,325,0.200772221826,0.0,-0.0210280525347,0.036483745027,1.11600093241,1.19410213858,4.0
-0.0336833233739,3.48826404714,3,3.66666666667,0.471404520791,0.0202970506224,0.0,326,-0.0121849723164,3.0,-0.0336833233739,0.0202970506224,2.16369513675,1.24940420477,4.0
-0.0282969521692,3.49253151093,3,0.666666666667,0.942809041582,0.0180990703765,0.0,327,-4.59751194273,0.0,-0.0282969521692,0.0180990703765,0.506198206534,1.25062683456,2.0
-0.0363148470649,3.67318312408,3,3.66666666667,0.471404520791,0.0133039595925,0.0,328,-0.0286994107476,3.0,-0.0363148470649,0.0133039595925,3.01545503186,1.30105862241,4.0
-0.0142260883624,3.58708130344,3,2.66666666667,1.88561808316,0.0130740665425,0.0,329,0.374473424547,0.0,-0.0142260883624,0.0130740665425,2.16418808458,1.27733886443,4.0
-0.0593971458824,3.449872854,3,0.333333333333,0.471404520791,0.0197851775145,0.0,330,-5.88828473881,0.0,-0.0593971458824,0.0197851775145,0.0150840749381,1.23833737645,1.0
-0.0095183579402,3.54788736448,3,1.0,1.41421356237,0.0136159727835,0.0,331,0.134647410704,0.0,-0.0095183579402,0.0136159727835,0.840302828541,1.26635231774,3.0
-0.0129606750607,3.53019720975,3,2.0,1.63299316186,0.0201109881141,0.0,332,0.106106755846,0.0,-0.0129606750607,0.0201109881141,1.08303167685,1.26135373617,4.0
-0.0187109240872,3.81374191133,3,3.0,0.816496580928,0.014474791523,0.0,333,0.437510775908,2.0,-0.0187109240872,0.014474791523,2.17131177469,1.33861083612,4.0
0.00421902363595,3.38493991444,3,2.66666666667,1.88561808316,0.0293960507579,0.0,334,-0.0586329489658,0.0,0.00421902363595,0.0293960507579,1.84096043015,1.21933615567,4.0
-0.0132105858894,3.7351467644,3,4.66666666667,1.6996731712,0.0176692092271,0.0,335,0.378708369377,3.0,-0.0132105858894,0.0176692092271,2.96162367347,1.31778711216,7.0
-0.00523401766017,3.52032039023,3,4.33333333333,0.471404520791,0.0102888427952,0.0,336,0.434002990403,4.0,-0.00523401766017,0.0102888427952,3.25149532541,1.25855200542,5.0
0.0115724464418,3.47098717533,3,3.33333333333,0.942809041582,0.0254749628943,0.0,337,-4.21020618858,2.0,0.0115724464418,0.0254749628943,2.06649742493,1.24443904207,4.0
-0.0175944686131,3.69965140783,3,4.66666666667,0.942809041582,0.0145119269458,0.0,338,0.459241402888,4.0,-0.0175944686131,0.0145119269458,3.47302873874,1.30823860111,6.0
0.00129718880864,3.39177683001,3,3.0,0.816496580928,0.0154730371336,0.0,339,-7.17109817491,2.0,0.00129718880864,0.0154730371336,1.60976754473,1.22135392272,4.0
0.00186316122205,3.43425765957,3,1.33333333333,1.88561808316,0.0186612397117,0.0,340,-1.87417957172,0.0,0.00186316122205,0.0186612397117,1.10236500506,1.23380079157,4.0
0.00698492835048,3.59759980051,3,3.66666666667,0.471404520791,0.0158033830336,0.0,341,-0.751459393809,3.0,0.00698492835048,0.0158033830336,2.46621215215,1.28026690102,4.0
0.0385876680467,3.55549100873,3,3.66666666667,1.24721912892,0.0135213518197,0.0,342,0.539098656504,2.0,0.0385876680467,0.0135213518197,2.54556216684,1.2684931715,5.0
0.00803801877293,3.58021284809,3,3.0,0.816496580928,0.0117302612797,0.0,343,-0.0956875504675,2.0,0.00803801877293,0.0117302612797,2.23554043958,1.27542225342,4.0
0.0180325975858,3.61810167892,3,3.66666666667,0.471404520791,0.015292946762,0.0,344,-0.340561806813,3.0,0.0180325975858,0.015292946762,2.45593243012,1.2859494902,4.0
-0.0281238912207,3.60209437073,3,2.33333333333,1.24721912892,0.0288771967827,0.0,345,-1.08452330503,1.0,-0.0281238912207,0.0288771967827,1.11509915225,1.28151544595,4.0
-0.000125912938612,3.5825212943,3,0.666666666667,0.942809041582,0.0297316038146,0.0,346,-1.40309186864,0.0,-0.000125912938612,0.0297316038146,0.110977512559,1.27606682468,2.0
-0.0254920590489,3.54440716747,3,4.66666666667,0.942809041582,0.013945267334,0.0,347,-0.0299445698652,4.0,-0.0254920590489,0.013945267334,3.1806438653,1.26537091539,6.0
-0.00964419367597,3.55398092004,3,2.0,1.63299316186,0.0204450154574,0.0,348,-0.69004999774,0.0,-0.00964419367597,0.0204450154574,0.975638540901,1.26806836113,4.0
-0.038388948107,3.67132148565,3,3.0,0.816496580928,0.0209312990755,0.0,349,-0.660432689304,2.0,-0.038388948107,0.0209312990755,1.65812328949,1.30055167509,4.0
-0.0135316426374,3.30291160322,3,2.33333333333,1.24721912892,0.0135022878712,0.0,350,0.343078848461,1.0,-0.0135316426374,0.0135022878712,1.51873237426,1.19480438348,4.0
0.00277670744136,3.47547245864,3,2.66666666667,1.88561808316,0.0159610106073,0.0,351,0.470886452901,0.0,0.00277670744136,0.0159610106073,2.01868442654,1.2457304291,4.0
-0.0256713994919,3.53849488863,3,2.66666666667,1.88561808316,0.0132114625271,0.0,352,0.597122219262,0.0,-0.0256713994919,0.0132114625271,1.67928291055,1.26370146403,4.0
-0.0474924486217,3.63564778147,3,1.66666666667,1.24721912892,0.0161375889736,0.0,353,-0.837756360025,0.0,-0.0474924486217,0.0161375889736,1.30755187001,1.29078730184,3.0
-0.0199759423008,3.45210693609,3,2.33333333333,1.6996731712,0.0104650632245,0.0,354,0.0501526745977,0.0,-0.0199759423008,0.0104650632245,1.83320010599,1.23898475075,4.0
-0.0117713277698,3.47220414562,3,3.33333333333,1.24721912892,0.0254980516166,0.0,355,0.429163206646,2.0,-0.0117713277698,0.0254980516166,1.89557330211,1.24478959277,5.0
-0.00858524124796,3.2674597873,3,2.0,1.63299316186,0.02398681391,0.0,356,-2.14024017971,0.0,-0.00858524124796,0.02398681391,0.379055812381,1.18401285957,4.0
-0.00579141324158,3.57149361377,3,3.0,0.816496580928,0.0151432759732,0.0,357,0.0863211731572,2.0,-0.00579141324158,0.0151432759732,2.20281779461,1.2729838875,4.0
2.47157003447e-05,3.57554175386,3,4.0,0.0,0.0158957676688,0.0,358,0.787744852973,4.0,2.47157003447e-05,0.0158957676688,3.08987721903,1.27411670421,4.0
-0.0346473442771,3.50141636898,3,2.66666666667,1.88561808316,0.0136465987223,0.0,359,0.383298070086,0.0,-0.0346473442771,0.0136465987223,2.14672548515,1.25316756349,4.0
-0.00708666468091,3.30310991919,3,0.666666666667,0.942809041582,0.0171135607105,0.0,360,-2.08207367151,0.0,-0.00708666468091,0.0171135607105,0.553728546439,1.19486442445,2.0
-0.0095912715963,3.52900809842,3,2.0,1.63299316186,0.0216088943064,0.0,361,-0.491507217482,0.0,-0.0095912715963,0.0216088943064,1.1835436369,1.26101683951,4.0
-0.0159011486839,3.45930420839,3,2.33333333333,1.6996731712,0.0105788624685,0.0,362,0.325862426985,0.0,-0.0159011486839,0.0105788624685,1.82947939621,1.24106747301,4.0
-0.0325980917438,3.54794794008,3,2.66666666667,1.88561808316,0.0247156631865,0.0,363,0.163955823998,0.0,-0.0325980917438,0.0247156631865,2.11544935884,1.26636939131,4.0
-0.0367409795757,3.62192034666,3,2.33333333333,1.6996731712,0.0133033569026,0.0,364,0.197737806001,0.0,-0.0367409795757,0.0133033569026,1.62391785079,1.28700436768,4.0
-0.019693367471,3.49993237559,3,2.66666666667,1.88561808316,0.0236189169762,0.0,365,0.427779708487,0.0,-0.019693367471,0.0236189169762,2.11708389843,1.25274364705,4.0
-0.0174770927099,3.55133367607,3,2.66666666667,0.942809041582,0.0137388970902,0.0,366,0.394335818697,2.0,-0.0174770927099,0.0137388970902,1.89052248826,1.26732321634,4.0
0.000727338494907,3.35685612235,3,2.33333333333,1.6996731712,0.0263511684064,0.0,367,-0.488249431273,0.0,0.000727338494907,0.0263511684064,0.692185534141,1.21100485808,4.0
-0.00315090062845,3.70080041676,3,3.66666666667,0.471404520791,0.0140568055909,0.0,368,-0.207247847558,3.0,-0.00315090062845,0.0140568055909,2.74722821565,1.30854912511,4.0
0.0261006525662,3.71557102161,3,3.33333333333,0.942809041582,0.0126002743388,0.0,369,0.624511943291,2.0,0.0261006525662,0.0126002743388,2.67201064891,1.31253237339,4.0
0.000824339324208,3.44727316946,3,2.33333333333,2.05480466766,0.0186063133367,0.0,370,-136.045581037,0.0,0.000824339324208,0.0186063133367,1.0187540181,1.23758353286,5.0
-0.049007093044,3.73683850735,3,2.0,1.41421356237,0.0158140066708,0.0,371,-0.309175739971,0.0,-0.049007093044,0.0158140066708,1.64955683085,1.31823993505,3.0
-0.0141824709982,3.55283163651,3,1.66666666667,0.471404520791,0.0179294613908,0.0,372,0.245074046873,1.0,-0.0141824709982,0.0179294613908,1.02468764061,1.26774492962,2.0
-0.01126333048,3.23540973759,3,1.33333333333,1.24721912892,0.0120390761514,0.0,373,0.0337483499131,0.0,-0.01126333048,0.0120390761514,0.702193414151,1.17415557761,3.0
-0.0136336173969,3.73737631915,3,3.0,2.16024689947,0.0135913893519,0.0,374,0.258645383875,0.0,-0.0136336173969,0.0135913893519,2.20311223048,1.3183838463,5.0
0.00128544868078,3.49494041456,3,3.33333333333,0.942809041582,0.013632178583,0.0,375,0.565198344159,2.0,0.00128544868078,0.013632178583,2.62489929832,1.25131632677,4.0
-0.000198517763053,3.27542179335,3,1.33333333333,1.88561808316,0.0142507816151,0.0,376,-5.88541386348,0.0,-0.000198517763053,0.0142507816151,1.07832877374,1.18644665266,4.0
-0.0123130637161,3.58369623918,3,3.33333333333,0.471404520791,0.014106533724,0.0,377,0.601359323227,3.0,-0.0123130637161,0.014106533724,2.40310219217,1.27639473683,4.0
-0.0260897677842,3.79806818928,3,3.33333333333,0.942809041582,0.0125122336387,0.0,378,0.679842552339,2.0,-0.0260897677842,0.0125122336387,2.67666601417,1.33449256623,4.0
-0.015855434484,3.89051520476,3,4.0,1.41421356237,0.0169410250456,0.0,379,0.334368508039,2.0,-0.015855434484,0.0169410250456,2.4202820638,1.35854159224,5.0
0.0299242083931,3.54678258744,3,4.0,0.0,0.0241085766213,0.0,380,-0.0700027934015,4.0,0.0299242083931,0.0241085766213,2.57750564688,1.26604087914,4.0
-0.0588414531502,3.35365182156,3,1.33333333333,1.88561808316,0.0320808768123,0.0,381,-1.21554732774,0.0,-0.0588414531502,0.0320808768123,0.85495343212,1.2100498481,4.0
-0.0227201920053,3.44265109843,3,2.66666666667,1.88561808316,0.017594037397,0.0,382,-0.410398406857,0.0,-0.0227201920053,0.017594037397,2.20965711468,1.23624184272,4.0
-0.00962913857118,3.74661519267,3,3.33333333333,0.471404520791,0.0112240849549,0.0,383,0.608121340162,3.0,-0.00962913857118,0.0112240849549,2.51396215348,1.32085281709,4.0
0.0195894203361,3.52578837821,3,3.0,2.16024689947,0.019561917824,0.0,384,-3.65198412747,0.0,0.0195894203361,0.019561917824,2.03854314104,1.26010406465,5.0
-0.0292640626036,3.61452667423,3,4.0,0.0,0.0187652564415,0.0,385,0.0107453383132,4.0,-0.0292640626036,0.0187652564415,2.50147203968,1.28496091321,4.0
-0.0337317368254,3.46936639287,3,2.66666666667,1.88561808316,0.0203279323497,0.0,386,0.0119573153804,0.0,-0.0337317368254,0.0203279323497,1.83951220956,1.24397198157,4.0
-0.0211591538641,3.37087199164,3,1.66666666667,1.24721912892,0.00980414908801,0.0124387007606,387,0.0522563459518,0.0,-0.00872045310348,0.00852309182437,1.21892015345,1.21517146212,3.0
-0.0467780532714,3.22853970392,3,0.0,0.0,0.0157115567156,0.0,388,0,0.0,-0.0467780532714,0.0157115567156,0.0,1.17202993095,0.0
-0.0262887915455,3.79532173287,3,4.33333333333,0.471404520791,0.0155983704804,0.0,389,1.38956730567e-08,4.0,-0.0262887915455,0.0155983704804,3.36143318998,1.33376918535,5.0
0.00213560974472,3.67503012599,3,4.0,0.816496580928,0.0160676967968,0.0,390,0.502138617395,3.0,0.00213560974472,0.0160676967968,2.82104941056,1.30156133018,5.0
0.0298500565817,3.40115359488,3,2.66666666667,1.88561808316,0.0294612084248,0.0,391,-26.2668421117,0.0,0.0298500565817,0.0294612084248,1.68824639989,1.22411466669,4.0
-0.00768731126713,3.56193129864,3,2.66666666667,1.88561808316,0.0148842243258,0.0,392,0.149724049469,0.0,-0.00768731126713,0.0148842243258,2.06930783585,1.27030289738,4.0
-0.0275306823808,3.69230410537,3,3.33333333333,0.942809041582,0.026595450852,0.0,393,0.261718681424,2.0,-0.0275306823808,0.026595450852,2.19026300233,1.30625068198,4.0
0.000819145515025,3.68780210496,3,3.33333333333,0.942809041582,0.0125036187589,0.0,394,0.308315406892,2.0,0.000819145515025,0.0125036187589,2.73093450328,1.30503064508,4.0
-0.0119784166688,3.56487027093,3,4.33333333333,0.471404520791,0.011000177018,0.0,395,0.305929610356,4.0,-0.0119784166688,0.011000177018,3.32079061339,1.27112766356,5.0
-0.0412913766874,3.44825921918,3,1.0,1.41421356237,0.0241282925992,0.0,396,-26.0675621007,0.0,-0.0412913766874,0.0241282925992,0.808464004048,1.23786952955,3.0
-0.029764444557,3.35267597233,3,2.66666666667,1.88561808316,0.0180255163319,0.0,397,0.348243989968,0.0,-0.029764444557,0.0180255163319,2.21403561649,1.20975882468,4.0
-0.0113734845365,3.48072988536,3,2.33333333333,1.6996731712,0.0198609072255,0.0,398,0.323849707732,0.0,-0.0113734845365,0.0198609072255,1.75617938231,1.24724200897,4.0
-0.0358446688411,3.62893246908,3,2.66666666667,1.88561808316,0.0116480439535,0.0,399,0.281425804479,0.0,-0.0358446688411,0.0116480439535,2.24948480814,1.28893851937,4.0
-0.0335142688216,3.36803378717,3,1.33333333333,1.88561808316,0.0254721607891,0.0,400,0.0881791880855,0.0,-0.0335142688216,0.0254721607891,0.899014066666,1.21432912815,4.0
-0.0110125536836,3.70359295811,3,2.33333333333,0.471404520791,0.0147171394137,0.0,401,0.0996535445474,2.0,-0.0110125536836,0.0147171394137,1.78617984896,1.30930341823,3.0
-0.0112416176599,3.63698222165,3,3.33333333333,2.49443825785,0.0155152722459,0.0,402,0.316401890087,0.0,-0.0112416176599,0.0155152722459,2.26634022722,1.2911542778,6.0
-0.00645348627356,3.75701107724,3,3.66666666667,1.24721912892,0.016048823001,0.0,403,0.125384760813,2.0,-0.00645348627356,0.016048823001,2.18731701126,1.32362371501,5.0
-0.013141556827,3.84852339265,3,4.66666666667,0.942809041582,0.0176819120687,0.0,404,0.56219602764,4.0,-0.013141556827,0.0176819120687,3.14328667045,1.34768954035,6.0
0.0193740630346,3.35595648089,3,3.0,2.16024689947,0.0139400906943,0.0,405,-0.25257543896,0.0,0.0193740630346,0.0139400906943,2.29687403036,1.21073682097,5.0
-0.0170126832883,3.6400171798,3,2.66666666667,1.88561808316,0.0175265475791,0.0,406,-2.41188330073,0.0,-0.0170126832883,0.0175265475791,2.13185426284,1.29198840136,4.0
-0.00202535697381,3.43845567684,3,1.66666666667,2.35702260396,0.0270383714043,0.0,407,-0.0638544957059,0.0,-0.00202535697381,0.0270383714043,0.084383786884,1.23502243943,5.0
0.00260406426395,3.56176496209,3,4.0,0.0,0.0191829519553,0.0,408,-0.120298874207,4.0,0.00260406426395,0.0191829519553,2.60810348264,1.27025619787,4.0
-0.0156175440161,3.51646957179,3,2.33333333333,1.6996731712,0.0254982627065,0.0,409,-0.859161412304,0.0,-0.0156175440161,0.0254982627065,0.755448371291,1.25745752375,4.0
-0.00107322581347,3.37471322311,3,1.33333333333,1.88561808316,0.0165736197066,0.0,410,-0.705607557773,0.0,-0.00107322581347,0.0165736197066,1.08285458872,1.21631034978,4.0
-0.0153763846391,3.76714454664,3,4.0,0.0,0.0204454569438,0.0,411,0.346655359957,4.0,-0.0153763846391,0.0204454569438,2.7293159469,1.32631729979,4.0
-0.0160142439609,3.54896759106,3,2.66666666667,1.88561808316,0.0138964507713,0.0,412,-0.262333700329,0.0,-0.0160142439609,0.0138964507713,2.02830738589,1.26665674177,4.0
-0.0139279696871,3.6581126148,3,4.0,0.0,0.0136164480996,0.0,413,0.680710421068,4.0,-0.0139279696871,0.0136164480996,3.11797171559,1.29694733539,4.0
-0.00203584571564,3.60220352352,3,2.33333333333,1.6996731712,0.0196553385907,0.0,414,-12.1880181037,0.0,-0.00203584571564,0.0196553385907,1.58250203999,1.28154574808,4.0
-0.042603533094,3.37564759441,3,1.66666666667,2.35702260396,0.0238151649697,0.0,415,-0.714251531733,0.0,-0.042603533094,0.0238151649697,1.24848425953,1.21658718574,5.0
-0.0187754558756,3.47798931992,3,2.33333333333,1.6996731712,0.0147195477138,0.0,416,-2.09676738573,0.0,-0.0187754558756,0.0147195477138,1.88405465593,1.24645434517,4.0
-0.00405221955431,3.57210029993,3,3.66666666667,0.471404520791,0.0145084370979,0.0,417,0.568926054581,3.0,-0.00405221955431,0.0145084370979,2.71236887883,1.27315374211,4.0
0.00418787901491,3.64182952297,3,2.66666666667,1.88561808316,0.0169637687722,0.0,418,-3.56953513332,0.0,0.00418787901491,0.0169637687722,1.81158554255,1.29248617158,4.0
-0.0258004598347,3.46572585141,3,2.66666666667,1.88561808316,0.0206226154052,0.0,419,-0.0637659999608,0.0,-0.0258004598347,0.0206226154052,2.1876668432,1.24292209163,4.0
-0.0167740847645,3.37724924683,3,2.66666666667,1.88561808316,0.0253409230666,0.0,420,0.633319176652,0.0,-0.0167740847645,0.0253409230666,1.75792624264,1.21706154585,4.0
-0.0240429220235,3.81571862988,3,4.0,0.816496580928,0.0171719160351,0.0,421,0.0242744800083,3.0,-0.0240429220235,0.0171719160351,2.93203094756,1.33912901656,5.0
-0.041840208199,3.565983589,3,1.33333333333,0.942809041582,0.0249110014177,0.0,422,-4.82310269551,0.0,-0.041840208199,0.0249110014177,0.561931619627,1.27143991736,2.0
-0.00898857663716,3.7525131682,3,3.66666666667,0.471404520791,0.0147456449352,0.0,423,0.311125785797,3.0,-0.00898857663716,0.0147456449352,2.7508096929,1.3224257937,4.0
-0.0103992575377,3.56508683308,3,4.66666666667,0.942809041582,0.0199435514304,0.0,424,-0.907812081555,4.0,-0.0103992575377,0.0199435514304,2.99603398698,1.27118841067,6.0
0.00851497377731,3.52000512294,3,4.0,0.0,0.012027425604,0.0,425,0.54173765478,4.0,0.00851497377731,0.012027425604,3.16383475913,1.25846244499,4.0
-0.0230649812974,3.38502111824,3,2.33333333333,1.6996731712,0.0190716153648,0.0,426,-7.21745316821,0.0,-0.0230649812974,0.0190716153648,1.58825503183,1.21936014511,4.0
-0.0367305937193,3.46999849228,3,0.666666666667,0.942809041582,0.027245760264,0.0,427,-1.23803231642,0.0,-0.0367305937193,0.027245760264,0.529183075873,1.24415415946,2.0
-0.0037118753236,3.51347863015,3,4.0,0.0,0.0146892803367,0.0,428,0.0140642594801,4.0,-0.0037118753236,0.0146892803367,3.04604268611,1.25660660942,4.0
0.0149702866965,3.45817773909,3,2.66666666667,1.88561808316,0.0192915142183,0.0,429,-9.78163270775,0.0,0.0149702866965,0.0192915142183,1.80211037205,1.24074178533,4.0
-0.01756489927,3.56801644411,3,1.66666666667,1.24721912892,0.0276056225589,0.0,430,-2.80384045779,0.0,-0.01756489927,0.0276056225589,1.18927833235,1.27200982348,3.0
-0.0323114556787,3.38734964172,3,2.66666666667,2.05480466766,0.0121618781617,0.0,431,0.482938990198,0.0,-0.0323114556787,0.0121618781617,2.0396059369,1.22004779901,5.0
-0.0214353284502,3.60700430828,3,2.0,1.41421356237,0.0243270859701,0.0,432,0.308032959173,0.0,-0.0214353284502,0.0243270859701,1.0202315443,1.28287759634,3.0
-0.0055291841129,3.53373805938,3,3.66666666667,1.24721912892,0.0148353721139,0.0,433,0.230698300664,2.0,-0.0055291841129,0.0148353721139,2.73668595659,1.262356251,5.0
-0.0615818258091,3.22227475251,3,3.0,2.16024689947,0.0339610073287,0.0,434,-38.974918624,0.0,-0.0615818258091,0.0339610073287,1.45393494162,1.17008755502,5.0
-0.00019184610487,3.72402057962,3,3.33333333333,1.24721912892,0.0143230846964,0.0,435,-0.28616165944,2.0,-0.00019184610487,0.0143230846964,2.2496811059,1.31480388561,5.0
0.0407919457126,3.55805153065,3,2.0,1.63299316186,0.0234212027104,0.0,436,-38.2474797161,0.0,0.0407919457126,0.0234212027104,1.44485375914,1.26921307218,4.0
-0.0269038338156,3.45227965376,3,2.66666666667,1.88561808316,0.0158908037001,0.0,437,0.434017169848,0.0,-0.0269038338156,0.0158908037001,2.04777134317,1.23903478204,4.0
-0.0464370350465,3.6102228487,3,3.0,2.16024689947,0.0235624281479,0.0,438,0.353132734696,0.0,-0.0464370350465,0.0235624281479,1.93924683652,1.28376950138,5.0
-0.0213441181775,3.4106776657,3,1.33333333333,1.88561808316,0.0248928498,0.0,439,-0.863473230992,0.0,-0.0213441181775,0.0248928498,1.09365618227,1.2269110005,4.0
-0.0295257563038,3.42467939513,3,1.33333333333,1.88561808316,0.0215887388544,0.0,440,0.331012244937,0.0,-0.0295257563038,0.0215887388544,1.09676680436,1.23100786007,4.0
-0.0219926509277,3.37481282082,3,1.33333333333,1.88561808316,0.0251188877416,0.0,441,0.531689987848,0.0,-0.0219926509277,0.0251188877416,1.06924433029,1.21633986229,4.0
-0.000738371021507,3.61261053182,3,2.66666666667,1.88561808316,0.0208883775352,0.0,442,-0.405636916321,0.0,-0.000738371021507,0.0208883775352,1.85184504955,1.28443065002,4.0
-0.00957113979417,3.70802004965,3,3.66666666667,0.471404520791,0.0120756033995,0.0,443,0.657821435727,3.0,-0.00957113979417,0.0120756033995,2.81117341113,1.31049805482,4.0
0.00336757700521,3.45716796865,3,1.0,1.41421356237,0.0157028049482,0.0,444,-81.550488358,0.0,0.00336757700521,0.0157028049482,0.821383940599,1.24044974774,3.0
-0.00646719668001,3.68011625494,3,3.33333333333,1.6996731712,0.0184918886014,0.0,445,-0.195623138594,1.0,-0.00646719668001,0.0184918886014,2.47188740846,1.3029443427,5.0
-0.00105261273762,3.67835641707,3,4.0,0.816496580928,0.0163701131029,0.0,446,0.438879876226,3.0,-0.00105261273762,0.0163701131029,2.75722493088,1.30246602662,5.0
-0.0166949877707,3.5879542589,3,3.33333333333,2.49443825785,0.0134473092586,0.0,447,-0.519454206576,0.0,-0.0166949877707,0.0134473092586,1.82003214736,1.27758219576,6.0
-0.012889047016,3.46316639298,3,3.0,2.16024689947,0.0107173515383,0.0,448,0.246764319713,0.0,-0.012889047016,0.0107173515383,2.46008157121,1.24218331306,5.0
-0.0405428801746,3.3638566547,3,1.33333333333,1.88561808316,0.0270503757358,0.0,449,-0.259938125928,0.0,-0.0405428801746,0.0270503757358,1.09233321642,1.21308812964,4.0
0.00117459510414,3.53350569138,3,3.33333333333,2.49443825785,0.012482811897,0.0,450,0.199823858061,0.0,0.00117459510414,0.012482811897,2.54010054274,1.26229049184,6.0
0.007984375978,3.3050035384,3,0.0,0.0,0.024247516425,0.0,451,0,0.0,0.007984375978,0.024247516425,0.0,1.19543754392,0.0
-0.0202359246324,3.44216440196,3,3.66666666667,2.86744175568,0.0174424518639,0.0,452,7.91746113116e-09,0.0,-0.0202359246324,0.0174424518639,2.21533073652,1.23610046015,7.0
-0.0342440300897,3.64132313578,3,3.33333333333,0.942809041582,0.0251953354313,0.0,453,-1.88149908502,2.0,-0.0342440300897,0.0251953354313,1.28842759943,1.29234711444,4.0
-0.0181810037056,3.6768149018,3,4.0,0.0,0.0150575982991,0.0,454,0.351691330928,4.0,-0.0181810037056,0.0150575982991,3.01568788401,1.30204686159,4.0
-0.0132490044479,3.30221029367,3,1.33333333333,1.88561808316,0.0193342725667,0.0,455,-0.872241904847,0.0,-0.0132490044479,0.0193342725667,1.02978393936,1.19459203023,4.0
-0.027275741096,3.55378396278,3,4.0,0.0,0.013484527467,0.0,456,0.342190248028,4.0,-0.027275741096,0.013484527467,3.34277789775,1.26801294082,4.0
0.00237027142407,3.67016549836,3,2.66666666667,1.88561808316,0.0161727250076,0.0,457,-80.2051045508,0.0,0.00237027142407,0.0161727250076,2.20472839435,1.30023675597,4.0
-0.0168012611676,3.74517291966,3,3.0,0.816496580928,0.0129589313394,0.0,458,0.489801579989,2.0,-0.0168012611676,0.0129589313394,2.16511101012,1.32046778938,4.0
-0.00704289246766,3.31615502576,3,1.33333333333,1.88561808316,0.0143838358417,0.0,459,-30.0179598205,0.0,-0.00704289246766,0.0143838358417,1.04291963339,1.19880598701,4.0
-0.0104606197542,3.7033610258,3,3.33333333333,0.942809041582,0.0134727629468,0.0,460,-0.515785020244,2.0,-0.0104606197542,0.0134727629468,2.74726768077,1.30924079267,4.0
0.00859011358678,3.5134291495,3,3.0,2.16024689947,0.0216235923536,0.0,461,-9.7275071424,0.0,0.00859011358678,0.0216235923536,2.14247372295,1.25659252623,5.0
-0.0145064751991,3.73199893478,3,4.66666666667,1.24721912892,0.0152852755777,0.0,462,0.527930102171,3.0,-0.0145064751991,0.0152852755777,3.36945517013,1.31694399756,6.0
-0.0401987853986,3.56625230669,3,1.33333333333,0.942809041582,0.0296227913925,0.0,463,-4.28648618606,0.0,-0.0401987853986,0.0296227913925,0.336677165785,1.27151527036,2.0
0.00464707964377,3.50693334699,3,4.0,0.816496580928,0.0165366293827,0.0,464,0.21093990241,3.0,0.00464707964377,0.0165366293827,2.86808908047,1.25474196527,5.0
-0.00151579775714,3.69139959144,3,3.66666666667,0.471404520791,0.0143557658875,0.0,465,0.354167701354,3.0,-0.00151579775714,0.0143557658875,2.80394643872,1.30600567921,4.0
-0.00651922766131,3.4243320331,3,2.66666666667,1.88561808316,0.0120439955025,0.0,466,-0.698897663651,0.0,-0.00651922766131,0.0120439955025,2.1257915956,1.23090642586,4.0
0.000509028640212,3.50871516708,3,2.66666666667,1.88561808316,0.0154111199563,0.0,467,0.258566434048,0.0,0.000509028640212,0.0154111199563,1.98214930172,1.2552499212,4.0
-0.0144479762039,3.65762720647,3,3.33333333333,0.942809041582,0.0141688572669,0.0,468,0.376907089155,2.0,-0.0144479762039,0.0141688572669,2.22528784917,1.29681463293,4.0
-0.0131639995344,3.50640190107,3,2.66666666667,1.88561808316,0.0175666489237,0.0,469,-0.256800644107,0.0,-0.0131639995344,0.0175666489237,2.22216997652,1.2545904123,4.0
0.00545573398187,3.55095422579,3,2.33333333333,1.6996731712,0.0186503128648,0.0,470,-0.00363493075831,0.0,0.00545573398187,0.0186503128648,1.82938077038,1.26721636336,4.0
0.00240831662108,3.40334988333,3,2.66666666667,1.88561808316,0.0186412285433,0.0,471,0.437463187797,0.0,0.00240831662108,0.0186412285433,2.05593981696,1.22476020638,4.0
