MinReturn,AverageReturn,MeanKLBefore,AverageDiscountedReturn,MaxReturn,Entropy,NumTrajs,LossBefore,Perplexity,MeanKL,Iteration,ExplainedVariance,StdReturn,dLoss,LossAfter
0.0,2666.66666667,3.37467965857e-18,102.062138612,5000.0,1.66286917522,3,-2.05446770707e-15,5.27442239727,0.00707785540211,0,1.38777878078e-14,2054.80466766,0.0412036260595,-0.0412036260595
1000.0,4666.66666667,-2.92578404886e-18,1448.4058882,7000.0,1.57342651957,3,-1.2446062699e-16,4.82314651767,0.00705396761986,1,-0.599801176695,2624.66929134,0.028803796643,-0.028803796643
0.0,2666.66666667,2.64448837209e-18,426.822020457,4000.0,1.6030988559,3,3.77938421299e-16,4.96840496446,0.00967011773638,2,-0.918778436815,1885.61808316,0.0389421601644,-0.0389421601644
3000.0,5666.66666667,2.31585975343e-18,1125.6898571,10000.0,1.60770824059,3,7.38298311376e-17,4.99135911589,0.0095032844486,3,0.119466302541,3091.20616517,0.0386719555999,-0.0386719555999
8000.0,9333.33333333,4.9215721637e-18,2114.1901505,10000.0,1.58544813952,3,2.15420852453e-16,4.88147847181,0.00926059300876,4,0.0838325398352,942.809041582,0.036136243127,-0.036136243127
5000.0,8000.0,-3.1187205684e-18,1969.44730015,10000.0,1.58294069734,3,3.8654264974e-16,4.86925377959,0.00706445125615,5,0.410503418182,2160.24689947,0.0282360771253,-0.0282360771253
6000.0,8000.0,4.54417656822e-18,3290.68262863,10000.0,1.48726018885,3,-1.4155343564e-17,4.42495535371,0.00841326254028,6,-0.0226333519686,1632.99316186,0.0344969972353,-0.0344969972353
8000.0,9333.33333333,1.70342508225e-19,2400.65291277,11000.0,1.62991917648,3,-6.01370805005e-18,5.10346222209,0.00858125848839,7,0.0898977895699,1247.21912892,0.0304540191645,-0.0304540191645
8000.0,10000.0,-4.08172975386e-18,3072.26901028,12000.0,1.61306148822,3,-3.67957978901e-16,5.01815074436,0.00775986042797,8,0.248997641193,1632.99316186,0.0386367550251,-0.0386367550251
8000.0,10666.6666667,5.56808936559e-18,2923.51732626,14000.0,1.59840147601,3,2.14088006582e-16,4.94512120808,0.00923771096456,9,0.29707567501,2494.43825785,0.0319738346936,-0.0319738346936
9000.0,10333.3333333,1.51202983013e-18,3136.14830852,12000.0,1.6164301331,3,-1.07321559047e-17,5.03508361656,0.0085763414285,10,0.452707661288,1247.21912892,0.0300918297085,-0.0300918297085
10000.0,10000.0,-1.76017596804e-18,3511.24317882,10000.0,1.61816153165,3,-1.61916243217e-16,5.04380890437,0.00734397907308,11,-0.103677386699,0.0,0.0241603915398,-0.0241603915398
9000.0,10000.0,-4.40148408413e-18,2601.08205591,12000.0,1.63931810201,3,7.14243479176e-17,5.15165541078,0.00753709177416,12,0.441081373381,1414.21356237,0.0294862133458,-0.0294862133458
9000.0,9666.66666667,2.4150862881e-18,3807.38793175,11000.0,1.62398976521,3,-8.95117313604e-17,5.07329123217,0.00997204060361,13,0.505375513264,942.809041582,0.0154687001913,-0.0154687001913
7000.0,8666.66666667,1.77982099732e-19,2074.60430712,10000.0,1.632471968,3,-5.94894504028e-17,5.11650694032,0.00978833500115,14,-0.145865317898,1247.21912892,0.0334681635414,-0.0334681635414
7000.0,9666.66666667,8.26671319462e-19,1985.65538843,13000.0,1.6253388521,3,-2.98835030795e-17,5.08014016173,0.00703060918123,15,0.213633746669,2494.43825785,0.0297921123734,-0.0297921123734
9000.0,9666.66666667,3.98172661525e-19,2337.45792939,10000.0,1.61394049448,3,1.16388380415e-16,5.02256366952,0.0085898922824,16,0.512385448553,471.404520791,0.0507639840741,-0.0507639840741
8000.0,8666.66666667,4.03122966063e-18,1972.81081794,10000.0,1.62412594457,3,-1.30266168223e-16,5.07398215677,0.00836088695497,17,0.488592246056,942.809041582,0.0386367863872,-0.0386367863872
4000.0,8333.33333333,3.14152312042e-18,3322.00579339,11000.0,1.48553357137,3,1.14352971536e-16,4.41732174049,0.00716274047267,18,0.393685935819,3091.20616517,0.0393107823278,-0.0393107823278
7000.0,8666.66666667,2.92042106435e-18,3594.11812073,11000.0,1.55821739013,3,1.85037170771e-16,4.75034567996,0.00783682991123,19,0.551032568845,1699.6731712,0.0274949119594,-0.0274949119594
10000.0,11000.0,3.62412748986e-18,3324.91006269,12000.0,1.60420336912,3,7.06841992345e-17,4.97389566516,0.00647568050981,20,0.21411565835,816.496580928,0.0348587135125,-0.0348587135125
3000.0,6333.33333333,5.36682220431e-18,2075.67419908,9000.0,1.53898658123,3,8.54871728961e-17,4.65986548215,0.00945791808382,21,0.116568661814,2494.43825785,0.0437562446014,-0.0437562446014
4000.0,8333.33333333,5.93894759736e-19,2895.33065595,11000.0,1.54515279087,3,1.92057018437e-16,4.68868796101,0.00922045231869,22,0.558160836915,3091.20616517,0.0388331713123,-0.0388331713123
10000.0,11333.3333333,-4.72226426849e-18,3922.63539799,13000.0,1.63183954349,3,-3.21502084214e-17,5.11327215891,0.00932905632903,23,0.725506305666,1247.21912892,0.0385096409052,-0.0385096409052
7000.0,9000.0,-3.32460838301e-18,3080.75065789,11000.0,1.63460359646,3,8.71525074331e-17,5.12742506467,0.00847831100507,24,0.436983340153,1632.99316186,0.0346390534732,-0.0346390534732
7000.0,8333.33333333,3.76735700451e-18,3705.40558691,11000.0,1.40765764813,3,1.50691091549e-16,4.08637246296,0.00659007979192,25,0.493847288689,1885.61808316,0.0261112461639,-0.0261112461639
5000.0,8333.33333333,-5.23664718053e-18,3165.13997901,11000.0,1.4571791226,3,8.63892291036e-17,4.29383006036,0.0062493415914,26,0.696160125313,2494.43825785,0.028213611639,-0.028213611639
6000.0,9666.66666667,-7.03871823e-19,4211.41651455,12000.0,1.42471278854,3,1.57252683097e-17,4.15666382979,0.00752397581427,27,0.711229301783,2624.66929134,0.0308871019113,-0.0308871019113
9000.0,10333.3333333,4.36635009063e-18,3630.60856931,12000.0,1.6062024144,3,1.25825276124e-17,4.98384865277,0.00876064129651,28,-0.00177584643205,1247.21912892,0.0271239548308,-0.0271239548308
10000.0,10000.0,1.63466944978e-18,4364.20598708,10000.0,1.6202354545,3,6.49480469406e-17,5.0542802295,0.00791401656133,29,0.55741165073,0.0,0.0216802525776,-0.0216802525776
8000.0,9666.66666667,1.06134363338e-18,3258.16503429,11000.0,1.61010934086,3,1.5358085174e-17,5.00335826941,0.00936554998024,30,0.614176785877,1247.21912892,0.0308100580195,-0.0308100580195
10000.0,10333.3333333,4.0047249951e-18,4925.12851583,11000.0,1.59422941362,3,-1.10582839182e-16,4.92453283173,0.00964240875541,31,0.754387974455,471.404520791,0.0298994773587,-0.0298994773587
4000.0,6000.0,-2.28232905175e-18,3714.36415911,9000.0,1.47934948753,3,-3.35472390608e-16,4.39008894423,0.00884894383888,32,0.0975283729267,2160.24689947,0.0234242167565,-0.0234242167565
4000.0,7666.66666667,2.31507482228e-17,3086.92593609,10000.0,1.52270546685,3,1.98683662115e-17,4.58461194724,0.00933096293468,33,0.504630291933,2624.66929134,0.0475355403796,-0.0475355403796
10000.0,10000.0,3.87117634617e-18,4856.29441339,10000.0,1.56197003729,3,1.73287310427e-16,4.76820554113,0.0080544420729,34,0.820980896021,0.0,0.0327881133674,-0.0327881133674
6000.0,10000.0,-6.1381154749e-18,4372.06205415,13000.0,1.53537076129,3,1.95769326676e-16,4.64304667284,0.0091078183965,35,0.374396774209,2943.92028878,0.022404393002,-0.022404393002
4000.0,6666.66666667,-1.83146770326e-18,3295.9050626,10000.0,1.53697795117,3,-4.84612350249e-16,4.65051493031,0.00775458797832,36,0.513765609792,2494.43825785,0.0262496684057,-0.0262496684057
5000.0,8666.66666667,4.25360276831e-18,3185.81843653,11000.0,1.55565119997,3,-7.47550169914e-17,4.73817101756,0.00654174456205,37,0.48056128311,2624.66929134,0.0246995478435,-0.0246995478435
8000.0,10333.3333333,2.48131802034e-18,3852.39891496,12000.0,1.59434722167,3,2.25190236828e-16,4.92511301548,0.00975434782602,38,0.35179657933,1699.6731712,0.0282920495874,-0.0282920495874
6000.0,10666.6666667,6.78912478407e-18,4990.18923448,13000.0,1.49197933603,3,1.29803575296e-16,4.44588671953,0.00917232528792,39,0.460732785787,3299.83164554,0.0305386946035,-0.0305386946035
10000.0,10666.6666667,-7.46008685625e-19,4014.39289633,11000.0,1.53187855325,3,-7.08692364052e-17,4.62686046716,0.00883721124408,40,0.446629474275,471.404520791,0.0392649195073,-0.0392649195073
11000.0,11333.3333333,6.08299500115e-18,4268.72912313,12000.0,1.56166710628,3,1.5358085174e-16,4.76676132255,0.00983012937522,41,0.567221128994,471.404520791,0.0314411225951,-0.0314411225951
2000.0,4333.33333333,7.3244304423e-19,1759.39022031,8000.0,1.494167059,3,-1.81151390185e-16,4.45562373509,0.00870824294499,42,-0.180134968875,2624.66929134,0.0342660426959,-0.0342660426959
5000.0,8000.0,-2.27464054107e-17,3567.45312725,11000.0,1.50779997957,3,-8.25265781638e-17,4.51678284096,0.00871256848459,43,0.482090812481,2449.48974278,0.0315405724773,-0.0315405724773
3000.0,5666.66666667,1.4300545113e-17,2385.00204824,10000.0,1.52151429199,3,5.55111512313e-17,4.57915412403,0.00663637122597,44,0.492831029458,3091.20616517,0.0371435450776,-0.0371435450776
9000.0,9666.66666667,8.17749603726e-18,4272.42167349,10000.0,1.54437766397,3,7.45699798207e-17,4.68505504103,0.00978536140677,45,0.603289894405,471.404520791,0.0309769740823,-0.0309769740823
4000.0,6666.66666667,1.18669732371e-17,3497.3878394,10000.0,1.47227167543,3,1.70234197109e-16,4.35912642229,0.00665812450545,46,0.583270699135,2494.43825785,0.0407514559945,-0.0407514559945
3000.0,8333.33333333,-3.77410751132e-18,4538.77711011,11000.0,1.49896402836,3,-8.19252073588e-17,4.47704857167,0.0090727019782,47,0.572278486561,3771.23616633,0.0362736739111,-0.0362736739111
4000.0,7666.66666667,-1.04115335834e-18,3776.20067383,12000.0,1.4933121501,3,-1.07229040462e-16,4.45181621047,0.00977766401005,48,0.258845056402,3299.83164554,0.0389669908049,-0.0389669908049
6000.0,8333.33333333,-9.69592011296e-20,4317.02271903,12000.0,1.47593957989,3,-9.73758111182e-17,4.37514464023,0.00827868216569,49,0.592657765596,2624.66929134,0.0257284114301,-0.0257284114301
7000.0,9000.0,-1.10031459606e-17,4162.29269472,11000.0,1.49064362302,3,1.3692750637e-16,4.43995225505,0.00855689872107,50,0.462853761672,1632.99316186,0.0396999882594,-0.0396999882594
3000.0,6000.0,-3.50212966763e-18,2431.10536457,9000.0,1.51444355568,3,5.36607795235e-18,4.54689033151,0.00659742714364,51,0.452570400862,2449.48974278,0.0303417366599,-0.0303417366599
9000.0,9000.0,3.29735254405e-18,4044.65437494,9000.0,1.52572689678,3,1.32486614272e-16,4.59848497867,0.0098751473045,52,0.550344212485,0.0,0.0316627389228,-0.0316627389228
9000.0,10000.0,4.92835337491e-18,3816.56134255,11000.0,1.46206882309,3,3.9135361618e-17,4.31487701801,0.00817594145755,53,0.5659918809,816.496580928,0.0592206307509,-0.0592206307509
10000.0,12333.3333333,-9.54189069562e-20,3834.42647343,15000.0,1.49836245946,3,-8.4859781239e-17,4.47435612842,0.00702101793458,54,0.261084876315,2054.80466766,0.0410546178439,-0.0410546178439
10000.0,10333.3333333,-7.67962658666e-18,4606.51845539,11000.0,1.55188081809,3,1.24159941587e-16,4.72033993954,0.00967870458098,55,0.509274445209,471.404520791,0.0307176774816,-0.0307176774816
6000.0,10000.0,-4.10018426986e-18,4524.73285788,13000.0,1.49272201415,3,7.88720940411e-17,4.44918980874,0.00867448586912,56,0.501429360723,2943.92028878,0.0307333139671,-0.0307333139671
5000.0,6666.66666667,-8.75137162754e-18,4028.52903808,9000.0,1.4517409062,3,6.78450351455e-17,4.27054266164,0.00819201153745,57,0.612826518184,1699.6731712,0.0270059963091,-0.0270059963091
5000.0,10333.3333333,1.15352583711e-18,4633.79107646,14000.0,1.43440550942,3,1.84111984917e-17,4.19714910136,0.00950494118616,58,0.539398336847,3858.61230093,0.0384790041872,-0.0384790041872
7000.0,10333.3333333,-4.91813363415e-18,3519.97770647,12000.0,1.46796111025,3,5.81941902074e-17,4.34037656402,0.00682371975483,59,0.674251540141,2357.02260396,0.0355022882934,-0.0355022882934
9000.0,12333.3333333,5.11485839842e-18,3585.98092164,15000.0,1.5259015121,3,1.83186799063e-17,4.59928801467,0.00743545975811,60,0.386309591356,2494.43825785,0.0368870585863,-0.0368870585863
7000.0,10333.3333333,1.51325532804e-18,4106.77008254,12000.0,1.51429728644,3,1.74212496281e-16,4.54622530994,0.00674105502277,61,0.593083441566,2357.02260396,0.0286335123445,-0.0286335123445
3000.0,4666.66666667,7.20049284631e-18,3073.37120912,6000.0,1.41980230592,3,-1.18285011415e-16,4.13630263689,0.00835370017192,62,0.095714854553,1247.21912892,0.0277584627576,-0.0277584627576
7000.0,8333.33333333,5.87206258845e-18,2270.68378407,9000.0,1.59999828696,3,8.78926561162e-17,4.95302393967,0.0096668442641,63,-2.05389004512,942.809041582,0.0336117291565,-0.0336117291565
4000.0,6333.33333333,-1.71158257501e-18,2695.76619091,9000.0,1.63656622178,3,9.64159307948e-17,5.13749816057,0.00911162024613,64,0.5108742329,2054.80466766,0.0237660201902,-0.0237660201902
6000.0,8000.0,-3.80724402601e-18,3127.21391642,10000.0,1.5849818358,3,-6.78161230875e-17,4.87920275088,0.00994056673017,65,0.458920216938,1632.99316186,0.0320189742821,-0.0320189742821
8000.0,10000.0,8.01082156146e-19,3169.66946043,11000.0,1.55637653608,3,-7.41652110096e-17,4.7416090308,0.00849232336239,66,0.648820043198,1414.21356237,0.0323271085678,-0.0323271085678
8000.0,10000.0,2.66352619629e-18,3206.51504219,14000.0,1.57408250561,3,-2.93283915672e-17,4.82631147239,0.0070689530631,67,0.503612786931,2828.42712475,0.0235951580921,-0.0235951580921
5000.0,8333.33333333,-3.44051318726e-18,3838.05020205,12000.0,1.58570928868,3,4.04520167363e-16,4.88275343229,0.00746981202819,68,0.469137059618,2867.44175568,0.0245145914325,-0.0245145914325
7000.0,7333.33333333,2.13318037266e-18,2974.03969624,8000.0,1.57162294774,3,4.08382818303e-19,4.81445546627,0.00853214434981,69,0.648493035596,471.404520791,0.031834471351,-0.031834471351
4000.0,9000.0,7.4837258756e-19,4137.41964704,13000.0,1.53473161344,3,2.10433522459e-16,4.6400800277,0.00976724325781,70,0.474776923784,3741.65738677,0.0378848878439,-0.0378848878439
8000.0,9000.0,4.98786436255e-18,3863.86181615,11000.0,1.56811690815,3,1.07309994224e-16,4.79760535067,0.00731863469695,71,0.224634900458,1414.21356237,0.0375977979877,-0.0375977979877
10000.0,11333.3333333,3.26611751647e-18,3666.76972842,13000.0,1.52160503845,3,1.15416935268e-17,4.57956968488,0.00844121597996,72,0.525447636238,1247.21912892,0.0263919046013,-0.0263919046013
8000.0,9333.33333333,-6.54964172816e-19,4394.47800848,10000.0,1.56598993989,3,1.05008594412e-16,4.78741184082,0.00664797769467,73,0.590539876809,942.809041582,0.0325881699569,-0.0325881699569
6000.0,10666.6666667,1.51921137929e-18,3104.198933,14000.0,1.57489959421,3,-1.52262461898e-16,4.83025660801,0.00953438251935,74,0.5978129679,3399.3463424,0.0344445172724,-0.0344445172724
7000.0,10333.3333333,-5.3446113844e-18,4455.83442846,13000.0,1.55135944964,3,-2.52205663761e-16,4.71787954463,0.00822043143384,75,0.463656439099,2494.43825785,0.0293083355887,-0.0293083355887
4000.0,8000.0,3.10729123074e-18,3188.24513804,13000.0,1.5230422093,3,-2.10942374679e-17,4.58615604067,0.00966942074818,76,0.318338229498,3741.65738677,0.0165411913022,-0.0165411913022
5000.0,11666.6666667,2.32848336566e-18,4208.44668548,15000.0,1.52946762876,3,6.63603946358e-17,4.61571889208,0.00929438916457,77,0.543953773149,4714.04520791,0.0338560796686,-0.0338560796686
4000.0,5333.33333333,5.5756739711e-18,3291.88991686,7000.0,1.51239411996,3,-1.11577413975e-16,4.53758131441,0.00653820993204,78,0.652463135255,1247.21912892,0.0108200018827,-0.0108200018827
7000.0,12333.3333333,1.21352562307e-18,5552.91532515,15000.0,1.48786338156,3,1.41368398469e-16,4.42762525965,0.00751900687069,79,0.0622285414576,3771.23616633,0.0234602202594,-0.0234602202594
7000.0,10000.0,5.02997328626e-18,4655.52670272,13000.0,1.5117143728,3,-1.55616260618e-16,4.53449795446,0.00903611439002,80,0.545172861999,2449.48974278,0.0237674324208,-0.0237674324208
5000.0,8333.33333333,8.83668633984e-18,3983.82153537,14000.0,1.52137393135,3,1.69810323414e-16,4.57851143612,0.00703598135787,81,0.335644286638,4027.6819912,0.0281697564746,-0.0281697564746
7000.0,9000.0,9.39391754174e-18,5213.55523901,12000.0,1.52874227401,3,1.29063426613e-17,4.61237207245,0.00534006768074,82,0.777160939308,2160.24689947,0.0232882734145,-0.0232882734145
8000.0,9666.66666667,-3.39802855806e-18,4986.96125509,13000.0,1.50320857087,3,6.65208628921e-17,4.49609198137,0.00814791048821,83,0.671024272368,2357.02260396,0.0303744523613,-0.0303744523613
7000.0,11666.6666667,-1.68622963352e-18,4464.71035803,15000.0,1.52830943522,3,-4.05138885403e-16,4.6103760909,0.009063654759,84,0.653063179257,3399.3463424,0.0289941372333,-0.0289941372333
10000.0,12333.3333333,2.58523322331e-18,4193.58683051,15000.0,1.51644661537,3,8.38449680055e-18,4.55600715193,0.00893490647002,85,0.637550078471,2054.80466766,0.0323059760125,-0.0323059760125
5000.0,9000.0,-5.43536227489e-19,3805.45393856,13000.0,1.49469206625,3,1.487698853e-16,4.45796358402,0.00843052330445,86,0.750099312838,3265.98632371,0.0237808349438,-0.0237808349438
5000.0,11666.6666667,4.39739378841e-18,5052.7985267,16000.0,1.50353550912,3,-4.83826700622e-17,4.49756216613,0.00895699019224,87,0.560042045643,4784.2333648,0.0304100045217,-0.0304100045217
7000.0,11000.0,-4.9611372297e-18,5021.85180348,15000.0,1.4532089929,3,4.08932147404e-17,4.27681679288,0.00914245889392,88,0.502307234075,3265.98632371,0.0363400941724,-0.0363400941724
6000.0,6000.0,3.18416356328e-18,3677.78077221,6000.0,1.48500047287,3,3.8395212935e-17,4.41496750048,0.00669838533619,89,0.548644426441,0.0,0.0261244073211,-0.0261244073211
3000.0,6666.66666667,7.11467873403e-18,2589.31659096,12000.0,1.48113029628,3,-1.2224018094e-16,4.3979138183,0.00776578522972,90,0.326342913849,3858.61230093,0.0395447905912,-0.0395447905912
6000.0,11333.3333333,1.67007261343e-18,4396.48804323,16000.0,1.41680626933,3,-6.38425044515e-17,4.12392866852,0.00771736844188,91,0.414639877511,4109.60933531,0.0211210534181,-0.0211210534181
5000.0,9666.66666667,5.63340148069e-18,3614.79004016,14000.0,1.34284114203,3,2.18995696998e-16,3.8299093788,0.00847037255593,92,0.230929716504,3681.78700573,0.0270094095522,-0.0270094095522
7000.0,9000.0,3.85570270772e-18,3490.51655268,13000.0,1.38608472276,3,-2.3860056231e-17,3.99916153446,0.00846469647469,93,0.63663887235,2828.42712475,0.02556865889,-0.02556865889
6000.0,9000.0,-1.12619747996e-18,4363.5188829,14000.0,1.49534819994,3,-5.33832237674e-17,4.46088956391,0.00939262670949,94,0.188477623312,3559.02608401,0.0359547312398,-0.0359547312398
2000.0,5333.33333333,6.62415815516e-18,2724.78410409,7000.0,1.55664262695,3,1.65469489962e-16,4.74287089758,0.0083152863214,95,0.564796674004,2357.02260396,0.0324358589344,-0.0324358589344
5000.0,9333.33333333,3.57844109027e-18,3575.20606945,14000.0,1.46491851884,3,-3.1317541153e-16,4.32719064144,0.00934529130426,96,-0.260896431086,3681.78700573,0.0314331893146,-0.0314331893146
7000.0,12333.3333333,-4.63433105258e-18,4652.49110731,15000.0,1.4806149461,3,-2.26670534194e-18,4.39564793652,0.00704957708367,97,0.595697480317,3771.23616633,0.0206336314262,-0.0206336314262
5000.0,9000.0,-2.25610018465e-18,4719.26501243,12000.0,1.50760086631,3,5.54648919386e-17,4.51588357914,0.00922434767852,98,0.185998147251,2943.92028878,0.0353751428424,-0.0353751428424
8000.0,11000.0,7.14140677528e-18,4775.08989612,14000.0,1.50173253483,3,-1.44328993201e-16,4.48946048293,0.00917129934762,99,0.624266167152,2449.48974278,0.0259943425887,-0.0259943425887
10000.0,11333.3333333,8.36139535932e-18,3928.07927286,13000.0,1.39671813238,3,-1.33180503662e-16,4.04191315211,0.00959591473988,100,0.0761041427655,1247.21912892,0.0364351025746,-0.0364351025746
6000.0,11000.0,-8.89481219098e-18,4035.68936103,14000.0,1.50218745155,3,-9.30736968977e-17,4.4915032782,0.00907091286295,101,0.492678186735,3559.02608401,0.0270206916163,-0.0270206916163
6000.0,8666.66666667,1.09277833944e-17,4141.77669711,13000.0,1.52136647836,3,-5.73846525853e-17,4.57847731263,0.00662740824479,102,0.409392390732,3091.20616517,0.0098302019088,-0.0098302019088
6000.0,8333.33333333,-3.28835877127e-18,4126.10093326,12000.0,1.55628198005,3,-1.0204799968e-16,4.74116070426,0.00953906453798,103,0.335855457715,2624.66929134,0.0389919587268,-0.0389919587268
6000.0,8000.0,5.69601586462e-18,3930.8686668,12000.0,1.52943195286,3,-2.55813888591e-17,4.6155542251,0.0093031807614,104,0.565179292545,2828.42712475,0.0271059550937,-0.0271059550937
5000.0,10750.0,4.55257194089e-18,5146.09833612,16000.0,1.51850165267,4,4.55413814144e-16,4.56537954359,0.00994052834337,105,0.65918595257,4815.34007106,0.0220176483808,-0.0220176483808
6000.0,9333.33333333,3.27925986676e-18,4739.61332883,15000.0,1.53351489178,3,-6.8648790356e-17,4.63443777507,0.00760021090112,106,0.193917703575,4027.6819912,0.034547680271,-0.034547680271
8000.0,11333.3333333,-1.40972584741e-18,4286.36141736,15000.0,1.52159209107,3,-1.51152238873e-17,4.57951039187,0.00789853767358,107,0.527109436685,2867.44175568,0.0319204856777,-0.0319204856777
5000.0,8000.0,2.06998121359e-18,4307.69513641,11000.0,1.55530730597,3,-2.20656826144e-17,4.73654186911,0.00890248169699,108,-0.00512005745978,2449.48974278,0.0136059262897,-0.0136059262897
12000.0,13333.3333333,-7.4681270516e-18,6720.66274528,15000.0,1.55385535468,3,1.2059797605e-16,4.72966963135,0.00884250078629,109,0.690636447946,1247.21912892,0.0279211188019,-0.0279211188019
7000.0,10333.3333333,-1.17931672385e-17,3454.63416836,14000.0,1.57095634423,3,1.6028844918e-17,4.81124720279,0.00924740076119,110,0.276059669492,2867.44175568,0.032062290072,-0.032062290072
6000.0,9666.66666667,1.03299855869e-17,5193.48976627,15000.0,1.56676463646,3,-1.00613961607e-17,4.79112206935,0.00800070771949,111,0.598943208221,3858.61230093,0.0280893445571,-0.0280893445571
12000.0,13000.0,-2.31390021008e-19,5286.07881854,14000.0,1.55539437921,3,-9.25879743245e-17,4.73695431315,0.00685010959448,112,0.785389295305,816.496580928,0.0222026064182,-0.0222026064182
12000.0,12666.6666667,3.9242046669e-18,5118.52249863,14000.0,1.55233756898,3,-1.42293584323e-16,4.72249645144,0.008725716917,113,0.767136907624,942.809041582,0.0358772066652,-0.0358772066652
6000.0,8333.33333333,6.3801355043e-18,4266.05256489,11000.0,1.5134499042,3,1.08616819242e-16,4.54237455111,0.00952878345823,114,-0.0827535404492,2054.80466766,0.0280638712574,-0.0280638712574
6000.0,9333.33333333,-2.8773880381e-18,5202.21211239,14000.0,1.54929926379,3,1.63665377547e-16,4.7081698413,0.00549018500969,115,0.738274837875,3399.3463424,0.0173301152162,-0.0173301152162
12000.0,13500.0,-9.14128695936e-18,6171.33667828,14000.0,1.51489780436,4,9.82820382455e-17,4.54895621961,0.00692999171899,116,0.716162876535,866.025403784,0.0242322923301,-0.0242322923301
4000.0,5333.33333333,-6.65633513678e-18,3537.3614164,7000.0,1.56240418495,3,-1.56402668594e-16,4.77027609583,0.00738445629851,117,0.0992022391681,1247.21912892,0.0190176252589,-0.0190176252589
11000.0,13666.6666667,-5.14678335363e-18,5229.67127735,15000.0,1.44829177648,3,-2.4383752529e-16,4.2558383791,0.00754250857047,118,-0.522266476082,1885.61808316,0.0211749865534,-0.0211749865534
5000.0,9333.33333333,6.73315809672e-18,4133.55682111,13000.0,1.50291054128,3,-3.83026943496e-17,4.49475221256,0.00797669101866,119,0.814977529272,3299.83164554,0.0246585066536,-0.0246585066536
5000.0,6666.66666667,5.78645038246e-18,4359.2759078,8000.0,1.55662723965,3,-1.26287869051e-16,4.74279791815,0.0062736725156,120,0.515557883545,1247.21912892,0.0104915212332,-0.0104915212332
6000.0,10000.0,-2.17772316067e-18,3973.67543991,14000.0,1.47511387371,3,5.20243570445e-16,4.37153354735,0.00833276554051,121,-0.00937074634867,3265.98632371,0.0368949350154,-0.0368949350154
5000.0,9666.66666667,-5.18998796421e-18,4576.07728946,12000.0,1.45870063387,3,8.03061321146e-17,4.30036814381,0.00810456167389,122,0.668200204717,3299.83164554,0.0268732184968,-0.0268732184968
5000.0,8666.66666667,1.09505942768e-17,3898.43302191,16000.0,1.42178010027,3,2.22337797625e-17,4.14449148811,0.00918543697225,123,0.667282049573,5185.4497287,0.0226357741899,-0.0226357741899
8000.0,12000.0,-1.05800996143e-19,6432.21755372,14000.0,1.48424784578,3,-9.06682136777e-18,4.41164592646,0.00668049643081,124,0.678357773584,2828.42712475,0.0263380045925,-0.0263380045925
8000.0,12000.0,-1.71732765032e-18,4764.46926113,14000.0,1.32700430449,3,7.29509045764e-17,3.76973348184,0.00710262203135,125,-0.615321454346,2828.42712475,0.0203034948435,-0.0203034948435
7000.0,9666.66666667,-1.81362291499e-18,4001.79965827,12000.0,1.4047786723,3,-6.06921920128e-17,4.07462481414,0.00907050810733,126,0.731177423881,2054.80466766,0.0340926575305,-0.0340926575305
7000.0,10666.6666667,3.25646056337e-18,5238.50590584,15000.0,1.50898764301,3,1.60830550266e-16,4.52215044561,0.0088508540873,127,0.550532260971,3299.83164554,0.0397730805815,-0.0397730805815
7000.0,11000.0,5.03536884254e-19,4613.81875564,14000.0,1.48555500485,3,2.46099437125e-17,4.41741642009,0.00826895075598,128,0.135962709952,2943.92028878,0.0228945523525,-0.0228945523525
10000.0,13000.0,-6.1892437845e-19,5614.60078017,14000.0,1.45240677701,4,1.51840638927e-16,4.27338723831,0.00806524827733,129,0.599007892755,1732.05080757,0.0212049059112,-0.0212049059112
15000.0,15333.3333333,2.76613416226e-18,5426.29778309,16000.0,1.37321475982,3,9.92242921191e-17,3.94802225985,0.0093118687698,130,0.735261173559,471.404520791,0.0209943140956,-0.0209943140956
13000.0,13333.3333333,-3.54040264197e-18,5594.63015047,14000.0,1.37248307676,3,-1.28739611564e-16,3.9451346154,0.00912938592858,131,0.199732917412,471.404520791,0.0287034170393,-0.0287034170393
12000.0,14000.0,6.99259648473e-18,4831.21969286,16000.0,1.42610075804,4,-5.98740179992e-17,4.16243715811,0.0095651465135,132,0.640512780608,1414.21356237,0.0286111069115,-0.0286111069115
10000.0,13000.0,4.67431523109e-18,6293.98692427,15000.0,1.42392561119,3,-2.45220510564e-16,4.15339308569,0.00911681347517,133,0.406609360003,2160.24689947,0.0233549238478,-0.0233549238478
13000.0,14333.3333333,-7.02058189792e-18,4994.89738788,16000.0,1.39175223569,3,-1.9546180011e-17,4.0218911836,0.0092904911765,134,0.512382178759,1247.21912892,0.027760103649,-0.027760103649
13000.0,14000.0,-2.03321390908e-18,5572.59468865,15000.0,1.40574896668,4,-2.48630876912e-17,4.07858031839,0.00690096255342,135,0.524857442622,707.106781187,0.0238242463969,-0.0238242463969
14000.0,14666.6666667,2.5209436618e-18,5188.40861896,16000.0,1.34319578643,3,-2.3619175064e-16,3.83126787563,0.00908716568907,136,0.58852782359,942.809041582,0.0368436778923,-0.0368436778923
13000.0,14333.3333333,-2.73704794644e-18,5111.63418956,15000.0,1.2809594558,3,4.96816925873e-17,3.60009219841,0.00656644232679,137,0.679836361035,942.809041582,0.0367387133499,-0.0367387133499
12000.0,14750.0,-1.81097701109e-19,5774.71724127,16000.0,1.32040594544,4,9.03157619239e-17,3.74494131059,0.00694458253264,138,0.68291168777,1639.35963108,0.0252470834075,-0.0252470834075
14000.0,14666.6666667,1.23846762616e-18,5038.56355895,15000.0,1.32161904726,3,8.61605538603e-17,3.74948706238,0.00946668557343,139,0.457417781618,471.404520791,0.0422294284552,-0.0422294284552
13000.0,14000.0,-3.52444426916e-19,5900.45805758,16000.0,1.34997344623,3,-1.96814514334e-16,3.85732310287,0.00682020485492,140,0.599268323014,1414.21356237,0.0235396345452,-0.0235396345452
14000.0,15000.0,-1.27098297808e-18,5890.9730977,16000.0,1.38516160266,4,-8.23001147608e-17,3.99547153147,0.0089345040795,141,0.658467684984,707.106781187,0.030102928528,-0.030102928528
11000.0,14000.0,4.44833668435e-18,6089.20653225,16000.0,1.35519820043,3,-1.65529376023e-16,3.87752940846,0.00948412539199,142,0.643902229762,2160.24689947,0.0318858694144,-0.0318858694144
14000.0,14750.0,-2.397190448e-18,4885.41191249,16000.0,1.37203825459,4,1.48628009224e-16,3.94338012233,0.00666356372232,143,-0.16065476933,829.156197589,0.0236896066469,-0.0236896066469
13000.0,13666.6666667,-1.42390122714e-18,4900.66410174,14000.0,1.34435060167,3,8.06555115094e-17,3.83569483782,0.00968611329557,144,0.155089529793,471.404520791,0.030413404265,-0.030413404265
15000.0,15666.6666667,-3.24623506781e-19,6334.3356521,16000.0,1.34030831524,3,1.22124532709e-17,3.82022115622,0.00952467851964,145,0.667754501423,471.404520791,0.0328052886465,-0.0328052886465
14000.0,14666.6666667,-3.93567603211e-18,5270.75437468,15000.0,1.31113836567,3,-2.70616862252e-17,3.71039509541,0.00685365722999,146,0.535392089325,471.404520791,0.032566120017,-0.032566120017
14000.0,14666.6666667,-8.53457150733e-20,5699.64316413,15000.0,1.33935659159,3,-1.72683836927e-16,3.81658709099,0.00874035168239,147,0.767870994572,471.404520791,0.0294007703516,-0.0294007703516
12000.0,14250.0,2.48597517105e-18,5612.95292921,16000.0,1.32973040192,4,-1.35776163975e-16,3.78002416293,0.00682681650884,148,0.753124489609,1479.01994577,0.0225824809068,-0.0225824809068
13000.0,14000.0,-4.87576754055e-18,4588.02833063,15000.0,1.33708059513,3,1.88942320414e-16,3.80791043006,0.0082288572509,149,0.726912955987,816.496580928,0.0302116536528,-0.0302116536528
14000.0,15000.0,2.84917542556e-18,5962.2670133,16000.0,1.33982504147,3,2.62947558464e-18,3.81837538956,0.0066218648238,150,0.711509114026,816.496580928,0.0238136173778,-0.0238136173778
14000.0,15400.0,-4.52577899991e-18,6335.07804257,16000.0,1.32842591527,5,-2.5052244459e-17,3.77509638669,0.00707483730596,151,0.636129399711,800.0,0.0227336741251,-0.0227336741251
14000.0,15000.0,1.51060792178e-18,5698.89910609,16000.0,1.30316856867,4,-6.13417495811e-17,3.68094152511,0.00936330075834,152,0.396865488983,707.106781187,0.0229969543571,-0.0229969543571
10000.0,13666.6666667,3.1658167705e-18,5901.50760825,16000.0,1.31473083117,3,-5.23455823539e-16,3.72374853333,0.00722807272733,153,0.557011650813,2624.66929134,0.0288766995142,-0.0288766995142
7000.0,12000.0,3.30410788467e-18,5174.14396914,16000.0,1.34037404403,3,-1.1649012399e-16,3.82047226297,0.00872983715449,154,0.570314195511,3741.65738677,0.0315964015657,-0.0315964015657
14000.0,14333.3333333,1.00560701642e-17,5605.82696585,15000.0,1.30578228601,3,-2.11805144066e-16,3.69057504999,0.00695099488968,155,-0.25756703198,471.404520791,0.0274481741956,-0.0274481741956
13000.0,14500.0,1.06566064373e-18,5178.7814099,16000.0,1.32260941532,4,2.02548619032e-16,3.75320227402,0.00720281261205,156,0.0865571816411,1118.03398875,0.0273479579164,-0.0273479579164
12000.0,13500.0,9.98782426291e-19,4948.1618425,15000.0,1.33232644448,4,3.30679330991e-17,3.7898500152,0.00875698815277,157,0.466017521492,1500.0,0.0280825705902,-0.0280825705902
14000.0,14333.3333333,-3.04281707794e-18,4516.49242384,15000.0,1.32490108917,3,-6.20981203726e-17,3.76181325253,0.00660935920014,158,0.611231305995,471.404520791,0.0269038729239,-0.0269038729239
12000.0,14500.0,-3.29593947933e-18,7000.65334186,16000.0,1.34775958381,4,1.07515496067e-16,3.84879296595,0.00971024616467,159,0.474269127689,1500.0,0.0285173891632,-0.0285173891632
6000.0,12250.0,-4.72636623977e-18,5725.10747377,16000.0,1.34174581653,4,2.56238746334e-16,3.82571667804,0.00880267794507,160,0.586379820579,3766.62979333,0.0266283380797,-0.0266283380797
13000.0,14250.0,-4.0312850248e-19,5398.15320464,15000.0,1.34796330581,4,5.93927228843e-18,3.84957712963,0.00987351786919,161,0.278499568248,829.156197589,0.0328867333549,-0.0328867333549
13000.0,15250.0,-2.32752449445e-18,7068.59880608,16000.0,1.33520305213,4,4.17960426313e-17,3.80076762204,0.00649760026928,162,0.570827473828,1299.03810568,0.0280497818734,-0.0280497818734
15000.0,15750.0,-6.15520636891e-18,6435.2501704,16000.0,1.32468947067,4,7.69670282979e-17,3.76101726748,0.00851668901167,163,0.650137551135,433.012701892,0.032168050975,-0.032168050975
13000.0,14750.0,-2.79253450469e-19,6130.39958988,16000.0,1.32934678896,4,2.12836594057e-16,3.77857437478,0.00967736744417,164,0.629420398755,1299.03810568,0.0286441744572,-0.0286441744572
6000.0,13250.0,3.02455729241e-18,6776.25648634,16000.0,1.39679139867,4,-3.23079748301e-16,4.0422092989,0.00982525121399,165,0.691635272082,4205.65096032,0.0324090803998,-0.0324090803998
13000.0,14333.3333333,-2.96850657261e-18,5366.03984448,16000.0,1.31591324252,3,2.36704239933e-16,3.72815413996,0.00980465463793,166,0.253484107952,1247.21912892,0.0276249044521,-0.0276249044521
15000.0,15200.0,2.84522279552e-18,6002.83874368,16000.0,1.26612184629,5,4.06242670465e-17,3.54706977193,0.00972346200136,167,0.65871113767,400.0,0.0295318692294,-0.0295318692294
15000.0,15666.6666667,-8.92568537554e-19,6604.63604396,16000.0,1.26723391729,3,-2.75889884241e-16,3.55101655952,0.00669693313065,168,0.484662281417,471.404520791,0.0332909824927,-0.0332909824927
6000.0,10333.3333333,-1.25663444027e-18,5646.89787092,15000.0,1.35610370006,3,6.2172489379e-17,3.88104210006,0.00977647951589,169,0.546062598607,3681.78700573,0.0314623355368,-0.0314623355368
5000.0,10666.6666667,-3.57256930925e-18,5260.76549761,14000.0,1.18067818908,3,-1.64775600571e-16,3.25658203252,0.00627223268644,170,0.529847524371,4027.6819912,0.0254929357509,-0.0254929357509
13000.0,14200.0,-1.25625815313e-18,6716.54859636,15000.0,1.247424785,5,1.237446433e-17,3.48136613749,0.00982587524964,171,0.654543992115,748.331477355,0.0367849522342,-0.0367849522342
13000.0,14250.0,3.02068039298e-18,6320.77818937,15000.0,1.2483209553,4,-2.0208961592e-16,3.48448743284,0.00887795071912,172,0.722563395367,829.156197589,0.0325842835281,-0.0325842835281
15000.0,15200.0,1.82825673962e-18,6880.57140418,16000.0,1.2903043743,5,8.14222810694e-17,3.63389245091,0.00855187693296,173,0.839227095332,400.0,0.0251690044731,-0.0251690044731
14000.0,15250.0,-2.55205889393e-18,5908.04979408,16000.0,1.20645280791,4,-1.24977868104e-16,3.34161027111,0.00815350353176,174,-0.523424877406,829.156197589,0.0354922310055,-0.0354922310055
14000.0,14666.6666667,1.80369693362e-18,7242.82549267,15000.0,1.22608982582,3,-6.3105162286e-17,3.4078780532,0.00907948230933,175,0.688045351704,471.404520791,0.0270326212848,-0.0270326212848
14000.0,14666.6666667,-4.52625553125e-18,6319.4906923,15000.0,1.25073496226,3,-1.0063738121e-17,3.49290917073,0.00902222223729,176,0.749349986073,471.404520791,0.0302354213707,-0.0302354213707
14000.0,14333.3333333,1.2220348259e-18,7018.03174945,15000.0,1.3341835434,3,-1.17174788391e-16,3.79689468084,0.00852506408066,177,0.724451036662,471.404520791,0.0322260493377,-0.0322260493377
14000.0,15000.0,8.29718973042e-19,6351.99686325,16000.0,1.25273465209,3,-1.10833305352e-17,3.49990089398,0.00815377380334,178,0.802882393922,816.496580928,0.0332536266542,-0.0332536266542
12000.0,14333.3333333,7.45945559167e-20,6046.31949328,16000.0,1.27190136361,3,-5.49527825684e-17,3.56762947849,0.00949390561625,179,0.771744418939,1699.6731712,0.0244347889624,-0.0244347889624
13000.0,14750.0,1.841582298e-18,6205.31399497,16000.0,1.21722787049,4,-9.74235926545e-18,3.37781101329,0.00986740566692,180,0.776924708732,1089.72473589,0.038743934735,-0.038743934735
14000.0,15000.0,4.4870482766e-18,7004.74709722,16000.0,1.25151755964,6,2.4780337654e-17,3.49564378221,0.00750275277244,181,0.822557689404,577.35026919,0.0208601816011,-0.0208601816011
14000.0,15250.0,-9.0074215817e-19,6408.93517459,16000.0,1.2000702146,4,-2.03453192506e-17,3.32035005159,0.00653175636516,182,0.786029915259,829.156197589,0.0275542061252,-0.0275542061252
14000.0,15000.0,2.20616015827e-18,6868.55286412,16000.0,1.23652297762,5,1.90370836447e-17,3.44361908386,0.00934145094592,183,0.78173863978,632.455532034,0.0317730209647,-0.0317730209647
14000.0,14750.0,6.38042305821e-18,7651.91155556,15000.0,1.2760626793,4,-1.46797960279e-16,3.58250644341,0.00653906965949,184,0.876916319201,433.012701892,0.0248224354225,-0.0248224354225
11000.0,12666.6666667,5.80328941285e-18,4401.95923366,15000.0,1.28929702731,3,-3.55121842894e-18,3.6302337034,0.0066080288091,185,-0.714180444678,1699.6731712,0.0217947149723,-0.0217947149723
11000.0,13750.0,1.36010250348e-18,4942.60110631,15000.0,1.21415283736,4,-2.24324527208e-16,3.36744008618,0.00670501738767,186,0.141367751997,1639.35963108,0.0193232995331,-0.0193232995331
13000.0,14750.0,-2.05824534386e-20,6088.05985113,16000.0,1.26864255635,4,9.09277680802e-17,3.55602218486,0.00640027583292,187,0.176474735771,1089.72473589,0.0229382175754,-0.0229382175754
13000.0,14000.0,5.4723654088e-18,6996.89247627,15000.0,1.30416531641,3,1.3807393232e-16,3.68461232438,0.00752666320366,188,0.702357610976,816.496580928,0.0220595268237,-0.0220595268237
14000.0,15000.0,-2.7855659415e-18,6726.55398665,16000.0,1.24693278488,4,5.52252218283e-17,3.47965372625,0.00873098508966,189,0.768868129378,707.106781187,0.0240738317069,-0.0240738317069
13000.0,14500.0,2.83066755496e-18,7085.12344371,16000.0,1.16977832722,4,-1.18952466924e-17,3.22127848961,0.00969101023706,190,0.634195828531,1118.03398875,0.0275873829534,-0.0275873829534
13000.0,15000.0,3.74415303039e-18,6242.94045024,16000.0,1.16514143076,4,4.9183455236e-17,3.20637633137,0.00929739305891,191,0.580311532922,1224.74487139,0.0311790614715,-0.0311790614715
13000.0,14250.0,2.14313253956e-18,7449.49989679,15000.0,1.16999512727,4,-1.73363225307e-16,3.22197693867,0.00666478914384,192,0.75710981317,829.156197589,0.028130254257,-0.028130254257
12000.0,14500.0,-2.3015760184e-18,6727.14546506,16000.0,1.1857584407,4,-6.23339763644e-17,3.2731683844,0.00953122948984,193,0.761377881363,1658.31239518,0.0298024246918,-0.0298024246918
14000.0,15333.3333333,-2.30397639039e-18,7037.69367444,16000.0,1.30855138905,3,-1.33506789534e-16,3.70080879518,0.00886350411944,194,0.704159083473,942.809041582,0.0292729063095,-0.0292729063095
14000.0,15200.0,-2.41836093413e-18,7677.95312043,16000.0,1.25868154282,5,-6.45262013871e-17,3.52077643293,0.00769751321011,195,0.669976849555,748.331477355,0.0254309348611,-0.0254309348611
14000.0,14000.0,3.94942895876e-18,6507.00886894,14000.0,1.18624438722,3,1.09727042267e-16,3.27475935573,0.00867281981852,196,0.6925389886,0.0,0.027827832102,-0.027827832102
11000.0,13500.0,3.53917987996e-18,5703.40708052,15000.0,1.34583780925,4,1.85107366966e-17,3.84140355622,0.00716735839832,197,0.0966312412438,1658.31239518,0.0213375771074,-0.0213375771074
14000.0,15250.0,2.00430475218e-18,6505.32241707,16000.0,1.24123927938,4,6.43123461734e-17,3.45989858994,0.00897757612272,198,0.604362400024,829.156197589,0.0284014600561,-0.0284014600561
13000.0,14250.0,-3.42130643168e-18,6196.9589531,16000.0,1.28839221531,4,1.32989046685e-16,3.62695050994,0.00891659244681,199,0.72815653977,1089.72473589,0.0338582951949,-0.0338582951949
12000.0,13000.0,1.20892970883e-18,5807.80089305,14000.0,1.30109508925,3,-4.27254734045e-17,3.67331707591,0.0096535269261,200,0.41674085162,816.496580928,0.0271090552414,-0.0271090552414
13000.0,14750.0,-4.15920769373e-18,6929.32698408,16000.0,1.32603955235,4,-3.09981446993e-16,3.76609837719,0.0074384188584,201,0.717538446253,1299.03810568,0.0249238411878,-0.0249238411878
14000.0,15000.0,-2.89607809555e-18,8015.33500399,16000.0,1.19120616566,7,2.99138760493e-16,3.29104836391,0.00677043319233,202,0.65285764702,755.928946018,0.0207275627487,-0.0207275627487
13000.0,14500.0,4.88024591955e-19,5324.96800798,15000.0,1.10954384356,4,-1.1079162944e-16,3.03297456795,0.00687624467436,203,0.0985727572798,866.025403784,0.0245623188355,-0.0245623188355
13000.0,14000.0,-3.25754390592e-19,6454.4700742,15000.0,1.23605536444,4,2.75239078898e-16,3.44200917863,0.00681547395166,204,0.477150941811,707.106781187,0.0209627889591,-0.0209627889591
15000.0,15250.0,2.04517295124e-18,6769.30631354,16000.0,1.13653038622,4,-2.13738191785e-17,3.11593848518,0.00974884768672,205,0.648258565677,433.012701892,0.0243166106329,-0.0243166106329
11000.0,14000.0,-2.19634753439e-18,7032.7822606,15000.0,1.134879191,4,-1.03413552183e-16,3.11079770784,0.0074231498806,206,0.684182673951,1732.05080757,0.0213184368678,-0.0213184368678
12000.0,13250.0,-2.89805598523e-18,6765.30256108,15000.0,1.16906311257,4,2.8638799858e-17,3.21897540775,0.00915939298383,207,0.705711034085,1089.72473589,0.0225003291267,-0.0225003291267
14000.0,14800.0,-2.40081995695e-18,7026.15159895,15000.0,1.18122742812,5,1.69449889956e-16,3.25837116579,0.00655521868444,208,0.708445632747,400.0,0.0193081425879,-0.0193081425879
13000.0,14333.3333333,5.67519830688e-19,7534.47529348,16000.0,1.20849458448,3,6.95936261749e-17,3.34844006276,0.00887770001538,209,0.706919205666,1247.21912892,0.0271632020251,-0.0271632020251
13000.0,14250.0,2.98754265198e-20,6789.04099891,16000.0,1.17336572981,4,-5.42779791051e-17,3.23285526529,0.00664473759897,210,0.761215925822,1089.72473589,0.0186413225733,-0.0186413225733
12000.0,14400.0,7.48987257098e-19,6759.33901115,16000.0,1.19519214385,5,6.26553378542e-17,3.30419258978,0.00939786359689,211,0.736478261819,1356.46599663,0.0217746698875,-0.0217746698875
14000.0,14333.3333333,-1.36098873528e-18,5919.31799134,15000.0,1.17345263558,3,2.05557204174e-17,3.23313623126,0.0062870698215,212,0.716171099478,471.404520791,0.0212057027466,-0.0212057027466
11000.0,12666.6666667,1.86493791431e-17,8072.63728506,14000.0,1.36642584998,3,1.3433698598e-16,3.92131026793,0.00955440805186,213,0.632719987454,1247.21912892,0.0442510307099,-0.0442510307099
11000.0,11333.3333333,-1.08794023485e-18,5347.36108337,12000.0,1.28762879348,3,-1.62832710278e-17,3.62418267342,0.00944338115237,214,-2.14670051854,471.404520791,0.0272326445201,-0.0272326445201
13000.0,14250.0,-1.69987697201e-18,7371.62107415,16000.0,1.21095651103,4,3.16668027397e-17,3.35669383218,0.00904682481156,215,0.581776204166,1089.72473589,0.0247692180029,-0.0247692180029
13000.0,14250.0,-1.42137621431e-18,7767.36337053,15000.0,1.26645742652,4,1.47125419617e-17,3.54826029818,0.00664416540127,216,0.873473921672,829.156197589,0.0263662260769,-0.0263662260769
14000.0,14000.0,-4.74522287965e-19,6223.37645994,14000.0,1.29203799549,3,2.50450701844e-17,3.64019770776,0.00833053752719,217,0.766627071445,0.0,0.0330295533439,-0.0330295533439
13000.0,14333.3333333,2.73846374171e-18,7056.19752292,16000.0,1.25470304289,3,1.24299778838e-17,3.50679685146,0.00991158678379,218,0.752872309109,1247.21912892,0.0333684213313,-0.0333684213313
14000.0,14500.0,-6.65726639344e-19,7832.93685579,16000.0,1.27454117436,4,-4.2322865076e-17,3.57705978678,0.00738977847293,219,0.893213344477,866.025403784,0.0233551887496,-0.0233551887496
13000.0,14000.0,-5.1826330892e-19,6099.91228753,15000.0,1.12263362322,3,3.72855246998e-16,3.07293651268,0.00961887986882,220,0.663076971373,816.496580928,0.0249936635995,-0.0249936635995
12000.0,14333.3333333,-2.19729270438e-18,7393.25207995,16000.0,1.20942475019,3,1.04572063059e-16,3.3515561159,0.00869636386597,221,0.737432278572,1699.6731712,0.0275846460158,-0.0275846460158
6000.0,12750.0,-1.06004865107e-18,6871.55370302,16000.0,1.30913134267,4,-1.03445424948e-16,3.70295571511,0.00941942538867,222,0.751839943986,3960.74487944,0.0215801721929,-0.0215801721929
15000.0,15250.0,1.1490809282e-18,7596.45468787,16000.0,1.20850440428,4,-7.81051636622e-17,3.34847294395,0.00944217684997,223,0.725892532264,433.012701892,0.0252922868427,-0.0252922868427
14000.0,15000.0,1.93780523059e-18,7238.11248321,16000.0,1.17173783035,4,-1.30935656617e-16,3.22759678326,0.00669242876185,224,0.816285591098,707.106781187,0.027543056925,-0.027543056925
15000.0,15250.0,-3.30856661065e-18,7012.74941022,16000.0,1.16966971471,4,2.24480830998e-17,3.22092863747,0.00912224493099,225,0.736316615751,433.012701892,0.0300370609368,-0.0300370609368
14000.0,14333.3333333,2.00601680903e-18,7999.49492803,15000.0,1.2128863664,3,2.19411664946e-18,3.36317802054,0.00921877619787,226,0.825178522097,471.404520791,0.0292692304986,-0.0292692304986
14000.0,14750.0,-4.19236934812e-18,7328.84107114,15000.0,1.1892242749,4,-2.31668522118e-17,3.28453232474,0.00994382422275,227,0.8517274006,433.012701892,0.0303582924007,-0.0303582924007
13000.0,14333.3333333,3.48473457806e-18,6453.26115333,15000.0,1.15925343077,3,7.57317080371e-17,3.18755265883,0.00657921889805,228,0.786051151247,942.809041582,0.0199666946931,-0.0199666946931
14000.0,15333.3333333,1.83488977364e-18,7851.3210262,16000.0,1.1531682206,3,2.73913292165e-17,3.16821462866,0.00674750007275,229,0.874382900504,942.809041582,0.0205309174311,-0.0205309174311
13000.0,14500.0,-8.0918440723e-20,7108.51746248,16000.0,1.11984950305,4,-3.47386819409e-16,3.0643929868,0.00661305386831,230,0.801410618749,1118.03398875,0.0252123357502,-0.0252123357502
15000.0,15500.0,5.91558516955e-19,6358.55332374,16000.0,1.13424096904,4,-9.39781661218e-17,3.10881296185,0.00659794449599,231,0.43213247561,500.0,0.0213142599367,-0.0213142599367
13000.0,14750.0,-3.37687931935e-18,7448.73884854,16000.0,1.12711069007,4,-1.00851327706e-16,3.08672509807,0.00903354255356,232,0.757234291296,1089.72473589,0.0282018032653,-0.0282018032653
14000.0,14600.0,2.91437361855e-18,7630.74512914,15000.0,1.12061274972,5,-1.59160507301e-16,3.06673276733,0.00988949686343,233,0.837671248645,489.897948557,0.028231684193,-0.028231684193
12000.0,13333.3333333,-5.60349313422e-18,7283.10054584,14000.0,1.27974301791,3,-7.43816416895e-17,3.59571557231,0.00980687083092,234,0.764437710297,942.809041582,0.0323513693197,-0.0323513693197
14000.0,14750.0,-2.24999737348e-19,7028.63956986,15000.0,1.21323973429,4,1.02781373547e-16,3.36436666966,0.00873843927205,235,0.650868163068,433.012701892,0.0224423984649,-0.0224423984649
12000.0,13333.3333333,-1.47018860567e-19,7543.17713026,14000.0,1.27265411677,3,7.0705809415e-17,3.57031603388,0.00881262195163,236,0.808305439459,942.809041582,0.0252542827283,-0.0252542827283
10000.0,14000.0,1.15746055747e-18,6499.18530273,16000.0,1.17021272413,5,-2.45427179778e-16,3.22267810701,0.00935182346123,237,0.506242673411,2097.61769634,0.0281513571101,-0.0281513571101
14000.0,14600.0,-6.20482612565e-19,7631.46198873,15000.0,1.01884252743,5,-9.38539051745e-17,2.76998672405,0.00879152761997,238,0.725309779172,489.897948557,0.0219566328357,-0.0219566328357
14000.0,14250.0,1.74222538493e-18,6589.44229754,15000.0,1.09694310245,4,2.08574110818e-16,2.99499661829,0.00872598876046,239,0.869872471674,433.012701892,0.0269644429084,-0.0269644429084
13000.0,15000.0,-6.38288609954e-18,6675.64120674,16000.0,0.996519476187,4,3.67928094325e-19,2.70883722944,0.00978530949133,240,0.558847246255,1224.74487139,0.0295679697346,-0.0295679697346
15000.0,15000.0,-2.90682989502e-18,7373.40300554,15000.0,1.01239772954,4,-7.59437613247e-17,2.75219212235,0.0067783585525,241,0.746529675755,0.0,0.0250320103396,-0.0250320103396
13000.0,13666.6666667,8.54441807375e-19,6732.11860597,14000.0,1.1940581876,3,-3.35549750781e-16,3.30044790352,0.00991694683192,242,0.553014293665,471.404520791,0.027945382695,-0.027945382695
13000.0,14500.0,-1.98938867023e-18,7338.13873179,16000.0,0.990797222536,4,-9.990335199e-17,2.69338084057,0.00940287937907,243,0.721067935489,1118.03398875,0.0253489294958,-0.0253489294958
15000.0,15000.0,-2.69671037043e-18,7864.14993375,15000.0,1.00511617979,3,4.45939581558e-17,2.73222468369,0.00795160632919,244,0.820352087503,0.0,0.034233016502,-0.034233016502
15000.0,15666.6666667,-4.77631345229e-18,6803.98729749,16000.0,0.999988256753,3,5.65675004459e-17,2.71824990719,0.00952290309711,245,0.716892907894,471.404520791,0.0338851208282,-0.0338851208282
15000.0,15000.0,2.66970257424e-18,6543.23637962,15000.0,1.05526050595,4,1.3639882874e-16,2.87272341799,0.00957156542969,246,0.652927644777,0.0,0.0271687393953,-0.0271687393953
14000.0,14500.0,5.12011463253e-18,7145.12735182,16000.0,1.05052384953,4,1.2483574195e-16,2.85914848942,0.00906491688402,247,0.7067139796,866.025403784,0.0240645346969,-0.0240645346969
14000.0,15000.0,-2.43238697093e-18,7281.87971695,16000.0,1.03223426825,5,5.43379083006e-17,2.80733116377,0.00807292225729,248,0.809398840131,894.427191,0.024502701914,-0.024502701914
9000.0,12750.0,-4.15033467415e-18,6224.50955247,15000.0,1.11740813781,4,8.88836817343e-18,3.05692080913,0.00909302921754,249,-0.0945664143935,2277.60839479,0.0242945011375,-0.0242945011375
10000.0,12333.3333333,-4.60928400861e-18,7076.44267607,15000.0,1.2509648928,3,-1.05122566583e-17,3.49371238956,0.00740981945573,250,0.81862904683,2054.80466766,0.0307730325008,-0.0307730325008
13000.0,14333.3333333,3.48681068137e-18,8606.23881694,15000.0,1.1321206431,3,-7.41549153629e-17,3.10222824842,0.00749498219224,251,0.759408290466,942.809041582,0.0247708855962,-0.0247708855962
10000.0,13750.0,6.43821773247e-18,7066.4106836,16000.0,1.17594661146,4,3.36799478932e-17,3.24120965832,0.00762494391625,252,0.772007059402,2277.60839479,0.0242939836353,-0.0242939836353
14000.0,14750.0,1.90103083999e-18,6813.27572844,15000.0,0.997557588983,4,4.93073856221e-18,2.71165076816,0.009820766889,253,0.489832566986,433.012701892,0.0306593013878,-0.0306593013878
14000.0,14000.0,3.72404329667e-19,6495.27931988,14000.0,1.05071488068,3,-4.77395900589e-17,2.85969472802,0.00714447361649,254,0.734067889103,0.0,0.0201023104778,-0.0201023104778
13000.0,14250.0,4.43147700498e-18,7515.36268535,15000.0,1.09933897343,4,-4.82413335454e-17,3.00218084657,0.00658223904948,255,0.662416081515,829.156197589,0.0241774057184,-0.0241774057184
14000.0,15250.0,6.81663205888e-19,7571.03493197,16000.0,1.05906906372,4,5.3295615604e-17,2.88368521215,0.00953952291704,256,0.741471628566,829.156197589,0.0325949800092,-0.0325949800092
14000.0,14800.0,-6.51716968449e-19,7821.91508314,15000.0,1.03942444725,5,-2.55419407506e-19,2.82758911922,0.00658411145417,257,0.846218769046,400.0,0.0244741285243,-0.0244741285243
13000.0,13750.0,-2.21098150284e-18,6681.34116629,15000.0,1.0854137247,4,7.3679959402e-17,2.96066446541,0.00730558327708,258,0.768305738764,829.156197589,0.0197911523248,-0.0197911523248
10000.0,13500.0,-8.24599665469e-19,6831.62813533,16000.0,1.13414623339,4,-2.16578256243e-16,3.10851846038,0.00755296204976,259,0.763391067489,2179.44947177,0.0217899142438,-0.0217899142438
12000.0,13333.3333333,2.73268420424e-18,7646.45489598,14000.0,1.25111545866,3,6.01602101469e-17,3.49423846298,0.00899652516483,260,0.8065052645,942.809041582,0.0297980866332,-0.0297980866332
14000.0,14750.0,-3.3945772133e-18,7238.7699537,15000.0,1.08846114422,4,-1.92674727538e-17,2.96970061356,0.00914739984091,261,0.667350585938,433.012701892,0.0257325999799,-0.0257325999799
13000.0,14000.0,1.0246088506e-18,7055.50509529,15000.0,1.02498819509,4,1.31723449212e-16,2.78706255934,0.00996489141316,262,0.87061955813,707.106781187,0.0260595093407,-0.0260595093407
14000.0,14750.0,-3.01069000334e-18,7903.24871854,15000.0,0.967851480698,4,-5.59953880778e-17,2.63228286896,0.00994872148112,263,0.887758307774,433.012701892,0.0249808174891,-0.0249808174891
14000.0,15000.0,4.34020389336e-18,7421.13783389,16000.0,0.99373599346,4,-2.40832175764e-17,2.7013077118,0.00655900552586,264,0.864722269775,707.106781187,0.0249477132123,-0.0249477132123
14000.0,15000.0,-3.53340662892e-18,7760.92638023,16000.0,1.03590705032,3,7.53596151889e-17,2.81766083703,0.00979024244632,265,0.749849537246,816.496580928,0.034920443858,-0.034920443858
10000.0,13750.0,-5.04826842316e-18,7395.78125036,16000.0,1.22952903855,4,-8.52905709022e-18,3.41961864843,0.00994093927765,266,0.828709485012,2277.60839479,0.0292683216105,-0.0292683216105
11000.0,14250.0,-1.57035285497e-18,6068.34174043,16000.0,1.10589826157,4,-1.22361470549e-16,3.02193774054,0.00657930786665,267,0.321824443616,1920.28643697,0.0256474506506,-0.0256474506506
12000.0,12666.6666667,4.772591583e-18,7079.34006648,13000.0,1.24033156297,3,-2.40548322002e-17,3.45675940818,0.00995618304242,268,0.815807051011,471.404520791,0.0242731337545,-0.0242731337545
12000.0,13333.3333333,1.2130763218e-18,5294.06223435,15000.0,1.01358225026,3,2.19673816175e-16,2.7554540825,0.00921376887087,269,0.481537667594,1247.21912892,0.0247628188513,-0.0247628188513
13000.0,14000.0,3.52870148047e-18,7164.36698964,15000.0,1.14050788793,3,-7.17019036737e-18,3.12835681646,0.00661254120313,270,0.718744938894,816.496580928,0.023158067766,-0.023158067766
11000.0,13000.0,-1.5736092045e-18,7644.96238316,14000.0,1.18834571499,3,-6.37453053306e-17,3.28164793355,0.00708154756981,271,0.891177948658,1414.21356237,0.0204268632038,-0.0204268632038
13000.0,14250.0,-6.38126331649e-18,7428.01943907,15000.0,1.04576100574,4,1.94841277314e-16,2.84556318982,0.00982649567607,272,0.85584984543,829.156197589,0.0223601159333,-0.0223601159333
14000.0,14750.0,1.25262153366e-18,7171.81526465,16000.0,1.01896844582,4,-7.65638497424e-17,2.77033553828,0.00733602102249,273,0.83134891652,829.156197589,0.0138201177146,-0.0138201177146
14000.0,15000.0,4.59794877207e-19,8169.4759171,16000.0,1.09845602679,4,-2.47394044158e-16,2.99953125099,0.00647571505668,274,0.770959452026,707.106781187,0.023517197065,-0.023517197065
12000.0,13333.3333333,-6.79975529682e-18,7220.30910414,16000.0,1.35383518858,3,-1.0680747821e-16,3.87224789016,0.00636948202705,275,0.845302324287,1885.61808316,0.0268262879669,-0.0268262879669
14000.0,15000.0,-4.49194277713e-18,8183.34706344,16000.0,1.06068410438,4,1.93643550807e-16,2.88834624386,0.00954813074408,276,0.774257942015,707.106781187,0.0303674058584,-0.0303674058584
10000.0,12666.6666667,3.09259782844e-18,6920.45484477,14000.0,1.12283480504,3,1.13797860024e-16,3.07355479383,0.00927219172815,277,0.734568207089,1885.61808316,0.0288276617758,-0.0288276617758
12000.0,13333.3333333,1.24131583464e-19,6795.22144716,14000.0,1.15608633465,3,1.24853830978e-16,3.17747334268,0.0077030451156,278,0.796391348825,942.809041582,0.0142071864698,-0.0142071864698
14000.0,14250.0,-5.0235126845e-19,6025.35012112,15000.0,1.07045362597,4,1.07369709984e-16,2.91670229183,0.0097581446564,279,0.669369504013,433.012701892,0.0271258250506,-0.0271258250506
15000.0,15000.0,3.89478699246e-18,8384.5432114,15000.0,1.22137084194,3,6.9851531966e-17,3.3918342167,0.00647983369975,280,0.724490611322,0.0,0.0222422315748,-0.0222422315748
13000.0,13666.6666667,6.33141992954e-18,7206.34426714,15000.0,1.20271567591,3,3.09474668114e-17,3.32914553813,0.00926982654216,281,0.858276148328,942.809041582,0.0281053200656,-0.0281053200656
14000.0,14333.3333333,-8.34275417465e-19,6095.35766463,15000.0,1.04856257752,3,2.79845400341e-18,2.85354641691,0.00960975636729,282,0.73944695062,471.404520791,0.0281550249507,-0.0281550249507
12000.0,12666.6666667,7.50852565339e-18,6653.41128762,13000.0,1.19228466778,3,2.78249645547e-17,3.29459968124,0.00968040288852,283,0.773026582739,471.404520791,0.0258307170475,-0.0258307170475
14000.0,14666.6666667,-3.32600768694e-18,6321.71514974,15000.0,1.09709715278,3,2.85611174943e-16,2.99545803407,0.00994098520295,284,0.790634509433,471.404520791,0.0316543490328,-0.0316543490328
13000.0,13666.6666667,-3.36655431338e-18,6767.59344578,14000.0,0.972806870033,3,-5.41233724505e-17,2.64535922788,0.0067571603047,285,0.802279952623,471.404520791,0.0262439330052,-0.0262439330052
13000.0,13666.6666667,-3.29607918257e-18,8046.02807768,15000.0,0.986903958616,3,-6.16173778667e-17,2.68291518413,0.00903807801338,286,0.884469254916,942.809041582,0.0228699046856,-0.0228699046856
14000.0,14000.0,-5.01115231123e-18,7633.35852618,14000.0,1.04535089387,3,1.17174788391e-16,2.84439642982,0.00658207460574,287,0.885034014588,0.0,0.02477794576,-0.02477794576
13000.0,13666.6666667,-5.44283935532e-19,6327.0150319,14000.0,1.0418589855,3,-4.60973851683e-17,2.83448137944,0.00900009354335,288,0.770983211889,471.404520791,0.02681685469,-0.02681685469
13000.0,13000.0,-1.70489022675e-18,7049.98817294,13000.0,1.04123637816,3,3.74098900006e-16,2.83271715978,0.00903542482599,289,0.305843932229,0.0,0.0278122893315,-0.0278122893315
11000.0,12666.6666667,-1.15184255103e-18,7013.66456112,15000.0,1.00375665968,3,1.54321000423e-16,2.7285126931,0.0094751508342,290,0.732182254571,1699.6731712,0.0309067557916,-0.0309067557916
4000.0,10333.3333333,4.9149331272e-18,6230.41702919,14000.0,1.09139674712,3,-3.46944695195e-16,2.97843128393,0.00649465848629,291,0.69526138829,4496.91252108,0.0279672536955,-0.0279672536955
13000.0,14000.0,-7.56716457531e-19,6457.72883653,15000.0,0.931777444862,4,1.75536415192e-16,2.53901813396,0.00939753255992,292,0.719209570461,707.106781187,0.0213423849467,-0.0213423849467
14000.0,14666.6666667,-1.64832016896e-18,8481.84093948,15000.0,1.00917601118,3,-2.29889651342e-16,2.74333960229,0.00792822972452,293,0.761076762757,471.404520791,0.0255077914525,-0.0255077914525
14000.0,15000.0,-2.01231423765e-19,8396.1179206,16000.0,0.869216126119,3,-2.16207015506e-19,2.38504054959,0.00686592753751,294,0.865575940432,816.496580928,0.028608393849,-0.028608393849
14000.0,14333.3333333,2.20671907843e-18,7210.62024048,15000.0,0.903677436045,3,5.44818819688e-17,2.46866479597,0.00688251671203,295,0.766867670159,471.404520791,0.0270054302973,-0.0270054302973
12000.0,12666.6666667,2.06406375671e-18,7325.02052063,14000.0,0.942183208558,3,-4.81096644004e-18,2.56557649706,0.00969468073011,296,0.85897698997,942.809041582,0.0259927662043,-0.0259927662043
12000.0,14000.0,-8.3363587461e-18,6516.3493516,15000.0,0.84576327418,4,1.37879639385e-17,2.32975537823,0.00793939750805,297,0.684452854426,1224.74487139,0.0208227592544,-0.0208227592544
14000.0,14666.6666667,2.58883180307e-18,7215.20011051,15000.0,0.884959194202,3,-3.46944695195e-17,2.42288552169,0.00888041078107,298,0.773208700847,471.404520791,0.0260653954194,-0.0260653954194
14000.0,15000.0,7.7981137364e-19,7625.13164027,16000.0,0.886245049496,4,2.79053266283e-16,2.42600300575,0.00945802052442,299,0.790636266031,707.106781187,0.0268914519809,-0.0268914519809
11000.0,13000.0,1.29322305387e-18,6001.63959037,15000.0,0.900005602221,3,9.52038213729e-17,2.45961689044,0.00733057249484,300,0.594568967965,1632.99316186,0.0282835663389,-0.0282835663389
14000.0,15000.0,-2.15852994299e-18,8149.57910821,16000.0,0.906936137339,4,2.96907253099e-17,2.47672255892,0.00896851018444,301,0.763882188221,707.106781187,0.0266997139956,-0.0266997139956
14000.0,14500.0,2.29336313159e-18,7290.26530528,16000.0,0.924020000025,4,1.48273206578e-16,2.51939804013,0.00661744313147,302,0.825979891845,866.025403784,0.0241786366536,-0.0241786366536
14000.0,14750.0,3.28637757783e-18,7779.32516548,15000.0,1.03541270995,4,-2.79722279838e-17,2.81626829776,0.00909713893618,303,0.850459144222,433.012701892,0.0263111728951,-0.0263111728951
10000.0,13000.0,1.46108964042e-18,7175.25222434,15000.0,1.10416854152,4,1.27158245316e-17,3.01671515236,0.00650870525157,304,0.801644729631,2121.32034356,0.0189659646663,-0.0189659646663
14000.0,14000.0,-5.86565676325e-20,6648.55288963,14000.0,0.882953776786,3,2.71586815164e-17,2.41803149367,0.00924864533887,305,0.611968840743,0.0,0.0253900716418,-0.0253900716418
13000.0,13333.3333333,3.75093840702e-18,7080.88656692,14000.0,1.00749563465,3,-1.09114106639e-16,2.73873362978,0.00662155455231,306,0.703223767364,471.404520791,0.0211991052715,-0.0211991052715
13000.0,14000.0,1.85420577995e-18,6523.2501687,15000.0,1.06526797941,3,-6.56536601989e-17,2.90161645334,0.00945242808085,307,0.700879909349,816.496580928,0.0292904341362,-0.0292904341362
14000.0,15000.0,1.54317862443e-18,7740.98893475,16000.0,0.909560330478,4,-4.9127772851e-17,2.48323049257,0.00984135447076,308,0.596477384927,707.106781187,0.0282536379161,-0.0282536379161
11000.0,13000.0,1.20370739213e-19,7326.38809406,15000.0,1.06374130013,3,4.88498130835e-17,2.89718999537,0.00939554237174,309,0.773989023827,1632.99316186,0.0293087037919,-0.0293087037919
14000.0,14500.0,-6.19313028185e-19,7245.49009125,16000.0,0.812939509584,4,1.63186848404e-16,2.25452545504,0.00659509465682,310,0.574972583831,866.025403784,0.0203986822827,-0.0203986822827
12000.0,14000.0,-2.29967041338e-19,7800.62590965,16000.0,0.950630892135,4,-6.69313051771e-18,2.5873414779,0.00916808649561,311,0.730868650861,1414.21356237,0.0281952613811,-0.0281952613811
8000.0,11333.3333333,-2.41548185837e-18,5696.3393139,14000.0,1.01182606298,3,9.54329208251e-17,2.75061923579,0.00782835952202,312,0.792510984542,2494.43825785,0.0196670721871,-0.0196670721871
14000.0,15000.0,1.67648449564e-18,6912.94397384,16000.0,0.922190665988,3,-1.01969214322e-16,2.51479343251,0.00654061301006,313,0.692623687784,816.496580928,0.0207866566433,-0.0207866566433
14000.0,15000.0,1.67663393471e-18,7973.07851014,16000.0,0.890892936001,4,-9.64402687062e-17,2.43730503732,0.00955215524464,314,0.738758197947,1000.0,0.0265100277044,-0.0265100277044
14000.0,15333.3333333,4.49638780658e-18,7722.28897547,16000.0,0.889557703821,3,-1.92703672475e-16,2.4340528409,0.00983817619352,315,0.792712135515,942.809041582,0.0303432061224,-0.0303432061224
14000.0,14750.0,1.24610092902e-18,7286.67724875,16000.0,0.876802081276,4,-2.07972450341e-17,2.40320215973,0.00896185800448,316,0.806438230044,829.156197589,0.0316064695254,-0.0316064695254
11000.0,13000.0,-2.83763283712e-18,5763.29744901,14000.0,1.08187199783,3,6.64766295539e-19,2.95019714765,0.00977428049551,317,0.505519337323,1414.21356237,0.0273476037697,-0.0273476037697
14000.0,14000.0,4.61804015453e-18,6704.94560288,14000.0,1.01935219868,3,-1.66903528035e-16,2.77139886648,0.00992965422847,318,0.52599628874,0.0,0.0263753702639,-0.0263753702639
14000.0,14333.3333333,-1.81102505047e-19,6451.47424091,15000.0,0.972545534659,3,-2.36847578587e-16,2.64466799227,0.00704352529009,319,0.754268407233,471.404520791,0.0208324142861,-0.0208324142861
14000.0,14333.3333333,6.58966066466e-18,6865.85521287,15000.0,0.967545042688,3,-1.38916655956e-16,2.63147636102,0.00925653206645,320,0.811663985181,471.404520791,0.0277019775833,-0.0277019775833
14000.0,15000.0,8.72789553617e-20,6234.83701407,16000.0,0.988385348941,4,-7.83095289854e-17,2.68689257403,0.00976329970162,321,0.68393356467,707.106781187,0.027534835328,-0.027534835328
15000.0,15500.0,3.79906600596e-18,7207.28373504,16000.0,0.912699335921,4,-1.91687744983e-16,2.49103761349,0.00928166668302,322,0.730749530936,500.0,0.0281776583197,-0.0281776583197
12000.0,12666.6666667,-4.01870300282e-18,7887.91118903,13000.0,0.993202380405,3,1.46179364909e-16,2.69986664326,0.00897194174471,323,0.738535231777,471.404520791,0.0232667274821,-0.0232667274821
13000.0,14000.0,3.26163802847e-18,6780.06882513,16000.0,0.917494500894,4,9.60375714618e-18,2.5030112346,0.00694221512674,324,0.589438134395,1224.74487139,0.0197475145887,-0.0197475145887
14000.0,14800.0,9.14316476556e-19,7394.99865392,15000.0,0.960856012699,5,5.54313938301e-18,2.61393307591,0.00933970148798,325,0.772429704571,400.0,0.0276959501499,-0.0276959501499
12000.0,14250.0,2.03595330863e-18,7491.47597628,16000.0,1.01901319157,4,-1.19119937438e-16,2.77045950181,0.00646328709123,326,0.837013039684,1479.01994577,0.0218500708524,-0.0218500708524
14000.0,14333.3333333,-2.8589615952e-18,7637.01932264,15000.0,0.88708813602,3,-1.71820230002e-17,2.42804919863,0.00656557652815,327,0.881604937557,471.404520791,0.0293033610827,-0.0293033610827
12000.0,14000.0,-8.23903628309e-18,7791.83301337,15000.0,1.0400567714,3,9.89546608905e-17,2.82937763753,0.00649099803206,328,0.837175980474,1414.21356237,0.023597960252,-0.023597960252
13000.0,15000.0,3.20596138856e-18,7076.35252558,16000.0,0.936625713487,4,-2.31950305056e-17,2.55135786491,0.00950570404959,329,0.695425109078,1224.74487139,0.0292338158335,-0.0292338158335
14000.0,15000.0,-1.70108728385e-18,7643.70483387,16000.0,0.890320142632,4,-2.24892611784e-16,2.43590936491,0.00678921212423,330,0.709477623037,707.106781187,0.0254435401566,-0.0254435401566
13000.0,14250.0,-8.61254002212e-19,7160.18837335,16000.0,0.88119449552,4,-5.76746086462e-17,2.41378123596,0.00648569150781,331,0.703544736967,1089.72473589,0.0244022568143,-0.0244022568143
14000.0,15000.0,-4.87245519168e-22,7282.4583723,16000.0,0.87148057583,5,-5.59110874793e-17,2.39044747351,0.0099378190294,332,0.787664141639,894.427191,0.0229559318794,-0.0229559318794
13000.0,14000.0,1.58142609685e-18,7076.39332339,15000.0,0.867764143675,4,-2.21624671865e-16,2.3815800255,0.0094586176796,333,0.808000107856,707.106781187,0.0269012797837,-0.0269012797837
13000.0,13500.0,4.73898203378e-18,6970.653074,15000.0,1.01627213215,4,1.93126701955e-16,2.76287590597,0.00963219790231,334,0.71978161391,866.025403784,0.0299156910262,-0.0299156910262
14000.0,15250.0,7.68479568285e-19,7230.08152546,16000.0,0.901113266891,4,4.13844876387e-16,2.4623428306,0.0065298679851,335,0.770578476529,829.156197589,0.0274198424194,-0.0274198424194
9000.0,13500.0,-4.692042895e-18,7897.84937291,16000.0,1.12441189462,4,-7.08973942356e-18,3.0784058894,0.00940553029057,336,0.763579269937,2692.58240357,0.0373824377064,-0.0373824377064
14000.0,14750.0,5.04970521846e-18,7931.39757774,15000.0,0.936909991375,4,5.99775656981e-17,2.55208326264,0.00975712084013,337,0.821379069318,433.012701892,0.0227351252404,-0.0227351252404
14000.0,14666.6666667,3.93674220395e-19,7847.64531426,16000.0,0.907412304568,3,-3.46422973849e-17,2.47790217386,0.00966387246514,338,0.886962074506,942.809041582,0.0305455444801,-0.0305455444801
13000.0,13666.6666667,-5.04972237321e-19,6406.30648428,14000.0,0.938485745614,3,-3.7932620008e-18,2.55610788873,0.00698028962741,339,0.750154232761,471.404520791,0.026669156715,-0.026669156715
15000.0,15250.0,8.32121831098e-19,8198.61601416,16000.0,0.834456998034,4,7.84365357657e-17,2.30356286946,0.00939118119801,340,0.782665930111,433.012701892,0.0344709091962,-0.0344709091962
13000.0,14250.0,-1.93802263673e-18,7210.86607154,15000.0,0.876616678593,4,-5.86430150374e-17,2.4027566409,0.00830570274201,341,0.783927892254,829.156197589,0.0263518129651,-0.0263518129651
14000.0,14500.0,-2.04353493841e-18,7887.38280708,16000.0,0.877576746556,4,-3.7211669442e-17,2.40506455828,0.00977175483349,342,0.869268869746,866.025403784,0.0254307440236,-0.0254307440236
13000.0,13666.6666667,6.08120596082e-18,7744.32733547,14000.0,0.866866473366,3,4.46864767412e-17,2.37944311109,0.00972644066417,343,0.900770835034,471.404520791,0.0260601332247,-0.0260601332247
14000.0,14750.0,-1.86626677076e-18,8235.57528092,15000.0,0.853220816524,4,3.73223910406e-16,2.34719457356,0.00954164277905,344,0.897279978828,433.012701892,0.0255879522026,-0.0255879522026
14000.0,14333.3333333,3.26407308158e-18,7252.28783188,15000.0,0.929487467314,3,7.17944222591e-17,2.53321049166,0.00715439284348,345,0.823564100466,471.404520791,0.0223718897166,-0.0223718897166
13000.0,14666.6666667,7.29578398445e-19,8033.16018024,16000.0,0.914499809804,3,9.69779299442e-17,2.49552670168,0.0064760830032,346,0.841575804405,1247.21912892,0.0234623468205,-0.0234623468205
14000.0,14250.0,1.10786307063e-18,7901.99244548,15000.0,0.920411130855,4,1.16379102298e-16,2.51032224874,0.00652707014064,347,0.866903542566,433.012701892,0.0283918887181,-0.0283918887181
13000.0,14000.0,6.2475331625e-18,7138.27806504,15000.0,0.947750211137,3,3.20990053875e-17,2.57989889747,0.00808819692634,348,0.841802942023,816.496580928,0.0235975169001,-0.0235975169001
14000.0,15000.0,3.83449307565e-19,8337.49858384,16000.0,0.980832205463,4,-1.29710005363e-17,2.66667453988,0.00969954105209,349,0.862905184648,707.106781187,0.0251375440292,-0.0251375440292
13000.0,14000.0,-3.42140499814e-18,8222.34903946,15000.0,1.01799138445,3,-2.03918514727e-17,2.76763007238,0.00796138976045,350,0.896146373935,816.496580928,0.0296006893468,-0.0296006893468
15000.0,15000.0,-2.63920638656e-18,8336.06098029,15000.0,1.01549791425,4,-5.73919743611e-17,2.76073766582,0.00848988000764,351,0.894349077679,0.0,0.0248560944026,-0.0248560944026
12000.0,14333.3333333,-4.7623151782e-18,7256.70868448,16000.0,0.978470440511,3,-4.05029738238e-16,2.66038391283,0.00976705313816,352,0.861035941182,1699.6731712,0.0351305835206,-0.0351305835206
14000.0,15250.0,-2.76958090175e-18,7096.06632764,16000.0,0.964395186605,4,-1.03377852493e-16,2.62320062972,0.00972274169583,353,0.778094282417,829.156197589,0.0226146241557,-0.0226146241557
14000.0,14500.0,2.42440458879e-19,8277.52282585,15000.0,0.876624028475,4,6.71892896747e-18,2.40277430095,0.00679233531624,354,0.861411142772,500.0,0.0198356982797,-0.0198356982797
11000.0,13666.6666667,-1.88520660991e-18,7083.11370647,15000.0,1.05946017308,3,6.38693643428e-17,2.88481326898,0.00887163706677,355,0.865523569995,1885.61808316,0.0300498529108,-0.0300498529108
13000.0,14000.0,5.46430201076e-18,6953.12866624,15000.0,0.94638905739,3,4.4653067252e-17,2.57638964727,0.00885647178373,356,0.837986687099,816.496580928,0.0289603719373,-0.0289603719373
14000.0,15000.0,-1.24931526269e-18,7594.7849491,16000.0,0.848393338731,3,-3.61967042822e-17,2.33589085006,0.00668807707989,357,0.835530530218,816.496580928,0.0222047844177,-0.0222047844177
14000.0,14750.0,1.68862763718e-18,7760.77495753,16000.0,0.826552767281,4,2.16277212589e-18,2.28542674745,0.00885288042867,358,0.778888042266,829.156197589,0.0230726193045,-0.0230726193045
15000.0,15500.0,-3.42170430802e-18,8628.97126985,16000.0,0.834059597367,4,4.14767408413e-16,2.30264761391,0.00719311907862,359,0.864803100562,500.0,0.0247323319444,-0.0247323319444
14000.0,15250.0,3.88474963336e-18,7764.85737239,16000.0,0.915384026704,4,-5.49967260724e-17,2.49773426441,0.0086526011622,360,0.848594073815,829.156197589,0.0272032229892,-0.0272032229892
11000.0,13333.3333333,9.95301027898e-18,7535.67925991,15000.0,0.960359504964,3,-7.46634360944e-17,2.61263556006,0.00678224752327,361,0.827518907342,1699.6731712,0.0265980464099,-0.0265980464099
14000.0,14333.3333333,-5.02616536989e-19,7255.53052414,15000.0,0.857957528666,3,-3.0147922486e-16,2.35833893156,0.00808931255298,362,0.840006092967,471.404520791,0.0278539179225,-0.0278539179225
15000.0,15333.3333333,-2.53496102482e-18,7581.87240257,16000.0,0.891086742559,3,1.01392252299e-16,2.4377774488,0.00890212197723,363,0.857601739531,471.404520791,0.0244585556225,-0.0244585556225
15000.0,15666.6666667,-4.11593261679e-18,7669.06917948,16000.0,0.893316553172,3,-1.58390494121e-16,2.44321929571,0.00846814551586,364,0.906054186511,471.404520791,0.0274523509359,-0.0274523509359
11000.0,13333.3333333,2.74727579472e-18,7080.61138443,15000.0,0.982066817543,3,3.16357463165e-17,2.66996888168,0.00634175818157,365,0.877692247456,1699.6731712,0.0279146979733,-0.0279146979733
12000.0,13666.6666667,1.99577639007e-18,7532.65702424,15000.0,1.0554411367,3,-2.89048299185e-16,2.87324236704,0.00790973977142,366,0.831753578138,1247.21912892,0.0464971833116,-0.0464971833116
13000.0,14750.0,2.42554916615e-18,8145.45829078,16000.0,0.874328228749,4,1.12048702793e-16,2.39726433967,0.00647611044687,367,0.865543975831,1089.72473589,0.0243721798076,-0.0243721798076
7000.0,13250.0,-1.68781611716e-18,6787.48136532,16000.0,0.96206026513,4,1.775770454e-16,2.61708280733,0.00931728482936,368,0.681894631241,3699.66214674,0.0254725279436,-0.0254725279436
13000.0,13333.3333333,-6.77402550409e-18,6509.67925108,14000.0,0.890118881765,3,-9.54097911787e-18,2.43541916101,0.00959527267883,369,0.850234210906,471.404520791,0.0279914124617,-0.0279914124617
14000.0,14250.0,-7.54288845439e-19,7214.51915181,15000.0,0.907346690308,4,-1.12353904291e-17,2.47773959348,0.00952501574502,370,0.870320518637,433.012701892,0.0260679616015,-0.0260679616015
13000.0,14000.0,1.48604581483e-18,7201.68962095,15000.0,0.927169890292,3,2.00933221156e-16,2.52734637912,0.0093148939748,371,0.820053801468,816.496580928,0.0282680149577,-0.0282680149577
15000.0,15333.3333333,-3.65985288393e-18,7443.8181738,16000.0,0.89896666747,3,6.27178620929e-17,2.45706283595,0.00649085619187,372,0.886964353526,471.404520791,0.0193091850271,-0.0193091850271
7000.0,12250.0,8.47026841873e-19,6762.95524695,15000.0,0.897577914006,4,1.52217419955e-16,2.45365294972,0.00775346325238,373,0.784296962613,3112.4748995,0.0211593430044,-0.0211593430044
11000.0,13000.0,1.29449224324e-18,6676.82635416,15000.0,0.905428787834,4,2.93298948234e-16,2.47299208467,0.00845444505025,374,0.860076956851,1581.13883008,0.0246509236568,-0.0246509236568
13000.0,14250.0,4.72241119706e-18,7718.43141707,15000.0,0.877182557309,4,-2.99086219534e-16,2.40411669452,0.00667254098941,375,0.846633390302,829.156197589,0.0238387865324,-0.0238387865324
9000.0,11666.6666667,8.14014623418e-18,6171.07534362,14000.0,0.916918993072,3,9.62193288008e-17,2.50157114649,0.00967300784977,376,0.799359105603,2054.80466766,0.0355118450281,-0.0355118450281
13000.0,14000.0,2.22285452461e-18,7932.04109768,15000.0,0.924187639103,3,-1.65564049398e-17,2.5198204251,0.00943218412493,377,0.739582026503,816.496580928,0.0299625018735,-0.0299625018735
10000.0,12333.3333333,1.31006970361e-18,7224.08192912,14000.0,0.943187749543,3,7.64203515284e-17,2.5681550187,0.00902619157535,378,0.835923744352,1699.6731712,0.0306727149775,-0.0306727149775
14000.0,14666.6666667,4.54756204413e-18,7285.46195824,15000.0,0.912572526997,3,4.48156154327e-17,2.49072174772,0.00868388300948,379,0.771617139855,471.404520791,0.028774567866,-0.028774567866
15000.0,15600.0,1.74662158862e-18,7653.34202474,16000.0,0.894696303739,5,2.20776372631e-16,2.44659265558,0.00649679269737,380,0.734272625613,489.897948557,0.0177292058806,-0.0177292058806
13000.0,13666.6666667,1.11045477637e-18,7391.92983623,14000.0,0.829330526527,3,-7.45782545562e-17,2.29178393801,0.00713314271769,381,0.890424360007,471.404520791,0.0246366656927,-0.0246366656927
9000.0,13250.0,-2.84927956639e-18,7612.1933901,15000.0,0.888877523804,4,1.38073421844e-17,2.43239780972,0.00672294699962,382,0.832052162852,2487.46859277,0.0245843248975,-0.0245843248975
14000.0,15200.0,-1.52231300164e-18,7749.99679056,16000.0,0.856597978051,5,6.21050172615e-17,2.35513482898,0.00835467388478,383,0.822546428169,748.331477355,0.0270551667303,-0.0270551667303
14000.0,14400.0,-1.1231293459e-18,7019.65408738,15000.0,0.861044457837,5,-1.05720224342e-16,2.36563020484,0.00659359210733,384,0.774142317295,489.897948557,0.0165845474682,-0.0165845474682
13000.0,14000.0,4.09617146867e-18,6710.4970084,15000.0,0.855393473768,3,-1.39653942442e-16,2.35229976676,0.00969779466397,385,0.827240823618,816.496580928,0.0284216557897,-0.0284216557897
12000.0,13333.3333333,-3.40946676553e-18,6434.73817955,14000.0,0.899332810816,3,-7.08320131843e-17,2.45796263788,0.00957180796599,386,0.854411931744,942.809041582,0.0286406050259,-0.0286406050259
14000.0,14000.0,1.91824178286e-18,8368.73817599,14000.0,0.881514053865,4,-2.71891352969e-17,2.41455270315,0.00974607274245,387,0.867855680298,0.0,0.0273444822083,-0.0273444822083
14000.0,14750.0,3.10968850917e-18,8265.3635655,16000.0,0.863505586871,4,2.53738471675e-16,2.3714594964,0.0091765883568,388,0.812676276724,829.156197589,0.0277867098154,-0.0277867098154
14000.0,15250.0,2.22512411835e-18,7950.17720099,16000.0,0.88744912047,4,-2.20621242073e-17,2.42892584485,0.00990756414724,389,0.884224016783,829.156197589,0.0245298080615,-0.0245298080615
14000.0,14500.0,5.10148355529e-18,8196.07054995,16000.0,0.887816977325,6,1.01381153547e-16,2.42981950624,0.00984211461381,390,0.89162275581,763.762615826,0.0249709133958,-0.0249709133958
11000.0,14250.0,-7.62322514377e-18,7382.1342525,16000.0,0.890399970451,4,-6.05023806227e-17,2.436103826,0.00920214232179,391,-4.50057628946,1920.28643697,0.024422037334,-0.024422037334
15000.0,15000.0,-2.98307092823e-18,5828.770335,15000.0,0.808924047473,4,1.0069527677e-16,2.2454906451,0.00934554007365,392,0.644472675863,0.0,0.0337218920761,-0.0337218920761
14000.0,15200.0,-1.08854487236e-18,7811.36185592,16000.0,0.855405297562,5,6.32278381853e-17,2.35232758003,0.0096451245274,393,0.723776725616,748.331477355,0.0237253511894,-0.0237253511894
14000.0,15000.0,2.46013872763e-18,8259.46282699,16000.0,0.844133931182,4,-1.30099374153e-16,2.3259624984,0.00886067555407,394,0.706246850054,707.106781187,0.0295521271529,-0.0295521271529
10000.0,13800.0,-5.52710440618e-18,7504.63919183,15000.0,0.940647695762,5,-1.69957048924e-16,2.56164004453,0.00837682950263,395,0.882782941057,1939.07194297,0.0367608151957,-0.0367608151957
12000.0,14000.0,3.09843680488e-18,7328.4890839,15000.0,0.938709167851,4,-2.199926363e-16,2.55667904388,0.009443449912,396,0.703858569191,1224.74487139,0.025756368694,-0.025756368694
12000.0,14000.0,-2.49367839269e-18,7923.02614427,15000.0,0.877625431829,5,-3.67281587217e-16,2.40518165235,0.00971861556338,397,0.781980447855,1095.44511501,0.0302645551012,-0.0302645551012
14000.0,14600.0,1.32877685101e-18,8157.51074693,15000.0,0.801336781594,5,-1.15561765764e-16,2.22851798003,0.00964453004878,398,0.858188012256,489.897948557,0.0260782128407,-0.0260782128407
12000.0,13000.0,-1.86939081724e-18,6693.30982901,14000.0,0.773152869204,3,-3.34917279095e-17,2.16658646025,0.00986679165599,399,0.853229964563,816.496580928,0.0198770601772,-0.0198770601772
14000.0,15000.0,-2.00892095508e-18,7847.47049409,16000.0,0.776377977452,4,-4.19321960636e-17,2.17358521592,0.00675333569088,400,0.843903056986,707.106781187,0.0258751117656,-0.0258751117656
10000.0,14000.0,8.31631958739e-18,8178.7035324,16000.0,0.903510962688,4,-1.09043295288e-16,2.46825386326,0.00943360334182,401,0.839557517788,2345.20787991,0.0280232665929,-0.0280232665929
14000.0,14666.6666667,-6.03697558529e-19,7563.78433859,15000.0,0.791911968536,3,-5.20150674505e-17,2.20761328086,0.00933066965275,402,0.856297686719,471.404520791,0.0353293065663,-0.0353293065663
13000.0,14000.0,-1.5265127316e-18,7984.55209075,15000.0,0.754793639336,4,4.96330129204e-17,2.12717251333,0.00991478605531,403,0.874161215078,707.106781187,0.023375039235,-0.023375039235
14000.0,15000.0,1.90108694361e-19,7762.09314858,16000.0,0.755468729365,4,-4.76446257405e-17,2.12860903112,0.00639297116551,404,0.870340871772,707.106781187,0.020003995184,-0.020003995184
16000.0,16000.0,2.48138049704e-19,8946.34471844,16000.0,0.80244825184,6,5.85923869384e-17,2.23099628849,0.00702338201539,405,0.803595465343,0.0,0.0220777256821,-0.0220777256821
14000.0,15200.0,3.25407726129e-20,8857.18019038,16000.0,0.778878759342,5,3.55702522453e-17,2.17902768084,0.00960678630075,406,0.903358888333,748.331477355,0.0246677645257,-0.0246677645257
13000.0,14250.0,9.16621083629e-20,7311.76797964,15000.0,0.802582737323,4,3.89036828464e-17,2.23129634528,0.00867428516537,407,0.855134979257,829.156197589,0.0266797557495,-0.0266797557495
15000.0,15000.0,-9.25156596985e-19,8432.51114783,15000.0,0.777144275755,4,1.51001836251e-17,2.17525146893,0.00714816894454,408,0.898640508508,0.0,0.0261187639269,-0.0261187639269
14000.0,14750.0,2.48838230792e-18,8300.11078913,16000.0,0.831735506215,4,1.0694616191e-16,2.29730226491,0.00681830818544,409,0.915082825002,829.156197589,0.022838596046,-0.022838596046
14000.0,14333.3333333,1.7651675089e-18,8232.52472844,15000.0,0.824403075964,3,1.37390099297e-17,2.28051906231,0.00939371104279,410,0.93937421665,471.404520791,0.0286746417849,-0.0286746417849
13000.0,13666.6666667,7.03134432962e-18,7438.37494254,14000.0,0.85840461956,3,1.88737914186e-17,2.35939355916,0.00953848536735,411,0.91755395081,471.404520791,0.0272942862425,-0.0272942862425
12000.0,13000.0,2.03592355126e-18,7338.84103254,14000.0,0.858932952877,3,1.35817283346e-16,2.36064043474,0.00761175580952,412,0.880034770627,816.496580928,0.0205607390255,-0.0205607390255
14000.0,14333.3333333,-2.10911776089e-19,8779.16314821,15000.0,0.868443934921,3,-3.50067197452e-17,2.38319955316,0.00980228748741,413,0.870924964602,471.404520791,0.0226128903463,-0.0226128903463
12000.0,13750.0,3.1984535034e-18,6806.38240536,15000.0,0.848737225983,4,-2.96925061225e-17,2.33669427129,0.00635503992534,414,0.637568840571,1299.03810568,0.0186375655304,-0.0186375655304
13000.0,14500.0,1.40399843157e-18,7536.44084064,16000.0,0.836849134398,4,7.76517008589e-17,2.30907990208,0.00691215836413,415,0.807734066015,1118.03398875,0.0227439624529,-0.0227439624529
14000.0,15500.0,-1.55335144699e-18,7766.62400465,16000.0,0.827236058133,4,-2.41771708255e-17,2.28698889228,0.00908502477361,416,0.800931747909,866.025403784,0.0237390202259,-0.0237390202259
12000.0,14500.0,3.27792690453e-18,7585.62532042,16000.0,0.848194573194,4,-1.50473320453e-17,2.33542660161,0.00865848238457,417,0.846336774236,1500.0,0.0213129828395,-0.0213129828395
14000.0,14750.0,-9.27687836974e-19,7971.99812792,15000.0,0.78122957498,4,-1.88504406476e-16,2.18415619893,0.00658179032148,418,0.789922372957,433.012701892,0.0280982534478,-0.0280982534478
14000.0,15000.0,4.64325263425e-19,8451.10908599,16000.0,0.803487813284,4,-4.43260685205e-17,2.23331675213,0.00755833447949,419,0.885569906266,1000.0,0.0280738580164,-0.0280738580164
14000.0,14333.3333333,3.4790222793e-19,7746.51354167,15000.0,0.863239272816,3,2.69229083472e-17,2.37082802749,0.00758528929889,420,0.774398464673,471.404520791,0.0279308513633,-0.0279308513633
13000.0,13666.6666667,-6.68876024569e-18,7616.22628246,14000.0,0.830869486407,3,-6.4577972599e-17,2.29531361687,0.00754179556775,421,0.89627440138,471.404520791,0.0142404392719,-0.0142404392719
13000.0,14333.3333333,-5.08164671072e-18,7604.93057954,15000.0,0.847932078177,3,-1.07538387425e-16,2.33481364421,0.00691550514076,422,0.917924413699,942.809041582,0.0122857872287,-0.0122857872287
14000.0,14750.0,-2.18451212882e-18,7278.25431379,16000.0,0.823538168168,4,2.18906834996e-17,2.27854747634,0.00736723942627,423,0.709805073888,829.156197589,0.0210157127846,-0.0210157127846
12000.0,14250.0,-2.38569971406e-19,6953.64032766,16000.0,0.843016351843,4,4.32915549814e-16,2.32336450278,0.00963645467,424,0.6997928992,1479.01994577,0.0268601282611,-0.0268601282611
11000.0,12666.6666667,7.10664268111e-18,6986.06936054,14000.0,0.823038694219,3,-1.4414395603e-16,2.2774096854,0.00945593404123,425,0.801257291451,1247.21912892,0.0163000071478,-0.0163000071478
13000.0,14000.0,1.17806611439e-18,7952.20383713,15000.0,0.790824931496,3,8.79998114309e-17,2.20521482729,0.00677819053416,426,0.808849445106,816.496580928,0.022843207225,-0.022843207225
14000.0,14666.6666667,-2.76395115319e-18,7457.26747999,15000.0,0.774025601942,3,2.30726260875e-16,2.16847813653,0.00927217818627,427,0.884802791378,471.404520791,0.0286952321506,-0.0286952321506
14000.0,15250.0,-2.80563469973e-18,8422.8913531,16000.0,0.777148874724,4,-3.486186696e-17,2.17526147286,0.00935324743298,428,0.881269783434,829.156197589,0.0265724595186,-0.0265724595186
14000.0,14800.0,-2.60261917123e-18,7927.74074771,16000.0,0.816967795538,5,1.24180329287e-16,2.26362564504,0.00832555304576,429,0.86245756982,979.795897113,0.0241936209264,-0.0241936209264
13000.0,14250.0,-7.49434740101e-19,7682.83685308,15000.0,0.781767849549,4,3.06288976617e-17,2.18533219114,0.00922406853888,430,0.895525078847,829.156197589,0.0249313795964,-0.0249313795964
6000.0,12000.0,-7.75853376684e-19,5895.70007773,15000.0,0.878614940423,3,-3.29739263445e-17,2.40756277815,0.00787819520887,431,0.26771010741,4242.64068712,0.0339923347548,-0.0339923347548
13000.0,14750.0,-1.37068904004e-18,8485.35018476,16000.0,0.825597773196,4,-1.82159162367e-16,2.28324522026,0.00674396352182,432,0.700698646455,1089.72473589,0.0219966239257,-0.0219966239257
14000.0,14600.0,4.07177021361e-19,7486.73357395,15000.0,0.793324667775,5,-3.18675127439e-17,2.21073417839,0.00648140529573,433,0.800188436823,489.897948557,0.0197400685387,-0.0197400685387
13000.0,14000.0,-3.79955003769e-19,7538.74810845,15000.0,0.813629457814,4,7.09503463082e-18,2.25608149762,0.00962326920281,434,0.757307257946,1000.0,0.0354373670064,-0.0354373670064
15000.0,15750.0,-2.53875394344e-18,8274.05217387,16000.0,0.846411342702,4,4.600371649e-18,2.3312657087,0.00834205954591,435,0.764455217433,433.012701892,0.0351438066362,-0.0351438066362
15000.0,15500.0,-2.49674517513e-18,8246.44099567,16000.0,0.839260423577,4,-1.23041579098e-16,2.31465447972,0.00942038900677,436,0.793792044656,500.0,0.0317450770782,-0.0317450770782
14000.0,14500.0,7.5248406415e-18,7999.21600624,15000.0,0.853381096986,4,1.00824698384e-16,2.34757081314,0.00967987194036,437,0.882519410515,500.0,0.0250076975398,-0.0250076975398
14000.0,15250.0,-6.77857349694e-19,8312.43263189,16000.0,0.857773289692,4,1.42077125746e-16,2.35790447364,0.00771209057759,438,0.859614792324,829.156197589,0.0228501641341,-0.0228501641341
13000.0,14400.0,1.8599024627e-18,7562.49107563,16000.0,0.88571053322,5,9.82861973811e-17,2.42470661416,0.00834864449572,439,0.516050239364,1019.80390272,0.026663045627,-0.026663045627
13000.0,14666.6666667,4.41401837016e-18,7067.6140812,16000.0,0.778776302014,3,2.4171679424e-17,2.17880443492,0.00889943519766,440,0.656854582736,1247.21912892,0.0268206858737,-0.0268206858737
13000.0,14666.6666667,-3.37585390225e-18,8443.31472927,16000.0,0.851908100838,3,6.42366263043e-18,2.3441153959,0.00655403060066,441,0.839289029601,1247.21912892,0.0192830464551,-0.0192830464551
12000.0,14250.0,2.14746366524e-18,7283.43299502,16000.0,0.869150198384,4,1.02605947305e-16,2.38488331445,0.00699276185996,442,0.798983153223,1479.01994577,0.0201832593202,-0.0201832593202
14000.0,15000.0,5.45814502815e-18,7459.48524309,16000.0,0.859757855542,4,-7.7734853024e-17,2.36258853672,0.00730084927301,443,0.799703868853,707.106781187,0.0208926031886,-0.0208926031886
13000.0,14250.0,9.55720491273e-20,6398.0631169,15000.0,0.835379504229,4,6.57491642534e-17,2.30568890096,0.00821186083139,444,0.775880954589,829.156197589,0.0229669022743,-0.0229669022743
14000.0,15000.0,-7.87228711267e-19,7348.23759122,16000.0,0.836582757693,4,2.73505586324e-16,2.3084648989,0.00994277188413,445,0.884887073089,707.106781187,0.0263338398542,-0.0263338398542
12000.0,14000.0,-2.62440109707e-18,7160.76836675,16000.0,0.867437683695,4,4.26169820681e-16,2.38080266183,0.0092043339213,446,0.869255951059,1581.13883008,0.022341812084,-0.022341812084
15000.0,15250.0,7.15469010011e-18,8137.55419496,16000.0,0.844216600884,4,1.46327231856e-16,2.32615479298,0.00840712242626,447,0.895617752873,433.012701892,0.0265695959013,-0.0265695959013
15000.0,15500.0,5.40146878522e-18,7870.17981511,16000.0,0.84320076717,6,-9.05061503231e-17,2.32379300631,0.00853085042019,448,0.788383091708,500.0,0.023708672476,-0.023708672476
15000.0,15500.0,1.12698276265e-18,8663.60758278,16000.0,0.848625965189,4,-4.44476384401e-16,2.33643430329,0.00991568839936,449,-0.33098058174,500.0,0.0306633205426,-0.0306633205426
13000.0,14750.0,4.22248920617e-18,7826.03994382,16000.0,0.851474927466,4,1.0864136349e-16,2.34310020743,0.00964162947843,450,0.830147554694,1089.72473589,0.0165590648762,-0.0165590648762
13000.0,14500.0,1.68364454836e-19,7179.00036166,16000.0,0.846366497815,4,1.93662963694e-17,2.33116116569,0.00959795649702,451,0.859276129909,1118.03398875,0.0254380597677,-0.0254380597677
14000.0,15000.0,-6.58939116304e-19,7912.61589248,16000.0,0.814606749393,4,3.55403658433e-17,2.25828742481,0.00700316920563,452,0.888615314249,707.106781187,0.025681620805,-0.025681620805
15000.0,15000.0,2.28261950892e-19,7857.10008937,15000.0,0.83627154834,5,-9.67919611538e-17,2.30774659481,0.0093530244385,453,0.869790096389,0.0,0.0246041607405,-0.0246041607405
12000.0,14000.0,-1.24979328374e-18,6853.71590723,15000.0,0.861976183406,3,-8.2542233874e-17,2.36783535012,0.00701069098576,454,0.780665701043,1414.21356237,0.0270328235323,-0.0270328235323
14000.0,14600.0,-7.88930393094e-19,7994.07878277,15000.0,0.807992669515,5,-5.71354716769e-17,2.24340021825,0.00687854563862,455,0.844547057377,489.897948557,0.0193877850763,-0.0193877850763
13000.0,14750.0,6.82776788801e-19,6782.59899909,16000.0,0.789892601336,4,1.94240590259e-16,2.20315979713,0.00798615520376,456,0.740492545652,1089.72473589,0.0300630355192,-0.0300630355192
13000.0,14250.0,3.64194177233e-19,7443.78558189,15000.0,0.800401804986,4,-8.83089112117e-17,2.22643534161,0.00942557990994,457,0.870885320051,829.156197589,0.021872205612,-0.021872205612
13000.0,14500.0,1.53210908617e-18,7407.58509345,16000.0,0.801743037328,4,2.4112339182e-16,2.22942351217,0.00662325920517,458,0.767045470229,1118.03398875,0.0207707472289,-0.0207707472289
14000.0,14500.0,-1.11042159906e-18,6824.50469292,15000.0,0.786093198365,4,5.07176440693e-17,2.19480498695,0.00670233006383,459,0.851904439343,500.0,0.0284351121698,-0.0284351121698
14000.0,14500.0,-3.53691425457e-19,6654.51812626,15000.0,0.840764897611,4,2.68102095334e-16,2.31813943814,0.00730821909388,460,0.713046086606,500.0,0.0212787271718,-0.0212787271718
13000.0,14800.0,1.59747295677e-18,8717.18463216,16000.0,0.801444136987,5,-2.92536685095e-17,2.2287572363,0.00986883468445,461,0.780138138765,979.795897113,0.0249689783339,-0.0249689783339
13000.0,14400.0,-3.02611249488e-18,7269.19945426,16000.0,0.765569981364,5,6.26475710406e-17,2.15021961055,0.00941490554518,462,0.757709004938,1019.80390272,0.0256983508823,-0.0256983508823
15000.0,15000.0,-2.04706974069e-18,8614.57350554,15000.0,0.79457760986,4,6.84892003403e-17,2.21350583628,0.00907402451705,463,0.815760424858,0.0,0.0301701968693,-0.0301701968693
14000.0,14750.0,4.84430546963e-18,6923.46962389,16000.0,0.799532515537,4,3.46880742256e-17,2.22450076584,0.00975803271121,464,0.723053587279,829.156197589,0.0342176616024,-0.0342176616024
14000.0,15000.0,4.64536720441e-19,8137.7964324,16000.0,0.814295313249,4,5.14287588753e-17,2.25758422199,0.00941118977335,465,0.838206825627,707.106781187,0.0314908191846,-0.0314908191846
14000.0,15000.0,2.90771593436e-18,7533.95966077,16000.0,0.786701014042,4,1.24593640697e-16,2.19613942933,0.00647074114579,466,0.866350422193,707.106781187,0.0257112662082,-0.0257112662082
14000.0,14750.0,4.54643522263e-18,7870.76434409,15000.0,0.816622172813,4,1.47147288176e-16,2.26284341976,0.00980234803556,467,0.875987968978,433.012701892,0.0239141543207,-0.0239141543207
14000.0,14833.3333333,-5.49723900265e-19,7580.04218814,16000.0,0.827389952192,6,-1.5571740679e-18,2.28734087337,0.00922048415747,468,0.781278731796,687.184270936,0.0268415571811,-0.0268415571811
12000.0,14500.0,-4.57485634923e-18,7941.99215162,16000.0,0.812784484425,4,6.76922815955e-17,2.25417597396,0.006634160258,469,0.826310670798,1500.0,0.0199021625843,-0.0199021625843
14000.0,15000.0,-3.14744047725e-18,7697.00705585,16000.0,0.832062505936,4,4.61151078843e-17,2.29805360494,0.00757325916718,470,0.871899074198,707.106781187,0.0228818029967,-0.0228818029967
13000.0,15000.0,-1.65152665554e-19,7128.68021084,16000.0,0.830329346189,4,-4.02373729339e-18,2.29407416044,0.00659256331977,471,0.798760094254,1224.74487139,0.0345759993176,-0.0345759993176
14000.0,15250.0,1.86324710236e-18,8655.22739678,16000.0,0.839541827251,4,1.26378120452e-16,2.31530592365,0.00955407561688,472,0.886901926105,829.156197589,0.0302323706689,-0.0302323706689
15000.0,15000.0,2.82426709421e-18,7492.17174877,15000.0,0.816534638654,4,1.23154216138e-16,2.26264535233,0.00652445136147,473,0.731235470261,0.0,0.0256977192669,-0.0256977192669
15000.0,15250.0,7.85129849151e-20,7914.52069291,16000.0,0.832563685986,4,-1.66429888113e-16,2.29920563223,0.00914883936598,474,0.815723365682,433.012701892,0.0240296332264,-0.0240296332264
12000.0,14750.0,1.87518211861e-18,6592.36714365,16000.0,0.833475963953,4,2.1261482603e-17,2.30130410392,0.008750955898,475,0.785381245964,1639.35963108,0.0274174009369,-0.0274174009369
14000.0,14600.0,8.8800898703e-19,7754.60697009,15000.0,0.809130860376,5,8.80857510879e-17,2.24595508957,0.00952550034324,476,0.845944711662,489.897948557,0.0301698221049,-0.0301698221049
13000.0,13666.6666667,-4.41843570489e-18,6873.83019411,14000.0,0.814913245744,3,1.52655665886e-17,2.25897968775,0.00909257957828,477,0.776250821775,471.404520791,0.0247495403597,-0.0247495403597
12000.0,13750.0,1.12124750158e-18,7406.03529968,15000.0,0.829823277455,4,-3.92434115434e-17,2.29291349495,0.00983939712762,478,0.84111820365,1299.03810568,0.0280831772148,-0.0280831772148
14000.0,14666.6666667,2.51510616625e-18,7753.54664555,15000.0,0.765897665969,3,1.24537610738e-16,2.15092431987,0.00749274999693,479,0.819493917373,471.404520791,0.0370202334151,-0.0370202334151
13000.0,14500.0,1.13461479644e-18,8355.14666602,15000.0,0.81499101382,4,1.82342454692e-17,2.25915537108,0.00769756577507,480,0.89650570838,866.025403784,0.0239478230755,-0.0239478230755
14000.0,14000.0,7.4767853649e-18,6821.37195417,14000.0,0.822523666283,3,1.22082795001e-16,2.27623705779,0.00987385351135,481,0.672723117062,0.0,0.0343485616599,-0.0343485616599
13000.0,14000.0,-4.24479567769e-18,7453.1291448,15000.0,0.824548368685,4,6.84074507566e-17,2.2808504292,0.00899417317777,482,0.775407866601,1000.0,0.0307494817553,-0.0307494817553
14000.0,14750.0,-1.06163836335e-18,7953.49590828,16000.0,0.823087097284,4,3.4662135438e-17,2.27751992168,0.00651821551028,483,0.847771147835,829.156197589,0.0188616707757,-0.0188616707757
14000.0,15000.0,-6.06536014537e-20,8346.95163634,16000.0,0.834597292861,5,-7.92317753257e-18,2.30388607008,0.00938559076914,484,0.867131793695,632.455532034,0.0258662875277,-0.0258662875277
13000.0,14666.6666667,4.01614705644e-18,7328.69466856,16000.0,0.790985139385,3,1.10090907308e-16,2.2055681484,0.00708771326432,485,0.82222651768,1247.21912892,0.0201170731924,-0.0201170731924
13000.0,14250.0,-3.37823965983e-18,8376.62717927,16000.0,0.815650900798,4,1.06091696961e-16,2.26064665027,0.0099172736537,486,0.876147105536,1299.03810568,0.0271615041941,-0.0271615041941
12000.0,14000.0,3.08721298695e-18,7644.13444015,16000.0,0.781472339663,4,-2.2949306402e-17,2.18468649928,0.00660459930458,487,0.800928407368,1581.13883008,0.0217531448449,-0.0217531448449
14000.0,14800.0,-5.55760907469e-19,7863.67932318,16000.0,0.822565112816,5,6.84499957748e-17,2.27633140188,0.00654378066445,488,0.896209528017,748.331477355,0.0242606314492,-0.0242606314492
13000.0,14000.0,-1.96615244845e-19,5522.66145964,15000.0,0.820141112013,3,-5.70203606554e-17,2.27082025494,0.00671257148423,489,0.505507346234,816.496580928,0.0254425574299,-0.0254425574299
14000.0,14750.0,-2.93170641782e-18,7210.90649286,16000.0,0.785412608268,4,9.25018095767e-17,2.19331173261,0.00677532920055,490,0.672240786464,829.156197589,0.0203816125085,-0.0203816125085
14000.0,14333.3333333,4.98718410441e-18,7861.13310535,15000.0,0.806223743959,3,1.04323627438e-17,2.23943531811,0.00969125141445,491,0.818074176714,471.404520791,0.03485389267,-0.03485389267
12000.0,13500.0,7.35454789138e-19,8205.92196121,15000.0,0.816427094092,4,-5.19370836296e-17,2.26240203022,0.00652385001061,492,0.895964618971,1118.03398875,0.0273650832631,-0.0273650832631
12000.0,13666.6666667,-4.77399986859e-20,7682.93684312,15000.0,0.85075357079,3,2.38790378264e-16,2.34141060593,0.00868489164836,493,0.855381025685,1247.21912892,0.0321187282863,-0.0321187282863
13000.0,13666.6666667,-4.63240756735e-18,7047.49479197,14000.0,0.836406905299,3,1.82175771223e-17,2.30805898551,0.00662128885364,494,0.880320366382,471.404520791,0.0175091048275,-0.0175091048275
13000.0,14600.0,-2.94822067809e-18,7879.17261766,16000.0,0.831001376279,5,-4.96485874049e-17,2.29561636545,0.00953634487144,495,0.806309458207,1019.80390272,0.0210682011205,-0.0210682011205
13000.0,14750.0,4.54621907102e-18,8822.12109724,16000.0,0.826245446159,4,2.67282894553e-16,2.28472449545,0.0068308553524,496,0.90299010744,1089.72473589,0.0263803677624,-0.0263803677624
13000.0,14250.0,-1.15431825349e-18,8120.12661144,15000.0,0.848519012054,4,2.28100366878e-16,2.33618442768,0.00967360962574,497,0.827452985226,829.156197589,0.0299974618113,-0.0299974618113
15000.0,15000.0,1.0027221354e-20,8023.82175501,15000.0,0.85372772807,3,-1.67792685858e-16,2.3483846952,0.0094830889381,498,0.810561920866,0.0,0.0246028181638,-0.0246028181638
14000.0,15000.0,2.21738017175e-18,7549.46891087,16000.0,0.860986833161,4,7.9271284109e-17,2.36549389009,0.00893244544707,499,0.74053966126,707.106781187,0.0223423064931,-0.0223423064931
