AverageDiscountedReturn,ExplainedVariance,Iteration,NumTrajs,Entropy,MinReturn,MaxReturn,Perplexity,MeanKLBefore,LossBefore,StdReturn,dLoss,AverageReturn,MeanKL,LossAfter
1.57909435797,6.80747602733e-09,0,3,1.63360809692,0.0,6.0,5.12232325522,0.0166584712476,0.0348230284869,2.62466929134,0.0,3.66666666667,0.0166584712476,0.0348230284869
2.17121786811,0.427214767212,1,3,1.71311177562,5.0,7.0,5.54619316179,0.0138626125481,0.0129296914593,0.942809041582,0.0,5.66666666667,0.0138626125481,0.0129296914593
1.28970122447,0.0542068510907,2,3,1.6151507713,0.0,9.0,5.02864604182,0.017481848623,-0.0145224506584,3.68178700573,0.0,4.33333333333,0.017481848623,-0.0145224506584
1.29670231508,0.119237272851,3,3,1.6022264047,0.0,7.0,4.96407216399,0.0198177624672,-0.00354512064488,3.29983164554,0.0,4.66666666667,0.0198177624672,-0.00354512064488
1.66111183089,-0.111627881727,4,3,1.63921897909,0.0,6.0,5.15114478893,0.0145796988638,0.0320789982882,2.49443825785,0.0,3.33333333333,0.0145796988638,0.0320789982882
0.253582184635,-0.0798776957213,5,3,1.56936687202,0.0,7.0,4.80360593347,0.0193930534729,-0.0115869115901,3.29983164554,0.0,2.33333333333,0.0193930534729,-0.0115869115901
2.13763659531,-0.127158849475,6,3,1.69460664646,5.0,6.0,5.44450392904,0.0187325822374,0.0337057262055,0.471404520791,0.0,5.66666666667,0.0187325822374,0.0337057262055
0.69593802125,-0.451960737851,7,3,1.61870317972,0.0,7.0,5.04654161372,0.021168968825,0.00665678282999,2.86744175568,0.0,3.66666666667,0.021168968825,0.00665678282999
3.18896335658,-0.323419670655,8,3,1.69695095989,5.0,9.0,5.45728252539,0.0161699008859,0.0219809130752,1.6996731712,0.0,6.66666666667,0.0161699008859,0.0219809130752
1.63055771028,0.0473859671301,9,3,1.6568477788,0.0,7.0,5.24275843542,0.0142858786679,-0.000479455009603,3.29983164554,0.0,4.66666666667,0.0142858786679,-0.000479455009603
1.36236145612,-0.043614925929,10,3,1.62064185966,0.0,9.0,5.05633473254,0.0231622663544,0.0116105478304,3.85861230093,0.0,5.33333333333,0.0231622663544,0.0116105478304
3.76280338817,0.29940884416,11,3,1.71674965946,5.0,11.0,5.56640631252,0.011277261627,0.0128984814469,2.49443825785,0.0,7.66666666667,0.011277261627,0.0128984814469
0.0931224963474,-3.54502836943,12,3,1.55093558249,0.0,6.0,4.71588021427,0.0167664219598,-0.0367623888521,2.82842712475,0.0,2.0,0.0167664219598,-0.0367623888521
1.39638322233,-0.369352010735,13,3,1.61729560309,0.0,7.0,5.03944321661,0.0148581054718,0.0116817275904,3.09120616517,0.0,4.33333333333,0.0148581054718,0.0116817275904
3.50418214017,0.396486053901,14,3,1.71587967716,6.0,10.0,5.56156574352,0.0139170356057,0.0162867613127,1.6996731712,0.0,7.66666666667,0.0139170356057,0.0162867613127
1.76849742983,0.153998392945,15,3,1.68630668349,4.0,7.0,5.39950176453,0.0232856050394,-0.00158921316924,1.24721912892,0.0,5.66666666667,0.0232856050394,-0.00158921316924
3.25471079817,0.435537318411,16,3,1.64658194615,0.0,12.0,5.18921247194,0.0101074882452,0.00716629585256,4.92160768674,0.0,5.66666666667,0.0101074882452,0.00716629585256
2.67695541669,0.390513691517,17,3,1.63857948335,0.0,9.0,5.14785170686,0.0207857704392,0.00117475218906,4.0276819912,0.0,5.66666666667,0.0207857704392,0.00117475218906
1.25841039249,-0.577466541156,18,3,1.59564768611,0.0,7.0,4.93152211634,0.0161883772028,-0.0220491916421,3.29983164554,0.0,2.33333333333,0.0161883772028,-0.0220491916421
2.52347777834,0.505396551482,19,3,1.71153696179,4.0,6.0,5.53746581389,0.0151535847075,0.0176256783655,0.816496580928,0.0,5.0,0.0151535847075,0.0176256783655
2.06740870037,0.108300516182,20,3,1.71025250512,7.0,9.0,5.53035774499,0.015941780569,0.00151277676907,0.942809041582,0.0,7.66666666667,0.015941780569,0.00151277676907
1.06005920444,-0.146862994091,21,3,1.5925074383,0.0,8.0,4.91606020465,0.016660213207,-0.0178823771571,3.77123616633,0.0,2.66666666667,0.016660213207,-0.0178823771571
0.392569683778,-0.0721029536173,22,3,1.60315722285,0.0,6.0,4.96869496357,0.0213064519263,-0.00463472451538,2.49443825785,0.0,3.33333333333,0.0213064519263,-0.00463472451538
2.44950461702,-0.317378486044,23,3,1.70567490517,4.0,6.0,5.50509983408,0.0145314629136,0.0196214875805,0.942809041582,0.0,5.33333333333,0.0145314629136,0.0196214875805
3.15128631317,0.499141599519,24,3,1.71354071564,7.0,7.0,5.54857265633,0.0102233391533,0.00627568087323,0.0,0.0,7.0,0.0102233391533,0.00627568087323
0.955459337751,-3.19803418988,25,3,1.6015929006,0.0,9.0,4.9609283998,0.0146283359171,-0.0477663158885,4.24264068712,0.0,3.0,0.0146283359171,-0.0477663158885
1.73860105013,0.150548486723,26,3,1.64642940117,0.0,8.0,5.18842094399,0.0128724656291,0.0245170353208,3.3993463424,0.0,3.33333333333,0.0128724656291,0.0245170353208
1.23869419353,-0.14885737455,27,3,1.59170763046,0.0,11.0,4.91212987309,0.0228393624496,0.0130743960009,5.1854497287,0.0,3.66666666667,0.0228393624496,0.0130743960009
2.48055532484,0.00309238206901,28,3,1.67946527399,0.0,7.0,5.36268763572,0.0222092940684,0.0195096789529,3.09120616517,0.0,4.33333333333,0.0222092940684,0.0195096789529
2.19566785019,0.583213134919,29,3,1.71576576513,3.0,5.0,5.56093225033,0.0140799653273,0.0150990451423,0.942809041582,0.0,4.33333333333,0.0140799653273,0.0150990451423
0.578468418377,-0.987805300765,30,3,1.56635734133,0.0,5.0,4.78917106599,0.0132240669492,0.0106584563107,2.35702260396,0.0,1.66666666667,0.0132240669492,0.0106584563107
0.227080767685,-0.0224484941284,31,3,1.5839594977,0.0,5.0,4.87421710498,0.0199185895392,-0.00596862579306,2.35702260396,0.0,1.66666666667,0.0199185895392,-0.00596862579306
1.6778120587,-0.0226300368503,32,3,1.64187355152,0.0,8.0,5.16483704137,0.0154638206253,0.0250089704901,3.26598632371,0.0,4.0,0.0154638206253,0.0250089704901
0.0,0,33,3,1.49867606333,0.0,0.0,4.47575952386,0.0118574795558,-0.00713762022142,0.0,0.0,0.0,0.0118574795558,-0.00713762022142
1.4319970615,8.15841827428e-09,34,3,1.59034730415,0.0,9.0,4.90545231648,0.0191501602463,0.0158652329588,4.24264068712,0.0,3.0,0.0191501602463,0.0158652329588
1.7255792957,0.109217525304,35,3,1.68829628759,7.0,8.0,5.4102553295,0.0248552536211,0.0166744978834,0.471404520791,0.0,7.33333333333,0.0248552536211,0.0166744978834
2.09365665608,0.0424397461155,36,3,1.70453296207,3.0,6.0,5.49881691132,0.0147425769023,0.0199168850221,1.41421356237,0.0,5.0,0.0147425769023,0.0199168850221
0.723328352492,0.017429449773,37,3,1.56118688949,0.0,7.0,4.76447279327,0.0146213506059,-0.00386907272161,3.29983164554,0.0,2.33333333333,0.0146213506059,-0.00386907272161
1.18223824169,0.237635100469,38,3,1.59371986916,0.0,11.0,4.92202420249,0.0148294709439,0.0147047853079,5.1854497287,0.0,3.66666666667,0.0148294709439,0.0147047853079
2.37850479844,0.386692943509,39,3,1.64066419334,0.0,8.0,5.15859467883,0.0114698914566,-0.00169280042638,3.55902608401,0.0,5.0,0.0114698914566,-0.00169280042638
3.19882485984,0.528885012274,40,3,1.66489315875,0.0,10.0,5.28510855197,0.0141709453168,-0.0101155254355,4.18993502999,0.0,5.66666666667,0.0141709453168,-0.0101155254355
0.921675276036,-0.0366377295271,41,3,1.57092115684,0.0,9.0,4.81107791055,0.0148480812523,0.00650748585505,4.24264068712,0.0,3.0,0.0148480812523,0.00650748585505
0.569233248694,0.27007700881,42,3,1.58276466295,0.0,11.0,4.8683966989,0.0212770830784,0.00545052153498,5.1854497287,0.0,3.66666666667,0.0212770830784,0.00545052153498
0.988054696822,-0.575764847885,43,3,1.60923943682,0.0,6.0,4.9990077204,0.0230153556361,-0.00483263968503,2.82842712475,0.0,2.0,0.0230153556361,-0.00483263968503
0.628848329177,0.274989829146,44,3,1.59622214731,0.0,4.0,4.93435589831,0.0193547913525,0.00261447267551,1.88561808316,0.0,1.33333333333,0.0193547913525,0.00261447267551
3.20935889352,0.27374496904,45,3,1.70920585728,5.0,9.0,5.52457243612,0.0132919233316,0.0250835805018,1.63299316186,0.0,7.0,0.0132919233316,0.0250835805018
1.56611806056,-1.00989549983,46,3,1.64359084241,0.0,6.0,5.17371418914,0.0164660939754,-0.0222980909983,2.82842712475,0.0,4.0,0.0164660939754,-0.0222980909983
0.193571549518,-0.730304154951,47,3,1.57458127096,0.0,5.0,4.82871926976,0.0210430706167,-0.00314128465247,2.16024689947,0.0,3.0,0.0210430706167,-0.00314128465247
1.45098088186,0.251340817833,48,3,1.62578801864,0.0,10.0,5.08242250322,0.0119788958202,0.029201542044,4.08248290464,0.0,5.0,0.0119788958202,0.029201542044
0.883145305085,-0.190217071606,49,3,1.59579004766,0.0,6.0,4.93222422547,0.0257135337767,-0.0221133255328,2.82842712475,0.0,2.0,0.0257135337767,-0.0221133255328
1.93087671217,0.442134575653,50,3,1.64183738292,0.0,7.0,5.16465023985,0.0125447649238,0.0191642526877,2.86744175568,0.0,3.66666666667,0.0125447649238,0.0191642526877
2.06593934303,0.00104523765008,51,3,1.66821327236,7.0,7.0,5.30268487438,0.0210457206076,0.00770175700428,0.0,0.0,7.0,0.0210457206076,0.00770175700428
1.55718718334,0.0909469565474,52,3,1.64480214924,0.0,7.0,5.17998494162,0.0176430631728,0.00269381859912,2.94392028878,0.0,4.0,0.0176430631728,0.00269381859912
1.97594933798,0.390616164134,53,3,1.68756937736,5.0,8.0,5.40632398861,0.0207749383592,0.0184883171821,1.24721912892,0.0,6.66666666667,0.0207749383592,0.0184883171821
1.35037030269,0.489437334841,54,3,1.67137204492,4.0,10.0,5.31946133242,0.0247530679271,0.00392215966081,2.82842712475,0.0,8.0,0.0247530679271,0.00392215966081
1.82891075642,-1.178759597,55,3,1.67036316903,0.0,7.0,5.31409736237,0.014761572992,0.00603874896896,2.94392028878,0.0,4.0,0.014761572992,0.00603874896896
1.89464202523,-0.153217595789,56,3,1.69297171014,4.0,8.0,5.43560978448,0.0164608795341,-0.000240538322847,1.88561808316,0.0,5.33333333333,0.0164608795341,-0.000240538322847
2.53697276702,0.240951808811,57,3,1.68800617314,5.0,8.0,5.40868596392,0.0197220404035,0.00812435842976,1.41421356237,0.0,6.0,0.0197220404035,0.00812435842976
0.457942449841,-0.466549385249,58,3,1.58412445756,0.0,5.0,4.87502122146,0.0204786823664,-0.0269132696121,2.35702260396,0.0,1.66666666667,0.0204786823664,-0.0269132696121
0.057778994241,-0.621841191816,59,3,1.54456124081,0.0,4.0,4.68591518755,0.0237144936556,-0.0263751355232,1.88561808316,0.0,1.33333333333,0.0237144936556,-0.0263751355232
2.94052534979,-0.0329101094813,60,3,1.63497684716,0.0,9.0,5.1293392369,0.0116633365782,0.0252981620625,4.0276819912,0.0,5.66666666667,0.0116633365782,0.0252981620625
0.0,0,61,3,1.52185991879,0.0,0.0,4.58073707594,0.0103866079373,-0.0362048625637,0.0,0.0,0.0,0.0103866079373,-0.0362048625637
1.27174015381,3.55463880553e-09,62,3,1.62373534817,0.0,10.0,5.07200066463,0.0185623017834,0.0306963224475,4.18993502999,0.0,5.66666666667,0.0185623017834,0.0306963224475
2.43563391919,0.306056987681,63,3,1.65651101943,0.0,9.0,5.24099318464,0.0171926900405,0.00148497205435,4.0276819912,0.0,5.66666666667,0.0171926900405,0.00148497205435
0.771356954866,-6.3305853802,64,3,1.56645672339,0.0,4.0,4.78964704732,0.0127212856318,-0.0446102546786,1.88561808316,0.0,1.33333333333,0.0127212856318,-0.0446102546786
0.0,0,65,3,1.50592040837,0.0,0.0,4.5083011994,0.0159042375006,-0.0041794219826,0.0,0.0,0.0,0.0159042375006,-0.0041794219826
0.0,1,66,3,1.5222528122,0.0,0.0,4.58253717094,0.0139610084442,-0.0,0.0,0.0,0.0,0.0139610084442,-0.0
0.0,1,67,3,1.52617652526,0.0,0.0,4.60055305337,0.00898368099477,-0.0,0.0,0.0,0.0,0.00898368099477,-0.0
0.00622896378504,2.8431829624e-07,68,3,1.5335957284,0.0,1.0,4.6348124225,0.0161627605687,0.013891690396,0.471404520791,0.0,0.333333333333,0.0161627605687,0.013891690396
1.61645367437,0.0498789328445,69,3,1.6491897307,0.0,9.0,5.2027624801,0.0118986164381,0.00528633645671,3.74165738677,0.0,5.0,0.0118986164381,0.00528633645671
0.273434507049,0.0481119430792,70,3,1.59763025446,0.0,6.0,4.94130889427,0.0230374101739,-0.0113570468008,2.62466929134,0.0,3.66666666667,0.0230374101739,-0.0113570468008
0.955334553348,-0.585142667841,71,3,1.56890525073,0.0,7.0,4.80138899843,0.00976801281859,-0.0019801330939,3.29983164554,0.00380903692713,2.33333333333,0.00993746750877,-0.00578917002103
1.63227058989,0.250602471167,72,3,1.64248710021,0.0,10.0,5.16800689271,0.0176339761143,0.0124763012754,4.10960933531,0.0,5.33333333333,0.0176339761143,0.0124763012754
0.669106694071,-1.06880935822,73,3,1.58632728279,0.0,5.0,4.88577187779,0.0167042323065,-0.0264843882644,2.35702260396,0.0,1.66666666667,0.0167042323065,-0.0264843882644
2.59871436792,0.293296720782,74,3,1.6621264546,0.0,10.0,5.2705064294,0.0168931137824,0.0232827066678,4.10960933531,0.0,5.33333333333,0.0168931137824,0.0232827066678
1.74435756359,0.162655874673,75,3,1.64488574987,0.0,10.0,5.18041800968,0.0141679470112,0.00295188949241,4.08248290464,0.0,5.0,0.0141679470112,0.00295188949241
1.91434776872,0.226415127958,76,3,1.58440441702,0.0,10.0,4.87638622082,0.014755754504,-0.00446322898704,4.71404520791,0.0,3.33333333333,0.014755754504,-0.00446322898704
0.962768011329,0.141169122939,77,3,1.62843170114,0.0,9.0,5.09587659102,0.0194242875028,0.00220435129507,3.74165738677,0.0,4.0,0.0194242875028,0.00220435129507
1.84144330227,0.214584977863,78,3,1.65443381622,0.0,10.0,5.2301178758,0.0163674360339,0.0184748052586,4.08248290464,0.0,5.0,0.0163674360339,0.0184748052586
1.05797307232,0.0335219974917,79,3,1.59740895074,0.0,8.0,4.94021548521,0.0178739149815,-0.0180231422409,3.77123616633,0.0,2.66666666667,0.0178739149815,-0.0180231422409
3.7364936156,0.423544770943,80,3,1.70803490404,5.0,10.0,5.51810720609,0.012140731687,0.0369606028833,2.16024689947,0.0,8.0,0.012140731687,0.0369606028833
1.11468478294,-3.08712186566,81,3,1.61529167669,0.0,7.0,5.02935465508,0.0281783614299,0.00329023751228,2.86744175568,0.0,3.66666666667,0.0281783614299,0.00329023751228
0.0814572628073,0.1189585517,82,3,1.58214987429,0.0,7.0,4.86540458365,0.0297371063651,-0.00359984047343,3.29983164554,0.0,2.33333333333,0.0297371063651,-0.00359984047343
1.26215591897,-0.63167697211,83,3,1.64311232064,0.0,8.0,5.1712390465,0.0176102612562,0.00487828707509,3.55902608401,0.0,5.0,0.0176102612562,0.00487828707509
0.725086486826,-0.115946364181,84,3,1.59635712265,0.0,7.0,4.93502195962,0.0262185570978,0.0145599699274,3.29983164554,0.0,2.33333333333,0.0262185570978,0.0145599699274
0.0,0,85,3,1.51101284494,0.0,0.0,4.53131799335,0.0192021162761,-0.0327789279175,0.0,0.0,0.0,0.0192021162761,-0.0327789279175
1.24515063779,1.08569300217e-08,86,3,1.63384139278,0.0,5.0,5.12351841145,0.0155639193127,0.0319671454743,2.16024689947,0.0,3.0,0.0155639193127,0.0319671454743
0.0803950876964,-0.196717059235,87,3,1.55819587741,0.0,6.0,4.75024348823,0.0161068545435,-0.0193670400662,2.82842712475,0.0,2.0,0.0161068545435,-0.0193670400662
1.16352009298,-0.28499623376,88,3,1.65639785048,0.0,6.0,5.24040010051,0.0190023839268,0.0277243935229,2.82842712475,0.0,4.0,0.0190023839268,0.0277243935229
0.296201985686,-0.483737104392,89,3,1.6032771486,0.0,6.0,4.96929087378,0.0225091930508,0.00702810257999,2.49443825785,0.0,3.33333333333,0.0225091930508,0.00702810257999
3.22627354204,-0.10579282543,90,3,1.67856273706,7.0,10.0,5.35784979563,0.0221677808978,0.00801079577723,1.24721912892,0.0,8.66666666667,0.0221677808978,0.00801079577723
1.03549666946,-0.381862710577,91,3,1.57561697043,0.0,6.0,4.83372296247,0.0124248713587,-0.0220916051219,2.82842712475,0.0,2.0,0.0124248713587,-0.0220916051219
1.01182571426,0.366458562948,92,3,1.5928375831,0.0,5.0,4.91768348428,0.0147556654111,-0.0210093325825,2.35702260396,0.0,1.66666666667,0.0147556654111,-0.0210093325825
2.71770203087,0.295457246157,93,3,1.70387415673,6.0,8.0,5.49519545446,0.0169849418199,0.0121606181122,0.816496580928,0.0,7.0,0.0169849418199,0.0121606181122
2.00160404202,0.138824915432,94,3,1.68813109744,6.0,7.0,5.40936168245,0.0203957263769,0.033793276131,0.471404520791,0.0,6.66666666667,0.0203957263769,0.033793276131
1.22698223542,0.452294053377,95,3,1.64226301483,0.0,7.0,5.16684894767,0.0220728350448,-0.0087654687121,2.86744175568,0.0,3.66666666667,0.0220728350448,-0.0087654687121
0.0,0,96,3,1.53032246052,0.0,0.0,4.61966624214,0.0197605763304,-0.0222987710567,0.0,0.0,0.0,0.0197605763304,-0.0222987710567
2.08329723364,5.40755717982e-09,97,3,1.62923891643,0.0,9.0,5.09999172115,0.0129843887307,0.022824746421,4.0276819912,0.0,5.66666666667,0.0129843887307,0.022824746421
2.09932092301,0.43536876283,98,3,1.64690267419,0.0,8.0,5.19087706482,0.0156864980509,0.0113157060003,3.55902608401,0.0,5.0,0.0156864980509,0.0113157060003
3.00831335302,0.652817216633,99,3,1.71124152004,5.0,7.0,5.53583005694,0.015202924024,0.0124975344166,0.942809041582,0.0,6.33333333333,0.015202924024,0.0124975344166
0.617267762375,-5.5883122228,100,3,1.59549962425,0.0,4.0,4.93079200006,0.0243612636535,-0.0266866797401,1.88561808316,0.0,1.33333333333,0.0243612636535,-0.0266866797401
1.71886533634,0.185856798147,101,3,1.65377208127,0.0,9.0,5.22665806892,0.0177245161726,0.0194791476328,3.68178700573,0.0,4.66666666667,0.0177245161726,0.0194791476328
1.08151866674,0.427686524712,102,3,1.60723955115,0.0,10.0,4.98902026673,0.0195514180735,0.0123328104391,4.71404520791,0.0,3.33333333333,0.0195514180735,0.0123328104391
4.17999001858,0.128176990199,103,3,1.70975222965,6.0,10.0,5.52759173461,0.0116089121545,0.0219913880754,1.6996731712,0.0,7.66666666667,0.0116089121545,0.0219913880754
2.4552660489,-0.109425103674,104,3,1.63805122525,3.0,12.0,5.14513303066,0.0153988819421,0.00107942600508,3.85861230093,0.0,6.66666666667,0.0153988819421,0.00107942600508
0.529169065736,-1.20659764826,105,3,1.57103698321,0.0,5.0,4.8116351925,0.0157410488612,-0.0252737113103,2.35702260396,0.0,1.66666666667,0.0157410488612,-0.0252737113103
1.00285866197,0.238215323711,106,3,1.58369489304,0.0,6.0,4.87292753501,0.0119833535932,0.0100114867231,2.82842712475,0.0,2.0,0.0119833535932,0.0100114867231
0.0,0,107,3,1.5272204083,0.0,0.0,4.60535800013,0.0157260095085,-0.0492010371993,0.0,0.0,0.0,0.0157260095085,-0.0492010371993
1.51913615744,4.59948445997e-09,108,3,1.64177670384,0.0,9.0,5.16433686314,0.0223770285852,0.0162477825866,3.85861230093,0.0,5.33333333333,0.0223770285852,0.0162477825866
2.93924914475,0.317155162426,109,3,1.64868129953,0.0,10.0,5.20011790584,0.0124349628963,0.00870378654538,4.10960933531,0.0,5.33333333333,0.0124349628963,0.00870378654538
0.680743912565,-1.65104627072,110,3,1.61242737526,5.0,5.0,5.01496967865,0.0216578553981,0.023822770401,0.0,0.0,5.0,0.0216578553981,0.023822770401
0.559008581708,-0.6515931731,111,3,1.6028086628,0.0,5.0,4.96696337685,0.0204324770102,0.00474261399387,2.35702260396,0.0,1.66666666667,0.0204324770102,0.00474261399387
2.79978451714,0.204190636722,112,3,1.66451632203,0.0,10.0,5.28311730421,0.016561132868,0.00722862107438,4.10960933531,0.0,5.33333333333,0.016561132868,0.00722862107438
0.0900374513128,-0.753038509698,113,3,1.54989381007,0.0,7.0,4.71096989846,0.0174218647334,-0.00349141417262,3.29983164554,0.0,2.33333333333,0.0174218647334,-0.00349141417262
1.59461697469,-0.803715603734,114,3,1.69611146733,5.0,6.0,5.45270309982,0.0186559986329,0.0169522878218,0.471404520791,0.0,5.33333333333,0.0186559986329,0.0169522878218
0.0,0,115,3,1.51761493407,0.0,0.0,4.56133313091,0.0155773420911,-0.0463764049772,0.0,0.0,0.0,0.0155773420911,-0.0463764049772
0.0,1,116,3,1.55332358118,0.0,0.0,4.72715518697,0.0215546990397,-0.0,0.0,0.0,0.0,0.0215546990397,-0.0
2.90450956102,4.12447520581e-09,117,3,1.63376314698,0.0,9.0,5.12311753335,0.0112966456632,0.00910758793561,3.85861230093,0.0,5.33333333333,0.0112966456632,0.00910758793561
1.70776874292,-0.459326243253,118,3,1.57290600976,0.0,7.0,4.8206366758,0.00890801031058,-0.0124293906443,3.29983164554,0.0,2.33333333333,0.00890801031058,-0.0124293906443
2.3622263689,0.128870789901,119,3,1.6793964712,7.0,8.0,5.36231868056,0.021119952538,0.0173748862661,0.471404520791,0.0,7.33333333333,0.021119952538,0.0173748862661
2.82226608902,0.29762562382,120,3,1.68761009919,5.0,10.0,5.40654414849,0.0185301889772,0.0141398900793,2.16024689947,0.0,7.0,0.0185301889772,0.0141398900793
1.22254790643,-0.274779993841,121,3,1.58172610526,0.0,10.0,4.86334321269,0.0197248050292,-0.0373429927446,4.71404520791,0.0,3.33333333333,0.0197248050292,-0.0373429927446
3.12345462789,0.216016256131,122,3,1.7008513074,6.0,6.0,5.47860938775,0.0132608242949,0.0177815852888,0.0,0.0,6.0,0.0132608242949,0.0177815852888
1.57007658216,0.299893914369,123,3,1.66254545238,0.0,8.0,5.27271522262,0.0162877845781,-0.00739224977785,3.77123616633,0.0,5.33333333333,0.0162877845781,-0.00739224977785
1.42366404003,0.064607393323,124,3,1.6297849173,0.0,5.0,5.10277708144,0.011011708082,0.00521828883364,2.35702260396,0.0,3.33333333333,0.011011708082,0.00521828883364
1.03981809209,-0.472278723909,125,3,1.57505572181,0.0,5.0,4.83101080326,0.0109572137092,-0.0124693550367,2.35702260396,0.0,1.66666666667,0.0109572137092,-0.0124693550367
0.785109555503,0.0715889730098,126,3,1.59687182562,0.0,5.0,4.93756268392,0.0224945923662,0.000683427406875,2.35702260396,0.0,1.66666666667,0.0224945923662,0.000683427406875
2.19743674153,0.384644421831,127,3,1.66232260756,0.0,7.0,5.27154035626,0.0198966123199,0.0135881855723,3.09120616517,0.0,4.33333333333,0.0198966123199,0.0135881855723
2.94591311973,0.223450850288,128,3,1.68964299927,7.0,9.0,5.41754629187,0.0243059863412,0.0219898020572,0.816496580928,0.0,8.0,0.0243059863412,0.0219898020572
3.43229034602,0.449190384301,129,3,1.71891078257,7.0,8.0,5.57844901004,0.0160271683769,0.00128640064173,0.471404520791,0.0,7.66666666667,0.0160271683769,0.00128640064173
0.0845428514373,-2.74763060179,130,3,1.5569459271,0.0,7.0,4.7443096292,0.0234630033436,-0.0169784090031,3.09120616517,0.0,2.66666666667,0.0234630033436,-0.0169784090031
0.164778756012,0.131165829799,131,3,1.57599078771,0.0,6.0,4.83553022937,0.0244654968498,0.0143427524303,2.62466929134,0.0,3.66666666667,0.0244654968498,0.0143427524303
1.31635579943,-0.326263883896,132,3,1.59707994587,0.0,8.0,4.93859039762,0.0116556026149,0.00223668207421,3.77123616633,0.0,2.66666666667,0.0116556026149,0.00223668207421
0.45138856868,-0.0215813541278,133,3,1.58178952748,0.0,9.0,4.86365166647,0.0158321851075,0.00782105569902,3.85861230093,0.0,5.33333333333,0.0158321851075,0.00782105569902
0.0474209243488,-0.149262706497,134,3,1.52594610931,0.0,4.0,4.59949313466,0.0120388856718,-0.00989586870735,1.88561808316,0.0,1.33333333333,0.0120388856718,-0.00989586870735
0.0,0,135,3,1.53096774452,0.0,0.0,4.62264820085,0.0166869510021,-0.00350810268123,0.0,0.0,0.0,0.0166869510021,-0.00350810268123
0.788080486997,1.94578295698e-08,136,3,1.60115991828,0.0,5.0,4.95878087049,0.0183918038925,-0.0044190891681,2.35702260396,0.0,1.66666666667,0.0183918038925,-0.0044190891681
1.35943240994,0.295727498048,137,3,1.57769694533,0.0,7.0,4.84378744818,0.0124079463489,0.0111121467692,3.29983164554,0.0,2.33333333333,0.0124079463489,0.0111121467692
2.57988707692,0.341215168703,138,3,1.65956032203,0.0,8.0,5.25699894964,0.013326548973,0.0289622190505,3.3993463424,0.0,4.66666666667,0.013326548973,0.0289622190505
3.56853353104,0.397082230319,139,3,1.70554838991,7.0,11.0,5.50440339896,0.0119856193238,0.00255452096736,1.6996731712,0.0,8.66666666667,0.0119856193238,0.00255452096736
0.0,0,140,3,1.52268196458,0.0,0.0,4.58450419972,0.0232015277149,-0.0401830473063,0.0,0.0,0.0,0.0232015277149,-0.0401830473063
1.57439239585,5.25278442964e-09,141,3,1.69160282664,6.0,9.0,5.42817415839,0.0220040309766,0.0242265806228,1.41421356237,0.0,7.0,0.0220040309766,0.0242265806228
1.8685737242,-0.0768744988661,142,3,1.65553596958,0.0,7.0,5.23588544557,0.0169717236175,-0.005367415079,2.94392028878,0.0,4.0,0.0169717236175,-0.005367415079
1.06944348726,-0.168741150512,143,3,1.57607185265,0.0,9.0,4.83592223723,0.0108663750871,-0.00740355768962,4.24264068712,0.0,3.0,0.0108663750871,-0.00740355768962
0.962019353185,0.300711805704,144,3,1.59543971918,0.0,7.0,4.93049662947,0.0220315448869,-0.0217493262366,3.29983164554,0.0,2.33333333333,0.0220315448869,-0.0217493262366
1.50313647539,-0.0128164238179,145,3,1.67304868714,0.0,4.0,5.32838764689,0.0250114547315,0.0380283566491,1.6996731712,0.0,2.33333333333,0.0250114547315,0.0380283566491
0.81902804276,0.0392896558058,146,3,1.60072389542,0.0,6.0,4.95661919996,0.0156305061827,0.00436881252194,2.49443825785,0.0,3.33333333333,0.0156305061827,0.00436881252194
1.24600928991,-0.0839040224326,147,3,1.60458468242,0.0,7.0,4.97579263939,0.0128672323945,0.00888814758362,3.09120616517,0.0,4.33333333333,0.0128672323945,0.00888814758362
0.549217610788,-0.0980511697308,148,3,1.60797442034,0.0,8.0,4.99268789144,0.0189438794069,-0.00259094658393,3.55902608401,0.0,5.0,0.0189438794069,-0.00259094658393
1.8641036969,-1.03352981165,149,3,1.68391483145,4.0,6.0,5.38660238812,0.0192487422155,0.0123428856882,0.816496580928,0.0,5.0,0.0192487422155,0.0123428856882
1.34422254004,-0.398665979497,150,3,1.59169181039,0.0,10.0,4.91205216346,0.0132235452649,0.00655177892223,4.71404520791,0.0,3.33333333333,0.0132235452649,0.00655177892223
1.46873402335,-0.171776562001,151,3,1.61301095295,0.0,8.0,5.01789715716,0.0177865096897,0.0107876592823,3.3993463424,0.0,4.66666666667,0.0177865096897,0.0107876592823
2.53002442519,0.141381172501,152,3,1.69810701784,6.0,7.0,5.46359510841,0.0159471513832,0.0341360128397,0.471404520791,0.0,6.66666666667,0.0159471513832,0.0341360128397
1.71582577645,0.383440980534,153,3,1.62805951112,0.0,6.0,5.09398030951,0.0115225327468,0.0106451914874,2.82842712475,0.0,4.0,0.0115225327468,0.0106451914874
0.752252732943,-0.0915076567075,154,3,1.57558118659,0.0,6.0,4.83354999635,0.0195398187504,0.00275613102928,2.82842712475,0.0,2.0,0.0195398187504,0.00275613102928
1.56465480801,0.277731148103,155,3,1.63887410976,0.0,6.0,5.14936862341,0.0157505618954,0.0283265232585,2.49443825785,0.0,3.33333333333,0.0157505618954,0.0283265232585
1.56271200127,0.438221724266,156,3,1.63982359936,0.0,7.0,5.15426021726,0.0162695616739,0.0241019539408,3.09120616517,0.0,4.33333333333,0.0162695616739,0.0241019539408
2.81890625631,0.0787268224048,157,3,1.66423073695,0.0,7.0,5.28160874016,0.0116710655045,-0.0225589018427,3.29983164554,0.0,4.66666666667,0.0116710655045,-0.0225589018427
1.11462392041,-0.104026631816,158,3,1.57094831066,0.0,6.0,4.81120855149,0.0129861547905,-0.0117481997453,2.82842712475,0.0,2.0,0.0129861547905,-0.0117481997453
0.788332003284,0.108101437187,159,3,1.58310695982,0.0,7.0,4.87006342109,0.014295778648,0.013914278604,3.29983164554,0.0,2.33333333333,0.014295778648,0.013914278604
2.40031329308,0.369719499895,160,3,1.6504512151,0.0,10.0,5.20932982522,0.0146334632574,0.0123812478216,4.49691252108,0.0,6.33333333333,0.0146334632574,0.0123812478216
0.854061047316,-0.349669105942,161,3,1.56516411351,0.0,7.0,4.7834599019,0.0164634543075,-0.0102675481335,3.29983164554,0.0,2.33333333333,0.0164634543075,-0.0102675481335
0.994430574734,-0.308778467362,162,3,1.56861639726,0.0,8.0,4.80000230087,0.0126056094673,-0.0256451183785,3.77123616633,0.0,2.66666666667,0.0126056094673,-0.0256451183785
1.2061530692,-0.647588506004,163,3,1.68806371784,4.0,6.0,5.40899721407,0.0249926717029,0.0285270024342,0.816496580928,0.0,5.0,0.0249926717029,0.0285270024342
2.08034730054,0.0179712434333,164,3,1.64706947523,0.0,7.0,5.19174298072,0.0144020980999,0.0189978820588,3.09120616517,0.0,4.33333333333,0.0144020980999,0.0189978820588
1.60158585385,-0.316109404421,165,3,1.64865139942,0.0,10.0,5.19996242407,0.017657919878,0.0123923002061,4.10960933531,0.0,4.66666666667,0.017657919878,0.0123923002061
0.531143540218,0.185586829795,166,3,1.57446795535,0.0,9.0,4.82817213149,0.0141288770285,-0.012337539449,4.24264068712,0.0,3.0,0.0141288770285,-0.012337539449
2.94159854266,-0.129357710274,167,3,1.64948637294,0.0,9.0,5.20430606817,0.0122380606696,0.00448374727137,3.85861230093,0.0,5.33333333333,0.0122380606696,0.00448374727137
2.48858211711,0.156385481075,168,3,1.6730997718,0.0,8.0,5.32865985272,0.0247163895626,0.0241951764851,3.77123616633,0.0,5.33333333333,0.0247163895626,0.0241951764851
3.46971143244,0.636689636827,169,3,1.71909669611,8.0,8.0,5.57948621565,0.0181237964356,0.0272451019886,0.0,0.0,8.0,0.0181237964356,0.0272451019886
0.844483637701,-6.74583734243,170,3,1.59968611424,0.0,5.0,4.95147798201,0.0192315188951,-0.0212145500455,2.35702260396,0.0,1.66666666667,0.0192315188951,-0.0212145500455
1.46617695063,0.245431001287,171,3,1.59972923086,0.0,7.0,4.95169147763,0.0202536364303,0.0118609267228,3.29983164554,0.0,2.33333333333,0.0202536364303,0.0118609267228
1.06833846899,0.317534558829,172,3,1.58898936839,0.0,8.0,4.89879554811,0.00869825938945,-0.00248740027554,3.77123616633,0.0,2.66666666667,0.00869825938945,-0.00248740027554
1.51010371492,0.161832979934,173,3,1.59676902179,0.0,8.0,4.93705510962,0.0164956629836,0.00205437298686,3.77123616633,0.0,5.33333333333,0.0164956629836,0.00205437298686
1.28343929142,0.100278545061,174,3,1.64882904764,6.0,8.0,5.20088627021,0.0216433977964,0.0194640104395,0.942809041582,0.0,7.33333333333,0.0216433977964,0.0194640104395
1.09027686581,-0.712277235705,175,3,1.59252463454,0.0,6.0,4.9161447431,0.0194229612731,-0.00273081680383,2.82842712475,0.0,2.0,0.0194229612731,-0.00273081680383
2.25136795327,0.34888976431,176,3,1.65028677537,0.0,9.0,5.20847327489,0.0182682583186,0.0202616671361,3.85861230093,0.0,5.33333333333,0.0182682583186,0.0202616671361
2.50521477265,-0.116405782976,177,3,1.6881064366,5.0,6.0,5.40922828471,0.0135965432599,0.00726810647475,0.471404520791,0.0,5.66666666667,0.0135965432599,0.00726810647475
2.23957349804,0.103206561766,178,3,1.70144768417,6.0,11.0,5.48187767763,0.0204326168861,0.0130694491303,2.16024689947,0.0,8.0,0.0204326168861,0.0130694491303
0.291043835434,-0.178407967018,179,3,1.57414113768,0.0,6.0,4.82659445735,0.0184343307615,-0.0156990162185,2.82842712475,0.0,2.0,0.0184343307615,-0.0156990162185
1.15967661391,-0.0784034659423,180,3,1.59350811351,0.0,6.0,4.9209820464,0.0195197248193,0.0116569714956,2.82842712475,0.0,2.0,0.0195197248193,0.0116569714956
0.369977490517,-0.0454425182497,181,3,1.58287134015,0.0,4.0,4.86891607353,0.0172922218123,0.00165082639628,1.88561808316,0.0,1.33333333333,0.0172922218123,0.00165082639628
2.77112771694,0.149155480366,182,3,1.66269218615,0.0,9.0,5.27348896474,0.0136754858247,0.014944185721,3.68178700573,0.0,4.66666666667,0.0136754858247,0.014944185721
1.36048688202,0.0679488411135,183,3,1.6348317503,0.0,10.0,5.12859503986,0.0179094973057,0.0143033538617,4.18993502999,0.0,5.66666666667,0.0179094973057,0.0143033538617
0.977047094384,-0.832453682151,184,3,1.65080689983,0.0,5.0,5.21118303386,0.0244609655771,0.0019551607846,2.05480466766,0.0,2.66666666667,0.0244609655771,0.0019551607846
0.773744699628,0.219790482892,185,3,1.58094287733,0.0,6.0,4.85953559774,0.01500731356,0.00806814904136,2.82842712475,0.0,2.0,0.01500731356,0.00806814904136
2.94355237472,0.1860130658,186,3,1.71351000322,5.0,10.0,5.54840224882,0.0144198928748,0.0151792687695,2.16024689947,0.0,7.0,0.0144198928748,0.0151792687695
2.74078544655,-1.1430662257,187,3,1.66698543458,2.0,9.0,5.29617803306,0.0188589320906,-0.0152858578869,2.94392028878,0.0,6.0,0.0188589320906,-0.0152858578869
1.53497278467,-0.28943361374,188,3,1.6633434235,3.0,8.0,5.27692437627,0.0181404351634,-0.00174062945101,2.05480466766,0.0,5.33333333333,0.0181404351634,-0.00174062945101
2.55407218832,0.309738614603,189,3,1.7060469278,6.0,10.0,5.5071482368,0.0155304105367,0.0236920233239,1.88561808316,0.0,8.66666666667,0.0155304105367,0.0236920233239
2.91479920063,0.0985295571271,190,3,1.6684836349,0.0,11.0,5.30411871555,0.0213678167012,-0.0022282501586,4.54606056566,0.0,6.0,0.0213678167012,-0.0022282501586
0.955800192234,-4.97413506213,191,3,1.54972181736,0.0,4.0,4.71015971566,0.0112599163025,-0.0398681475083,1.88561808316,0.0,1.33333333333,0.0112599163025,-0.0398681475083
2.16904417286,0.198689800609,192,3,1.66269602524,0.0,7.0,5.27350921018,0.0156393277168,0.00149576254624,2.94392028878,0.0,4.0,0.0156393277168,0.00149576254624
1.22014560724,0.281841793969,193,3,1.59351127245,0.0,7.0,4.92099759151,0.0175562105935,-0.0231255756558,3.29983164554,0.0,2.33333333333,0.0175562105935,-0.0231255756558
0.0,0,194,3,1.54948468756,0.0,0.0,4.70904292883,0.017891874541,-0.0442005849153,0.0,0.0,0.0,0.017891874541,-0.0442005849153
0.593610274779,1.0153426544e-08,195,3,1.60848828099,0.0,7.0,4.99525409655,0.0251736531449,0.0131077835893,3.29983164554,0.0,2.33333333333,0.0251736531449,0.0131077835893
3.96953478557,0.314428713659,196,3,1.71521093344,7.0,9.0,5.55784772464,0.0117591368767,0.0148414524136,0.942809041582,0.0,7.66666666667,0.0117591368767,0.0148414524136
0.604999443106,-5.11367320013,197,3,1.63797001325,0.0,5.0,5.1447152011,0.0231249710272,-0.0231653883459,2.16024689947,0.0,3.0,0.0231249710272,-0.0231653883459
1.47359534808,0.0804751252023,198,3,1.58754006453,0.0,9.0,4.89170084725,0.0203266193725,0.0106654134523,4.24264068712,0.0,3.0,0.0203266193725,0.0106654134523
0.48755066436,0.0511441890798,199,3,1.57121512486,0.0,7.0,4.81249242149,0.024387421819,-0.00626469007092,3.29983164554,0.0,2.33333333333,0.024387421819,-0.00626469007092
1.87456819925,-0.0430958196598,200,3,1.64714392609,0.0,6.0,5.1921295248,0.0142474424656,0.0211251140798,2.62466929134,0.0,3.66666666667,0.0142474424656,0.0211251140798
2.88934560779,0.140254837633,201,3,1.68280849889,7.0,10.0,5.3806463098,0.0139398417745,-0.00564391058944,1.41421356237,0.0,8.0,0.0139398417745,-0.00564391058944
0.0,0,202,3,1.53557392647,0.0,0.0,4.64399007407,0.0178771477498,-0.0135643936865,0.0,0.0,0.0,0.0178771477498,-0.0135643936865
1.95626592381,3.74838138306e-09,203,3,1.66006374463,7.0,7.0,5.25964610794,0.0191421979632,0.0167000532151,0.0,0.0,7.0,0.0191421979632,0.0167000532151
1.84644897787,-0.142378506906,204,3,1.6314445558,0.0,6.0,5.11125287817,0.0109702293398,0.0119905548537,2.49443825785,0.0,3.33333333333,0.0109702293398,0.0119905548537
0.0,0,205,3,1.54535308813,0.0,0.0,4.68962718642,0.0252016537595,-0.0339708539628,0.0,0.0,0.0,0.0252016537595,-0.0339708539628
0.206915735252,1.54156735155e-08,206,3,1.55130830469,0.0,5.0,4.71763825512,0.013292185481,0.0228343663509,2.35702260396,0.0,1.66666666667,0.013292185481,0.0228343663509
0.974899933773,-0.367820494198,207,3,1.5723116452,0.0,5.0,4.81777231153,0.00895442969119,0.00850398398174,2.35702260396,0.00339800185376,1.66666666667,0.00999097689806,0.00510598212798
3.20263493589,0.324465444309,208,3,1.71131330088,6.0,8.0,5.53622743776,0.0175101923568,0.0155563902737,0.942809041582,0.0,6.66666666667,0.0175101923568,0.0155563902737
1.87455865785,-0.291928210958,209,3,1.64799367481,0.0,5.0,5.1965434053,0.0146046088278,-0.00170870921582,2.35702260396,0.0,3.33333333333,0.0146046088278,-0.00170870921582
1.08855622336,0.0711191577614,210,3,1.59355094106,0.0,6.0,4.92119280449,0.0111305623092,-0.0160460019688,2.82842712475,0.0,2.0,0.0111305623092,-0.0160460019688
2.30773002258,0.51530842975,211,3,1.64681659725,0.0,8.0,5.1904302692,0.0131068441311,0.0179380394408,3.55902608401,0.0,5.0,0.0131068441311,0.0179380394408
1.2190968665,-0.358256959615,212,3,1.62269185963,0.0,10.0,5.06671085047,0.0184602127657,0.0163044934591,4.18993502999,0.0,5.66666666667,0.0184602127657,0.0163044934591
0.704161114676,-2.686305698,213,3,1.59180005506,0.0,5.0,4.91258389574,0.0159778608126,0.0106045463839,2.35702260396,0.0,1.66666666667,0.0159778608126,0.0106045463839
1.6747884994,0.149328073822,214,3,1.59861217652,0.0,7.0,4.94616325739,0.0162380637105,-0.0133370499014,3.29983164554,0.0,2.33333333333,0.0162380637105,-0.0133370499014
2.71143236989,0.3755357432,215,3,1.65816514313,0.0,9.0,5.24966960964,0.0133389527189,0.01256525916,3.74165738677,0.0,5.0,0.0133389527189,0.01256525916
2.12440365625,0.290154855985,216,3,1.6381614957,0.0,10.0,5.14570041807,0.0154147266073,-0.00908966194149,4.10960933531,0.0,5.33333333333,0.0154147266073,-0.00908966194149
0.823831153036,-0.0491765818558,217,3,1.58971473004,0.0,7.0,4.90235023559,0.0203876743201,-0.0281276393101,3.29983164554,0.0,2.33333333333,0.0203876743201,-0.0281276393101
0.0,0,218,3,1.53942175944,0.0,0.0,4.66189379538,0.0136301860892,-0.0153669821274,0.0,0.0,0.0,0.0136301860892,-0.0153669821274
0.680457270818,8.20729550988e-09,219,3,1.59525770709,0.0,7.0,4.92959930114,0.017430404225,0.0196487447436,3.29983164554,0.0,2.33333333333,0.017430404225,0.0196487447436
0.0,0,220,3,1.52009362041,0.0,0.0,4.57265326878,0.0147418717967,-0.0467837491437,0.0,0.0,0.0,0.0147418717967,-0.0467837491437
1.45282954897,8.32062330147e-09,221,3,1.59468309775,0.0,8.0,4.92676752097,0.0196148170628,0.00225821378263,3.77123616633,0.0,2.66666666667,0.0196148170628,0.00225821378263
1.00271096163,0.332759850686,222,3,1.60467622002,0.0,6.0,4.97624813235,0.01528818302,-0.012947039248,2.82842712475,0.0,2.0,0.01528818302,-0.012947039248
3.3330696315,0.249689529897,223,3,1.70479948308,5.0,12.0,5.50028265687,0.0155041519825,0.00982222994338,3.29983164554,0.0,7.33333333333,0.0155041519825,0.00982222994338
1.041987705,-0.110881998646,224,3,1.63279188276,0.0,8.0,5.11814404823,0.0150545858474,-0.0154883605535,3.3993463424,0.0,4.66666666667,0.0150545858474,-0.0154883605535
1.37438652485,0.264106982703,225,3,1.64068054035,0.0,9.0,5.15867900713,0.0189461301098,-0.0161495399182,3.74165738677,0.0,4.0,0.0189461301098,-0.0161495399182
1.37312905033,-0.211422089078,226,3,1.56860921876,0.0,6.0,4.79996784417,0.00948348181789,-0.0178166067548,2.82842712475,0.0,2.0,0.00948348181789,-0.0178166067548
0.433654550164,-0.1356318095,227,3,1.59482826396,0.0,8.0,4.92748277309,0.0241044658155,0.0160542666866,3.26598632371,0.0,4.0,0.0241044658155,0.0160542666866
3.26888453915,-0.339818089926,228,3,1.71169559016,6.0,8.0,5.53834428277,0.0134146471743,0.0186032316191,0.942809041582,0.0,6.66666666667,0.0134146471743,0.0186032316191
0.692416996758,-0.998539908863,229,3,1.57141127643,0.0,5.0,4.81343649202,0.0121115929806,-0.0397214045693,2.35702260396,0.0,1.66666666667,0.0121115929806,-0.0397214045693
3.38698681089,0.323092897355,230,3,1.65109419273,0.0,11.0,5.21268038483,0.0109171867938,0.0120964407732,4.54606056566,0.0,6.0,0.0109171867938,0.0120964407732
0.0,0,231,3,1.51559417721,0.0,0.0,4.55212509245,0.0102419519635,-0.0164518635802,0.0,0.0,0.0,0.0102419519635,-0.0164518635802
3.82596940782,3.92403742833e-09,232,3,1.71649711344,6.0,9.0,5.56500071629,0.0144672214057,0.0141110108568,1.24721912892,0.0,7.33333333333,0.0144672214057,0.0141110108568
2.0569765938,-2.72016337903,233,3,1.62054826398,0.0,7.0,5.05586150357,0.0130954382204,-0.0346070350962,3.29983164554,0.0,4.66666666667,0.0130954382204,-0.0346070350962
0.92830506041,0.145018730689,234,3,1.56964378538,0.0,7.0,4.80493630033,0.0125185643818,-0.0149400028152,3.29983164554,0.0,2.33333333333,0.0125185643818,-0.0149400028152
1.05212723239,0.25215442619,235,3,1.56681731768,0.0,5.0,4.79137447812,0.0102072724034,-0.00634402489021,2.35702260396,0.0,1.66666666667,0.0102072724034,-0.00634402489021
3.55113331264,0.188228055222,236,3,1.71651359078,7.0,7.0,5.56509241346,0.0135305027927,-0.00379721019879,0.0,0.0,7.0,0.0135305027927,-0.00379721019879
0.926790485367,-1.06454102465,237,3,1.64554302412,0.0,9.0,5.18382408429,0.0195399915654,-0.014217384943,4.0276819912,0.0,5.66666666667,0.0195399915654,-0.014217384943
1.78300359928,0.111603000389,238,3,1.6465709807,3.0,10.0,5.18915557019,0.018110094176,0.0112792619215,3.09120616517,0.0,5.66666666667,0.018110094176,0.0112792619215
3.90564300951,0.492023394411,239,3,1.71613650565,6.0,11.0,5.56299429545,0.0139193859922,0.0156775187348,2.05480466766,0.0,8.33333333333,0.0139193859922,0.0156775187348
0.617845895734,-3.33157932575,240,3,1.67373805103,4.0,8.0,5.33206211132,0.025283597224,0.00735243061516,1.6996731712,0.0,5.66666666667,0.025283597224,0.00735243061516
1.19025646139,0.16742892397,241,3,1.5684467614,0.0,7.0,4.79918811738,0.00961447306039,-0.0053489170177,3.29983164554,0.00847346124658,2.33333333333,0.00981357506467,-0.0138223782643
0.0,0,242,3,1.54012875998,0.0,0.0,4.66519092218,0.014586784688,-0.0104389638518,0.0,0.0,0.0,0.014586784688,-0.0104389638518
0.175880336756,1.11581944795e-08,243,3,1.59174906745,0.0,6.0,4.91233342122,0.0202544313087,0.0110124145819,2.82842712475,0.0,2.0,0.0202544313087,0.0110124145819
3.43085513775,-0.288565311071,244,3,1.7193226426,6.0,6.0,5.58074702345,0.0121499386284,0.00334503549736,0.0,0.0,6.0,0.0121499386284,0.00334503549736
0.0,0,245,3,1.52487153583,0.0,0.0,4.5945532959,0.0118259355774,-0.0214421313994,0.0,0.0,0.0,0.0118259355774,-0.0214421313994
1.03946040447,1.14404605789e-08,246,3,1.59463741042,0.0,7.0,4.92654243526,0.0128384795925,0.027624798847,3.29983164554,0.0,2.33333333333,0.0128384795925,0.027624798847
2.96290483839,-0.0205264340513,247,3,1.66728386858,5.0,9.0,5.29775882851,0.0125674987565,-0.0109260934282,1.6996731712,0.0,6.66666666667,0.0125674987565,-0.0109260934282
2.75659462377,0.222949490814,248,3,1.64995898948,0.0,9.0,5.2067662906,0.0121679381902,0.0120350549848,3.85861230093,0.0,5.33333333333,0.0121679381902,0.0120350549848
1.03956200881,-0.587647371558,249,3,1.5741789853,0.0,7.0,4.8267771359,0.0118631058393,-0.00727619088098,3.29983164554,0.0,2.33333333333,0.0118631058393,-0.00727619088098
1.11666830888,0.227194459199,250,3,1.57361789412,0.0,9.0,4.82406963348,0.01338193791,0.00758106535915,4.24264068712,0.0,3.0,0.01338193791,0.00758106535915
0.0,0,251,3,1.49747540496,0.0,0.0,4.47038889054,0.00622854700745,-0.0212626875143,0.0,0.0210702978613,0.0,0.00916281972829,-0.0423329853756
1.07516271832,4.9303960914e-09,252,3,1.59630624408,0.0,9.0,4.93477087917,0.0395407211259,0.0279706845943,3.68178700573,0.0,4.33333333333,0.0395407211259,0.0279706845943
1.27533818569,0.385197968216,253,3,1.57557928908,0.0,11.0,4.83354082467,0.0306799077222,-0.0145007045106,5.1854497287,0.0,3.66666666667,0.0306799077222,-0.0145007045106
1.17241666604,0.525305135274,254,3,1.58104065397,0.0,11.0,4.86001077004,0.0242434091873,-0.00115589580313,5.1854497287,0.0,3.66666666667,0.0242434091873,-0.00115589580313
2.05769861438,0.464803546291,255,3,1.62401900522,0.0,11.0,5.07343957741,0.0261175521824,0.0246244624483,4.64279609239,0.0,6.33333333333,0.0261175521824,0.0246244624483
0.0,0,256,3,1.51647446483,0.0,0.0,4.55613403605,0.0220478331872,-0.0390996918602,0.0,0.0,0.0,0.0220478331872,-0.0390996918602
3.80676863372,3.82828357903e-09,257,3,1.68209154961,5.0,10.0,5.37679004185,0.0258491556475,0.0446119938162,2.16024689947,0.0,8.0,0.0258491556475,0.0446119938162
2.37704130777,0.106632586838,258,3,1.64253021802,0.0,14.0,5.16822973067,0.0300624178339,-0.0361738230178,5.88784057755,0.0,8.0,0.0300624178339,-0.0361738230178
1.34730385532,0.106932933508,259,3,1.58303378341,0.0,9.0,4.86970706036,0.0261557922846,-0.0146659297697,4.24264068712,0.0,3.0,0.0261557922846,-0.0146659297697
0.657098472476,0.317957282789,260,3,1.56000621798,0.0,10.0,4.7588508355,0.0287952839185,0.00634585811835,4.71404520791,0.0,3.33333333333,0.0287952839185,0.00634585811835
0.476435238005,-0.415864274623,261,3,1.58808304385,0.0,6.0,4.89435766086,0.0286787369417,0.0106060628781,2.62466929134,0.0,3.66666666667,0.0286787369417,0.0106060628781
0.963757574841,0.109515326014,262,3,1.60491767551,4.0,6.0,4.97744981984,0.0263601128046,0.0176837444405,0.942809041582,0.0,5.33333333333,0.0263601128046,0.0176837444405
3.59790186475,0.0120536096371,263,3,1.66532626079,11.0,11.0,5.28739803902,0.0199059871937,-0.00690600493447,0.0,0.0,11.0,0.0199059871937,-0.00690600493447
1.92843871243,-0.529945878954,264,3,1.62626053711,0.0,7.0,5.08482460921,0.0250711762255,-0.0225637182347,2.86744175568,0.0,3.66666666667,0.0250711762255,-0.0225637182347
2.20848477238,0.489044397968,265,3,1.62150133833,0.0,7.0,5.06068241244,0.019979901194,0.0205671649418,3.09120616517,0.0,4.33333333333,0.019979901194,0.0205671649418
1.14473174213,0.0283914743064,266,3,1.56750868483,0.0,7.0,4.79468822242,0.022050667697,-0.0414379837002,3.29983164554,0.0,2.33333333333,0.022050667697,-0.0414379837002
1.56081965328,-0.115006159732,267,3,1.63610805578,6.0,9.0,5.1351448727,0.0322674236969,-0.000154788566417,1.24721912892,0.0,7.33333333333,0.0322674236969,-0.000154788566417
1.01522900521,-1.04990565885,268,3,1.56042617843,0.0,6.0,4.76084978432,0.0235542589555,0.0119683513972,2.82842712475,0.0,2.0,0.0235542589555,0.0119683513972
1.44002521056,0.268550216338,269,3,1.61292151893,0.0,6.0,5.01744840655,0.0216742778279,0.0348246790692,2.62466929134,0.0,3.66666666667,0.0216742778279,0.0348246790692
2.85409728825,0.394366923432,270,3,1.62664123505,0.0,8.0,5.08676075997,0.0175814443079,0.0107968089697,3.77123616633,0.0,5.33333333333,0.0175814443079,0.0107968089697
3.74148977776,0.530688774329,271,3,1.69033265745,5.0,11.0,5.42128383568,0.0219511452884,0.0108014420723,2.49443825785,0.0,8.33333333333,0.0219511452884,0.0108014420723
0.642444385168,-4.79347785774,272,3,1.54926789239,0.0,5.0,4.70802214175,0.0212974203275,-0.0540968910376,2.35702260396,0.0,1.66666666667,0.0212974203275,-0.0540968910376
0.0,0,273,3,1.52670881662,0.0,0.0,4.60300253987,0.0241743258675,-0.0727462133538,0.0,0.0,0.0,0.0241743258675,-0.0727462133538
3.02364220649,4.57644566687e-09,274,3,1.70120869803,6.0,7.0,5.48056774136,0.0244702690973,0.0394258749429,0.471404520791,0.0,6.66666666667,0.0244702690973,0.0394258749429
1.66201807587,0.26242087532,275,3,1.63025485971,0.0,6.0,5.10517565633,0.0218059208363,-0.0014452734552,2.82842712475,0.0,4.0,0.0218059208363,-0.0014452734552
4.12679524759,0.44007760367,276,3,1.68512066589,9.0,10.0,5.39310165651,0.0236580153287,0.0350537774741,0.471404520791,0.0,9.33333333333,0.0236580153287,0.0350537774741
0.586673871533,-2.06959706155,277,3,1.5908930766,0.0,7.0,4.90813030792,0.0270033707564,-0.0299753364623,2.94392028878,0.0,4.0,0.0270033707564,-0.0299753364623
2.01260607228,0.336838623175,278,3,1.67700098651,4.0,10.0,5.34948870142,0.0311211418069,0.0309525929693,2.44948974278,0.0,7.0,0.0311211418069,0.0309525929693
0.121666192384,-5.3220715346,279,3,1.55645696488,0.0,3.0,4.74199040805,0.024087493557,-0.0244108568748,1.41421356237,0.0,1.0,0.024087493557,-0.0244108568748
0.00641963331411,-2.70808288795,280,3,1.53787572704,0.0,1.0,4.65469192514,0.0273520985142,0.0270721309001,0.471404520791,0.0,0.333333333333,0.0273520985142,0.0270721309001
1.00974385898,0.0585179427289,281,3,1.54391025494,0.0,6.0,4.68286571566,0.016983758206,0.012711291758,2.82842712475,0.0,2.0,0.016983758206,0.012711291758
0.0,0,282,3,1.50988002619,0.0,0.0,4.52618773774,0.0204916922216,-0.0210868761824,0.0,0.0,0.0,0.0204916922216,-0.0210868761824
1.59806179696,4.79904516126e-09,283,3,1.6265770333,0.0,8.0,5.08643419153,0.0234178862265,0.0293269096634,3.55902608401,0.0,5.0,0.0234178862265,0.0293269096634
2.19821204567,0.35632632012,284,3,1.60610214672,0.0,11.0,4.98334895884,0.0212091896976,0.0093424899523,4.64279609239,0.0,6.33333333333,0.0212091896976,0.0093424899523
1.77159931179,0.238920572152,285,3,1.67352371528,3.0,6.0,5.33091938222,0.022093119433,-0.0107592628155,1.24721912892,0.0,4.66666666667,0.022093119433,-0.0107592628155
1.02083519644,-0.530976572883,286,3,1.60012138828,0.0,8.0,4.95363370096,0.0269237442291,0.0273928938019,3.29983164554,0.0,4.33333333333,0.0269237442291,0.0273928938019
1.96776969,-0.0975533141761,287,3,1.61287126886,0.0,11.0,5.01719628571,0.0315164900378,0.0117645251682,4.96655480858,0.0,4.0,0.0315164900378,0.0117645251682
2.12064358579,0.146635425274,288,3,1.67553354983,7.0,10.0,5.34164442237,0.0302735976637,0.02647556037,1.24721912892,0.0,8.33333333333,0.0302735976637,0.02647556037
2.27767075467,0.143906629815,289,3,1.62107591834,0.0,9.0,5.05852995491,0.0226529294688,-0.0394942088006,4.0276819912,0.0,5.66666666667,0.0226529294688,-0.0394942088006
1.38580333885,-0.386167054756,290,3,1.62655107334,0.0,7.0,5.08630214964,0.0227897019202,-0.0330724748652,2.86744175568,0.0,3.33333333333,0.0227897019202,-0.0330724748652
2.09179344306,0.427164902153,291,3,1.64578704283,0.0,8.0,5.18508918871,0.0321099090809,0.0192147025657,3.3993463424,0.0,4.66666666667,0.0321099090809,0.0192147025657
1.76552797087,0.307360790001,292,3,1.67290158114,5.0,6.0,5.32760386673,0.0304912209526,0.000453118071799,0.471404520791,0.0,5.66666666667,0.0304912209526,0.000453118071799
1.08117120809,0.0818869131719,293,3,1.55644581978,0.0,8.0,4.74193755839,0.0239473813477,-0.0347211215979,3.77123616633,0.0,2.66666666667,0.0239473813477,-0.0347211215979
1.23189646672,0.107505649458,294,3,1.56239919582,0.0,7.0,4.77025229636,0.0167668792556,0.00447526516474,3.29983164554,0.0,2.33333333333,0.0167668792556,0.00447526516474
0.664974382568,0.0919419261208,295,3,1.58705635105,0.0,14.0,4.88933523775,0.0354034821805,0.0111302806356,6.59966329107,0.0,4.66666666667,0.0354034821805,0.0111302806356
0.251809808377,0.67731520987,296,3,1.54397688421,0.0,11.0,4.68317774199,0.0279767231659,0.0211609273436,5.1854497287,0.0,3.66666666667,0.0279767231659,0.0211609273436
1.19195633138,-0.495646894393,297,3,1.6261343564,0.0,8.0,5.08418304294,0.0315781975288,0.0241784736738,3.26598632371,0.0,4.0,0.0315781975288,0.0241784736738
1.47202320109,-0.048620603201,298,3,1.5535626959,0.0,8.0,4.7282856545,0.0184935841547,-0.016686752585,3.77123616633,0.0,2.66666666667,0.0184935841547,-0.016686752585
2.39352180016,0.339856085631,299,3,1.64257884986,0.0,10.0,5.16848107727,0.0247301837608,0.0396022641864,4.18993502999,0.0,5.66666666667,0.0247301837608,0.0396022641864
1.34261355966,0.303526856376,300,3,1.62210794992,0.0,10.0,5.06375321237,0.0289843556337,0.0194262819801,4.32049379894,0.0,6.0,0.0289843556337,0.0194262819801
1.28865273066,-0.509133341442,301,3,1.5724525189,0.0,8.0,4.81845105679,0.0215191287323,-0.0359771859052,3.77123616633,0.0,2.66666666667,0.0215191287323,-0.0359771859052
0.368474260313,-1.28049987854,302,3,1.56224530024,0.0,2.0,4.76951823212,0.0127348506317,-0.0343998386056,0.942809041582,0.0,0.666666666667,0.0127348506317,-0.0343998386056
1.63255846305,0.183644803428,303,3,1.60565686994,0.0,6.0,4.98113048325,0.0332328833239,0.019807401446,2.49443825785,0.0,2.66666666667,0.0332328833239,0.019807401446
0.0280147813852,-0.85330230832,304,3,1.53969728774,0.0,4.0,4.66317845605,0.0320366281445,-0.00210336211279,1.88561808316,0.0,1.33333333333,0.0320366281445,-0.00210336211279
0.49678384269,-0.0320003494148,305,3,1.57673883767,0.0,9.0,4.83914880084,0.0285488142513,0.0155753718513,4.24264068712,0.0,3.0,0.0285488142513,0.0155753718513
1.35197388386,-0.650122829323,306,3,1.64589164282,0.0,5.0,5.18563157738,0.0240550173215,-0.00485570232775,2.05480466766,0.0,2.66666666667,0.0240550173215,-0.00485570232775
1.86275422431,0.413442128569,307,3,1.61401587175,0.0,5.0,5.02294227089,0.0238028703462,0.0047255166913,2.35702260396,0.0,3.33333333333,0.0238028703462,0.0047255166913
0.0,0,308,3,1.49324830664,0.0,0.0,4.45153200022,0.0121696557698,-0.0448031123053,0.0,0.0,0.0,0.0121696557698,-0.0448031123053
2.80628886852,5.6794734471e-09,309,3,1.64248415316,0.0,9.0,5.16799166238,0.0227314751442,0.0402694185544,3.74165738677,0.0,5.0,0.0227314751442,0.0402694185544
0.342048556536,-1.3002474496,310,3,1.55182987455,0.0,5.0,4.72009947481,0.0237423678917,-0.00980275402797,2.35702260396,0.0,1.66666666667,0.0237423678917,-0.00980275402797
0.823119883984,-0.0608778382615,311,3,1.57830964647,0.0,6.0,4.84675615167,0.0298861574752,-0.00169803123159,2.82842712475,0.0,2.0,0.0298861574752,-0.00169803123159
0.983839936252,-0.0697192212327,312,3,1.59327987671,0.0,8.0,4.91985902533,0.0259712099482,0.0337058584687,3.55902608401,0.0,5.0,0.0259712099482,0.0337058584687
0.0,0,313,3,1.54127653559,0.0,0.0,4.67054858866,0.0371126439599,-0.024054573083,0.0,0.0,0.0,0.0371126439599,-0.024054573083
3.2905262886,4.62964289127e-09,314,3,1.68960540806,6.0,8.0,5.41734264358,0.0270579238429,0.0216533118279,0.942809041582,0.0,6.66666666667,0.0270579238429,0.0216533118279
1.46046539218,-1.61628606894,315,3,1.57975562101,0.0,7.0,4.853769507,0.0198656313936,-0.0324541204501,3.29983164554,0.0,2.33333333333,0.0198656313936,-0.0324541204501
1.93731805005,0.132238210904,316,3,1.62233622694,0.0,9.0,5.06490928283,0.0210395939917,0.0282933836603,3.68178700573,0.0,4.66666666667,0.0210395939917,0.0282933836603
1.18186215477,0.173243109511,317,3,1.5637618422,0.0,9.0,4.77675689413,0.0201462345227,-0.0331265379588,4.24264068712,0.0,3.0,0.0201462345227,-0.0331265379588
0.0,0,318,3,1.47581901097,0.0,0.0,4.37461716556,0.0082963792839,-0.0162242814572,0.0,0.0178811505138,0.0,0.00987910449631,-0.0341054319709
2.78776131803,6.15855078046e-09,319,3,1.6367879449,0.0,7.0,5.13863738897,0.0140404576552,0.0329773410931,3.29983164554,0.0,4.66666666667,0.0140404576552,0.0329773410931
0.59630164625,-0.0847971701379,320,3,1.59733216104,0.0,8.0,4.93983614215,0.0202221717845,-0.0303475864615,3.77123616633,0.0,2.66666666667,0.0202221717845,-0.0303475864615
0.0,0,321,3,1.54043970132,0.0,0.0,4.66664174848,0.0178507872191,-0.00534939381233,0.0,0.0,0.0,0.0178507872191,-0.00534939381233
2.27148940443,3.97952770737e-09,322,3,1.634805714,0.0,9.0,5.12846151195,0.0192875045303,0.0399494989307,4.24264068712,0.0,6.0,0.0192875045303,0.0399494989307
1.26772468195,-0.281891343743,323,3,1.57561537195,0.0,8.0,4.83371523586,0.0172574596808,-0.015823801552,3.77123616633,0.0,2.66666666667,0.0172574596808,-0.015823801552
1.2136712925,0.419744429637,324,3,1.59968660087,0.0,9.0,4.95148039158,0.0187369619148,-0.0026472792117,4.24264068712,0.0,3.0,0.0187369619148,-0.0026472792117
0.240962058273,-1.22347437611,325,3,1.58344615453,0.0,4.0,4.87171560105,0.0271706735237,0.0212396538564,1.88561808316,0.0,1.33333333333,0.0271706735237,0.0212396538564
1.12115364009,0.134301592205,326,3,1.59779318018,0.0,9.0,4.94211402616,0.0163406777137,0.00562854155761,3.68178700573,0.0,4.66666666667,0.0163406777137,0.00562854155761
1.65474334406,0.0451556224866,327,3,1.63211859589,0.0,9.0,5.11469922887,0.0255935655629,0.0149081937918,3.68178700573,0.0,4.33333333333,0.0255935655629,0.0149081937918
2.28202085641,0.312794865578,328,3,1.68874923423,7.0,11.0,5.41270644158,0.0254175081689,0.0492095101698,1.6996731712,0.0,8.66666666667,0.0254175081689,0.0492095101698
2.34651039462,-0.7699402366,329,3,1.68223271964,4.0,9.0,5.37754913701,0.0223606801777,-0.0120270803297,2.05480466766,0.0,6.66666666667,0.0223606801777,-0.0120270803297
0.0,0,330,3,1.52695967945,0.0,0.0,4.60415740697,0.0216164346965,-0.0265022400197,0.0,0.0,0.0,0.0216164346965,-0.0265022400197
0.626060212284,5.47134126894e-09,331,3,1.59195328487,0.0,8.0,4.91333670771,0.0142220210703,0.0249175092731,3.29983164554,0.0,3.66666666667,0.0142220210703,0.0249175092731
0.822291301206,-0.223095844687,332,3,1.58952369202,0.0,8.0,4.90141378974,0.0256620373564,0.011302367572,3.77123616633,0.0,2.66666666667,0.0256620373564,0.011302367572
0.865837078912,0.260459386601,333,3,1.57166858926,0.0,7.0,4.81467521035,0.0167227666892,0.0199559048505,3.29983164554,0.0,2.33333333333,0.0167227666892,0.0199559048505
0.304745791639,0.0130730534384,334,3,1.58016436394,0.0,7.0,4.85575385651,0.0338141018322,0.0199587035546,3.29983164554,0.0,2.33333333333,0.0338141018322,0.0199587035546
0.108118720273,-2.43809720344,335,3,1.56481695047,0.0,2.0,4.78179954961,0.0269992322981,-0.0125475454566,0.942809041582,0.0,0.666666666667,0.0269992322981,-0.0125475454566
1.84641696783,0.126262843124,336,3,1.65072040482,0.0,11.0,5.21073231204,0.0247745909557,0.00550561127567,4.7842333648,0.0,6.66666666667,0.0247745909557,0.00550561127567
1.15061303231,0.086094797541,337,3,1.6527494803,2.0,7.0,5.22131601513,0.0271709353609,0.0256770990026,2.16024689947,0.0,5.0,0.0271709353609,0.0256770990026
1.50410564162,0.316505694669,338,3,1.633967161,0.0,10.0,5.12416282775,0.0196194369739,0.00703841387072,4.10960933531,0.0,4.66666666667,0.0196194369739,0.00703841387072
0.481931676843,0.0426288322814,339,3,1.58070297467,0.0,7.0,4.8583699221,0.019379791968,-0.0205524002991,3.29983164554,0.0,2.33333333333,0.019379791968,-0.0205524002991
1.38678968389,0.138360025962,340,3,1.6450258748,0.0,8.0,5.18114396627,0.0212162005962,0.0195880277914,3.26598632371,0.0,4.0,0.0212162005962,0.0195880277914
0.0515177063887,-0.478313753401,341,3,1.5267668391,0.0,6.0,4.60326962523,0.0193031908387,0.00231263200657,2.82842712475,0.0,2.0,0.0193031908387,0.00231263200657
0.956856810024,-0.512274984386,342,3,1.62849826363,0.0,8.0,5.09621579652,0.0225460987699,0.0149498846969,3.77123616633,0.0,5.33333333333,0.0225460987699,0.0149498846969
2.85496487809,0.0841230402738,343,3,1.64381840776,0.0,15.0,5.17489168116,0.016098731151,0.0299211069576,6.16441400297,0.0,8.0,0.016098731151,0.0299211069576
1.72636389917,0.0926906445337,344,3,1.59919289406,0.0,10.0,4.94903641532,0.0228897109409,-0.0160091211927,4.71404520791,0.0,3.33333333333,0.0228897109409,-0.0160091211927
1.67621996358,-0.1178978771,345,3,1.64273037197,0.0,9.0,5.16926427581,0.0284805002798,0.00889794481642,3.74165738677,0.0,4.0,0.0284805002798,0.00889794481642
0.0,0,346,3,1.53252669098,0.0,0.0,4.62986028207,0.0162736283586,-0.0167477181953,0.0,0.0,0.0,0.0162736283586,-0.0167477181953
1.71063235273,3.87945464642e-09,347,3,1.63273968373,0.0,11.0,5.11787689307,0.0199185832753,0.0468492026446,4.49691252108,0.0,5.66666666667,0.0199185832753,0.0468492026446
0.0,0,348,3,1.51905001085,0.0,0.0,4.56788369334,0.0172408130408,-0.0291225700651,0.0,0.0,0.0,0.0172408130408,-0.0291225700651
0.719128370167,5.33491029131e-09,349,3,1.59748332718,0.0,6.0,4.94058293453,0.0191645109907,0.0503228881931,2.82842712475,0.0,4.0,0.0191645109907,0.0503228881931
0.648361934005,0.236020550256,350,3,1.57213103595,0.0,11.0,4.81690225588,0.0185955760147,0.0310737337934,5.1854497287,0.0,3.66666666667,0.0185955760147,0.0310737337934
0.0442148714036,-0.969932779295,351,3,1.5414576739,0.0,4.0,4.6713946806,0.016829993992,-0.0334872609806,1.88561808316,0.0,1.33333333333,0.016829993992,-0.0334872609806
1.24975758932,-0.103387677334,352,3,1.58375515561,0.0,8.0,4.87322119899,0.0214363582249,0.0305484536818,3.77123616633,0.0,2.66666666667,0.0214363582249,0.0305484536818
1.11483014065,-0.117259963993,353,3,1.60296060991,0.0,5.0,4.96771814992,0.02637090194,0.00786253517413,2.35702260396,0.0,1.66666666667,0.02637090194,0.00786253517413
1.24059282547,0.298162261537,354,3,1.5855652826,0.0,6.0,4.88205033677,0.0174503119753,-0.00413577422425,2.82842712475,0.0,2.0,0.0174503119753,-0.00413577422425
2.50274063007,0.307414614405,355,3,1.70089606566,5.0,7.0,5.47885460625,0.0201573257683,0.0313293260098,0.942809041582,0.0,5.66666666667,0.0201573257683,0.0313293260098
2.40817305197,0.341657507618,356,3,1.63852273378,0.0,11.0,5.1475595768,0.0189036472531,-0.0211732410177,4.7842333648,0.0,6.66666666667,0.0189036472531,-0.0211732410177
0.657365651843,-0.757303304323,357,3,1.58421225729,0.0,5.0,4.87544926581,0.0201872749232,0.00373857468898,2.35702260396,0.0,1.66666666667,0.0201872749232,0.00373857468898
1.43477871077,0.251709747636,358,3,1.62707074474,0.0,11.0,5.08894604232,0.0232592333398,0.0272355019121,4.54606056566,0.0,6.0,0.0232592333398,0.0272355019121
1.21621499804,-0.110184724149,359,3,1.58789925345,0.0,9.0,4.89345820757,0.0185354327195,-0.00998140525509,4.24264068712,0.0,3.0,0.0185354327195,-0.00998140525509
3.03713855202,0.208088158172,360,3,1.72067622454,6.0,9.0,5.58830613662,0.0167184221797,0.018679883181,1.24721912892,0.0,7.66666666667,0.0167184221797,0.018679883181
2.43745016896,0.451998750436,361,3,1.69461283276,8.0,9.0,5.4445376105,0.0263531568465,-0.00626265442626,0.471404520791,0.0,8.33333333333,0.0263531568465,-0.00626265442626
0.724732789059,-0.958600782261,362,3,1.58478494274,0.0,8.0,4.8782421643,0.0228949611527,0.00583300674986,3.77123616633,0.0,2.66666666667,0.0228949611527,0.00583300674986
0.121663094959,0.009012786862,363,3,1.56760948248,0.0,7.0,4.79517154008,0.0282018531192,-0.00856861134927,3.29983164554,0.0,2.33333333333,0.0282018531192,-0.00856861134927
1.53978409427,-0.431326243728,364,3,1.6282283282,0.0,7.0,5.09484033297,0.0196633923705,0.0104073137699,3.09120616517,0.0,4.33333333333,0.0196633923705,0.0104073137699
1.67462290679,0.369670114061,365,3,1.64502444537,0.0,8.0,5.18113656022,0.017797318034,0.00423582177899,3.55902608401,0.0,5.0,0.017797318034,0.00423582177899
1.55167343197,0.272444110625,366,3,1.62981591881,0.0,10.0,5.10293527766,0.0175351416531,0.0100071688652,4.32049379894,0.0,4.0,0.0175351416531,0.0100071688652
2.58564947902,0.438426392727,367,3,1.64189483809,0.0,9.0,5.16494698424,0.0153925474987,0.00528543277044,3.85861230093,0.0,5.33333333333,0.0153925474987,0.00528543277044
1.6164358742,-0.265645037186,368,3,1.64842264551,0.0,7.0,5.19877304837,0.0307319725527,0.0413712162733,3.29983164554,0.0,4.66666666667,0.0307319725527,0.0413712162733
2.86205100521,0.300852931932,369,3,1.68200812689,7.0,9.0,5.37634151408,0.0227517318805,0.0380311448428,0.942809041582,0.0,7.66666666667,0.0227517318805,0.0380311448428
0.869308879717,-0.469041930472,370,3,1.61705892872,0.0,7.0,5.03825065073,0.0174351834164,-0.0213650027253,2.86744175568,0.0,3.33333333333,0.0174351834164,-0.0213650027253
1.16179154268,-0.273635111614,371,3,1.58443633921,0.0,7.0,4.87654188826,0.0202909745082,0.0160765097055,3.29983164554,0.0,2.33333333333,0.0202909745082,0.0160765097055
1.98178791701,0.12372383249,372,3,1.66451817064,7.0,13.0,5.28312707064,0.0206231149335,0.00224900675485,2.82842712475,0.0,9.0,0.0206231149335,0.00224900675485
0.326874542845,-1.62022717072,373,3,1.58800950288,0.0,6.0,4.89399773826,0.0237083768593,-0.0351302326961,2.82842712475,0.0,2.0,0.0237083768593,-0.0351302326961
2.59814884213,0.200018571014,374,3,1.64592993705,0.0,11.0,5.18583016093,0.0168113583906,0.0111647962728,4.7842333648,0.0,6.66666666667,0.0168113583906,0.0111647962728
0.885851607229,-0.964784173265,375,3,1.60553760926,0.0,7.0,4.98053646563,0.0213638477364,-0.0396500263458,3.29983164554,0.0,2.33333333333,0.0213638477364,-0.0396500263458
0.824697564666,-0.0608821240956,376,3,1.58190434759,0.0,6.0,4.86421014356,0.0204549463745,0.0122331164428,2.49443825785,0.0,3.33333333333,0.0204549463745,0.0122331164428
1.39300661879,0.101193357593,377,3,1.63657461097,0.0,10.0,5.1375412602,0.0197425847376,0.0270821277172,4.10960933531,0.0,5.33333333333,0.0197425847376,0.0270821277172
1.2252285696,0.325596663982,378,3,1.61711365576,0.0,5.0,5.03852638681,0.016988222264,-0.00354537343923,2.35702260396,0.0,3.33333333333,0.016988222264,-0.00354537343923
2.59533359447,0.27584102006,379,3,1.67289131917,6.0,10.0,5.32754919529,0.0240829101784,0.0402773447135,1.63299316186,0.0,8.0,0.0240829101784,0.0402773447135
2.44044809794,-0.0475766592945,380,3,1.64951855107,2.0,6.0,5.20447353569,0.0223352630639,0.0158766731262,1.6996731712,0.0,4.33333333333,0.0223352630639,0.0158766731262
1.85325433319,0.164318449886,381,3,1.64092737024,0.0,11.0,5.15995248048,0.024467456954,0.00967870061901,4.49691252108,0.0,5.66666666667,0.024467456954,0.00967870061901
1.67120751812,-0.121895257795,382,3,1.64307472123,0.0,6.0,5.17104461462,0.0211072686681,-0.00698487472028,2.49443825785,0.0,3.33333333333,0.0211072686681,-0.00698487472028
0.881556284269,0.254188061017,383,3,1.59310969643,0.0,11.0,4.91902183359,0.0206139873232,0.00847736489083,5.1854497287,0.0,3.66666666667,0.0206139873232,0.00847736489083
2.40593375894,0.105238966164,384,3,1.66012438658,0.0,8.0,5.25996507281,0.0254723710998,0.0250728080798,3.55902608401,0.0,5.0,0.0254723710998,0.0250728080798
1.48510834104,0.294301747403,385,3,1.57988117417,0.0,11.0,4.85437895137,0.0130123549768,0.0163159557559,5.1854497287,0.0,3.66666666667,0.0130123549768,0.0163159557559
3.47960422065,0.0253148845458,386,3,1.71197181552,5.0,12.0,5.53987432519,0.0180859009792,0.0141673765768,3.09120616517,0.0,7.66666666667,0.0180859009792,0.0141673765768
0.195784629948,-0.798171172706,387,3,1.5672644301,0.0,9.0,4.79351724018,0.018124791156,-0.0276814686513,4.24264068712,0.0,3.0,0.018124791156,-0.0276814686513
0.697295070275,-0.80134162586,388,3,1.6110596728,0.0,8.0,5.00811538065,0.0249069542107,0.00448028299336,3.29983164554,0.0,3.66666666667,0.0249069542107,0.00448028299336
2.41082232867,-0.0773115618154,389,3,1.69974085745,5.0,10.0,5.47252904283,0.016668315526,0.0341988300137,2.16024689947,0.0,7.0,0.016668315526,0.0341988300137
0.909198603771,-0.359922143896,390,3,1.60338566095,0.0,9.0,4.96983013247,0.0258556854862,-0.0082133842618,4.24264068712,0.0,3.0,0.0258556854862,-0.0082133842618
2.68718582129,0.339752401751,391,3,1.68354227068,6.0,13.0,5.38459592515,0.0216960668402,0.0244758616296,3.09120616517,0.0,8.66666666667,0.0216960668402,0.0244758616296
1.30419691062,-0.303779885674,392,3,1.58030372723,0.0,13.0,4.85643061748,0.0153022166495,0.00217842942961,6.12825877028,0.0,4.33333333333,0.0153022166495,0.00217842942961
1.38482832235,-0.20343767522,393,3,1.61193928062,0.0,9.0,5.01252249608,0.0291779425679,0.0239190578384,3.74165738677,0.0,5.0,0.0291779425679,0.0239190578384
0.298797050945,-0.0500213821441,394,3,1.58690490891,0.0,7.0,4.88859484246,0.0200546897026,-0.00117443039248,3.29983164554,0.0,2.33333333333,0.0200546897026,-0.00117443039248
1.05057988298,0.24635907847,395,3,1.65667105149,0.0,11.0,5.24183197873,0.0353266488643,-0.00474502200584,5.1854497287,0.0,7.33333333333,0.0353266488643,-0.00474502200584
4.3060879209,0.121218217862,396,3,1.70579035743,5.0,10.0,5.50573544698,0.0151817628474,0.0283258168259,2.05480466766,0.0,7.66666666667,0.0151817628474,0.0283258168259
1.05305619902,-7.45700536783,397,3,1.58637410988,0.0,7.0,4.88600066959,0.0187470006463,0.0150758678795,3.29983164554,0.0,2.33333333333,0.0187470006463,0.0150758678795
1.53714640279,0.447456451083,398,3,1.59439779761,0.0,10.0,4.92536211399,0.0225485845324,0.0132916340529,4.71404520791,0.0,3.33333333333,0.0225485845324,0.0132916340529
1.30885601795,0.395444292844,399,3,1.58138113976,0.0,9.0,4.86166581641,0.0140852205203,0.00469718773212,4.24264068712,0.0,3.0,0.0140852205203,0.00469718773212
1.83825621193,0.299330728463,400,3,1.64269758195,0.0,10.0,5.16909477828,0.0271571874977,0.00498359817827,4.10960933531,0.0,5.33333333333,0.0271571874977,0.00498359817827
0.684318907256,0.208949531936,401,3,1.60264110226,0.0,8.0,4.9661311795,0.0208864880448,0.00138019231001,3.77123616633,0.0,2.66666666667,0.0208864880448,0.00138019231001
0.779598370209,0.0190821515247,402,3,1.62661040075,0.0,6.0,5.08660391571,0.0191495135151,0.0207440548741,2.62466929134,0.0,3.66666666667,0.0191495135151,0.0207440548741
0.938495093955,-0.281069914926,403,3,1.59197341617,0.0,5.0,4.91343562056,0.0194724379109,-0.0160563535039,2.35702260396,0.0,1.66666666667,0.0194724379109,-0.0160563535039
2.88663936102,0.0990099784687,404,3,1.71163998878,6.0,11.0,5.53803635175,0.0178523209848,0.0439004465495,2.16024689947,0.0,9.0,0.0178523209848,0.0439004465495
0.174354788364,-0.516845435755,405,3,1.57719933586,0.0,8.0,4.84137773328,0.0315812153145,-0.0217644670947,3.77123616633,0.0,2.66666666667,0.0315812153145,-0.0217644670947
0.358457465564,-0.0724387724039,406,3,1.59175509382,0.0,7.0,4.9123630248,0.032628748098,-0.0262789368998,3.29983164554,0.0,2.33333333333,0.032628748098,-0.0262789368998
0.0,0,407,3,1.50215618189,0.0,0.0,4.49136283261,0.0155234569493,0.00573002861699,0.0,0.0,0.0,0.0155234569493,0.00573002861699
0.0,1,408,3,1.51940451239,0.0,0.0,4.56950330219,0.0200592576048,-0.0,0.0,0.0,0.0,0.0200592576048,-0.0
0.653579508914,6.02423422258e-09,409,3,1.62702262049,3.0,8.0,5.08870114647,0.0274407773104,-0.00652856931059,2.05480466766,0.0,5.66666666667,0.0274407773104,-0.00652856931059
0.593547579755,-1.77545981281,410,3,1.59593811899,0.0,6.0,4.93295460052,0.0241363841419,0.00750750321661,2.82842712475,0.0,2.0,0.0241363841419,0.00750750321661
1.87571466121,0.203540792709,411,3,1.63804089831,0.0,7.0,5.14507989745,0.0193573043652,0.0226718792748,3.09120616517,0.0,4.33333333333,0.0193573043652,0.0226718792748
0.969146661038,-0.245635752818,412,3,1.64873753012,0.0,9.0,5.20041031976,0.0232355761001,0.00638502315903,3.74165738677,0.0,4.0,0.0232355761001,0.00638502315903
0.763908781114,-2.62203244626,413,3,1.60393468221,0.0,4.0,4.97255942405,0.0171356299727,-0.014413959316,1.88561808316,0.0,1.33333333333,0.0171356299727,-0.014413959316
1.70158515885,0.00983101329163,414,3,1.63238675073,0.0,9.0,5.11607094413,0.0259242053326,0.0286883007357,3.74165738677,0.0,5.0,0.0259242053326,0.0286883007357
1.26339429878,0.149095534166,415,3,1.63044727249,0.0,8.0,5.10615805189,0.0234670628679,0.0130777746547,3.55902608401,0.0,5.0,0.0234670628679,0.0130777746547
0.754168572563,0.413368488162,416,3,1.57862508399,0.0,9.0,4.84828524154,0.0225688112149,-0.00416474572182,4.24264068712,0.0,3.0,0.0225688112149,-0.00416474572182
2.44738559626,0.104462683546,417,3,1.67777376787,6.0,9.0,5.35362428428,0.0270749007852,0.0300252235203,1.41421356237,0.0,8.0,0.0270749007852,0.0300252235203
1.49757592066,-0.199373366036,418,3,1.63466839816,0.0,9.0,5.12775734132,0.022210249221,-0.0213952823553,3.74165738677,0.0,5.0,0.022210249221,-0.0213952823553
3.91869240631,0.446521134835,419,3,1.6842179624,8.0,9.0,5.38823548151,0.0183718997859,0.0394953153534,0.471404520791,0.0,8.66666666667,0.0183718997859,0.0394953153534
3.41951119624,0.306187365137,420,3,1.64867090984,0.0,10.0,5.20006387848,0.0187628910119,-0.0193570360908,4.32049379894,0.0,6.0,0.0187628910119,-0.0193570360908
0.0,0,421,3,1.52881762013,0.0,0.0,4.61271960985,0.0140542109443,-0.0447024289047,0.0,0.0,0.0,0.0140542109443,-0.0447024289047
1.66966227811,6.55759191392e-09,422,3,1.588473193,0.0,11.0,4.89626756287,0.0122950641788,0.0208668335169,5.1854497287,0.0,3.66666666667,0.0122950641788,0.0208668335169
0.41314569433,-0.465994333071,423,3,1.56896003072,0.0,6.0,4.80165202571,0.0239189197997,0.0400849324872,2.82842712475,0.0,2.0,0.0239189197997,0.0400849324872
2.79394434419,0.134702618718,424,3,1.64331058411,2.0,9.0,5.17226441593,0.0165999154786,0.0137714747462,2.86744175568,0.0,5.66666666667,0.0165999154786,0.0137714747462
2.65379934779,0.182739381956,425,3,1.65210692828,0.0,12.0,5.21796212565,0.0149608224524,0.00212653056216,5.43650214343,0.0,7.66666666667,0.0149608224524,0.00212653056216
2.08635865753,0.193988476818,426,3,1.66609747444,5.0,10.0,5.29147732536,0.0239921620512,0.0301610549562,2.16024689947,0.0,7.0,0.0239921620512,0.0301610549562
0.0,0,427,3,1.51434638774,0.0,0.0,4.546448541,0.0198974878906,-0.0566457928717,0.0,0.0,0.0,0.0198974878906,-0.0566457928717
1.71003408043,8.27575019624e-09,428,3,1.65896996445,0.0,6.0,5.25389635632,0.024681582284,0.0200753739981,2.62466929134,0.0,3.66666666667,0.024681582284,0.0200753739981
0.448618932462,-0.234756571383,429,3,1.56226170493,0.0,11.0,4.76959647522,0.0168900201056,0.0184386569896,5.1854497287,0.0,3.66666666667,0.0168900201056,0.0184386569896
3.22986258439,0.0557987055318,430,3,1.70609503525,7.0,9.0,5.50741317799,0.0199692207163,0.0292465113325,0.816496580928,0.0,8.0,0.0199692207163,0.0292465113325
3.7755329901,0.743462993713,431,3,1.70279270764,8.0,10.0,5.48925589256,0.0177158221096,0.00961737913778,0.942809041582,0.0,8.66666666667,0.0177158221096,0.00961737913778
2.21906507495,0.0540371807692,432,3,1.63718479612,0.0,10.0,5.1406770682,0.0158240278103,-0.00241998999601,4.10960933531,0.0,5.33333333333,0.0158240278103,-0.00241998999601
1.30929964954,0.211669326094,433,3,1.56409521222,0.0,7.0,4.77834958714,0.0155862487647,-0.0334332106829,3.29983164554,0.0,2.33333333333,0.0155862487647,-0.0334332106829
1.8090291583,0.332131542451,434,3,1.66299154682,0.0,9.0,5.2750678763,0.0217418676468,0.00360011167808,3.74165738677,0.0,5.0,0.0217418676468,0.00360011167808
0.565919060633,-0.318216836334,435,3,1.58923683583,0.0,6.0,4.90000799051,0.0264028553771,-0.00919017812544,2.82842712475,0.0,2.0,0.0264028553771,-0.00919017812544
0.0,0,436,3,1.53865041979,0.0,0.0,4.65829927832,0.0249779694327,-0.0249016557753,0.0,0.0,0.0,0.0249779694327,-0.0249016557753
2.13288975511,5.33101551792e-09,437,3,1.64767599472,0.0,9.0,5.19489282915,0.0214955801811,0.0187420931572,3.85861230093,0.0,5.33333333333,0.0214955801811,0.0187420931572
1.81083420997,0.47278445419,438,3,1.64597366382,0.0,9.0,5.18605692549,0.0156720779583,-0.00487882902917,3.85861230093,0.0,5.33333333333,0.0156720779583,-0.00487882902917
1.97667792305,0.168408529654,439,3,1.64054228083,0.0,7.0,5.15796581998,0.0206236760826,-0.00219541541862,3.29983164554,0.0,4.66666666667,0.0206236760826,-0.00219541541862
1.53551092232,0.580080819223,440,3,1.66245464422,0.0,6.0,5.27223643879,0.0214775211455,0.00677950508103,2.62466929134,0.0,3.66666666667,0.0214775211455,0.00677950508103
3.50426684568,0.526355716339,441,3,1.69185445637,8.0,10.0,5.42954022021,0.0226277374517,0.035459217724,0.942809041582,0.0,8.66666666667,0.0226277374517,0.035459217724
2.69202550466,-0.499656747134,442,3,1.64852571923,0.0,9.0,5.19930893285,0.0253852289823,-0.0385952795513,3.74165738677,0.0,5.0,0.0253852289823,-0.0385952795513
1.11653342129,-0.155536413101,443,3,1.64579158906,0.0,10.0,5.18511276139,0.0216093702744,0.00224393955943,4.18993502999,0.0,4.33333333333,0.0216093702744,0.00224393955943
2.43051905625,0.120183503488,444,3,1.70797783713,4.0,7.0,5.51779231378,0.0163407763369,0.0175719375852,1.24721912892,0.0,5.33333333333,0.0163407763369,0.0175719375852
1.78205749532,-0.242848375023,445,3,1.64360219352,0.0,7.0,5.17377291688,0.0215788494148,-0.0288006331993,2.86744175568,0.0,3.66666666667,0.0215788494148,-0.0288006331993
0.502324175439,-0.0948868103349,446,3,1.57395176638,0.0,4.0,4.82568052538,0.0177436066986,-0.0198893702025,1.88561808316,0.0,1.33333333333,0.0177436066986,-0.0198893702025
2.35249418686,0.193737613123,447,3,1.6954083785,6.0,11.0,5.44887071254,0.0234904241572,0.0389262005325,2.16024689947,0.0,8.0,0.0234904241572,0.0389262005325
0.921736010638,-5.41558862531,448,3,1.60208415388,0.0,7.0,4.96336607086,0.018219953256,-0.0448675323765,3.29983164554,0.0,2.33333333333,0.018219953256,-0.0448675323765
0.638855991282,0.457031216282,449,3,1.57912650973,0.0,8.0,4.85071690618,0.0145048679397,-0.00975224593904,3.77123616633,0.0,2.66666666667,0.0145048679397,-0.00975224593904
1.06079304386,0.0797201684899,450,3,1.58121696801,0.0,10.0,4.86086773375,0.0147489127728,0.0152768915986,4.71404520791,0.0,3.33333333333,0.0147489127728,0.0152768915986
1.94908406601,-0.541064353253,451,3,1.66119767048,0.0,7.0,5.26561353931,0.0229231593631,0.0229772864157,2.86744175568,0.0,3.66666666667,0.0229231593631,0.0229772864157
0.914987067935,0.159772795781,452,3,1.58772593276,0.0,9.0,4.89261014353,0.0166718430742,-0.0126321036787,4.24264068712,0.0,3.0,0.0166718430742,-0.0126321036787
1.6280856075,0.334698350257,453,3,1.63055163335,0.0,9.0,5.10669096276,0.0199229020526,0.00463449310091,3.85861230093,0.0,5.33333333333,0.0199229020526,0.00463449310091
3.42767455407,0.352120390266,454,3,1.69940113784,6.0,9.0,5.47067023314,0.0186471830815,0.0144940525864,1.41421356237,0.0,8.0,0.0186471830815,0.0144940525864
0.519896506371,-4.69136756749,455,3,1.57379339187,0.0,8.0,4.82491632116,0.0142114394945,0.0278805787997,3.77123616633,0.0,2.66666666667,0.0142114394945,0.0278805787997
0.984095695352,-0.129690238809,456,3,1.61136688473,0.0,5.0,5.0096541698,0.0213514144188,0.0334936207592,2.35702260396,0.0,3.33333333333,0.0213514144188,0.0334936207592
0.850978559708,0.0868967625439,457,3,1.65343790442,4.0,8.0,5.22491173259,0.0325002087987,-0.0027196263698,1.63299316186,0.0,6.0,0.0325002087987,-0.0027196263698
1.7656906436,-0.451143259841,458,3,1.64948226355,0.0,8.0,5.20428468166,0.015041411108,0.0301974741307,3.3993463424,0.0,4.66666666667,0.015041411108,0.0301974741307
2.43233972996,0.342713392874,459,3,1.64762955746,0.0,7.0,5.19465159813,0.0158093301233,0.0144852364516,3.09120616517,0.0,4.33333333333,0.0158093301233,0.0144852364516
1.54733861606,0.128122056331,460,3,1.57298681716,0.0,8.0,4.82102623468,0.0178940582532,0.00436350202542,3.77123616633,0.0,2.66666666667,0.0178940582532,0.00436350202542
2.1229060987,0.538277456989,461,3,1.63914659737,0.0,8.0,5.15077195374,0.0171813771161,-0.00476330654036,3.29983164554,0.0,4.33333333333,0.0171813771161,-0.00476330654036
0.620063957366,-0.0290064182206,462,3,1.58333840967,0.0,6.0,4.87119072698,0.0228487209285,-0.0109082396365,2.82842712475,0.0,2.0,0.0228487209285,-0.0109082396365
1.37035106946,0.296151539663,463,3,1.58667673602,0.0,10.0,4.88747952489,0.0164482507632,0.0069707410656,4.71404520791,0.0,3.33333333333,0.0164482507632,0.0069707410656
2.13449349597,0.290480231625,464,3,1.6398724782,0.0,7.0,5.15451215765,0.0172662300949,0.0145692725998,2.94392028878,0.0,4.0,0.0172662300949,0.0145692725998
0.93600370522,0.137174083519,465,3,1.58819703866,0.0,10.0,4.89491562402,0.0184579122762,0.00998815879011,4.71404520791,0.0,3.33333333333,0.0184579122762,0.00998815879011
0.323768045864,-0.256941715938,466,3,1.56161628662,0.0,6.0,4.76651908352,0.0246896568815,0.0022400736372,2.82842712475,0.0,2.0,0.0246896568815,0.0022400736372
2.05745913876,0.292873971463,467,3,1.69343207188,4.0,13.0,5.43811270737,0.0227334964533,0.0327552576601,3.68178700573,0.0,8.66666666667,0.0227334964533,0.0327552576601
0.589495074404,-8.14237046701,468,3,1.56969024559,0.0,4.0,4.80515954387,0.0138848735166,-0.014778784236,1.88561808316,0.0,1.33333333333,0.0138848735166,-0.014778784236
2.12874441867,0.136449152215,469,3,1.62797333642,0.0,10.0,5.09354135618,0.0181808313345,0.0452434125736,4.08248290464,0.0,5.0,0.0181808313345,0.0452434125736
1.75124411156,0.322126135858,470,3,1.58853770379,0.0,13.0,4.89658343516,0.0215185564416,-0.0108726514162,6.12825877028,0.0,4.33333333333,0.0215185564416,-0.0108726514162
0.109011564128,-0.925464738315,471,3,1.5610272605,0.0,5.0,4.76371230597,0.0271321313554,0.00223020348698,2.35702260396,0.0,1.66666666667,0.0271321313554,0.00223020348698
2.16966337635,-0.126445743343,472,3,1.71375873839,5.0,10.0,5.54978250328,0.0205513294239,0.0369805137133,2.35702260396,0.0,6.66666666667,0.0205513294239,0.0369805137133
0.9878972164,-0.208063060658,473,3,1.63980754682,0.0,11.0,5.15417747894,0.0247104484022,0.0162909031959,4.49691252108,0.0,5.33333333333,0.0247104484022,0.0162909031959
2.14688746412,0.221679763535,474,3,1.64833686028,0.0,9.0,5.19832708955,0.0212423012401,0.0119388902829,3.74165738677,0.0,5.0,0.0212423012401,0.0119388902829
3.22180162628,0.378248769196,475,3,1.70983456076,9.0,13.0,5.52804684608,0.0221990074908,0.00598813947566,1.88561808316,0.0,10.3333333333,0.0221990074908,0.00598813947566
3.14212774352,0.391285955333,476,3,1.70224005845,5.0,12.0,5.48622309784,0.0177189253323,-0.00278767700558,3.29983164554,0.0,7.33333333333,0.0177189253323,-0.00278767700558
1.03935487458,-18.8972499521,477,3,1.59862894711,0.0,4.0,4.94624620818,0.0227920034354,-0.0178468050528,1.88561808316,0.0,1.33333333333,0.0227920034354,-0.0178468050528
1.1143239195,0.0414382927398,478,3,1.61689243473,0.0,9.0,5.03741188208,0.0250117147156,0.00894720788839,3.85861230093,0.0,5.33333333333,0.0250117147156,0.00894720788839
0.0,0,479,3,1.55765921213,0.0,0.0,4.74769488138,0.0283489550809,-0.0502378158022,0.0,0.0,0.0,0.0283489550809,-0.0502378158022
3.30217230735,3.01906266653e-09,480,3,1.63795247435,0.0,14.0,5.14462496923,0.017819027613,0.0255114796437,5.73488351136,0.0,7.33333333333,0.017819027613,0.0255114796437
1.27526475029,0.249484233631,481,3,1.63983989434,0.0,11.0,5.15434420651,0.0267260025628,0.0131574833923,4.7842333648,0.0,6.66666666667,0.0267260025628,0.0131574833923
1.1241596491,-1.86558035341,482,3,1.59947167796,0.0,7.0,4.95041631934,0.0128105060758,-0.0218173735098,3.29983164554,0.0,2.33333333333,0.0128105060758,-0.0218173735098
0.693389368127,0.249484794304,483,3,1.57190523195,0.0,7.0,4.81581470288,0.014759557204,0.00403874741998,3.29983164554,0.0,2.33333333333,0.014759557204,0.00403874741998
2.36390229819,0.262267529817,484,3,1.66060311726,0.0,14.0,5.26248378233,0.0194267102439,0.0281415610594,5.73488351136,0.0,7.33333333333,0.0194267102439,0.0281415610594
0.582119979367,-2.22176637962,485,3,1.60785563176,0.0,6.0,4.99209485234,0.0333147965054,-0.0187969358375,2.44948974278,0.0,3.0,0.0333147965054,-0.0187969358375
1.10038693782,0.223755371986,486,3,1.58541446288,0.0,8.0,4.88131408281,0.0269054055178,0.0290123841509,3.77123616633,0.0,2.66666666667,0.0269054055178,0.0290123841509
3.12265043729,0.422811105155,487,3,1.69544407777,5.0,10.0,5.44906523673,0.0158809144679,0.0290630927382,2.05480466766,0.0,7.66666666667,0.0158809144679,0.0290630927382
1.18364448033,-1.06105346082,488,3,1.6079050067,0.0,10.0,4.99234134285,0.0343879900499,0.0144547794921,4.32049379894,0.0,4.0,0.0343879900499,0.0144547794921
1.61274350962,-0.0718823505949,489,3,1.56327594685,0.0,8.0,4.77443645393,0.013857598653,-0.0168429266225,3.77123616633,0.0,2.66666666667,0.013857598653,-0.0168429266225
0.233352289569,-1.95443233362,490,3,1.58638209712,0.0,3.0,4.8860396954,0.0268359686921,-0.0122803695944,1.41421356237,0.0,1.0,0.0268359686921,-0.0122803695944
1.09083375414,0.0387551198976,491,3,1.60653042549,0.0,6.0,4.98548367851,0.0219209857247,0.0165158602822,2.62466929134,0.0,2.33333333333,0.0219209857247,0.0165158602822
1.26562670584,0.394688088561,492,3,1.62389157546,0.0,5.0,5.07279311145,0.0270195161491,0.0151422899619,2.05480466766,0.0,2.66666666667,0.0270195161491,0.0151422899619
1.16444423859,0.308562272562,493,3,1.58471908192,0.0,6.0,4.87792088984,0.0198721816418,-0.0124049136666,2.82842712475,0.0,2.0,0.0198721816418,-0.0124049136666
0.0,0,494,3,1.52868224718,0.0,0.0,4.61209521467,0.0214190459056,-0.0290208781388,0.0,0.0,0.0,0.0214190459056,-0.0290208781388
3.54394772077,4.3795334026e-09,495,3,1.69496525357,7.0,15.0,5.44645671699,0.0180971343989,0.0165736784166,3.55902608401,0.0,10.0,0.0180971343989,0.0165736784166
2.22547788961,0.399668771687,496,3,1.65586249436,0.0,9.0,5.23759537107,0.0199809877913,-0.0156005575853,4.0276819912,0.0,5.66666666667,0.0199809877913,-0.0156005575853
2.12231235341,0.505640846504,497,3,1.64933837507,0.0,11.0,5.20353589892,0.017526021704,0.00283743505575,4.49691252108,0.0,5.33333333333,0.017526021704,0.00283743505575
0.885262000966,-0.488547756569,498,3,1.6169945172,0.0,8.0,5.03792613978,0.0298467642706,0.0360225787722,3.29983164554,0.0,4.33333333333,0.0298467642706,0.0360225787722
0.0487842027317,0.0497973329496,499,3,1.56235572853,0.0,6.0,4.77004495092,0.0339953156841,-0.00738387346265,2.82842712475,0.0,2.0,0.0339953156841,-0.00738387346265
