Entropy,AverageDiscountedReturn,MeanKLBefore,NumTrajs,MinReturn,Iteration,LossBefore,LossAfter,MeanKL,MaxReturn,ExplainedVariance,dLoss,AverageReturn,Perplexity,StdReturn
1.63954136156,6343.53604564,-1.33520010112e-18,3,0.0,0,-9.86248120209e-17,-0.0303361013222,0.00627842138838,35000.0,5.55111512313e-16,0.0303361013222,19666.6666667,5.15280569543,14613.5401445
1.62350522511,2808.46778934,3.43274657843e-18,3,12000.0,1,-4.26973271554e-17,-0.0360258092004,0.00648401382054,17000.0,-0.0372054451464,0.0360258092004,14666.6666667,5.07083361457,2054.80466766
1.64245916629,1900.62617579,-1.88606642853e-19,3,13000.0,2,-2.06779038336e-17,-0.0338807483512,0.00791993987962,24000.0,-1.30648670264,0.0338807483512,19666.6666667,5.16786253202,4784.2333648
1.65956538016,4791.81418738,5.77049870868e-19,3,7000.0,3,1.95306733749e-16,-0.0353692629669,0.00981101741065,26000.0,-0.0891273323823,0.0353692629669,16333.3333333,5.25702554027,7760.29781788
1.67168596213,651.288297971,4.31854114638e-18,3,4000.0,4,1.34244467394e-16,-0.037361311032,0.00963085015101,22000.0,-0.0557210315904,0.037361311032,13000.0,5.321131465,7348.46922835
1.65205187838,1559.94475238,-1.01942186757e-19,3,4000.0,5,1.45254179055e-16,-0.0348851538249,0.00863418427071,12000.0,-0.813399664307,0.0348851538249,7666.66666667,5.21767488523,3299.83164554
1.64901110691,10098.8428716,5.01118142194e-18,3,16000.0,6,6.84637531852e-17,-0.0522665000256,0.00909920127293,23000.0,0.172538562697,0.0522665000256,18666.6666667,5.20183322594,3091.20616517
1.65376216532,5249.54942749,4.15625289138e-18,3,0.0,7,-4.28777383969e-16,-0.0333036785294,0.00951184109252,27000.0,-0.38837022983,0.0333036785294,15000.0,5.22660624186,11224.9721603
1.64930389806,7563.84750668,4.09915968907e-18,3,14000.0,8,6.81861974291e-17,-0.0208364574642,0.00806994149772,32000.0,0.287940808681,0.0208364574642,23000.0,5.20335649968,7348.46922835
1.64909976568,6720.65121493,6.98180987373e-18,3,4000.0,9,-9.18709552877e-17,-0.0329226216367,0.00934547002534,31000.0,-0.0301659772141,0.0329226216367,22000.0,5.20229443451,12727.9220614
1.63791594579,10095.6787984,4.84071308946e-18,3,28000.0,10,-6.16173778667e-17,-0.029229824875,0.00971703819406,33000.0,0.325629972861,0.029229824875,31000.0,5.14443704691,2160.24689947
1.62717273541,6812.1561849,1.29234954293e-18,3,0.0,11,6.52256026967e-17,-0.0409437744971,0.00703603911831,28000.0,0.407188349307,0.0409437744971,16666.6666667,5.08946509377,12036.9800568
1.62566090547,9549.89698606,3.60028607837e-18,3,21000.0,12,-9.06682136777e-17,-0.0192987203842,0.0068260575131,29000.0,0.575461158509,0.0192987203842,25666.6666667,5.08177650147,3399.3463424
1.64398269791,11042.0795933,1.35705362924e-18,3,26000.0,13,-2.5081788498e-16,-0.0265474468035,0.00945059358079,40000.0,0.365729211658,0.0265474468035,31666.6666667,5.17574193474,6018.49002842
1.64269482084,8468.22973813,2.98761790323e-18,3,35000.0,14,-2.12792746386e-16,-0.0322545806225,0.00872962533798,38000.0,0.310697581821,0.0322545806225,36000.0,5.16908050589,1414.21356237
1.65497546405,11085.3786195,-1.06556317245e-18,3,33000.0,15,-6.11547849398e-17,-0.029770454794,0.00989477243253,38000.0,0.0129853507103,0.029770454794,35333.3333333,5.23295152519,2054.80466766
1.61011380616,11688.6372952,4.50525270952e-18,3,31000.0,16,-5.65288556705e-17,-0.0279673020546,0.00613470797529,41000.0,0.374347983075,0.0279673020546,36666.6666667,5.00338061095,4189.93502999
1.60432454461,12876.1615204,2.32762028082e-18,3,31000.0,17,1.20065994184e-16,-0.0293434932708,0.00865599611616,37000.0,0.635888310662,0.0293434932708,34000.0,4.97449841593,2449.48974278
1.57376587221,9053.16270455,-4.08821397404e-18,3,18000.0,18,5.6158781329e-17,-0.0381729873295,0.0096286475577,40000.0,0.0818050456057,0.0381729873295,31333.3333333,4.82478354292,9568.4667296
1.60602455557,11881.8949305,1.1400547224e-18,3,29000.0,19,7.41767758328e-17,-0.0320088582765,0.00929673254817,37000.0,0.514547298976,0.0320088582765,33000.0,4.98296231006,3265.98632371
1.5881781048,11938.6690388,1.41188935478e-18,3,31000.0,20,5.64664056254e-16,-0.0315003343463,0.00913706113353,38000.0,0.524419583688,0.0315003343463,35000.0,4.89482294526,2943.92028878
1.64083375552,13549.9318298,-2.30926791152e-19,3,25000.0,21,1.02418074022e-16,-0.0346904715036,0.00892984227926,39000.0,0.435895332852,0.0346904715036,33000.0,5.15946945556,5887.84057755
1.62421628529,14805.016524,-1.09879396311e-18,3,31000.0,22,-1.16249602537e-16,-0.0267229555223,0.00931572846535,35000.0,0.711310326826,0.0267229555223,33333.3333333,5.07444056466,1699.6731712
1.60004490553,15462.8473056,1.4560994941e-18,3,36000.0,23,-1.67954985747e-16,-0.0271708359213,0.00777570080003,39000.0,0.680632239781,0.0271708359213,38000.0,4.95325484796,1414.21356237
1.62414965712,10789.2088722,-1.16644800979e-18,3,28000.0,24,-6.38493887391e-17,-0.0398819957697,0.006568217603,37000.0,-0.504833943795,0.0398819957697,33000.0,5.07410247524,3741.65738677
1.57007493286,10803.8374744,-1.66341648165e-18,3,18000.0,25,-2.94486657282e-16,-0.0367162065772,0.00923565195584,38000.0,0.469321507779,0.0367162065772,30666.6666667,4.80700838315,8993.82504215
1.57933762645,11747.475092,1.747454613e-18,3,36000.0,26,1.72454643158e-16,-0.0257727019077,0.00735455231315,37000.0,0.694660040406,0.0257727019077,36666.6666667,4.85174108172,471.404520791
1.59472956381,15496.10385,-1.80770908628e-18,3,37000.0,27,-7.52696516226e-17,-0.0313086365031,0.00985110521372,39000.0,0.6497178609,0.0313086365031,37666.6666667,4.9269964538,942.809041582
1.57738034591,12760.7561711,-1.88738875511e-18,3,36000.0,28,-3.00685402503e-17,-0.0280070237759,0.0091865533239,42000.0,0.570089121483,0.0280070237759,39000.0,4.84225415064,2449.48974278
1.56303630329,15795.5216774,-3.20691941063e-18,3,34000.0,29,-1.04568605015e-16,-0.0221182061569,0.00934504110384,41000.0,0.66611090897,0.0221182061569,37333.3333333,4.77329242807,2867.44175568
1.58177833595,12958.0281764,1.39253301816e-18,3,33000.0,30,4.62592926927e-18,-0.0223238744284,0.00889213895254,40000.0,0.562117374185,0.0223238744284,37666.6666667,4.86359723508,3299.83164554
1.581741985,13159.0400909,-8.1740861593e-19,3,33000.0,31,-9.8832910204e-19,-0.0338212421651,0.00997864166646,37000.0,0.667465308241,0.0338212421651,34666.6666667,4.86342044195,1699.6731712
1.60918706739,16685.5143186,-1.39653781042e-18,3,28000.0,32,-2.55582592127e-17,-0.0284127291462,0.00998041468633,42000.0,0.765940843748,0.0284127291462,36666.6666667,4.99874593209,6182.41233033
1.52319609351,12216.9017752,6.68571981787e-19,3,31000.0,33,4.04306218134e-17,-0.0330137253689,0.00911486386065,40000.0,0.632549472532,0.0330137253689,35000.0,4.58686183197,3741.65738677
1.52174151191,14248.5707726,-5.78482155067e-18,3,28000.0,34,-1.40813286957e-16,-0.0334330503194,0.00825187342284,34000.0,0.623751489386,0.0334330503194,30666.6666667,4.58019471726,2494.43825785
1.49509210796,18615.0343119,-2.21060746766e-19,3,32000.0,35,8.18789480661e-17,-0.0219336610396,0.00962989584698,40000.0,0.792449432697,0.0219336610396,36333.3333333,4.45974731217,3299.83164554
1.48935058411,13664.0145505,2.39185886015e-18,3,31000.0,36,-4.23735121065e-17,-0.0264657217983,0.00943496081657,40000.0,0.686628535131,0.0264657217983,36666.6666667,4.43421493414,4027.6819912
1.46466008486,13345.2000456,-2.10603195691e-18,3,34000.0,37,6.45794182019e-17,-0.0245567900923,0.0090984966833,40000.0,0.605579858299,0.0245567900923,37333.3333333,4.32607249282,2494.43825785
1.51094839106,13901.0236291,-2.77384725443e-18,3,31000.0,38,-3.52495810318e-17,-0.0266390485886,0.00811631836735,42000.0,0.55440211299,0.0266390485886,36000.0,4.53102594173,4546.06056566
1.48676084111,15262.9117945,-1.4557445369e-18,3,30000.0,39,-2.99819586864e-17,-0.0275132673465,0.00676275367628,39000.0,0.742133240075,0.0275132673465,34666.6666667,4.42274631385,3681.78700573
1.46357255771,19714.7322554,-1.40163031365e-18,3,31000.0,40,-2.33146835171e-17,-0.023363988633,0.0066306144652,38000.0,0.607215430901,0.023363988633,35666.6666667,4.32137032884,3299.83164554
1.44696578021,15997.5656458,1.31015793884e-19,3,34000.0,41,1.60889819985e-16,-0.0232529555134,0.0091517968762,40000.0,0.699391671994,0.0232529555134,36333.3333333,4.25019889308,2624.66929134
1.45036596455,14534.1285408,2.88194819398e-18,3,35000.0,42,3.41077248144e-17,-0.0265679642153,0.00821750978422,37000.0,0.524850450606,0.0265679642153,36000.0,4.26467494946,816.496580928
1.42295844534,17589.5700902,1.04039092469e-18,3,37000.0,43,5.11100113638e-17,-0.0235016948888,0.00743842245354,39000.0,0.793137004122,0.0235016948888,38000.0,4.14937800769,816.496580928
1.41845411687,18022.9731162,1.73157045071e-18,3,35000.0,44,-2.08166817117e-18,-0.0234401863818,0.00643402741952,36000.0,0.782737254125,0.0234401863818,35333.3333333,4.13072987637,471.404520791
1.41942310594,18998.1773386,1.47745912112e-18,3,34000.0,45,2.23894976633e-17,-0.0244086080112,0.00965031483312,38000.0,0.916133409673,0.0244086080112,35666.6666667,4.13473444834,1699.6731712
1.42861607992,16780.4674695,-4.49538182471e-18,3,34000.0,46,-1.40396953322e-17,-0.0207492049309,0.00813061809672,40000.0,0.915762039969,0.0207492049309,36333.3333333,4.17292020594,2624.66929134
1.43796810878,15792.5847739,-1.42025186681e-19,3,34000.0,47,-2.22044604925e-18,-0.0423239911022,0.00950738866764,38000.0,0.743371736147,0.0423239911022,35666.6666667,4.21212852907,1699.6731712
1.43427255018,14277.1617655,5.55236601711e-19,3,31000.0,48,-8.03444437755e-17,-0.0313185963464,0.00884056701514,41000.0,0.562541571253,0.0313185963464,36000.0,4.19659108872,4082.48290464
1.40901879324,19257.0363039,-4.52489057746e-19,3,33000.0,49,-8.10462807976e-17,-0.0340199812031,0.00857804903407,38000.0,0.748566092277,0.0340199812031,36000.0,4.09193839601,2160.24689947
1.39575487615,19079.735685,8.47487817101e-19,3,30000.0,50,-1.09803307588e-16,-0.0301479700268,0.00974323128703,42000.0,0.813055550387,0.0301479700268,35666.6666667,4.03802162865,4921.60768674
1.40759501757,17172.7327542,7.20413512286e-19,3,38000.0,51,-4.71035247844e-17,-0.0209597730922,0.0090853864231,40000.0,0.674704261183,0.0209597730922,38666.6666667,4.0861165392,942.809041582
1.41077803587,20181.5571136,-3.39343302121e-19,3,33000.0,52,7.4156118057e-18,-0.0242644898823,0.00976882610523,40000.0,0.738764144621,0.0242644898823,36666.6666667,4.09914344436,2867.44175568
1.42526111485,18138.1769461,-8.32570206663e-19,3,37000.0,53,-1.34252512489e-17,-0.0228153131421,0.00956245589959,38000.0,0.67414771546,0.0228153131421,37666.6666667,4.15894366295,471.404520791
1.41003972905,19401.6022967,3.6435086488e-18,3,32000.0,54,-2.53499097331e-16,-0.0257148565435,0.00652484791622,42000.0,0.65378987075,0.0257148565435,38000.0,4.09611813571,4320.49379894
1.41210106815,17967.9815734,4.4704842533e-18,3,30000.0,55,-8.40904322011e-17,-0.0248868727115,0.00705284767148,38000.0,0.859158835115,0.0248868727115,35000.0,4.10457033263,3559.02608401
1.38882840744,18615.6834417,6.43378215737e-19,4,37000.0,56,9.99636022452e-17,-0.0385622161793,0.00960004311488,40000.0,0.742136861726,0.0385622161793,38250.0,4.01014903892,1299.03810568
1.43087381771,17594.012206,-2.05971369105e-18,3,34000.0,57,-3.38730220218e-17,-0.0303473896727,0.0090428516851,44000.0,0.706096679497,0.0303473896727,38333.3333333,4.18235220909,4189.93502999
1.42370067533,20235.4878657,3.58159045714e-19,3,37000.0,58,1.20774443361e-17,-0.024223739163,0.00673336114699,43000.0,0.760743810307,0.024223739163,40000.0,4.15245894373,2449.48974278
1.44529717336,19000.9202111,-1.0678114115e-18,4,35000.0,59,8.49316398869e-17,-0.023518957514,0.00751467380084,41000.0,0.53431009609,0.023518957514,37750.0,4.24311289561,2165.06350946
1.42043519504,18262.2846527,9.40303377948e-19,4,38000.0,60,8.10885503611e-17,-0.0233342171694,0.00984316219309,41000.0,0.595758974629,0.0233342171694,39250.0,4.13892128639,1299.03810568
1.42347741116,17966.0385395,-4.47274753032e-19,3,35000.0,61,-1.71773152741e-17,-0.022337657736,0.00689026780566,42000.0,0.769913296428,0.022337657736,38000.0,4.15153195189,2943.92028878
1.42486076464,19028.6307592,-3.01027866404e-19,3,33000.0,62,2.0901937746e-16,-0.0265076012739,0.00901532099605,37000.0,0.745606338269,0.0265076012739,35666.6666667,4.15727896222,1885.61808316
1.42561346549,19558.4504337,3.03142393374e-18,3,33000.0,63,-7.50325727476e-17,-0.0314520777172,0.00978990640635,39000.0,0.9196662279,0.0314520777172,37000.0,4.16040932761,2828.42712475
1.41234199359,18712.1988637,2.85693646098e-19,4,39000.0,64,-1.57346596503e-16,-0.0179391103372,0.00967559948568,42000.0,0.809964014241,0.0179391103372,40500.0,4.10555934717,1118.03398875
1.40162422971,17086.2222528,2.79901883122e-18,3,38000.0,65,4.13316723841e-17,-0.0273891227956,0.00931459807756,40000.0,0.638677894926,0.0273891227956,39000.0,4.06179189506,816.496580928
1.3971411945,17764.3976386,2.55948258263e-18,3,34000.0,66,1.80437776469e-17,-0.0273873912683,0.00675404975895,40000.0,0.776819487953,0.0273873912683,37000.0,4.04362349422,2449.48974278
1.40186756953,17368.6854697,4.85565178599e-19,4,31000.0,67,5.96573793508e-17,-0.0212744924688,0.00656785758575,40000.0,0.789509022589,0.0212744924688,37500.0,4.06278041104,3774.91721764
1.35674234157,18895.7311501,-2.79341628736e-18,4,39000.0,68,8.70377375423e-17,-0.0316545479627,0.0090439086232,41000.0,0.726075944121,0.0316545479627,40250.0,3.88352148628,829.156197589
1.36048805623,19615.8181305,2.14025501749e-18,5,35000.0,69,-9.97278258051e-17,-0.0218870607995,0.00998198688029,42000.0,0.782233417923,0.0218870607995,37800.0,3.89809532731,2481.9347292
1.38131052518,16895.5551246,9.43298525694e-19,3,37000.0,70,4.70407848308e-17,-0.0266413849453,0.00659996560295,41000.0,0.668044639694,0.0266413849453,39333.3333333,3.98011425105,1699.6731712
1.34816054771,18611.7017297,1.77631701658e-18,3,35000.0,71,-2.49152550443e-16,-0.0243006272926,0.00642519599175,39000.0,0.776262153959,0.0243006272926,36666.6666667,3.85033650243,1699.6731712
1.32870158594,20116.2324898,-1.05966111627e-18,4,34000.0,72,-3.09141402242e-17,-0.0226089696097,0.00693350841168,39000.0,0.928015134629,0.0226089696097,37000.0,3.77613721347,1870.82869339
1.2735014274,20177.7366375,2.85000450062e-18,5,32000.0,73,4.97568219967e-18,-0.0216489629767,0.00692324241494,41000.0,0.807402645158,0.0216489629767,37000.0,3.57334248261,3286.33534503
1.36942177135,17818.2665215,-1.52053423225e-18,4,33000.0,74,5.46619468243e-17,-0.0195995834419,0.00864370352835,41000.0,0.825945571451,0.0195995834419,36750.0,3.9330758207,2861.38078556
1.31995420888,19559.8906055,-2.41653810533e-18,3,34000.0,75,4.58003232091e-17,-0.0214895258271,0.00846777361057,42000.0,0.830224150335,0.0214895258271,38666.6666667,3.74324996573,3399.3463424
1.35866971422,19721.4106159,-2.11328665842e-18,3,35000.0,76,-2.10743737097e-16,-0.0219381090729,0.0095021668305,41000.0,0.672697793933,0.0219381090729,38666.6666667,3.89101369717,2624.66929134
1.343798024,19228.176875,-2.6910565264e-18,3,33000.0,77,3.57026848731e-18,-0.0236790020834,0.00796733870109,41000.0,0.756458364686,0.0236790020834,37000.0,3.833575904,3265.98632371
1.33142510742,19361.9124429,-1.35391106857e-18,3,38000.0,78,1.17603262473e-16,-0.0319870739267,0.00959068125299,42000.0,0.656479589997,0.0319870739267,40000.0,3.7864356219,1632.99316186
1.2746363609,16421.0111154,-1.52939499641e-18,4,37000.0,79,1.02845261203e-17,-0.0184676264928,0.00684770795357,41000.0,0.506101355751,0.0184676264928,38750.0,3.57740029094,1479.01994577
1.32474900071,18446.8073008,-2.291223026e-18,4,31000.0,80,2.68058859131e-16,-0.0281246239925,0.00940480411521,41000.0,0.530207012754,0.0281246239925,36250.0,3.76124116765,3561.95171219
1.27719233566,20647.6514087,-1.41369970658e-18,4,35000.0,81,-9.66569488448e-17,-0.0298009109431,0.00929575884241,39000.0,0.80482802298,0.0298009109431,37250.0,3.58655573133,1479.01994577
1.3603443018,20383.8132784,3.17804000379e-18,4,37000.0,82,2.64548774732e-18,-0.0204678976014,0.00857645956495,43000.0,0.735152716124,0.0204678976014,39750.0,3.89753499912,2165.06350946
1.32727446263,20132.561894,1.41290109469e-18,4,35000.0,83,2.82380693796e-16,-0.0204322716806,0.00649922395668,40000.0,0.900768236868,0.0204322716806,37500.0,3.7707520436,1802.77563773
1.33625921961,18828.2322152,1.65630646454e-18,3,36000.0,84,1.75809595326e-17,-0.0334656931928,0.0097277810705,39000.0,0.86923531999,0.0334656931928,37666.6666667,3.80478398978,1247.21912892
1.3036389987,20488.9817021,-4.10579973987e-18,3,35000.0,85,-1.91480429396e-16,-0.0289950992658,0.00909568021942,44000.0,0.852651563784,0.0289950992658,39333.3333333,3.6826735579,3681.78700573
1.33437068324,21449.0149201,-2.05714434665e-18,3,37000.0,86,-8.61331716838e-17,-0.028218258012,0.00872325395236,42000.0,0.895590305362,0.028218258012,38666.6666667,3.79760529759,2357.02260396
1.36512466157,21601.0805249,6.0689547197e-19,3,34000.0,87,1.11768420087e-16,-0.0195887577163,0.00888805011081,41000.0,0.888754705483,0.0195887577163,38333.3333333,3.91621122262,3091.20616517
1.35206567981,19175.7973804,8.56297776313e-19,3,38000.0,88,-4.71429737894e-17,-0.024386479545,0.00998695723137,43000.0,0.803989835319,0.024386479545,40000.0,3.86540197227,2160.24689947
1.38143480333,19900.9393088,3.17536797587e-18,3,36000.0,89,-1.04360964315e-16,-0.0289455769767,0.00971076881251,42000.0,0.791569238669,0.0289455769767,39666.6666667,3.98060892302,2624.66929134
1.3826355049,19571.8152546,4.09995645311e-19,3,36000.0,90,1.10028496686e-16,-0.0254132199936,0.00661345549604,38000.0,0.831099520446,0.0254132199936,37000.0,3.98539131696,816.496580928
1.34993393173,19646.7914677,2.89445476319e-18,4,35000.0,91,-3.16219533271e-16,-0.0219690364899,0.00703795129867,42000.0,0.865456837355,0.0219690364899,39250.0,3.85717068569,2586.0201082
1.38478782887,20273.3123585,5.45779451241e-20,3,38000.0,92,-4.16333634234e-17,-0.0280856059511,0.00973756920121,41000.0,0.90111306737,0.0280856059511,39666.6666667,3.993978408,1247.21912892
1.36877108786,18386.669085,2.03313836478e-18,4,36000.0,93,-6.51589408339e-17,-0.0279596245737,0.00930622632963,41000.0,0.711472430116,0.0279596245737,39250.0,3.93051746564,1920.28643697
1.35631809321,17654.8195396,1.22105608021e-18,4,36000.0,94,9.10018872644e-17,-0.0360853862206,0.00874689405081,38000.0,0.687492643515,0.0360853862206,36750.0,3.88187425808,829.156197589
1.30232573829,19546.5758094,-1.83268264793e-18,4,36000.0,95,1.22927212231e-16,-0.0231912473052,0.00891458379711,40000.0,0.807164384956,0.0231912473052,39000.0,3.67784042278,1732.05080757
1.3299060737,20953.3603229,5.04493181299e-19,3,37000.0,96,2.85639904394e-18,-0.0270982236709,0.00906473850245,38000.0,0.889530714953,0.0270982236709,37666.6666667,3.78068826482,471.404520791
1.30235576764,19916.3272099,-4.03334441605e-18,4,37000.0,97,2.86509167645e-17,-0.0252706117089,0.00648852631472,40000.0,0.842191240503,0.0252706117089,38000.0,3.67795086759,1224.74487139
1.31398203468,18998.9179317,3.74867491758e-18,4,32000.0,98,-6.5233671178e-17,-0.0257585884576,0.00936517758862,41000.0,0.824836989582,0.0257585884576,36250.0,3.72096124717,3832.42742919
1.33639485867,20536.6844195,-6.34800536819e-18,4,38000.0,99,-3.57867991446e-17,-0.0180665422865,0.00641325040498,42000.0,0.784070978674,0.0180665422865,40500.0,3.80530010213,1658.31239518
1.3127491027,20878.626447,-1.85838392572e-18,4,34000.0,100,4.18860543886e-17,-0.019323568967,0.00643771189883,39000.0,0.861162860008,0.019323568967,36250.0,3.71637638205,1920.28643697
1.30485331306,20968.2308372,9.28834984448e-19,3,39000.0,101,5.38068615005e-17,-0.0200354997045,0.00631127132456,42000.0,0.818004973263,0.0200354997045,40333.3333333,3.68714819755,1247.21912892
1.32418118717,15723.6657421,-2.08227495342e-18,3,36000.0,102,-8.26884856882e-17,-0.0233481334227,0.00837669037072,42000.0,0.522474556592,0.0233481334227,38333.3333333,3.75910609021,2624.66929134
1.27100272386,20461.3877339,1.92967651762e-18,3,35000.0,103,-1.83846873181e-16,-0.0274111065443,0.00944030583299,41000.0,0.723791509014,0.0274111065443,37333.3333333,3.56442490493,2624.66929134
1.32739463998,20541.5862454,-1.41988020723e-19,4,38000.0,104,1.5421970995e-16,-0.0209343083774,0.00875287706418,40000.0,0.821001975788,0.0209343083774,39000.0,3.77120522982,1000.0
1.31882373029,21241.2543947,-3.46647417777e-18,4,37000.0,105,6.2003286685e-17,-0.0262672458655,0.00901542984005,42000.0,0.790324722295,0.0262672458655,39250.0,3.7390206928,2277.60839479
1.28332994042,20832.1933882,1.22984142501e-18,4,40000.0,106,-1.37157516833e-16,-0.0255756450901,0.00996200666282,42000.0,0.844728266218,0.0255756450901,41000.0,3.60863628439,707.106781187
1.32265341034,19113.4785853,-2.32975716406e-19,3,35000.0,107,-4.140206696e-18,-0.0300717218437,0.00942243544015,40000.0,0.724206307356,0.0300717218437,37666.6666667,3.75336739987,2054.80466766
1.28651284011,18151.7396997,-2.06293546531e-18,3,34000.0,108,-1.84270442163e-16,-0.0294986119136,0.00960150659013,40000.0,0.795078739711,0.0294986119136,36666.6666667,3.62014051037,2494.43825785
1.21633321626,19512.9672494,5.91633749835e-18,3,38000.0,109,-3.16876154945e-18,-0.0256930929497,0.00657904187803,42000.0,0.75826562012,0.0256930929497,40333.3333333,3.37479039179,1699.6731712
1.22183632254,17794.3882653,-2.19303865299e-18,3,39000.0,110,2.90380913154e-18,-0.0228982349797,0.00949317725364,41000.0,0.782599111423,0.0228982349797,40333.3333333,3.39341341725,942.809041582
1.14087045715,19316.484352,1.67935518149e-18,3,42000.0,111,-5.32431859086e-17,-0.0158945510325,0.00751007416192,45000.0,0.761331526902,0.0158945510325,43000.0,3.12949126797,1414.21356237
1.1660714648,19378.6516305,2.81148689729e-19,4,29000.0,112,2.81224249084e-16,-0.022775302585,0.00683977690658,41000.0,0.817043084312,0.022775302585,36000.0,3.20935975764,4415.88043316
0.971670008672,20323.3319657,9.67944596098e-19,3,34000.0,113,-2.00818937459e-16,-0.0280560685019,0.00645206209857,44000.0,0.866175922409,0.0280560685019,39666.6666667,2.64235353004,4189.93502999
0.900464874527,21042.7058491,-7.20847812093e-19,3,33000.0,114,-1.60889819985e-16,-0.016694722466,0.00867341953186,43000.0,0.876715319649,0.016694722466,37000.0,2.4607467838,4320.49379894
1.08418070454,19524.9146951,-5.87346379396e-18,3,38000.0,115,-1.61074857156e-16,-0.0270196634851,0.00667638846325,40000.0,0.910973840852,0.0270196634851,39000.0,2.95701615612,816.496580928
1.13494233189,18517.5225817,-3.07921407102e-18,3,40000.0,116,2.18968361961e-16,-0.0322526822861,0.00996367797616,43000.0,0.751532650758,0.0322526822861,41333.3333333,3.11099413258,1247.21912892
1.18375009498,21060.9138613,1.68141399953e-18,4,38000.0,117,-5.57731864404e-17,-0.0240963264297,0.00912070068419,42000.0,0.828180537528,0.0240963264297,39750.0,3.26660132736,1479.01994577
1.06365881559,20381.2921726,1.4019672459e-18,4,37000.0,118,2.07544783351e-16,-0.0239685521175,0.00887838328776,44000.0,0.778270406324,0.0239685521175,39500.0,2.89695103184,2692.58240357
1.12037824037,20336.9649822,-5.2179167936e-18,3,37000.0,119,1.29807153363e-16,-0.0226627288767,0.00651200462245,42000.0,0.848049593077,0.0226627288767,39000.0,3.06601367415,2160.24689947
1.19429576092,18132.4644946,-1.49832804275e-20,3,34000.0,120,4.68781026885e-17,-0.0222713239085,0.00727003115606,41000.0,0.672464957415,0.0222713239085,37666.6666667,3.30123209501,2867.44175568
1.15267285404,14738.9370825,-1.83639915816e-18,3,38000.0,121,-1.58170734807e-16,-0.0270470484713,0.0087220280678,39000.0,-0.375046377434,0.0270470484713,38666.6666667,3.16664558974,471.404520791
1.19073585643,16401.4309488,-2.13319666354e-18,4,35000.0,122,2.51169769468e-16,-0.0271916516429,0.00944225024702,44000.0,0.716699533473,0.0271916516429,39500.0,3.28950091739,3354.10196625
1.1423564191,23697.9636028,-3.68029498431e-18,3,41000.0,123,-1.38640474238e-16,-0.0382569667462,0.00963232684416,45000.0,0.666825408408,0.0382569667462,42666.6666667,3.13414502973,1699.6731712
1.19345129384,21651.4359339,-1.21853468914e-18,3,40000.0,124,-9.06251817775e-18,-0.0281820157829,0.00946385669685,41000.0,0.919960689698,0.0281820157829,40333.3333333,3.29844548997,471.404520791
1.10519378419,22103.4072481,-4.60644867258e-18,4,37000.0,125,2.21873932669e-18,-0.0174592624536,0.00793453219859,40000.0,0.858332106651,0.0174592624536,38750.0,3.01980960347,1089.72473589
1.08839929083,22858.9107001,9.4441328487e-19,4,39000.0,126,-8.1650890094e-17,-0.0217614935219,0.00950040587228,41000.0,0.903115979411,0.0217614935219,39750.0,2.9695169332,829.156197589
1.15397225203,20868.2069973,-1.03135094484e-18,3,38000.0,127,2.16493489802e-16,-0.0276425457485,0.00989156900272,42000.0,0.822775320858,0.0276425457485,40000.0,3.17076299714,1632.99316186
1.17684267242,22348.7640669,-2.79841449002e-18,4,39000.0,128,-2.14294832251e-17,-0.0234352899972,0.007087339571,43000.0,0.860804694418,0.0234352899972,41000.0,3.24411528138,1581.13883008
1.14574073689,20314.6286799,-4.96904571321e-18,3,34000.0,129,-2.07241631263e-16,-0.0239071996464,0.009350910002,37000.0,0.847724619953,0.0239071996464,35000.0,3.1447699414,1414.21356237
1.13733089564,20711.2097103,-8.15568723597e-19,5,35000.0,130,3.66490875206e-17,-0.0331674620209,0.0094257752823,42000.0,0.773783512882,0.0331674620209,39200.0,3.11843382195,2481.9347292
1.17445441926,21466.7787707,1.19509732656e-18,4,38000.0,131,1.67267081243e-16,-0.0209272862605,0.00689606534327,40000.0,0.883310585182,0.0209272862605,39250.0,3.23637675726,829.156197589
1.18210267843,19857.377596,-7.26420828092e-18,3,36000.0,132,-9.05179388717e-17,-0.0204351972626,0.00883437083634,41000.0,0.805982469528,0.0204351972626,38333.3333333,3.26122430459,2054.80466766
1.13594556501,19391.6536591,-3.0175742671e-18,4,37000.0,133,-3.71545682917e-16,-0.0158622286781,0.00685858784893,45000.0,0.745203524754,0.0158622286781,40750.0,3.11411675101,3031.08891325
1.16279995801,21855.3260889,-1.00647977454e-18,4,37000.0,134,-1.2758723946e-16,-0.0222900183679,0.00958188650525,45000.0,0.82990892884,0.0222900183679,40750.0,3.19887747118,3344.77204006
1.16554177376,20507.0656506,1.05361247682e-18,3,40000.0,135,-3.99436527323e-17,-0.0203615059876,0.00644264015395,46000.0,0.856303158839,0.0203615059876,42333.3333333,3.20766023869,2624.66929134
1.14044893364,20324.4503651,1.40362859883e-18,3,39000.0,136,-9.81898545155e-17,-0.0224558733232,0.00662814227293,41000.0,0.834393336302,0.0224558733232,39666.6666667,3.12817239182,942.809041582
1.12092663858,21549.3186574,1.75726036158e-18,4,38000.0,137,-1.22349198414e-16,-0.0234422588393,0.00786734173375,40000.0,0.891511347432,0.0234422588393,39250.0,3.06769553167,829.156197589
1.05524671612,21945.1699271,1.94743261414e-19,3,40000.0,138,2.05021185214e-16,-0.0297217685755,0.00915072233455,41000.0,0.90630461586,0.0297217685755,40666.6666667,2.87268380388,471.404520791
1.07514224797,25270.8362774,4.47630535063e-18,3,40000.0,139,3.30765927026e-17,-0.0262748684078,0.00976981846043,41000.0,0.877112500119,0.0262748684078,40666.6666667,2.93040971571,471.404520791
1.04697524817,21970.7327909,1.44486138923e-18,3,39000.0,140,7.33712607578e-17,-0.025005576119,0.00900392170592,40000.0,0.846062462811,0.025005576119,39666.6666667,2.84902049195,471.404520791
0.974448236331,20748.4356254,8.25663650548e-19,3,36000.0,141,2.15004630304e-17,-0.0276538881198,0.0091622483882,39000.0,0.850610087207,0.0276538881198,37333.3333333,2.64970479673,1247.21912892
0.87994961539,21999.4846987,1.37277253849e-17,3,36000.0,142,-1.94580635166e-17,-0.0271474695511,0.0065522417713,39000.0,0.851315830318,0.0271474695511,38000.0,2.41077823723,1414.21356237
1.09435448943,21719.7482866,-2.7370383327e-18,4,38000.0,143,7.37281197301e-17,-0.0194036752309,0.00675342059403,45000.0,0.858365811897,0.0194036752309,40500.0,2.98725375702,2872.28132327
1.05570468446,22754.086097,-2.66086662725e-19,3,35000.0,144,-6.76473043142e-17,-0.0250592613777,0.00646415654589,44000.0,0.726390204847,0.0250592613777,40000.0,2.87399970341,3741.65738677
1.02748774229,21979.7991516,-4.80913521856e-20,3,33000.0,145,-1.42804733742e-16,-0.0240813256308,0.00654146140088,43000.0,0.86233539586,0.0240813256308,38000.0,2.79403766744,4082.48290464
1.04080183731,23451.8014555,-4.22814260265e-18,4,34000.0,146,9.16925265873e-18,-0.020682872163,0.00982609712735,40000.0,0.852544746116,0.020682872163,38250.0,2.83148649586,2487.46859277
0.987525682564,20823.2155497,-7.58430048276e-18,3,37000.0,147,-7.29046452837e-17,-0.0226970592922,0.00914251223345,39000.0,0.842572475338,0.0226970592922,38333.3333333,2.68458373538,942.809041582
1.10681627656,22132.4306914,7.71458951644e-18,4,39000.0,148,-1.65065155325e-16,-0.0140250070247,0.00722470136177,45000.0,0.882500750357,0.0140250070247,41250.0,3.02471319844,2487.46859277
1.08924378943,22267.2370322,3.82489429923e-19,4,33000.0,149,-4.45882521637e-17,-0.0210767511725,0.00925431574785,40000.0,0.915004677072,0.0210767511725,37000.0,2.97202574528,2549.5097568
1.04377679115,22051.2036042,-2.84771916522e-18,4,37000.0,150,1.07570314985e-16,-0.0209527255737,0.00684370167444,41000.0,0.740684306232,0.0209527255737,39500.0,2.83992257974,1658.31239518
1.05032768776,21116.0291371,1.91098297685e-18,3,35000.0,151,1.26983652589e-16,-0.0156612129882,0.00666588163721,43000.0,0.767971260288,0.0156612129882,38666.6666667,2.8585876888,3299.83164554
1.05096064463,22267.1687841,-9.79389844261e-19,3,38000.0,152,3.80332788285e-16,-0.0214635119532,0.00731727972,43000.0,0.804464868865,0.0214635119532,40000.0,2.86039762426,2160.24689947
1.06127506571,21827.8544036,2.9020983321e-18,4,37000.0,153,-4.18206199306e-17,-0.0155666253997,0.00988350155339,41000.0,0.862116636128,0.0155666253997,39500.0,2.89005364927,1500.0
1.0238017411,22159.1627913,1.49580448145e-18,4,36000.0,154,-1.09837777412e-17,-0.0258913230926,0.0073128621406,39000.0,0.83459585208,0.0258913230926,37500.0,2.78375779873,1118.03398875
1.12416827184,20726.8963882,-2.39412410943e-18,4,39000.0,155,-5.2612978677e-18,-0.0255369459538,0.0097272555966,42000.0,0.802140063421,0.0255369459538,40500.0,3.07765601094,1118.03398875
1.09600947423,20459.4455016,2.94622444303e-18,3,37000.0,156,1.86377329692e-16,-0.0212144229476,0.00877983040521,43000.0,0.7985436238,0.0212144229476,40666.6666667,2.99220170983,2624.66929134
1.07233912184,22051.5149734,-3.35868818018e-19,4,39000.0,157,1.17004631124e-16,-0.0188765970163,0.00678573246234,42000.0,0.877879520856,0.0188765970163,40500.0,2.92220690981,1118.03398875
1.11957768235,22035.5277578,-4.91463828147e-19,3,37000.0,158,2.6266252046e-16,-0.024817185273,0.00961763704618,44000.0,0.82832181836,0.024817185273,39666.6666667,3.06356013454,3091.20616517
1.06605288252,18948.3375827,4.33592665641e-18,3,38000.0,159,-1.68553974524e-17,-0.0200111139555,0.00881874159084,41000.0,0.751585321516,0.0200111139555,39333.3333333,2.90389483515,1247.21912892
1.08272373291,19668.682441,5.34391952103e-18,4,37000.0,160,-1.12154133164e-16,-0.0208271244512,0.0093051392838,44000.0,0.766959156906,0.0208271244512,39750.0,2.95271100446,2680.95132369
1.11868938093,23848.0161884,1.10071244005e-18,4,39000.0,161,-7.08988213455e-18,-0.0230172408387,0.0092237367315,45000.0,0.860500043961,0.0230172408387,41500.0,3.06083997805,2179.44947177
1.10880241757,22807.8022297,4.12589891497e-18,4,41000.0,162,2.08116789043e-17,-0.0261525434541,0.00922515621382,42000.0,0.859185408284,0.0261525434541,41750.0,3.0307266752,433.012701892
1.14347510789,23372.4892544,3.63873090622e-18,4,34000.0,163,-1.53239521036e-16,-0.0235734759491,0.00857857528799,42000.0,0.87625247723,0.0235734759491,38250.0,3.1376531245,2861.38078556
1.16336255683,20198.5159238,-3.44552640777e-18,3,35000.0,164,3.35379872022e-18,-0.021920615055,0.00950833737335,43000.0,0.768838898373,0.021920615055,39333.3333333,3.20067766222,3299.83164554
1.167371565,20973.0907845,-3.27146688864e-18,3,35000.0,165,-4.31136607896e-17,-0.0182327249949,0.00685749309022,39000.0,0.864696465273,0.0182327249949,37000.0,3.2135349604,1632.99316186
1.16687798264,21564.6806591,-3.07430383463e-18,3,38000.0,166,-3.09474668114e-17,-0.0279065102798,0.00674801820146,40000.0,0.918704861845,0.0279065102798,39000.0,3.21194920763,816.496580928
1.16352810101,20699.3140008,-1.83833903111e-18,3,39000.0,167,-5.38103840446e-17,-0.0188523368517,0.00764827928538,43000.0,0.90845852106,0.0188523368517,40666.6666667,3.20120755965,1699.6731712
1.15946988167,21941.4227912,2.36883283546e-18,4,37000.0,168,4.9896646539e-17,-0.0241588300415,0.00656900395357,40000.0,0.87589333851,0.0241588300415,38500.0,3.18824268218,1118.03398875
1.18004743491,20687.2838201,1.06523930329e-18,3,42000.0,169,-1.08154226316e-16,-0.0297858761654,0.00896618936905,46000.0,0.813724227122,0.0297858761654,43666.6666667,3.2545285775,1699.6731712
1.13126658316,23897.4218357,-1.50724457694e-18,3,37000.0,170,1.05334252811e-18,-0.033551621567,0.00925800094632,43000.0,0.820917748932,0.033551621567,39666.6666667,3.09957989066,2494.43825785
1.1564740598,23348.0493095,-1.6272970405e-18,4,40000.0,171,9.64135472053e-17,-0.0190847053046,0.00701396229071,44000.0,0.806001994053,0.0190847053046,41500.0,3.1787055679,1500.0
1.07489490005,21640.5640125,5.64857821674e-19,3,35000.0,172,4.62592926927e-18,-0.0259741867903,0.00980478044308,42000.0,0.900618735999,0.0259741867903,38000.0,2.92968497461,2943.92028878
1.0174534451,22433.4902208,-2.27837817382e-18,3,40000.0,173,-1.09985220974e-17,-0.0257617613358,0.008686756099,42000.0,0.910868105976,0.0257617613358,40666.6666667,2.76614165562,942.809041582
0.977183644229,24594.5849962,-5.22705035192e-18,3,41000.0,174,1.04661132044e-16,-0.0257067455413,0.00966138086027,41000.0,0.887457970442,0.0257067455413,41000.0,2.65696274235,0.0
0.921695684125,22953.7369903,-3.23818248896e-19,3,37000.0,175,8.27057383118e-17,-0.0175634321654,0.00671545042043,42000.0,0.931137932756,0.0175634321654,39000.0,2.51354896339,2160.24689947
1.01232053671,21407.870729,3.5524075834e-19,3,36000.0,176,-1.31468909833e-16,-0.00956943198075,0.00808478053763,39000.0,0.853876916923,0.00956943198075,37666.6666667,2.75197968107,1247.21912892
0.966276989811,20926.7146847,-2.82647500226e-18,3,38000.0,177,1.01911693673e-16,-0.0219465512485,0.00927210048839,41000.0,0.825688020371,0.0219465512485,39666.6666667,2.6281416246,1247.21912892
0.98457961483,23490.2708877,-3.14170958448e-18,3,37000.0,178,7.9148847613e-18,-0.0205841317142,0.00672833547102,39000.0,0.850740117293,0.0205841317142,38333.3333333,2.6766864086,942.809041582
0.971759683652,22939.0306889,-5.39480638522e-18,3,39000.0,179,7.71848278076e-17,-0.017599843907,0.00724619789483,43000.0,0.817709099603,0.017599843907,41000.0,2.64259049367,1632.99316186
0.913625979769,20316.524804,5.85837148808e-19,3,38000.0,180,2.7802310916e-16,-0.0184239218877,0.00735014671363,40000.0,0.837550494395,0.0184239218877,39000.0,2.49334698799,816.496580928
0.993610731642,22867.7512137,-2.12836544693e-18,3,37000.0,181,1.728247175e-16,-0.0191110290971,0.00904033428511,43000.0,0.860068458145,0.0191110290971,39666.6666667,2.70096936227,2494.43825785
0.935539717074,22157.5646297,-2.6304349739e-18,4,35000.0,182,2.24606973427e-16,-0.0191074552147,0.00667203124491,40000.0,0.859083819729,0.0191074552147,38000.0,2.54858860339,2121.32034356
0.850795532517,22458.3577441,1.00339046933e-18,3,36000.0,183,-1.68902204117e-16,-0.0192855498845,0.00659203462669,42000.0,0.889214328013,0.0192855498845,38333.3333333,2.34150885762,2624.66929134
0.920093826875,21298.7198895,1.81618700611e-18,3,36000.0,184,2.73392419814e-16,-0.0180989252742,0.00987697455386,39000.0,0.891306563176,0.0180989252742,37333.3333333,2.50952583986,1247.21912892
0.826633113941,24074.4147431,-2.81690616415e-19,3,32000.0,185,1.56541446472e-16,-0.0157899590448,0.00662253413813,40000.0,0.885299979167,0.0157899590448,37333.3333333,2.28561038123,3771.23616633
0.839840493706,23051.5852006,3.50081326211e-18,3,39000.0,186,5.99371123765e-17,-0.0253571465371,0.00660695770141,41000.0,0.85185355506,0.0253571465371,40000.0,2.31599753114,816.496580928
0.937313083176,22583.4885514,-2.77704477319e-18,4,39000.0,187,1.72844680016e-16,-0.0168956953167,0.00882640151745,47000.0,0.903281737513,0.0168956953167,41250.0,2.55311219384,3344.77204006
0.894086386159,23694.2540402,1.19128895389e-19,4,36000.0,188,9.39743280559e-17,-0.0235873641979,0.00953349847361,43000.0,0.91427674971,0.0235873641979,39500.0,2.44510089068,2692.58240357
0.904852945201,22317.1106389,-1.95831686547e-19,4,36000.0,189,4.31298820466e-16,-0.0273210288019,0.00946761848591,42000.0,0.908791900199,0.0273210288019,39250.0,2.47156844033,2165.06350946
0.911707584234,22018.0985916,9.35305812644e-19,4,36000.0,190,-4.85473867399e-17,-0.015145977091,0.00667574978503,39000.0,0.782331488618,0.015145977091,38000.0,2.48856834739,1224.74487139
0.851672666781,22616.8174324,1.42076225232e-18,5,38000.0,191,-1.11301596045e-16,-0.0209834699814,0.0096593053682,43000.0,0.858126834626,0.0209834699814,39400.0,2.34356357627,1854.7236991
0.877931794881,21548.2118055,-1.48127772221e-18,5,36000.0,192,-2.25474243571e-16,-0.0233695353133,0.0094937550712,41000.0,0.837023766656,0.0233695353133,38200.0,2.40591862403,1720.46505341
0.884235052897,23147.4975969,2.11225975417e-20,5,38000.0,193,-2.51435359823e-17,-0.0201896133562,0.00861311173788,44000.0,0.88508833337,0.0201896133562,40400.0,2.42113164531,2244.99443206
0.878931995234,22732.7750949,-1.22499980801e-18,4,38000.0,194,-2.974735504e-16,-0.0217302737636,0.00919218429031,42000.0,0.860806613825,0.0217302737636,40000.0,2.40832622853,1414.21356237
0.898361450988,22691.2421351,-1.07771260132e-18,4,36000.0,195,-3.07742282091e-17,-0.0239821354256,0.00886089749047,43000.0,0.857059623185,0.0239821354256,40000.0,2.45557623093,2738.61278753
0.909356573758,21507.0079595,-1.43921018874e-18,4,39000.0,196,1.33262205031e-16,-0.0157326816001,0.00873848764607,44000.0,0.706971993119,0.0157326816001,40750.0,2.48272456921,2046.33819297
0.881256055157,20873.0140488,2.66093655263e-18,4,36000.0,197,-2.31053632531e-16,-0.0286199437007,0.0096926966192,38000.0,0.872470355697,0.0286199437007,37250.0,2.41392983203,829.156197589
0.911895519096,23077.8803539,3.39686116567e-18,5,37000.0,198,2.5203937332e-17,-0.0258015550679,0.00944347569351,43000.0,0.883000807436,0.0258015550679,40000.0,2.48903608009,2000.0
0.920146562835,21800.4405597,9.6521165018e-19,4,37000.0,199,1.27998756632e-16,-0.0291655806609,0.00899142244534,42000.0,0.872683569509,0.0291655806609,39500.0,2.5096581856,2061.55281281
0.894854111682,23954.7948463,2.71101851021e-18,4,37000.0,200,-1.21486473499e-16,-0.0190131352179,0.00666287016713,43000.0,0.905277773736,0.0190131352179,40250.0,2.4469787778,2165.06350946
0.968366304543,24108.7889582,2.05696367879e-18,4,38000.0,201,7.4509853659e-17,-0.0182065567832,0.0064790927767,41000.0,0.903302669645,0.0182065567832,39250.0,2.63363837984,1089.72473589
0.932932985995,21825.3384927,-6.72012609579e-19,4,38000.0,202,4.16435902383e-17,-0.0243726591168,0.00769823468198,45000.0,0.775694050146,0.0243726591168,40500.0,2.54195376965,2872.28132327
0.924392629509,24022.7128648,-4.9890974572e-18,3,37000.0,203,1.12779593894e-16,-0.032737525441,0.00884323160791,45000.0,0.796562525076,0.032737525441,40666.6666667,2.52033701706,3299.83164554
0.928010399834,21849.1980674,4.15348655746e-18,3,41000.0,204,-2.56665517265e-16,-0.0278175114233,0.00983687283126,44000.0,0.794718766638,0.0278175114233,42333.3333333,2.52947153085,1247.21912892
0.993460086967,23993.8207987,7.58553500919e-18,4,38000.0,205,-3.26919699365e-17,-0.0159135545706,0.00661998909035,43000.0,0.85373070294,0.0159135545706,41000.0,2.70056250627,1870.82869339
0.99007249992,20821.5564779,8.09547757266e-20,4,38000.0,206,5.9230260619e-17,-0.0237056934286,0.00874544721475,44000.0,0.777923338053,0.0237056934286,41000.0,2.69142959371,2121.32034356
0.978026748764,24973.8466113,-1.16950068015e-18,3,43000.0,207,-5.78067251544e-17,-0.0221525841443,0.00648396449515,46000.0,0.851823715403,0.0221525841443,44000.0,2.65920378427,1414.21356237
0.944731596259,24723.2906672,2.9834039666e-18,3,40000.0,208,-6.22572980823e-17,-0.022287432128,0.00719613626565,41000.0,0.933899762261,0.022287432128,40333.3333333,2.57212291852,471.404520791
0.983890119538,22461.4865476,-1.75048446567e-18,3,38000.0,209,-1.54995841869e-16,-0.0206900578768,0.00959869988904,41000.0,0.896151924805,0.0206900578768,39000.0,2.67484148203,1414.21356237
0.964110529604,21237.6265435,-1.16602367128e-18,5,31000.0,210,-1.29493783099e-16,-0.0241352467571,0.00970721519892,40000.0,0.833990755314,0.0241352467571,37600.0,2.62245402356,3322.64954517
0.996306078703,23278.8662218,-2.74910785923e-18,3,38000.0,211,2.20643352564e-16,-0.0179770616444,0.0096724067558,42000.0,0.822613168195,0.0179770616444,39333.3333333,2.70825923206,1885.61808316
0.937517234489,22196.1235433,-1.81539660539e-18,3,37000.0,212,7.84312607118e-17,-0.0273532242161,0.00926708411621,46000.0,0.853257616028,0.0273532242161,40666.6666667,2.55363346825,3858.61230093
0.983306921381,22954.4587248,2.55909911166e-18,3,38000.0,213,9.81391683884e-17,-0.0175854038229,0.00936992693717,43000.0,0.947465113651,0.0175854038229,40000.0,2.6732819742,2160.24689947
0.92061865666,24396.3166056,-4.1748259757e-18,4,34000.0,214,-6.95113181203e-18,-0.0230588243957,0.00673481486807,41000.0,0.853320850786,0.0230588243957,39000.0,2.51084325945,2915.47594742
0.955539980818,23271.6003651,2.85177711274e-18,4,37000.0,215,3.61620866735e-16,-0.0245964728779,0.00979300763569,40000.0,0.896329517318,0.0245964728779,38500.0,2.60007419412,1500.0
0.988280857147,25640.8044792,3.23408874377e-18,4,40000.0,216,-4.88638999736e-17,-0.0248591421068,0.00898934808245,41000.0,0.93388095352,0.0248591421068,40750.0,2.68661183047,433.012701892
0.947628885442,21824.0499005,7.14238095894e-19,3,37000.0,217,3.8802844326e-17,-0.015338538218,0.0065574284012,40000.0,0.814518704264,0.015338538218,38000.0,2.57958590843,1414.21356237
0.940339293187,23794.4491215,4.65496248736e-18,4,38000.0,218,1.28623399194e-17,-0.0108896227695,0.00648245798483,42000.0,0.881158378004,0.0108896227695,39750.0,2.56085014995,1785.35710714
0.948137209063,23204.3844036,-1.49902906273e-18,4,36000.0,219,-7.44207242335e-18,-0.0248510031547,0.00960695807132,41000.0,0.861634598681,0.0248510031547,39250.0,2.58089750621,2046.33819297
0.940938077791,20896.7813871,-7.12847649251e-19,3,34000.0,220,-9.89948863624e-17,-0.025607135533,0.00927103373951,42000.0,0.802330237165,0.025607135533,37333.3333333,2.56238400677,3399.3463424
0.967104225889,20438.0785448,-1.26260015153e-18,4,34000.0,221,3.76157755375e-17,-0.0183274152305,0.00906550604442,40000.0,0.753800850516,0.0183274152305,36500.0,2.63031661767,2598.07621135
0.969995888532,22641.7495176,8.49479017003e-19,4,37000.0,222,4.20182286644e-17,-0.0227391418939,0.00922241944805,40000.0,0.845112295944,0.0227391418939,38500.0,2.63793361355,1118.03398875
0.967254788726,24727.9506047,-2.86683539548e-18,4,37000.0,223,-3.67892299434e-18,-0.019289194929,0.00752689992114,44000.0,0.942959750891,0.019289194929,40000.0,2.63071267541,2738.61278753
0.948447661125,22687.4791849,1.11846982973e-18,4,36000.0,224,-1.66669510437e-17,-0.0236956331558,0.0096479700882,41000.0,0.786858055124,0.0236956331558,38250.0,2.58169887555,2277.60839479
0.961832426419,23874.5157816,-5.53133138724e-19,6,38000.0,225,1.29657251576e-16,-0.0181588830523,0.00661734669499,43000.0,0.848741636692,0.0181588830523,40000.0,2.61648660248,1914.85421551
0.949208506048,24471.0580173,3.30675335616e-18,4,37000.0,226,1.11695164902e-16,-0.0219239042712,0.00896187130109,43000.0,0.895279459125,0.0219239042712,39500.0,2.58366389547,2179.44947177
1.00566744702,21533.1016493,9.92021559698e-19,4,39000.0,227,2.39873003861e-17,-0.0252540744542,0.00979835860362,43000.0,0.778418887901,0.0252540744542,41500.0,2.73373128484,1658.31239518
0.955641561231,22688.4970645,1.23746166481e-18,4,36000.0,228,-1.46744973873e-16,-0.0298520739261,0.00988251664869,43000.0,0.832758229749,0.0298520739261,39750.0,2.60033832414,2586.0201082
0.974766029118,23515.1154516,9.93209443798e-19,4,37000.0,229,6.50411936832e-17,-0.0215748685212,0.00954242748945,39000.0,0.915083079758,0.0215748685212,38000.0,2.65054698761,707.106781187
1.00410222799,23441.4735155,-3.12332841615e-19,3,38000.0,230,6.32581357631e-17,-0.0197985664394,0.00678286920402,42000.0,0.921242576051,0.0197985664394,40000.0,2.72945574357,1632.99316186
0.98753756093,24823.8346042,-2.68316779605e-18,5,38000.0,231,1.29395097013e-17,-0.027393464298,0.00704935480431,45000.0,0.918193715076,0.027393464298,41000.0,2.68461562404,2449.48974278
1.00004063849,24621.4418618,-1.6183269306e-19,6,38000.0,232,4.17233954111e-17,-0.0188684752352,0.00664832632712,41000.0,0.898214207548,0.0188684752352,39333.3333333,2.71839229758,1105.54159679
0.987404120811,19775.6402864,7.70357282927e-18,5,33000.0,233,4.09254493197e-17,-0.0208550702382,0.00904656527408,41000.0,0.00996047919882,0.0208550702382,37400.0,2.68425741251,2576.81974535
1.00975684737,22788.7011027,-3.29771204057e-18,5,37000.0,234,-6.90437204369e-17,-0.0230154309467,0.00927173727658,49000.0,0.84212207739,0.0230154309467,40000.0,2.74493349607,4560.7017004
1.00518952598,21785.715548,-5.92777467456e-18,4,36000.0,235,-5.22879230952e-17,-0.0172286253819,0.00666292933386,43000.0,0.525710265951,0.0172286253819,40500.0,2.7324250893,2692.58240357
0.956417554229,21901.3206444,-6.26522809021e-19,5,40000.0,236,8.4749849208e-18,-0.0217109123527,0.00830253095803,45000.0,0.818786032098,0.0217109123527,42600.0,2.60235695159,1624.80768093
0.961255682501,19797.0543057,2.62043466143e-18,3,34000.0,237,1.81470407303e-16,-0.017321231786,0.00689322636416,42000.0,0.848958705951,0.017321231786,37666.6666667,2.61497799483,3299.83164554
0.975035074364,22210.7887246,8.2957290466e-19,5,37000.0,238,-1.96307723634e-17,-0.024128789764,0.00977455695506,43000.0,0.90898685166,0.024128789764,39400.0,2.65126020062,2059.1260282
0.997323381,22766.928423,1.96201859104e-18,4,36000.0,239,-4.85933481903e-17,-0.0233464413701,0.00964531045276,38000.0,0.864512615534,0.0233464413701,37000.0,2.71101575227,707.106781187
0.987565375416,20778.5582004,2.18934828192e-18,3,41000.0,240,-5.52784976217e-17,-0.0285012649239,0.00981375582551,42000.0,0.638479836287,0.0285012649239,41333.3333333,2.68469029628,471.404520791
0.904000745957,21030.8376665,1.55287435355e-18,4,36000.0,241,-2.47340148791e-18,-0.0248084608157,0.00992581349578,44000.0,0.639777238331,0.0248084608157,39250.0,2.4694630688,3112.4748995
0.899212252611,21515.4786674,-3.47280201712e-18,4,38000.0,242,-8.54764883351e-18,-0.0296518154542,0.00990504344947,45000.0,0.788239459367,0.0296518154542,40250.0,2.45766632818,2861.38078556
0.932142073348,20009.7311458,-2.0804973364e-18,3,37000.0,243,-4.85279799734e-17,-0.0160578128681,0.00657948331442,45000.0,0.90377992985,0.0160578128681,40666.6666667,2.5399441011,3299.83164554
0.936355448155,24312.4159442,-1.66222223366e-18,5,39000.0,244,1.68106644214e-17,-0.0193358746021,0.00686520466058,43000.0,0.765549797773,0.0193358746021,41000.0,2.5506684145,1788.854382
1.01195293499,23767.9567716,4.39771958762e-18,3,39000.0,245,-1.28798644276e-17,-0.0286353205251,0.00957324565113,42000.0,0.428411312544,0.0286353205251,40000.0,2.75096823453,1414.21356237
0.952057443675,22906.5946896,2.14892723403e-18,4,34000.0,246,-1.12332300132e-16,-0.0226878135535,0.00990153347135,40000.0,0.874235682016,0.0226878135535,38250.0,2.59103508781,2487.46859277
0.89948768773,23294.7740685,-1.30169707442e-18,4,38000.0,247,-8.82572090731e-17,-0.0276188121381,0.00934852287228,44000.0,0.87901384543,0.0276188121381,40500.0,2.45834334903,2291.28784748
0.927373158705,22077.2746213,-1.50422915977e-18,4,37000.0,248,3.76861920002e-16,-0.0240066739717,0.00958456252602,41000.0,0.847094562396,0.0240066739717,39250.0,2.52786016103,1479.01994577
0.9458577423,23548.4668295,-1.0928307996e-18,6,38000.0,249,-3.64754522882e-17,-0.0260562402766,0.00978749565329,43000.0,0.898079534016,0.0260562402766,40166.6666667,2.57502113616,1863.38998125
0.945685331322,21704.0326719,-8.08382797241e-19,4,37000.0,250,-1.7227598658e-17,-0.0214719191184,0.00831488592546,42000.0,0.800992034877,0.0214719191184,39000.0,2.57457721252,2121.32034356
0.885766574148,23024.1844801,2.34173070999e-18,4,33000.0,251,2.91312163896e-17,-0.0163549966851,0.00599150288829,43000.0,0.849413573848,0.0163549966851,38500.0,2.42484250078,4555.21678957
0.908570246609,21264.7467244,-1.07878551661e-18,3,39000.0,252,-1.17948464451e-16,-0.027825039782,0.00684643161582,41000.0,0.84763336129,0.027825039782,40000.0,2.48077310283,816.496580928
0.922384344373,23253.5885124,-2.58192012128e-18,3,35000.0,253,4.17443857259e-16,-0.0138823475747,0.00639783348627,40000.0,0.91160575722,0.0138823475747,38333.3333333,2.51528054081,2357.02260396
0.968510775407,23127.5357665,1.82946959535e-18,3,38000.0,254,1.58209522892e-16,-0.0162672127437,0.00885876921575,41000.0,0.871313189397,0.0162672127437,40000.0,2.63401889134,1414.21356237
0.927390995287,22718.215983,-1.38608863904e-18,4,35000.0,255,-1.97195997774e-16,-0.0185133592765,0.00769871354797,42000.0,0.894386270651,0.0185133592765,38500.0,2.52790524981,3041.38126515
0.906231757935,20617.7814864,1.88911183825e-18,4,33000.0,256,-1.14789846301e-16,-0.0133625494239,0.0068571337503,40000.0,0.782072879224,0.0133625494239,36750.0,2.47497862083,2586.0201082
0.913832331377,22888.7139371,-4.17126691114e-18,3,38000.0,257,-5.60617577809e-18,-0.021085636945,0.00951056990687,40000.0,0.89751632622,0.021085636945,38666.6666667,2.49386154724,942.809041582
0.823608848084,21234.9304874,1.27745170101e-18,3,36000.0,258,-4.57150657199e-18,-0.0242230309541,0.00656435914532,38000.0,0.914708855716,0.0242230309541,37000.0,2.27870852957,816.496580928
0.817190607902,23935.7174897,-1.61418757262e-18,3,35000.0,259,3.54654577311e-17,-0.0206398628378,0.00694944779808,42000.0,0.907119517958,0.0206398628378,39000.0,2.26413006502,2943.92028878
0.812599568955,21663.0267777,-9.34438345999e-19,5,36000.0,260,5.18324524527e-17,-0.0212880063538,0.00961802278937,43000.0,0.858297652172,0.0212880063538,38400.0,2.25375918049,2497.99919936
0.813426354135,20779.2970901,-6.92156077888e-19,3,39000.0,261,1.70747514846e-16,-0.0210543482157,0.00859000275161,41000.0,0.904710712655,0.0210543482157,40333.3333333,2.2556233257,942.809041582
0.843119174633,22974.6307086,2.49216531027e-19,3,37000.0,262,3.59129444195e-18,-0.0168864959446,0.00662806017914,44000.0,0.893189028462,0.0168864959446,40000.0,2.32360340988,2943.92028878
0.846755290822,23171.9353206,-3.13313390034e-18,4,35000.0,263,-3.8946320226e-17,-0.023680740414,0.0091260680758,42000.0,0.839450386177,0.023680740414,38250.0,2.33206768106,2586.0201082
0.815671720686,22195.2619689,4.01991240007e-18,4,35000.0,264,-1.19119548502e-16,-0.019570756052,0.0086484884769,45000.0,0.8646423798,0.019570756052,38750.0,2.26069371718,3897.11431703
0.807955975557,24276.4976778,-3.5320687707e-18,3,38000.0,265,2.21641620161e-18,-0.014870361409,0.00944028222584,42000.0,0.924950342647,0.014870361409,39666.6666667,2.24331790053,1699.6731712
0.780696308405,21698.6703998,-8.33250922134e-20,4,39000.0,266,-4.24319540246e-16,-0.0188184210612,0.00674793886948,41000.0,0.788825701301,0.0188184210612,40250.0,2.18299177193,829.156197589
0.793426954895,21368.3928233,-5.66287261598e-19,5,33000.0,267,-1.95723207989e-16,-0.0224033543224,0.00833144939451,45000.0,0.725664894559,0.0224033543224,38800.0,2.21096031958,4489.98886413
0.788874041218,25067.4100706,-9.90616602167e-19,3,38000.0,268,-5.60718699306e-19,-0.0151816262612,0.00648219251549,44000.0,0.826880098461,0.0151816262612,41333.3333333,2.20091688889,2494.43825785
0.829939124757,22320.9142837,-7.76216398139e-20,3,37000.0,269,5.10702591328e-17,-0.0231372849606,0.00910046713276,39000.0,0.759512865483,0.0231372849606,37666.6666667,2.29317913818,942.809041582
0.833440219748,21663.1141947,1.08124625916e-18,4,38000.0,270,2.6891588826e-16,-0.0216139522753,0.00668946260053,42000.0,0.835814644921,0.0216139522753,39250.0,2.3012218471,1639.35963108
0.851505895404,21082.8680836,3.76085818566e-18,3,39000.0,271,6.14323406959e-17,-0.0279193539939,0.00930564592114,40000.0,0.56738088321,0.0279193539939,39666.6666667,2.34317276953,471.404520791
0.854533861352,22183.0263393,-2.59323511206e-18,3,37000.0,272,5.17178892305e-17,-0.0168139252562,0.00644239104517,40000.0,0.889974785736,0.0168139252562,38333.3333333,2.35027856952,1247.21912892
0.838987865234,23475.8303692,-7.96773636082e-19,4,34000.0,273,1.79602130626e-16,-0.0193480746488,0.00915089978818,40000.0,0.919475558799,0.0193480746488,37750.0,2.3140236873,2277.60839479
0.840857781139,23503.1803989,-1.98671381888e-18,4,37000.0,274,1.08391442215e-17,-0.0232620769132,0.00933634201862,44000.0,0.940686071121,0.0232620769132,39500.0,2.31835476511,2692.58240357
0.819287080596,21193.0954988,-9.56960915685e-19,5,37000.0,275,9.93828675269e-17,-0.0225328519426,0.00669588738946,41000.0,0.790345460662,0.0225328519426,38800.0,2.268881731,1833.03027798
0.858540910914,22499.5207804,-2.11047439809e-18,3,35000.0,276,-1.16943491927e-16,-0.0162069360398,0.00707213615342,40000.0,0.896993171001,0.0162069360398,37666.6666667,2.35971514602,2054.80466766
0.891280483709,22904.9360374,1.29268960726e-18,5,37000.0,277,1.5886783312e-16,-0.0196768640687,0.00647092100976,44000.0,0.846449142997,0.0196768640687,40200.0,2.43824979236,2315.16738056
0.876882288097,22943.3377676,-2.13617772357e-18,3,33000.0,278,2.63890022831e-17,-0.0250255929997,0.0088647498452,41000.0,0.840848148829,0.0250255929997,36666.6666667,2.40339492066,3299.83164554
0.851389209526,23280.0055955,4.36855891285e-18,4,36000.0,279,-1.04396640954e-16,-0.0171488495589,0.00683434410821,42000.0,0.891711143895,0.0171488495589,38500.0,2.34289937031,2291.28784748
0.823443640319,22158.7720418,1.29450066255e-18,4,33000.0,280,-9.36591088851e-17,-0.0235258727483,0.00646798279616,38000.0,0.875436098721,0.0235258727483,34250.0,2.27833210033,2165.06350946
0.835760789495,22647.3663682,1.62267149729e-19,5,32000.0,281,6.52292838076e-17,-0.0230536002005,0.00994623503353,39000.0,0.928246383307,0.0230536002005,35600.0,2.30656819379,3136.87742827
0.839400553971,23890.2282986,1.34975769779e-18,3,36000.0,282,5.33477405544e-17,-0.0168317224825,0.00637850378371,41000.0,0.873561011092,0.0168317224825,38333.3333333,2.31497885589,2054.80466766
0.848796742762,22813.3973366,-2.72447761285e-18,3,35000.0,283,6.21571891478e-17,-0.0177561308804,0.00644230436659,37000.0,0.912941723552,0.0177561308804,36333.3333333,2.33683334794,942.809041582
0.899374319067,17721.0065022,3.48554739905e-19,3,37000.0,284,6.02527287323e-17,-0.0205733365235,0.00643897958116,41000.0,0.178743389737,0.0205733365235,39333.3333333,2.45806466573,1699.6731712
0.855466820545,22389.7477457,2.04722375833e-18,4,33000.0,285,-2.26504909749e-16,-0.0215002754431,0.00900844913446,43000.0,0.656997878578,0.0215002754431,39000.0,2.35247230669,3741.65738677
0.826658990686,22001.2727695,2.84360224966e-18,3,39000.0,286,1.197979624e-16,-0.0196024990874,0.00960092796159,43000.0,0.912734678896,0.0196024990874,41000.0,2.28566952616,1632.99316186
0.866092391591,23344.8157376,-1.50315362011e-18,4,33000.0,287,2.26376399963e-16,-0.0238507741762,0.00924072922684,44000.0,0.922778839383,0.0238507741762,39000.0,2.37760194024,4062.01920232
0.88436780443,22534.7073785,1.92277195255e-18,3,37000.0,288,-6.19874522082e-18,-0.0248164904789,0.0090532427038,40000.0,0.908499718682,0.0248164904789,38000.0,2.42145307558,1414.21356237
0.902629950048,22149.5810257,2.83196003693e-19,3,32000.0,289,-9.69536609913e-17,-0.020478512994,0.00655544770655,39000.0,0.893345183838,0.020478512994,36333.3333333,2.46608025803,3091.20616517
0.925925476705,22731.8358186,-1.77026038249e-19,4,37000.0,290,-1.56815874252e-17,-0.0188822613464,0.00671304117658,41000.0,0.921509757351,0.0188822613464,39000.0,2.52420327102,1581.13883008
0.900096037515,25867.9862435,-3.11627479047e-19,3,38000.0,291,-1.29095700538e-17,-0.0289767569062,0.00891044426601,44000.0,0.920721309208,0.0289767569062,41000.0,2.45983933667,2449.48974278
0.913572565268,22622.5636155,7.81713899011e-19,3,37000.0,292,-1.87313550728e-17,-0.023530092426,0.00986916673245,40000.0,0.929715142018,0.023530092426,38666.6666667,2.49321381066,1247.21912892
0.913519946636,19789.5852737,-1.57035223984e-18,3,36000.0,293,5.66687819918e-17,-0.027472168795,0.00825698157181,41000.0,0.750324335016,0.027472168795,38333.3333333,2.49308262461,2054.80466766
0.875455316487,22440.1702511,2.11342816647e-18,4,34000.0,294,-2.08943340295e-17,-0.0307256293956,0.00796382916966,44000.0,0.406037130942,0.0307256293956,39500.0,2.39996779013,3840.57287393
0.925834588296,20474.6420844,3.26795973186e-18,4,35000.0,295,-1.15142916717e-17,-0.0205811292426,0.00664401053508,43000.0,0.843385477922,0.0205811292426,38500.0,2.52397386063,2958.03989155
0.912163842887,23147.6188637,-6.04481751534e-19,4,36000.0,296,-1.11572462534e-16,-0.0300817417563,0.0091800083323,41000.0,0.877971832187,0.0300817417563,38250.0,2.48970403729,1920.28643697
0.924826172123,20942.5438804,8.5972208664e-20,4,37000.0,297,-1.04808056382e-16,-0.0167144363206,0.00675695428761,46000.0,0.518463904517,0.0167144363206,42250.0,2.52142992745,3561.95171219
0.956786474912,20737.2365999,5.16388525571e-19,5,36000.0,298,2.68664601106e-16,-0.0217300539409,0.00760016064283,42000.0,0.670940941094,0.0217300539409,38800.0,2.60331719201,2315.16738056
0.867062776653,24360.9819072,-3.37397290965e-19,4,37000.0,299,4.10276914698e-17,-0.0334517056527,0.00966740449592,40000.0,0.847228527209,0.0334517056527,39250.0,2.37991024944,1299.03810568
0.885848623811,20479.4281731,-2.24349590097e-18,3,33000.0,300,1.02936227708e-17,-0.0256738421007,0.0099965957475,38000.0,0.776649931665,0.0256738421007,35333.3333333,2.42504146645,2054.80466766
0.936147108995,22644.4727325,-2.29189136782e-18,4,36000.0,301,-9.01505015583e-18,-0.0227746565401,0.00913683126227,44000.0,0.882767557635,0.0227746565401,41250.0,2.55013706574,3112.4748995
0.894493227289,20886.1069845,1.31835818725e-18,5,34000.0,302,-2.05245177579e-16,-0.0172712067066,0.00737403557198,41000.0,0.808744074577,0.0172712067066,37200.0,2.44609586068,2561.24969497
0.896092355988,20497.9589692,-3.32724626707e-19,4,37000.0,303,-5.8261244962e-17,-0.0200370089823,0.00642079099669,38000.0,0.782712532289,0.0200370089823,37500.0,2.45001061203,500.0
0.894165232371,22864.869816,-9.06405713573e-19,4,36000.0,304,8.05054868262e-17,-0.02250246281,0.00982389260948,42000.0,0.837397230291,0.02250246281,39500.0,2.44529368523,2179.44947177
0.893839405678,23594.3754313,2.88020064359e-18,4,37000.0,305,-8.23001147608e-17,-0.0250082364409,0.00954898677399,43000.0,0.925303156943,0.0250082364409,39750.0,2.44449707306,2165.06350946
0.915002249931,21972.563016,-1.13530827803e-18,4,38000.0,306,-1.19393367157e-16,-0.0174739424314,0.006694347452,42000.0,0.918421220714,0.0174739424314,39000.0,2.49678086948,1732.05080757
0.903832146691,21760.914726,4.21139994773e-18,4,34000.0,307,8.1511332972e-17,-0.0188954529135,0.00657730402513,41000.0,0.882456132579,0.0188954529135,36250.0,2.46904675424,2772.6341266
0.879933708221,22771.3912168,-4.4613183708e-18,4,33000.0,308,1.26273157615e-17,-0.023137201905,0.00948752358888,43000.0,0.900714213484,0.023137201905,38250.0,2.41073988888,3699.66214674
0.922657969523,23808.8837092,3.43245636418e-18,4,37000.0,309,-9.61865788591e-17,-0.018834288111,0.00966073416572,41000.0,0.941110177641,0.018834288111,39250.0,2.51596887899,1479.01994577
0.890499181362,23954.3830045,2.93431016323e-18,5,32000.0,310,-7.12578674831e-17,-0.0159692752306,0.00669077807014,43000.0,0.898354026466,0.0159692752306,37200.0,2.43634552607,4166.5333312
0.860404492378,23517.0704599,3.40053378975e-19,5,34000.0,311,-1.74217200616e-16,-0.0182711191093,0.00653334654948,41000.0,0.897448277922,0.0182711191093,38000.0,2.36411676754,2449.48974278
0.871579041458,23852.0079173,1.71476339665e-18,5,35000.0,312,6.07886198342e-17,-0.0159949097985,0.00691798467555,39000.0,0.920936786933,0.0159949097985,37200.0,2.39068286201,1469.69384567
0.873298539375,21305.5376023,-2.96370920681e-18,4,34000.0,313,1.54308976347e-16,-0.0208914614031,0.00648787749273,40000.0,0.80351158609,0.0208914614031,36500.0,2.39479717247,2291.28784748
0.889319045516,22269.451434,-1.69522242954e-18,6,35000.0,314,1.4827862706e-16,-0.0197775939282,0.00724412901117,42000.0,0.85269535074,0.0197775939282,38000.0,2.43347200329,2768.87462097
0.871081630907,23122.261051,2.19510503291e-18,4,36000.0,315,3.04276214902e-17,-0.0209345722643,0.00650230442642,44000.0,0.883328924562,0.0209345722643,38500.0,2.38949400683,3278.71926215
0.892878900632,23044.5068525,2.22772566441e-18,4,38000.0,316,-8.94293245309e-17,-0.0208649287584,0.00941994881326,41000.0,0.848436376408,0.0208649287584,39750.0,2.44215024853,1299.03810568
0.874262474033,23714.3407739,2.00461782742e-18,3,35000.0,317,1.7288193851e-16,-0.0733646607141,0.00661675372861,41000.0,0.0109281900482,0.0733646607141,37666.6666667,2.39710671341,2494.43825785
0.905169638308,23394.1782089,1.67513232553e-19,6,35000.0,318,-2.37261367751e-17,-0.0217157177373,0.00650076598911,41000.0,0.918656402924,0.0217157177373,37500.0,2.47235129298,2061.55281281
0.940728393118,22547.3272445,1.83156138089e-18,5,37000.0,319,-4.51739639224e-17,-0.0228097396183,0.0096744942686,41000.0,0.840815572808,0.0228097396183,38600.0,2.56184677045,1356.46599663
0.93819618937,23750.6686682,-5.51013883807e-18,5,36000.0,320,-2.50040604199e-17,-0.0264286927447,0.00725507940344,43000.0,0.91032652933,0.0264286927447,39800.0,2.55536785888,2785.67765544
0.976158314548,22268.9436039,-5.16638430258e-19,5,36000.0,321,1.49916801248e-16,-0.0213005498413,0.00936801791913,41000.0,0.466325355554,0.0213005498413,37800.0,2.65423987574,1939.07194297
0.958524021129,23857.1237844,1.35109239615e-18,4,38000.0,322,1.37118863596e-16,-0.0250880128634,0.00877985297514,43000.0,0.934715552243,0.0250880128634,41500.0,2.60784450802,2061.55281281
0.93546158282,22341.8931746,1.35368295726e-18,3,37000.0,323,1.61091183965e-17,-0.0154837258576,0.00807425420641,41000.0,0.905061560239,0.0154837258576,39333.3333333,2.54838947911,1699.6731712
0.923860080619,23052.4834385,1.27213901923e-18,4,37000.0,324,-1.5918638956e-17,-0.0221710314034,0.00928494075904,42000.0,0.908913498364,0.0221710314034,39000.0,2.51899517171,2121.32034356
0.938164874042,24029.4263797,2.91748179205e-18,4,40000.0,325,1.52706875435e-16,-0.0250245305628,0.00947816004389,42000.0,0.920701276758,0.0250245305628,41000.0,2.55528783795,707.106781187
0.911817839757,22804.5084915,-3.8726979919e-18,4,38000.0,326,3.26536183713e-17,-0.0226743572205,0.00631287255137,42000.0,0.747356843912,0.0226743572205,39750.0,2.48884274092,1479.01994577
0.961602800153,21728.1056919,2.40591349187e-18,5,35000.0,327,-2.37350376893e-17,-0.0293522541607,0.00885486995482,40000.0,0.877459905031,0.0293522541607,37800.0,2.61588585741,1939.07194297
0.938984380533,23327.5693681,3.76680250059e-18,4,34000.0,328,9.50449231413e-18,-0.0196687280979,0.00997258807828,41000.0,0.673332681515,0.0196687280979,38000.0,2.55738277121,2738.61278753
0.890815188844,22389.4865935,-1.75917567911e-18,5,36000.0,329,9.21684677492e-18,-0.0342831788029,0.00945905957396,43000.0,0.784169472875,0.0342831788029,39600.0,2.43711555115,2416.60919472
0.90563147303,24262.8349008,-1.27830783167e-19,3,38000.0,330,-1.15273644289e-16,-0.0214154801112,0.00941359796522,44000.0,0.78864402947,0.0214154801112,41000.0,2.47349337435,2449.48974278
0.917446561323,23832.5039475,5.0965720556e-20,5,35000.0,331,3.29024605096e-17,-0.0211144160413,0.00755209594563,43000.0,0.878966487869,0.0211144160413,39800.0,2.50289124419,3059.41170816
0.880823404372,23653.6638324,4.01861035348e-18,6,34000.0,332,5.14697536102e-17,-0.0214628068526,0.00947536114996,42000.0,0.88241552732,0.0214628068526,38333.3333333,2.41288566929,2687.41924943
0.906762238987,22142.5189193,2.05031151087e-18,4,37000.0,333,-1.14572525495e-16,-0.0240271798857,0.0091716498894,40000.0,-4.09529668295,0.0240271798857,38750.0,2.4762918984,1299.03810568
0.921687596074,20838.2726536,8.11047091876e-19,4,38000.0,334,7.56100163322e-17,-0.027953497241,0.00906179440777,41000.0,0.817072833315,0.027953497241,39000.0,2.51352863376,1224.74487139
0.928439957419,24708.4502696,4.39788664399e-19,4,37000.0,335,5.85186424366e-17,-0.0220313829823,0.00978936343259,41000.0,0.894152912382,0.0220313829823,39750.0,2.53055831794,1639.35963108
0.913975755706,23813.156973,4.59793653909e-18,5,36000.0,336,-2.89930853565e-17,-0.0235677561425,0.00657126749693,41000.0,0.907377299518,0.0235677561425,38600.0,2.49421925331,1743.55957742
0.925553540422,20427.327886,-2.49936678722e-18,4,33000.0,337,1.55768556627e-17,-0.0272213426073,0.00727499315107,39000.0,0.243892462826,0.0272213426073,36500.0,2.52326460281,2291.28784748
0.934168209113,22848.1268146,-1.59850925792e-18,4,37000.0,338,8.39843615016e-17,-0.0130486966106,0.00875892507283,43000.0,0.783729842684,0.0130486966106,40500.0,2.54509558973,2179.44947177
0.947867068407,24459.9346912,1.95981368406e-19,3,35000.0,339,-4.99600361081e-17,-0.0205365257396,0.00640509007044,38000.0,0.712465085101,0.0205365257396,36666.6666667,2.58020039502,1247.21912892
0.988615044394,22075.9050302,-2.23037828255e-19,3,39000.0,340,6.99869047615e-17,-0.0247738072367,0.00920711162782,41000.0,0.880789892237,0.0247738072367,40000.0,2.68750981192,816.496580928
0.953398167153,22073.3864025,3.43674805069e-18,4,35000.0,341,1.72254409698e-16,-0.0257703066848,0.00731487100426,40000.0,0.897433294355,0.0257703066848,37250.0,2.59451127917,2277.60839479
0.960636415385,21362.8111264,1.9056334981e-18,4,36000.0,342,-7.3543783728e-18,-0.0259796425142,0.00947598178081,41000.0,0.899809269464,0.0259796425142,38250.0,2.61335912625,2277.60839479
0.96818869164,23230.0170765,3.19105556557e-18,4,34000.0,343,-1.79839098764e-16,-0.0298621649286,0.00988222556362,41000.0,0.842835970601,0.0298621649286,38000.0,2.63317065322,2738.61278753
0.971141508877,22682.4527491,-2.37105635008e-18,3,33000.0,344,-9.04702669369e-17,-0.0198381435136,0.00651058725901,38000.0,0.863039177066,0.0198381435136,35666.6666667,2.6409574157,2054.80466766
0.962533975869,23336.7776258,-3.98847537978e-18,4,36000.0,345,-2.25829456145e-17,-0.0276419597313,0.00920740124812,38000.0,0.924981945289,0.0276419597313,37250.0,2.61832284125,829.156197589
0.951793201361,24219.6114367,7.08123341103e-19,5,35000.0,346,1.292328572e-16,-0.0369342191056,0.0097697071401,41000.0,0.840408186639,0.0369342191056,38000.0,2.59035051715,2280.3508502
0.961285970833,23560.1659532,1.77689315283e-18,5,36000.0,347,-4.04711841489e-17,-0.025733815261,0.00663566690419,40000.0,0.945936655776,0.025733815261,37400.0,2.61505719935,1743.55957742
0.936779022502,23500.2765779,2.58683235096e-18,4,34000.0,348,1.48668955934e-16,-0.0160263220127,0.00903138066452,41000.0,-2.64944557853,0.0160263220127,37750.0,2.55174904105,2487.46859277
0.920095701014,24183.9286507,-2.15548835368e-18,5,35000.0,349,-5.46623568699e-17,-0.019799630598,0.00981463472313,41000.0,0.868633698305,0.019799630598,38200.0,2.50953054306,2481.9347292
0.918154104921,23221.4236759,-3.49614464747e-18,5,38000.0,350,-1.31657619087e-18,-0.0313870719762,0.0099991831417,42000.0,0.753614273811,0.0313870719762,40200.0,2.50466277551,1833.03027798
0.928474133154,23647.7197723,4.12220791997e-18,5,38000.0,351,-4.74185617144e-17,-0.0210092764021,0.00953898482379,46000.0,0.872641044373,0.0210092764021,40800.0,2.5306448031,2785.67765544
0.931247234547,22491.2352952,1.08871701657e-20,4,35000.0,352,1.98792931667e-16,-0.0194829415377,0.00658598163287,42000.0,0.742879430835,0.0194829415377,38250.0,2.53767227718,2487.46859277
0.906159281061,24056.439355,3.56065201953e-18,4,35000.0,353,-1.48595815915e-18,-0.023275225957,0.00635185338691,41000.0,0.908941114444,0.023275225957,38750.0,2.47479924862,2277.60839479
0.894074851881,22011.8024849,-8.98374199781e-19,4,35000.0,354,-1.30973990121e-16,-0.026659224852,0.00680545641635,40000.0,0.756263434758,0.026659224852,37000.0,2.44507268837,1870.82869339
0.889158673887,22957.2899944,-3.18003737081e-18,4,35000.0,355,-5.5960201376e-17,-0.0187501356053,0.00948238379388,42000.0,0.901731679701,0.0187501356053,39250.0,2.43308177471,2586.0201082
0.878270710576,22673.3230153,-2.97288759147e-19,6,32000.0,356,-4.26352928043e-18,-0.0185904372194,0.00884362390586,40000.0,0.866952684139,0.0185904372194,36000.0,2.4067341658,3055.0504633
0.895351669933,24297.2362586,2.05068233085e-18,4,35000.0,357,1.53478709871e-16,-0.0180657307315,0.00863384490402,41000.0,0.92257042621,0.0180657307315,37250.0,2.44819659523,2277.60839479
0.886334932452,23311.544247,5.07131210583e-19,3,36000.0,358,-6.06327157794e-17,-0.0178968287231,0.00761062417362,40000.0,0.929604395589,0.0178968287231,38333.3333333,2.42622107187,1699.6731712
0.886991416376,22291.7425531,1.57215306351e-18,4,40000.0,359,2.16585807696e-16,-0.0182262759123,0.00705475904937,42000.0,0.828627485733,0.0182262759123,41250.0,2.42781436994,829.156197589
0.832023894873,22976.9412083,-1.46614469096e-18,3,37000.0,360,2.58240627272e-17,-0.0197886186696,0.00920607079949,41000.0,0.842035398914,0.0197886186696,39333.3333333,2.29796487636,1699.6731712
0.897598405222,20681.4682617,5.59717619931e-18,5,36000.0,361,-6.17407800685e-17,-0.0222318656362,0.00859063222377,40000.0,0.8319173577,0.0222318656362,38800.0,2.45370322857,1600.0
0.891662801724,19290.6304708,-1.45336485036e-18,3,34000.0,362,9.78786041861e-19,-0.0278189460024,0.00649922742257,37000.0,0.625109729198,0.0278189460024,35666.6666667,2.4391821574,1247.21912892
0.885557493134,22726.5464941,8.59167951352e-19,4,36000.0,363,-1.79394082665e-16,-0.0171936456022,0.00683379126254,40000.0,0.784864652243,0.0171936456022,38500.0,2.42433556525,1500.0
0.898112862456,20586.4155338,-2.75115012746e-18,4,27000.0,364,2.3606546271e-18,-0.024330003738,0.00987935999937,39000.0,0.572853763733,0.024330003738,35250.0,2.45496587871,4918.07889323
0.923578911538,20529.05259,2.08484224814e-18,5,35000.0,365,1.00148513168e-16,-0.0198183495428,0.00657167591465,40000.0,0.644530106643,0.0198183495428,38000.0,2.51828700771,1673.32005307
0.909046407531,24076.3832154,-4.91097711888e-20,5,36000.0,366,9.61456899607e-17,-0.0105157783162,0.00546332301927,40000.0,0.828624736491,0.0105157783162,38200.0,2.48195463131,1833.03027798
0.880084487276,21320.1775081,3.29809630486e-19,4,39000.0,367,-5.26024852254e-17,-0.00969337804758,0.00557301331636,43000.0,0.603769786061,0.00969337804758,40000.0,2.41110340537,1732.05080757
0.895416121358,22312.8755106,4.32097708241e-18,4,36000.0,368,-6.32027200875e-17,-0.0136460102386,0.00893446638365,43000.0,0.877186148323,0.0136460102386,38500.0,2.44835439007,2872.28132327
0.88675721112,22235.7919184,1.19053227354e-18,3,40000.0,369,1.89429744558e-17,-0.0173917324502,0.00873681989786,42000.0,0.893751758812,0.0173917324502,40666.6666667,2.42724582963,942.809041582
0.823979191354,20637.9179412,6.37882341853e-19,5,32000.0,370,-2.05036119316e-16,-0.0187655864861,0.00659385739141,41000.0,0.654810548744,0.0187655864861,37600.0,2.27955259023,3382.30690506
0.871919038245,23004.6560977,-7.10872552733e-19,5,37000.0,371,3.63442764617e-17,-0.0177358249068,0.00664579623428,45000.0,0.826955635485,0.0177358249068,40600.0,2.3914958247,2939.38769134
0.872737456497,21665.1096423,5.26286495055e-19,4,35000.0,372,1.79102016237e-17,-0.0258007665911,0.00968679181002,39000.0,0.811953415352,0.0258007665911,36750.0,2.39345386967,1785.35710714
0.867238055479,23165.8003324,-3.00004431596e-18,4,37000.0,373,-5.27437331347e-17,-0.0204228587541,0.00948185382358,40000.0,0.902409630504,0.0204228587541,38500.0,2.38032743388,1118.03398875
0.88418665008,24298.8448349,-2.45697710622e-18,4,39000.0,374,2.06456526366e-16,-0.0228035086341,0.00896516266729,41000.0,0.89981704514,0.0228035086341,40000.0,2.42101445856,707.106781187
0.868077224187,24134.2479547,2.25156103679e-18,5,37000.0,375,1.73270830834e-17,-0.0221140132159,0.00957753215583,44000.0,0.869102125354,0.0221140132159,39800.0,2.38232576853,2481.9347292
0.843848820459,19147.6442288,2.86794701149e-19,3,37000.0,376,-3.79888117921e-18,-0.0147177869392,0.00726664388085,40000.0,-3.30664675526,0.0147177869392,38000.0,2.32529943608,1414.21356237
0.834518848285,22680.4483255,3.66802495837e-18,4,39000.0,377,4.70925982175e-17,-0.00881890122805,0.00980199860724,43000.0,0.797541669326,0.00881890122805,40250.0,2.3037053498,1639.35963108
0.87038756391,18888.9896731,-1.55980283073e-18,3,39000.0,378,1.45022882592e-16,-0.0212839155489,0.00981211359925,43000.0,0.707895167665,0.0212839155489,40666.6666667,2.38783611332,1699.6731712
0.839149891836,23383.4018139,-8.71133026705e-19,3,36000.0,379,8.65542804635e-17,-0.0193203927802,0.00757162157448,40000.0,0.670625365262,0.0193203927802,37666.6666667,2.31439865107,1699.6731712
0.832703386062,21179.3134917,2.44161162817e-19,4,39000.0,380,7.92612532861e-17,-0.0130967643009,0.00742204984223,45000.0,0.805446455622,0.0130967643009,42500.0,2.29952685387,2179.44947177
0.839263930901,22587.6185877,-3.54377190856e-18,4,38000.0,381,1.35839052425e-17,-0.0196723428761,0.00941487539073,40000.0,0.891611594946,0.0196723428761,39000.0,2.31466259797,707.106781187
0.868093176714,23460.6729077,-1.15260839978e-18,3,37000.0,382,-7.64843493468e-17,-0.0230901118924,0.00976263282224,40000.0,0.915591263431,0.0230901118924,38333.3333333,2.38236377295,1247.21912892
0.851947188339,21927.7574121,4.73357159079e-19,4,33000.0,383,4.08324919479e-17,-0.0236863900003,0.00835324583874,40000.0,0.896986300446,0.0236863900003,36750.0,2.34420702331,2586.0201082
0.830619759894,21846.4840283,1.09570524359e-18,4,38000.0,384,-2.12648508057e-17,-0.0198612942276,0.00925577801546,40000.0,0.791168581156,0.0198612942276,38750.0,2.29474048777,829.156197589
0.780995719403,22691.3418282,-2.79447064306e-18,5,38000.0,385,7.35074206314e-17,-0.0150403518176,0.00679501568091,43000.0,0.831692820431,0.0150403518176,39600.0,2.18364548154,1854.7236991
0.811835831827,22816.6910382,2.53223963001e-18,4,38000.0,386,5.3928237381e-17,-0.0245664051887,0.00684878073606,43000.0,0.845955211886,0.0245664051887,40250.0,2.25203855806,2277.60839479
0.839805468194,23359.9830276,-1.94670847631e-18,4,40000.0,387,-2.28931151767e-17,-0.021305307966,0.00649384832979,45000.0,0.690790713223,0.021305307966,41750.0,2.31591641356,1920.28643697
0.849206368013,23475.1456704,-1.05554684175e-18,5,35000.0,388,-5.37070388162e-16,-0.0166758971256,0.00654486437005,43000.0,0.801567893498,0.0166758971256,39600.0,2.33779076997,2800.0
0.910271779874,20950.9079378,2.35327464884e-18,3,37000.0,389,-2.36637234378e-17,-0.0212134423094,0.0097749829882,42000.0,-0.162793548539,0.0212134423094,39666.6666667,2.48499781401,2054.80466766
0.911540947647,22425.521248,-1.03259993251e-18,3,38000.0,390,-6.43742762178e-18,-0.0181156747816,0.00950933849189,43000.0,0.880587522813,0.0181156747816,40666.6666667,2.4881536954,2054.80466766
0.90419083783,20353.1139591,3.48132363735e-18,4,38000.0,391,-9.70641801377e-17,-0.0147151892071,0.00700539353957,40000.0,0.648717225562,0.0147151892071,39250.0,2.46993253828,829.156197589
0.870694548792,21874.9912318,2.902833395e-18,4,37000.0,392,6.24953128494e-17,-0.0203795320106,0.00832686557475,40000.0,0.827042510818,0.0203795320106,38250.0,2.38856925543,1299.03810568
0.920665647952,23887.0382906,6.17285503463e-19,4,36000.0,393,-1.65849512538e-16,-0.0153903592003,0.00980927339904,42000.0,0.894665662656,0.0153903592003,39750.0,2.51096124999,2487.46859277
0.900529014332,23714.1350182,1.98544878679e-18,5,37000.0,394,1.40951645336e-16,-0.0223769134314,0.00986316496904,42000.0,0.891302492683,0.0223769134314,39800.0,2.46090462068,1600.0
0.907829441369,21060.0358559,4.76427321072e-18,5,36000.0,395,-2.08387570152e-16,-0.018597093639,0.00755818708165,41000.0,0.877988715378,0.018597093639,38000.0,2.47893601366,1897.3665961
0.860549573715,22672.7369232,3.54313050033e-18,5,38000.0,396,-1.32191417587e-17,-0.0172338025131,0.006434137514,44000.0,0.878442204217,0.0172338025131,40400.0,2.36445978165,2059.1260282
0.870905286256,22300.8521363,1.00906770539e-19,5,38000.0,397,3.40857946157e-17,-0.0188427546787,0.00995466729197,44000.0,0.843671958107,0.0188427546787,39800.0,2.3890726695,2227.10574513
0.882472483203,23147.7016857,3.10036204429e-18,4,38000.0,398,-1.19220377886e-17,-0.0196239024593,0.00918082173369,41000.0,0.881428372102,0.0196239024593,40000.0,2.41686799065,1224.74487139
0.883613183077,21318.1814115,-6.65503130557e-19,4,40000.0,399,2.07284414424e-16,-0.0233526944884,0.0067705416227,44000.0,0.82891348637,0.0233526944884,41250.0,2.41962648467,1639.35963108
0.887291143036,22200.583533,1.37002557098e-18,4,35000.0,400,7.27124222034e-17,-0.0161364484082,0.00724506277487,43000.0,0.86815182037,0.0161364484082,39250.0,2.42854215969,2861.38078556
0.903381152034,23299.9383509,-2.67804143056e-18,3,41000.0,401,1.69492687859e-16,-0.0167690722836,0.00997677335085,45000.0,0.93764100535,0.0167690722836,42666.6666667,2.4679334784,1699.6731712
0.884875656657,23312.9860403,-2.12001056376e-18,5,39000.0,402,-4.75626723021e-17,-0.0165855403332,0.00782003808097,42000.0,0.870336427374,0.0165855403332,40800.0,2.42268312824,1469.69384567
0.906756026729,20301.92222,-4.69350672912e-18,4,38000.0,403,3.91150845675e-17,-0.0181312250927,0.00725204994074,43000.0,0.648795270442,0.0181312250927,41250.0,2.47627651508,2046.33819297
0.859032689453,23013.7710531,-4.25202786074e-19,4,40000.0,404,-1.60618331022e-17,-0.0139059103188,0.00965703092503,46000.0,0.742601084951,0.0139059103188,42750.0,2.36087588868,2165.06350946
0.891990386746,21194.8940083,-2.45702848202e-18,4,38000.0,405,-9.00467147835e-18,-0.0194008022137,0.00662040548327,43000.0,0.840156108159,0.0194008022137,40000.0,2.43998132783,1870.82869339
0.873469949377,21722.2162539,-1.43154786052e-18,5,36000.0,406,-1.01515956245e-16,-0.0167390820591,0.00882518947996,40000.0,0.869716855544,0.0167390820591,38400.0,2.39520769985,1496.66295471
0.825837713159,22025.0103193,-3.76293775906e-18,5,36000.0,407,3.13255862473e-17,-0.0168183188966,0.00792483287727,39000.0,0.803176716244,0.0168183188966,37400.0,2.28379312777,1019.80390272
0.884854282859,23601.2723803,7.81258064519e-19,4,39000.0,408,-5.2399906767e-17,-0.0324403381951,0.00957007467372,41000.0,0.886104389767,0.0324403381951,40000.0,2.42263134685,1000.0
0.891882097058,24634.6253034,1.30970124734e-18,5,42000.0,409,9.42622048792e-17,-0.0142964953962,0.00662797980906,47000.0,0.830851355072,0.0142964953962,43600.0,2.43971711732,1854.7236991
0.866825062369,24249.6903259,-5.67056316683e-18,5,36000.0,410,1.19513491943e-16,-0.0195660230745,0.00942382739197,45000.0,0.876012071582,0.0195660230745,40200.0,2.37934457802,2856.57137142
0.852918436994,23155.5376747,5.01240365042e-18,5,38000.0,411,1.25759776241e-17,-0.0224671274956,0.00823028116075,42000.0,0.729362452605,0.0224671274956,39600.0,2.34648493726,1496.66295471
0.853291821558,23167.2793491,-3.71387886477e-18,5,37000.0,412,3.37941057252e-17,-0.0135327296654,0.0067003012296,41000.0,0.911746689495,0.0135327296654,38200.0,2.3473612421,1469.69384567
0.813658397257,23249.6840982,-3.44363162343e-18,5,36000.0,413,2.14625453448e-17,-0.019188586581,0.00972486501977,41000.0,0.892732661104,0.019188586581,39800.0,2.25614678831,1939.07194297
0.785075052253,23301.8976697,-3.10384596633e-18,5,38000.0,414,6.24817295822e-17,-0.0171462359311,0.00926525103461,40000.0,0.885286329834,0.0171462359311,38600.0,2.19257149199,800.0
0.855185528066,22205.3126767,-8.88238733161e-19,4,38000.0,415,-3.48558391452e-17,-0.0179259885703,0.00914612815066,42000.0,0.780517459199,0.0179259885703,39750.0,2.35181066699,1479.01994577
0.828720955325,24365.3736333,-6.3252408423e-18,5,38000.0,416,-6.31101255297e-17,-0.0173739005573,0.00996564319957,44000.0,0.891195604708,0.0173739005573,39800.0,2.29038735823,2135.41565041
0.814488286962,23475.9763893,3.79891241222e-18,4,40000.0,417,-1.57520867359e-16,-0.0197623579042,0.00749801818098,44000.0,0.894399857852,0.0197623579042,41500.0,2.25801991844,1500.0
0.818160206354,22629.3886229,4.00370269013e-18,5,33000.0,418,3.88816303903e-16,-0.0128401610858,0.00655307915745,47000.0,0.878727794325,0.0128401610858,39800.0,2.26632642664,4445.22215418
0.803381097755,23282.583089,-2.86863859134e-18,7,34000.0,419,-5.1477051033e-17,-0.0185054924203,0.00994011053746,44000.0,0.818606557782,0.0185054924203,38714.2857143,2.23307843527,3103.65156891
0.806060298804,22698.725272,-8.23794690641e-19,4,35000.0,420,1.28175511279e-16,-0.0237208696542,0.0097533633562,42000.0,0.637740196222,0.0237208696542,38250.0,2.23906932317,2586.0201082
0.81076171405,22785.3572055,-4.38450298922e-18,5,39000.0,421,-9.13405818497e-18,-0.0175898516973,0.00965312162792,42000.0,0.820395883646,0.0175898516973,40200.0,2.24962090206,979.795897113
0.781074088444,23883.7627554,4.10703437658e-19,5,35000.0,422,2.03883215622e-16,-0.0187457433184,0.00659285810466,42000.0,0.87574193899,0.0187457433184,37600.0,2.18381661845,2332.38075794
0.803620898826,24886.0580945,1.33311055838e-18,4,39000.0,423,-9.66724810558e-17,-0.0196774832996,0.00972917071565,43000.0,0.85676690513,0.0196774832996,41250.0,2.23361399408,1785.35710714
0.827440789726,22297.2863479,-5.23289598974e-18,5,38000.0,424,-3.92009315215e-17,-0.0220345333111,0.00908837079713,42000.0,0.794408779694,0.0220345333111,40400.0,2.28745715909,1356.46599663
0.783380507972,22390.4184111,3.70631132471e-19,4,39000.0,425,1.23089944035e-16,-0.0197817788773,0.00993684722046,41000.0,0.625486013436,0.0197817788773,40000.0,2.18885922869,707.106781187
0.794624906895,21670.967348,-2.03103835208e-19,4,35000.0,426,-9.06528791056e-17,-0.0269530535651,0.00853291092408,43000.0,0.847748624932,0.0269530535651,38000.0,2.21361053102,3082.20700148
0.793825849466,24283.882541,-1.68060822431e-18,7,37000.0,427,1.13139894063e-16,-0.0164550134575,0.00646364016778,43000.0,0.884132195107,0.0164550134575,39857.1428571,2.21184243557,1807.01580581
0.818267094425,24077.809793,-5.92041110599e-18,5,38000.0,428,9.04482394188e-17,-0.0176444335419,0.00670029527358,46000.0,-0.0743671944865,0.0176444335419,40800.0,2.26656868285,2785.67765544
0.833439146847,24284.0563855,8.10222970865e-19,5,38000.0,429,-5.68816326734e-17,-0.0155284713255,0.00760389290916,44000.0,0.890572472636,0.0155284713255,41600.0,2.30121937812,2244.99443206
0.829715441023,24537.7171682,-3.45166695527e-18,6,33000.0,430,1.45146040449e-16,-0.0186293731088,0.00950189450872,43000.0,0.871201845012,0.0186293731088,39500.0,2.29266624867,3354.10196625
0.624510851299,23895.9790106,-2.5282206609e-18,5,34000.0,431,-1.29842568354e-16,-0.0116169937374,0.0097032093404,41000.0,0.755115751824,0.0116169937374,39000.0,1.86733233082,2607.68096208
0.775070255253,23724.0593102,-1.61566492091e-18,4,37000.0,432,-8.86551719298e-17,-0.0155409755793,0.00849325690847,43000.0,0.941563095657,0.0155409755793,39750.0,2.17074462804,2384.84800354
0.770246178429,20526.5251661,6.21455992748e-18,5,36000.0,433,-7.3690241693e-17,-0.0236878783276,0.00673712911399,40000.0,0.519418662328,0.0236878783276,38800.0,2.1602980071,1469.69384567
0.774749467269,21956.1901783,-2.44871423946e-18,5,35000.0,434,9.42660679338e-17,-0.0139596398138,0.00644575612424,42000.0,0.810490429133,0.0139596398138,38600.0,2.17004839092,2244.99443206
0.769155395976,24570.4020557,2.37662942322e-18,6,37000.0,435,-1.99150175321e-17,-0.0141569032355,0.00709969739952,42000.0,0.845662247974,0.0141569032355,39666.6666667,2.15794287664,1972.02659437
0.754834475167,24068.5120418,-7.01337671605e-20,5,36000.0,436,-3.59200403909e-17,-0.0116647061204,0.00776404151051,43000.0,0.889144623294,0.0116647061204,40400.0,2.12725937996,2653.29983228
0.729204594726,22937.3815252,3.82944378104e-19,6,36000.0,437,-6.03583569006e-17,-0.0212600688532,0.00980128945689,41000.0,0.775414974054,0.0212600688532,39333.3333333,2.07343073386,2054.80466766
0.734940853957,23888.2696491,-6.01277800475e-20,7,37000.0,438,-1.51003074224e-16,-0.0153203890468,0.00764883398361,44000.0,-0.391420547279,0.0153203890468,41000.0,2.08535864815,2138.0899353
0.716498145142,21545.3047789,7.71498392688e-19,5,36000.0,439,-7.15972972329e-18,-0.0164752352885,0.0065601339708,42000.0,0.770749188432,0.0164752352885,39000.0,2.04725146578,2000.0
0.760281160995,22674.7344258,-1.7391852388e-18,4,36000.0,440,5.12933921916e-17,-0.0168225319008,0.0064553995721,43000.0,0.839125792327,0.0168225319008,40000.0,2.13887750489,2738.61278753
0.760746995638,21275.3185791,-3.93629377468e-18,4,38000.0,441,1.36706566465e-16,-0.0156343599421,0.00664158108351,43000.0,0.696912611296,0.0156343599421,40500.0,2.13987410024,1802.77563773
0.652320971979,22094.2673644,3.78528126387e-19,4,33000.0,442,5.7734812212e-17,-0.0210361044138,0.006507379148,41000.0,0.806146189936,0.0210361044138,37250.0,1.91999190902,3766.62979333
0.759273396299,22043.6140046,6.02921226367e-19,4,39000.0,443,-1.58718385959e-17,-0.0127166964902,0.00642876662707,42000.0,0.697930169162,0.0127166964902,40500.0,2.1367231054,1118.03398875
0.698565948094,24231.1839135,-9.66981009832e-19,3,39000.0,444,-2.03251501288e-17,-0.029309201932,0.00966609145519,40000.0,0.580051862255,0.029309201932,39333.3333333,2.01086695122,471.404520791
0.655548839079,19739.7303105,1.61310349838e-18,4,35000.0,445,1.03450599043e-16,-0.0129258455672,0.00673410264959,43000.0,0.372068200478,0.0129258455672,38500.0,1.92619940083,2958.03989155
0.789462323216,23638.5715407,9.30820987052e-20,5,36000.0,446,-5.4952602496e-17,-0.0245959091599,0.00984058195585,39000.0,0.806137855348,0.0245959091599,37800.0,2.20221202959,1166.19037897
0.77749915617,24077.7552152,-3.57898154143e-20,4,37000.0,447,1.50520621608e-17,-0.0227951866777,0.00665017678032,41000.0,0.869884099598,0.0227951866777,38500.0,2.17602356006,1500.0
0.807315415965,22577.0236548,1.11592740472e-18,5,36000.0,448,5.0181703407e-17,-0.0169494728475,0.00873796351973,40000.0,0.877246284594,0.0169494728475,38200.0,2.24188138187,1326.64991614
0.831028643391,22100.8931467,4.28013854988e-18,5,36000.0,449,9.41961201754e-17,-0.020096253803,0.00793128137769,39000.0,0.827642522559,0.020096253803,37600.0,2.29567896114,1019.80390272
0.827497408529,23719.8825189,6.207347668e-19,5,36000.0,450,4.4433876048e-17,-0.0197706127318,0.00847208644503,43000.0,0.876272041982,0.0197706127318,40400.0,2.28758667584,2416.60919472
0.811457841008,23122.1700129,-2.03988119446e-18,4,38000.0,451,5.55111512313e-17,-0.0163764714878,0.00747844043366,40000.0,0.802513365734,0.0163764714878,39000.0,2.25118746902,1000.0
0.880981575114,20661.9060358,-2.06419955119e-19,4,38000.0,452,-6.97244754948e-18,-0.0247066308243,0.00970597296102,44000.0,0.727135716594,0.0247066308243,40500.0,2.41326734739,2598.07621135
0.824070024349,23685.7750689,3.01658361927e-18,4,34000.0,453,1.35403484467e-16,-0.0141798688242,0.0065460995726,42000.0,0.789704033929,0.0141798688242,39000.0,2.27975965822,3082.20700148
0.850019526085,22540.9280378,6.05889235805e-18,5,37000.0,454,2.06211692301e-16,-0.0192533531196,0.00815971512703,42000.0,0.901678439629,0.0192533531196,39400.0,2.33969253651,1854.7236991
0.83069470118,21690.189792,1.08202950146e-18,4,34000.0,455,7.99886550827e-17,-0.0200510296233,0.00634730789986,40000.0,0.807315830088,0.0200510296233,37500.0,2.29491246502,2291.28784748
0.854733835557,22478.8147999,1.89412836226e-18,4,36000.0,456,7.9331234782e-17,-0.0174445050328,0.00942020349622,44000.0,0.890896689968,0.0174445050328,39750.0,2.3507486116,3031.08891325
0.839114602238,23107.2683518,3.45524700398e-18,5,36000.0,457,1.92170083386e-16,-0.0213693348815,0.00914353004347,45000.0,0.870623846808,0.0213693348815,41200.0,2.31431697831,3059.41170816
0.877988757332,22756.8612563,-3.07685407574e-19,5,36000.0,458,2.90743488217e-16,-0.0168089506396,0.00979045820384,43000.0,0.829834302524,0.0168089506396,39600.0,2.40605567495,2416.60919472
0.857327495128,23041.3970226,-5.7236488859e-18,4,38000.0,459,-1.67661947572e-16,-0.0193822063477,0.0088153722836,39000.0,0.921697303714,0.0193822063477,38500.0,2.35685356691,500.0
0.847313336199,20196.5829896,4.79485925393e-19,4,35000.0,460,-8.79622189623e-17,-0.0186609179626,0.00888893509498,45000.0,0.760687911568,0.0186609179626,38250.0,2.33336944384,3960.74487944
0.832543356619,20717.2546458,1.4976142945e-18,4,36000.0,461,1.87330291095e-17,-0.0192215534915,0.00641492442042,38000.0,0.861637094736,0.0192215534915,37250.0,2.29915889131,829.156197589
0.821460086334,21750.8393109,5.22724573321e-18,5,35000.0,462,1.97928264524e-16,-0.0187783239398,0.00954087784961,41000.0,0.880422098261,0.0187783239398,37400.0,2.27381738468,2059.1260282
0.832739614409,21425.9607231,-3.14616287361e-19,4,36000.0,463,-1.07201267196e-17,-0.0193281581973,0.00658949993316,41000.0,0.801396562846,0.0193281581973,37250.0,2.29961016343,2165.06350946
0.784866052896,22536.7633831,-3.60447949765e-18,5,36000.0,464,-8.89450360972e-17,-0.0176624328394,0.00645671434461,40000.0,0.880884251425,0.0176624328394,38000.0,2.19211329384,1673.32005307
0.804229714953,23008.2980588,1.06381029138e-18,6,35000.0,465,7.60452013542e-17,-0.0194612063316,0.0094627909562,40000.0,0.930666822646,0.0194612063316,37166.6666667,2.23497426834,1572.33018868
0.780861179432,23596.884714,1.17932598374e-19,5,37000.0,466,-3.06458256384e-17,-0.0167281504947,0.00794252005947,42000.0,0.886934979476,0.0167281504947,39200.0,2.1833517137,1720.46505341
0.805927612985,22948.3584975,9.61934825181e-19,4,34000.0,467,5.65685064928e-18,-0.0256113633829,0.00962281531147,40000.0,0.8922179665,0.0256113633829,37000.0,2.23877225013,2549.5097568
0.788207165641,23570.9539735,1.57446420925e-18,5,37000.0,468,-3.23494122141e-17,-0.0131143349678,0.00681082963004,40000.0,0.9053576541,0.0131143349678,38400.0,2.19944964046,1356.46599663
0.756107850866,22486.4734755,-2.67165245253e-19,4,35000.0,469,2.09936631745e-18,-0.0240013147081,0.00836852858067,43000.0,0.91320822727,0.0240013147081,39750.0,2.12996990575,3112.4748995
0.753274830232,24166.3441283,-1.5944732016e-18,6,36000.0,470,-3.0373019049e-16,-0.017319016425,0.00702142486542,44000.0,0.897931873766,0.017319016425,39666.6666667,2.12394419657,2624.66929134
0.769395620487,23122.8308394,-1.02870913866e-18,5,39000.0,471,1.01894273771e-16,-0.0233555602908,0.00763915874868,45000.0,0.805657510306,0.0233555602908,40600.0,2.15846132968,2332.38075794
0.744767427549,25092.0404185,2.50257195241e-18,4,39000.0,472,-4.55550829877e-17,-0.0242704276021,0.00927948157274,43000.0,0.911851198088,0.0242704276021,41000.0,2.1059515917,1581.13883008
0.760803726274,22600.2422242,-2.29681762044e-18,4,33000.0,473,-1.27614543262e-16,-0.0246282312951,0.00975249385657,38000.0,0.83286165438,0.0246282312951,35250.0,2.1399955001,1785.35710714
0.772459272754,23080.8061421,-1.22302174435e-18,4,38000.0,474,2.55822189606e-18,-0.0180281076827,0.0085515140316,41000.0,0.810252801826,0.0180281076827,39500.0,2.1650842446,1118.03398875
0.784528680497,24970.3802725,1.25254368113e-18,4,40000.0,475,1.02242477523e-16,-0.0178562146861,0.00887220359331,42000.0,0.909070949113,0.0178562146861,40750.0,2.19137386006,829.156197589
0.783772960424,22741.3650493,3.54637675539e-18,5,36000.0,476,5.23065968771e-17,-0.0240560265044,0.00657508753151,45000.0,0.602113293959,0.0240560265044,40800.0,2.18971842045,3655.1333765
0.808580619572,21329.4804093,1.14885453814e-18,4,36000.0,477,-2.9988576691e-16,-0.0252369558625,0.00710742580189,43000.0,-0.380254743631,0.0252369558625,39500.0,2.24471961337,2692.58240357
0.825214755118,22843.9468649,2.02562916546e-18,4,35000.0,478,6.36776955951e-17,-0.0225137204329,0.00868843119637,44000.0,0.863819969957,0.0225137204329,40750.0,2.28237086353,3491.06001094
0.80631548442,21638.6656231,-1.44311237813e-18,4,39000.0,479,-5.03261734886e-17,-0.0211179146063,0.00974126557138,44000.0,0.564291031621,0.0211179146063,40250.0,2.23964077437,2165.06350946
0.808095927841,24275.9531392,-5.21982370926e-19,5,36000.0,480,2.09832151654e-17,-0.0213325746455,0.0070688741934,43000.0,0.761257880895,0.0213325746455,40200.0,2.24363187996,2712.93199325
0.845095252616,21246.2864044,1.79000114108e-18,4,37000.0,481,1.39935432205e-16,-0.0266729264789,0.00763424912164,43000.0,-0.210258457507,0.0266729264789,39750.0,2.32819957111,2165.06350946
0.841090748312,21017.5685504,1.18684873867e-18,4,40000.0,482,-2.34620250343e-18,-0.0253494566438,0.00990406829006,42000.0,0.732577924598,0.0253494566438,41000.0,2.31889492858,707.106781187
0.834829696277,22124.3940386,1.52437135646e-18,4,35000.0,483,6.56854824687e-17,-0.0261844246944,0.00678953227983,42000.0,0.609543284448,0.0261844246944,38750.0,2.3044215633,2861.38078556
0.838876596376,22708.6541112,-2.37392264477e-18,6,38000.0,484,-1.37106131362e-16,-0.0136749303548,0.00643825515664,42000.0,0.878071346966,0.0136749303548,39833.3333333,2.31376622285,1863.38998125
0.79426179584,23960.6813545,-3.11345074503e-18,6,34000.0,485,1.61610446398e-16,-0.0204021369311,0.00947562807068,45000.0,0.800604722847,0.0204021369311,39166.6666667,2.21280689047,3236.08130649
0.76598728209,21109.0873948,-1.40946485174e-18,5,36000.0,486,-9.56401744114e-17,-0.0211691579927,0.00917182554314,42000.0,0.449039689071,0.0211691579927,38400.0,2.151117086,2939.38769134
0.741426781949,21661.9251568,1.69951879348e-18,4,35000.0,487,-4.03762723305e-17,-0.0133374520289,0.00702167573308,40000.0,0.834486759966,0.0133374520289,38000.0,2.09892809182,1870.82869339
0.826184236587,22260.304321,5.91466498939e-19,4,36000.0,488,-8.16789078815e-17,-0.0181991342035,0.00768914098071,42000.0,0.911476580431,0.0181991342035,39250.0,2.28458465272,2165.06350946
0.813210430815,22552.0947467,1.70313127358e-18,5,39000.0,489,-9.77729427818e-17,-0.0226739330482,0.00985010241606,45000.0,0.852811441089,0.0226739330482,41600.0,2.2551363366,2059.1260282
0.775477235934,22875.8118961,1.36579606791e-18,4,36000.0,490,7.27571093911e-17,-0.0151571438637,0.00670436149239,42000.0,0.731809701509,0.0151571438637,39500.0,2.17162825896,2291.28784748
0.772360635224,22961.9358052,3.47967783107e-18,3,35000.0,491,1.35077134663e-17,-0.0225727203765,0.00868936180221,40000.0,0.921075065064,0.0225727203765,37333.3333333,2.16487069657,2054.80466766
0.778113989383,22786.542323,-1.70205481052e-18,3,37000.0,492,-3.01235698921e-16,-0.0206256340997,0.00688281661415,40000.0,0.827049808446,0.0206256340997,39000.0,2.177361863,1414.21356237
0.803698736139,23580.7823258,-7.3083457475e-20,4,38000.0,493,1.17553026137e-16,-0.0217274177894,0.00967162497353,40000.0,0.900835427096,0.0217274177894,39500.0,2.23378785936,866.025403784
0.818631096434,25331.0333545,-2.22594205349e-18,4,40000.0,494,6.58377585683e-17,-0.0216706793321,0.00867986996854,43000.0,0.941846537283,0.0216706793321,41250.0,2.26739386858,1299.03810568
0.793734128327,22220.9997209,6.06742564747e-19,5,34000.0,495,-8.29914235721e-17,-0.0261596434776,0.00928453282357,43000.0,0.803737652942,0.0261596434776,39200.0,2.21163957217,3544.00902933
0.84642103593,22468.2003827,-1.54252268673e-18,4,38000.0,496,1.102282389e-16,-0.020011547299,0.00858730346033,40000.0,0.853461447891,0.020011547299,39000.0,2.3312883063,707.106781187
0.799375983204,22907.3229939,6.66569917425e-19,4,34000.0,497,2.78630604428e-16,-0.0253527152426,0.00990248246978,40000.0,0.87532661759,0.0253527152426,38000.0,2.22415258679,2449.48974278
0.812326987831,20336.3570745,-1.20869183332e-18,3,39000.0,498,-6.1329123103e-17,-0.0259880418306,0.00928356221634,43000.0,0.700129968485,0.0259880418306,41666.6666667,2.253144932,1885.61808316
0.809111685145,23402.1653168,2.81709136443e-18,3,38000.0,499,-1.28102656688e-17,-0.0226295193222,0.0093948627637,41000.0,0.845581661309,0.0226295193222,39333.3333333,2.24591202327,1247.21912892
