MaxReturn,MinReturn,LossBefore,Iteration,Perplexity,NumTrajs,AverageDiscountedReturn,Entropy,MeanKL,StdReturn,MeanKLBefore,ExplainedVariance,LossAfter,dLoss,AverageReturn
11000.0,0.0,1.11762451146e-15,0,4.93080972469,3,292.554678626,1.59550321893,0.00695195883217,4784.2333648,-8.19962984464e-19,3.10862446895e-15,-0.0208543494391,0.0208543494391,4333.33333333
6000.0,0.0,2.1834386151e-17,1,4.84371942461,3,167.632848529,1.57768290176,0.00897207596326,2828.42712475,3.55057581355e-19,-0.308953122183,-0.0306351399637,0.0306351399637,2000.0
9000.0,0.0,2.93283915672e-16,2,4.70598199843,3,676.12040455,1.54883446506,0.00909914836212,4242.64068712,1.25314634609e-19,0.293209258125,-0.0367106698982,0.0367106698982,3000.0
9000.0,3000.0,-1.33596837297e-16,3,4.88370657377,3,453.761644847,1.58590447536,0.00774047028083,2494.43825785,5.66304590251e-19,0.130160652838,-0.0241940295587,0.0241940295587,5666.66666667
5000.0,0.0,2.44249065418e-17,4,4.68576814004,3,102.68042505,1.54452985957,0.00668893708271,2160.24689947,-5.49336893915e-18,-0.321247563941,-0.0273289559906,0.0273289559906,3000.0
11000.0,4000.0,4.40573503605e-16,5,4.8548945179,3,843.833278604,1.57998737502,0.00728228688993,2867.44175568,2.89073028332e-18,-0.143184365233,-0.0204115726407,0.0204115726407,7666.66666667
12000.0,4000.0,1.07166879537e-16,6,4.8189549686,3,1812.74510591,1.57255709306,0.00691098744418,3771.23616633,9.85605179135e-19,0.0889809434568,-0.0303742109657,0.0303742109657,9333.33333333
13000.0,0.0,-8.23878002857e-17,7,4.87546118864,3,3144.59034982,1.58421470277,0.00990395792492,5557.77733351,-3.71947194606e-18,0.288787406778,-0.0283719067866,0.0283719067866,7666.66666667
11000.0,6000.0,-2.34534613952e-17,8,5.09487778899,3,2497.52027385,1.62823567993,0.00658476067878,2160.24689947,1.45329969688e-18,0.373825180014,-0.0219104948866,0.0219104948866,9000.0
14000.0,4000.0,1.86147393795e-16,9,5.18959976426,3,3458.96901139,1.64665657749,0.00737348888599,4189.93502999,-2.74176461308e-18,0.409199958489,-0.0143457650523,0.0143457650523,9666.66666667
10000.0,5000.0,1.46595698543e-16,10,5.11994345725,3,2868.24024594,1.63314339548,0.00760058280284,2054.80466766,3.55875132666e-18,0.493534651192,-0.021177738455,0.021177738455,7333.33333333
10000.0,6000.0,-1.48584848129e-16,11,4.84300798162,3,1247.39796283,1.57753601149,0.00936624131209,1699.6731712,4.10473113753e-18,-0.00693569757485,-0.0381849096978,0.0381849096978,7666.66666667
12000.0,6000.0,3.78863607153e-17,12,4.95560163543,3,3916.96402432,1.60051858028,0.00893425084606,2828.42712475,-2.63276086038e-18,0.227132861768,-0.0303784447936,0.0303784447936,10000.0
20000.0,9000.0,7.9404075907e-17,13,4.95305926687,3,6392.39063194,1.60000541939,0.00853387624816,5185.4497287,1.62744293515e-18,0.368323441076,-0.0419228784425,0.0419228784425,12666.6666667
13000.0,10000.0,5.70839671828e-17,14,4.90520590836,3,6068.82806152,1.59029707141,0.00855234742186,1414.21356237,3.05681712884e-19,0.61892065708,-0.028685797166,0.028685797166,11000.0
8000.0,3000.0,-9.25648446781e-17,15,4.84293780528,3,1621.9464695,1.57752152115,0.00657081790723,2160.24689947,1.5695165476e-18,-1.54687906999,-0.0397572187774,0.0397572187774,6000.0
9000.0,4000.0,7.62815736503e-17,16,4.78672861007,3,2953.74976835,1.56584721569,0.0066911076749,2357.02260396,2.02864860658e-18,0.393680832536,-0.0218973671566,0.0218973671566,7333.33333333
15000.0,6000.0,-3.79002385031e-16,17,4.68273377924,3,5528.99543945,1.54388208025,0.00985720224495,4242.64068712,5.90614459347e-18,0.181505457399,-0.0315748925139,0.0315748925139,12000.0
14000.0,8000.0,1.0736781834e-16,18,4.35979908807,3,5509.90964311,1.47242597558,0.00972768025032,2494.43825785,4.66000138952e-18,0.75379596466,-0.024900918747,0.024900918747,11333.3333333
18000.0,9000.0,-1.58553725704e-16,19,4.30244391378,3,10222.1472493,1.45918321329,0.00789060332477,3858.61230093,-5.15427552268e-18,0.733506285934,-0.0198010392884,0.0198010392884,14333.3333333
12000.0,3000.0,3.82101757642e-17,20,3.58331779451,3,4286.04505525,1.27628912948,0.00647452835392,4027.6819912,-2.46617451334e-19,0.35454631162,-0.0380834914913,0.0380834914913,8666.66666667
15000.0,13000.0,3.1918911958e-18,21,4.06493174988,3,7754.96407225,1.40239695316,0.00740192131372,816.496580928,-6.85673473553e-18,0.605369337418,-0.0315985717694,0.0315985717694,14000.0
16000.0,12000.0,-3.60822483003e-18,22,3.90425995315,3,9072.07565583,1.36206825269,0.00916243731378,1699.6731712,-1.6948092026e-17,0.838721675217,-0.0203732982181,0.0203732982181,13666.6666667
16000.0,13000.0,-6.77929934412e-17,23,4.37502194089,3,8833.83463676,1.47591153486,0.00921271545666,1247.21912892,3.93957530578e-18,0.709041171405,-0.0329426662081,0.0329426662081,14666.6666667
15000.0,7000.0,-1.98914958579e-17,24,4.65566548129,3,7114.34849214,1.53808486105,0.00681975486677,3559.02608401,3.90342854722e-18,0.787963776151,-0.0239476680806,0.0239476680806,12000.0
13000.0,10000.0,-6.65439925385e-17,25,4.37380635076,3,7540.63651121,1.47563364847,0.00675671390674,1247.21912892,-6.11656242262e-18,0.754864831318,-0.0278594585766,0.0278594585766,11666.6666667
19000.0,11000.0,-1.68060010353e-16,26,4.2490946445,3,8000.8716419,1.44670593542,0.00793999532249,3771.23616633,-1.05537645323e-17,0.666220033756,-0.0251760422159,0.0251760422159,13666.6666667
18000.0,11000.0,-7.37373125522e-17,27,4.36068195702,3,10695.3240603,1.47262845729,0.00881453344668,3091.20616517,1.81383042343e-17,0.519158069766,-0.0226526385587,0.0226526385587,15333.3333333
14000.0,8000.0,-8.14163551392e-17,28,3.75722324932,3,8910.64293197,1.32368018706,0.00696308040138,2828.42712475,-2.87847778175e-18,0.0698465877956,-0.0341042579614,0.0341042579614,12000.0
12000.0,11000.0,5.82867087928e-18,29,3.42717719735,3,7955.72329089,1.23173694781,0.00543307444155,471.404520791,5.9203348189e-19,0.0105052976017,-0.011188055599,0.011188055599,11666.6666667
11000.0,10000.0,-8.71525074331e-17,30,3.46703039399,3,7672.91656187,1.24329843332,0.00832993072921,471.404520791,6.0070499528e-18,0.617993496177,-0.0144400802024,0.0144400802024,10333.3333333
16000.0,10000.0,1.75970349403e-16,31,3.39555777727,3,8815.08822444,1.22246804126,0.00645271248953,2624.66929134,7.00924536737e-18,0.566515278384,-0.0327266622645,0.0327266622645,12333.3333333
14000.0,11000.0,1.85037170771e-19,32,3.21603645501,3,8001.96475678,1.16814968676,0.00728998784339,1414.21356237,2.3599777367e-18,0.629779945934,-0.0164911288678,0.0164911288678,12000.0
16000.0,11000.0,4.82484422785e-17,33,3.23874408831,3,8794.95195203,1.17518562759,0.00684656543442,2357.02260396,-7.6915878711e-18,0.669542224157,-0.0250276079786,0.0250276079786,12666.6666667
13000.0,12000.0,-9.73295518255e-17,34,4.75096842732,3,7961.65098921,1.5583484767,0.0073389072233,471.404520791,4.84996507918e-18,0.645262230222,-0.0163676310827,0.0163676310827,12666.6666667
25000.0,16000.0,5.74609804183e-16,35,4.53769080045,3,11146.3842349,1.51241824839,0.00945057599968,4027.6819912,3.01556308e-18,0.436444933835,-0.0230619853117,0.0230619853117,19333.3333333
18000.0,14000.0,1.09865820145e-16,36,4.29836014171,3,7949.40031623,1.45823358757,0.00816177934741,1699.6731712,-8.01916240116e-19,0.151290158286,-0.0266155496847,0.0266155496847,15666.6666667
19000.0,15000.0,-2.53194456142e-16,37,4.57473545182,3,9353.43598257,1.52054887232,0.00832499927015,1699.6731712,3.73521537653e-18,0.397593138915,-0.0129171780398,0.0129171780398,16666.6666667
22000.0,15000.0,-5.53420156924e-17,38,4.46127041541,3,9125.45853675,1.49543357197,0.00679521758863,2867.44175568,7.97815287293e-18,0.491903023828,-0.0264762427312,0.0264762427312,18333.3333333
22000.0,21000.0,1.04869816534e-16,39,4.11659182705,3,8643.13532942,1.41502559458,0.00927498938064,471.404520791,3.46977688512e-20,-0.0738386547835,-0.0263522313317,0.0263522313317,21333.3333333
27000.0,21000.0,-5.6158781329e-17,40,4.30498316363,3,13384.5787404,1.45977322698,0.00984026761336,2828.42712475,2.42526261741e-18,-0.0496690153242,-0.0300438453398,0.0300438453398,25000.0
22000.0,19000.0,-1.81891538868e-16,41,4.52656363135,3,10771.4979951,1.50996307135,0.00958455038831,1247.21912892,2.30736528997e-18,0.608402723193,-0.0171102136546,0.0171102136546,20666.6666667
23000.0,19000.0,7.74843152603e-18,42,4.38280869199,3,10055.2651605,1.47768977275,0.00997798347286,1699.6731712,4.33450077698e-18,0.709067550699,-0.0280691015767,0.0280691015767,20666.6666667
29000.0,20000.0,-8.53946543108e-17,43,4.46099864824,3,11919.3187372,1.49537265313,0.0091905449744,3858.61230093,5.8938063388e-19,0.638450215417,-0.0251938510068,0.0251938510068,25333.3333333
24000.0,21000.0,-1.28230759344e-16,44,3.63752160269,3,10435.9443265,1.29130257136,0.00975881133178,1247.21912892,2.90705188014e-18,0.427996970564,-0.0120330615118,0.0120330615118,22666.6666667
27000.0,20000.0,4.260480857e-17,45,4.23476600994,3,13107.4767166,1.44332807509,0.00947048477808,3091.20616517,5.89485435255e-18,0.620711189081,-0.0325212515434,0.0325212515434,24333.3333333
29000.0,26000.0,-4.26510678627e-17,46,4.05376149192,3,10381.0794819,1.39964521352,0.00990809353042,1247.21912892,9.79335544372e-18,0.0182425688258,-0.0286782522205,0.0286782522205,27666.6666667
28000.0,18000.0,-4.05693996915e-17,47,4.2449715997,3,10549.8266951,1.44573512945,0.00939417261973,4714.04520791,1.40484756572e-18,0.486271268737,-0.0227519260192,0.0227519260192,24666.6666667
30000.0,24000.0,6.49480469406e-17,48,4.18246511601,3,12953.5796077,1.43090081338,0.00806061028031,2494.43825785,3.08784474477e-18,0.491719208356,-0.025547121588,0.025547121588,26666.6666667
28000.0,19000.0,1.75993479049e-16,49,3.45442334809,3,11408.0614264,1.2396555397,0.00913405265674,4242.64068712,-8.4070653823e-18,0.047237345024,-0.0263476742975,0.0263476742975,25000.0
31000.0,25000.0,-1.3692750637e-17,50,3.61978985107,3,12057.0338297,1.28641597196,0.0082786415031,2828.42712475,5.99240484144e-19,0.483105020361,-0.0217043683114,0.0217043683114,27000.0
28000.0,21000.0,9.97350350455e-17,51,4.10759578335,3,11974.0595987,1.41283788979,0.00921637981149,3091.20616517,-3.51860524227e-18,0.564911070149,-0.0220028463304,0.0220028463304,25333.3333333
31000.0,18000.0,1.92763918253e-17,52,3.82383785269,3,9270.20211848,1.34125459175,0.00871465028535,5312.45915017,1.14832304146e-18,-0.211519102289,-0.028379473165,0.028379473165,24666.6666667
28000.0,20000.0,1.38777878078e-17,53,3.83753079114,3,12029.6732218,1.34482913663,0.00984945910502,3265.98632371,-3.74169886088e-18,0.402628465167,-0.0345047061019,0.0345047061019,24000.0
30000.0,25000.0,8.88872309091e-17,54,3.685179461,3,11568.2514707,1.30431922486,0.0077730208807,2054.80466766,7.55842787883e-19,0.47643848441,-0.0129730215083,0.0129730215083,27666.6666667
28000.0,26000.0,1.33458059418e-17,55,3.85407678001,3,12547.4940714,1.34913149196,0.00741901362544,942.809041582,4.2254813206e-18,0.474012311316,-0.0167640569152,0.0167640569152,26666.6666667
30000.0,20000.0,1.05008594412e-16,56,3.87139394702,3,13502.5232013,1.35361463522,0.00753069726373,4189.93502999,-4.74745089912e-19,0.698328587389,-0.0141801241682,0.0141801241682,24333.3333333
35000.0,24000.0,-1.64683081986e-17,57,3.60162177673,3,10120.9818426,1.28138423756,0.00978550140962,4546.06056566,1.01006065576e-18,0.0690223054314,-0.0296604185093,0.0296604185093,29000.0
24000.0,18000.0,4.03126606171e-16,58,3.21207893618,3,9552.79706261,1.16691837118,0.00925739924504,2494.43825785,-8.77763623399e-19,-0.592610103178,-0.027811032784,0.027811032784,21333.3333333
30000.0,24000.0,-1.40073138274e-16,59,3.40106583878,3,10600.609128,1.22408886449,0.00874376663741,2449.48974278,9.177166135e-18,0.102142290856,-0.0207263108612,0.0207263108612,27000.0
29000.0,20000.0,2.16169674753e-16,60,3.70749829635,3,11967.1653386,1.31035733552,0.00711932670508,3741.65738677,4.17872329861e-19,0.405689640063,-0.0139019203686,0.0139019203686,24000.0
26000.0,21000.0,1.41923509981e-16,61,3.78768287807,3,12353.3559537,1.33175445431,0.00690157768069,2054.80466766,6.41553527274e-19,0.561950647261,-0.0246665813068,0.0246665813068,23666.6666667
27000.0,25000.0,-8.65048773354e-18,62,3.17864308759,3,10283.3310389,1.15645440371,0.00950207464433,942.809041582,7.06343611506e-18,-0.578180931444,-0.033063412448,0.033063412448,26333.3333333
33000.0,25000.0,4.07081775696e-17,63,3.50568773272,3,11566.6110863,1.25438671599,0.00968847118822,3559.02608401,-6.48991750665e-18,0.481749847802,-0.0323941128149,0.0323941128149,28000.0
33000.0,30000.0,1.66348416523e-16,64,3.69480360788,3,12674.225629,1.30692740221,0.00848658600847,1247.21912892,1.32153949966e-18,0.429903818383,-0.0261829256798,0.0261829256798,31666.6666667
32000.0,24000.0,1.71423928293e-16,65,3.78538802011,3,10104.4999744,1.33114839686,0.0090524159326,3559.02608401,-2.23165014553e-18,0.636311136563,-0.0303065347605,0.0303065347605,29000.0
35000.0,26000.0,1.32301577101e-17,66,3.69578999726,3,11916.4127488,1.30719433324,0.00683488458578,3681.78700573,-3.59517655996e-18,0.686122585034,-0.0240380889266,0.0240380889266,30666.6666667
31000.0,23000.0,-7.20719780152e-17,67,3.67271406277,3,8752.47577739,1.30093091539,0.0098729593729,3559.02608401,4.81605364232e-18,0.420073186832,-0.0265156716336,0.0265156716336,26000.0
33000.0,23000.0,-1.63434081083e-16,68,3.70557631198,3,10958.1826818,1.30983879644,0.00815760616966,4320.49379894,1.39130566485e-18,0.0988722854263,-0.0292515698967,0.0292515698967,27000.0
32000.0,25000.0,-2.14504340216e-16,69,3.88315470058,3,12644.226919,1.35664789043,0.00784565130882,2867.44175568,3.08516145312e-18,0.554226151266,-0.0316305824846,0.0316305824846,28333.3333333
33000.0,24000.0,1.26068137411e-16,70,3.91802679502,3,10955.2497765,1.36558815845,0.00829176331889,3741.65738677,4.32740467705e-18,0.406629883533,-0.0270913479613,0.0270913479613,29000.0
30000.0,21000.0,1.85037170771e-18,71,3.93955902521,3,13275.099739,1.37106879451,0.00837888101862,3741.65738677,4.43728432725e-19,0.551753579656,-0.0291060113586,0.0291060113586,26000.0
36000.0,28000.0,1.02325555436e-16,72,3.53294072628,3,13688.0437965,1.26213059107,0.00957054464775,3771.23616633,4.12334120326e-18,0.35002136202,-0.0281742747945,0.0281742747945,30666.6666667
28000.0,25000.0,-1.0040579479e-16,73,3.53340606449,3,9836.46366968,1.26226229653,0.00893678660937,1414.21356237,2.16172518141e-18,0.602398052355,-0.0354300034664,0.0354300034664,27000.0
32000.0,29000.0,2.10248485288e-17,74,3.686954202,3,13884.1194945,1.30480069769,0.00826232606923,1247.21912892,-5.8520066782e-19,0.708951347085,-0.0308259245806,0.0308259245806,30666.6666667
35000.0,26000.0,2.24346004736e-16,75,3.52321895143,3,11963.9827185,1.25937504657,0.00996456720074,3741.65738677,-1.68807919074e-18,0.750054020023,-0.0306743688039,0.0306743688039,30000.0
31000.0,28000.0,2.70385565789e-17,76,3.47406782599,3,9171.875004,1.24532619152,0.00916332428833,1414.21356237,-6.01832412374e-18,0.662996264117,-0.0282326401898,0.0282326401898,29000.0
33000.0,25000.0,-1.14352971536e-16,77,3.39073075491,3,12898.7938502,1.22104546008,0.00853953019362,3559.02608401,4.622662358e-18,0.310736225294,-0.0235424696538,0.0235424696538,30000.0
34000.0,28000.0,-5.04920179741e-17,78,3.8023331247,3,14146.1867076,1.33561485851,0.00875327204415,2449.48974278,-3.50863760192e-18,0.507570942972,-0.0232471740328,0.0232471740328,31000.0
34000.0,26000.0,-9.7699626167e-17,79,3.51124834656,3,14243.977166,1.25597162854,0.00811696245959,3265.98632371,-3.63086119329e-18,0.636716333313,-0.0249363286061,0.0249363286061,30000.0
35000.0,28000.0,2.64603154202e-17,80,3.43035537955,3,12369.2551124,1.23266386501,0.00958434788161,2943.92028878,-5.53471772963e-18,0.459874793994,-0.0288979012143,0.0288979012143,31000.0
37000.0,26000.0,-1.31029446552e-16,81,3.64886496187,3,13962.4376305,1.29441614988,0.00736602056965,4546.06056566,-4.08253096479e-19,0.664380049004,-0.0239973862392,0.0239973862392,31000.0
34000.0,28000.0,3.07624296407e-17,82,3.34418331783,3,11690.1540958,1.20722251365,0.00646521319752,2449.48974278,2.20769746407e-18,0.604062687652,-0.0212461604746,0.0212461604746,31000.0
32000.0,26000.0,2.96059473233e-18,83,3.04455786038,3,11902.8361703,1.11335568877,0.00928972864988,2494.43825785,-9.80631866001e-18,0.450711114114,-0.0261036907618,0.0261036907618,29333.3333333
39000.0,33000.0,2.40872137051e-16,84,3.5575159812,3,14020.0922618,1.26906254323,0.00887433996313,2449.48974278,1.5996587206e-18,0.455879520457,-0.026939276049,0.026939276049,36000.0
31000.0,26000.0,3.10492372554e-16,85,3.17309862376,3,12993.3160646,1.1547085943,0.00806213007771,2054.80466766,3.10823557546e-18,0.543442379516,-0.0224603264771,0.0224603264771,28666.6666667
36000.0,27000.0,-2.35691096269e-17,86,3.20320565101,3,10496.1816183,1.16415207431,0.00850257331552,4242.64068712,-1.26071915152e-18,0.0714842488166,-0.0326195499545,0.0326195499545,30000.0
33000.0,26000.0,1.09819560853e-16,87,3.48601103134,3,14092.530555,1.24875811156,0.00973005207703,2867.44175568,1.62632836925e-18,0.387182571384,-0.0280324131018,0.0280324131018,29333.3333333
29000.0,23000.0,2.46469511467e-16,88,3.63062084974,3,11709.6856281,1.28940366664,0.00916940468211,2624.66929134,4.47062107029e-18,0.623776790679,-0.0261524319131,0.0261524319131,25333.3333333
35000.0,27000.0,3.16876154945e-17,89,3.55826700691,3,13685.2849921,1.26927363053,0.00916598905583,3265.98632371,1.36721774355e-18,0.699652562111,-0.0220538872849,0.0220538872849,31000.0
34000.0,20000.0,3.0184188482e-16,90,3.34012546015,3,12490.2437032,1.2060083692,0.00933076864455,6018.49002842,4.31357014461e-18,0.492273033301,-0.0292233511881,0.0292233511881,28333.3333333
31000.0,28000.0,-1.247150531e-16,91,3.65820098537,3,11892.5914344,1.29697149252,0.0083678193446,1414.21356237,-3.57280893171e-18,0.462528608179,-0.0319685326478,0.0319685326478,30000.0
29000.0,24000.0,2.61827596641e-17,92,3.92418982186,3,13022.4281497,1.36715991512,0.00921988276727,2054.80466766,4.92498435453e-18,0.717059497311,-0.0339259783414,0.0339259783414,26666.6666667
26000.0,24000.0,5.18104078158e-18,93,3.9660478973,3,14022.9380449,1.37777010701,0.00811906934992,942.809041582,-3.19579714782e-18,0.65269894,-0.021446522465,0.021446522465,24666.6666667
34000.0,26000.0,2.46770196869e-16,94,3.76982122786,3,11738.9117546,1.32702758067,0.00908008051029,3299.83164554,5.44055465906e-18,0.0644280426287,-0.0287078534334,0.0287078534334,30333.3333333
35000.0,31000.0,7.82707232361e-17,95,3.14373571767,3,14481.7601764,1.14541181177,0.00723821109088,1699.6731712,-1.0603020929e-17,0.474727777138,-0.0240469926918,0.0240469926918,32666.6666667
35000.0,22000.0,-1.93502621334e-16,96,2.95781179688,3,10599.5891326,1.08444973714,0.0080546713802,5312.45915017,1.07953740392e-17,-0.458780318418,-0.0303524687747,0.0303524687747,28666.6666667
36000.0,22000.0,-1.13705341439e-16,97,3.55739675663,3,9820.64868123,1.26902902923,0.0079362185796,5734.88351136,-1.66795500188e-18,0.276741967217,-0.0247376207872,0.0247376207872,29333.3333333
34000.0,26000.0,-1.70604271451e-16,98,3.79707761659,3,12461.3898343,1.3342317226,0.00853316508381,3299.83164554,2.86043600818e-18,0.555506444645,-0.032846342151,0.032846342151,29666.6666667
35000.0,29000.0,9.13621030681e-17,99,3.55909478354,3,13627.2067623,1.26950623824,0.00923307483482,2828.42712475,-6.34742477493e-18,0.707036063432,-0.0309722371982,0.0309722371982,33000.0
31000.0,23000.0,8.04911692853e-17,100,3.37208851091,3,11583.5934875,1.21553228858,0.00880233909921,3299.83164554,-1.18993168013e-18,0.266338999313,-0.0294355997997,0.0294355997997,27333.3333333
32000.0,27000.0,-6.30629807633e-17,101,3.15467488048,3,10057.9629392,1.14888544171,0.00900970647947,2160.24689947,5.17851508864e-18,0.464088571794,-0.0319120982891,0.0319120982891,30000.0
33000.0,31000.0,-4.47327360339e-17,102,3.40063039274,3,10985.0431292,1.22396082406,0.00610639723245,942.809041582,5.27215900974e-19,0.305579480022,-0.0251630684476,0.0251630684476,32333.3333333
39000.0,32000.0,1.64960637742e-16,103,3.6556766423,3,12966.2212488,1.29628120392,0.0094294854982,3091.20616517,-8.93860616971e-19,0.55863586862,-0.0267951454357,0.0267951454357,34666.6666667
33000.0,25000.0,-3.03460960064e-17,104,3.45270150782,3,12153.3332136,1.23915697037,0.00879041948537,3399.3463424,1.27764342349e-18,0.333500583744,-0.0292991252679,0.0292991252679,28333.3333333
35000.0,24000.0,-1.08107967023e-16,105,2.98187791564,3,12435.1033354,1.09255327507,0.00732648086434,4784.2333648,2.83873263336e-18,0.208974226764,-0.028805649669,0.028805649669,28333.3333333
33000.0,15000.0,1.31653947003e-16,106,3.30273991189,3,13500.7015334,1.19475240031,0.00838416021873,8055.3639824,-4.3213507749e-19,0.318617819065,-0.0306649492738,0.0306649492738,26333.3333333
30000.0,29000.0,5.89112092442e-17,107,3.75656102999,3,13212.5432631,1.3235039192,0.00735075691052,471.404520791,8.02577291017e-19,0.674975617445,-0.0279297883121,0.0279297883121,29666.6666667
35000.0,23000.0,-6.81861974291e-17,108,3.22829945913,3,10053.908572,1.17195551535,0.00803692234775,4921.60768674,1.48277762998e-18,-0.23073460906,-0.028591914392,0.028591914392,28666.6666667
37000.0,29000.0,-1.11577413975e-16,109,3.24711058728,3,13462.5919513,1.17776555084,0.00834796605145,3299.83164554,6.14482760355e-19,0.398950434236,-0.0296710644702,0.0296710644702,33333.3333333
38000.0,23000.0,-5.87493017197e-17,110,3.36384186709,3,11626.7868377,1.2130837336,0.00778981923295,6164.41400297,4.21839827017e-19,0.509330896642,-0.0278571707015,0.0278571707015,31000.0
33000.0,33000.0,-3.40745949975e-16,111,3.34962115034,3,14951.7048608,1.20884724999,0.00974925165049,0.0,-7.20429044152e-18,0.545873518007,-0.0269150659001,0.0269150659001,33000.0
37000.0,29000.0,-7.34134975033e-17,112,3.35099650508,3,14590.2653092,1.2092577658,0.00918599482386,3299.83164554,-2.79076280413e-19,0.638558545158,-0.0288724086632,0.0288724086632,33333.3333333
32000.0,25000.0,2.65990932983e-18,113,3.53175710746,3,13692.0623121,1.26179551126,0.00929885730843,2867.44175568,-7.47457415719e-19,0.273012607197,-0.0300347427282,0.0300347427282,28666.6666667
36000.0,30000.0,-2.83476945621e-16,114,3.43496987665,3,14237.7904482,1.2340081561,0.00938119381265,2624.66929134,-1.8142412725e-18,0.381283333564,-0.0339033724405,0.0339033724405,33666.6666667
36000.0,33000.0,-5.94200614638e-17,115,3.28751428325,3,13097.9457349,1.19013174221,0.0097844845594,1247.21912892,5.43562863281e-18,0.333527227876,-0.0295724605978,0.0295724605978,34666.6666667
35000.0,29000.0,-1.22124532709e-17,116,3.40466214271,3,9717.44695537,1.22514571081,0.00886580555764,2624.66929134,-4.61705555179e-18,0.404995178076,-0.0228793198648,0.0228793198648,31333.3333333
27000.0,22000.0,-3.90891023253e-17,117,3.50889218353,3,9844.33032576,1.25530037043,0.00936339185079,2160.24689947,-4.56967177449e-18,0.267463898582,-0.0302669154426,0.0302669154426,25000.0
36000.0,33000.0,1.40836416603e-16,118,3.73350389615,3,12170.5800097,1.31734717506,0.00864917028372,1247.21912892,8.57764638937e-19,0.383903080481,-0.0319663261907,0.0319663261907,34666.6666667
32000.0,29000.0,1.61537450083e-16,119,3.55098454954,3,9280.32437648,1.26722490294,0.00847419103079,1247.21912892,1.09779396204e-18,0.0793383741529,-0.0316415362358,0.0316415362358,30666.6666667
31000.0,30000.0,-4.11476408502e-17,120,3.72555425813,3,12242.9131288,1.31521563489,0.00877066209989,471.404520791,3.75664547706e-18,0.517994326887,-0.0277363505673,0.0277363505673,30333.3333333
30000.0,23000.0,-2.08536891459e-16,121,3.60002695338,3,9834.12475889,1.28094133248,0.00663833273162,2867.44175568,-4.15165591548e-18,0.449213193695,-0.0240200999472,0.0240200999472,26333.3333333
34000.0,28000.0,6.71684929898e-17,122,3.88435328333,3,13492.5524284,1.35695650493,0.00982549339806,2828.42712475,2.49559460802e-19,0.27835793451,-0.0323117741732,0.0323117741732,32000.0
35000.0,26000.0,-6.10853960007e-17,123,3.43058338394,3,11663.6724863,1.2327303295,0.00970817588911,3858.61230093,-7.60713369934e-18,0.446013049706,-0.0284588938236,0.0284588938236,29666.6666667
31000.0,21000.0,-1.56084635957e-16,124,3.36652181648,3,10786.2208575,1.21388010944,0.00857456405142,4714.04520791,1.6822946174e-18,0.569392775946,-0.0255353902283,0.0255353902283,27666.6666667
34000.0,16000.0,-2.72189678204e-16,125,3.20792001982,3,12415.0392212,1.16562275821,0.00946292493695,7874.00787401,1.67674624397e-18,0.214755193169,-0.0242048072269,0.0242048072269,27000.0
33000.0,21000.0,2.45472406869e-17,126,3.05270577744,3,8694.89204537,1.11602833749,0.00777701329427,5436.50214343,-9.40458618017e-18,-0.0970898422784,-0.0303630299257,0.0303630299257,28666.6666667
34000.0,32000.0,3.11787632749e-17,127,3.2384724666,3,11991.1467605,1.1751017577,0.00972179990586,816.496580928,2.57361952382e-18,0.351266317968,-0.0234237560194,0.0234237560194,33000.0
37000.0,31000.0,-1.37852692224e-17,128,3.21520721319,3,14639.8945107,1.16789180762,0.00929551686863,2494.43825785,-6.89937639125e-18,0.540469352517,-0.0271612976597,0.0271612976597,33666.6666667
34000.0,30000.0,1.25501461075e-16,129,3.37190105187,3,12115.8494546,1.21547669566,0.00935391185371,1699.6731712,-2.85781414758e-18,0.430259653672,-0.0239124147495,0.0239124147495,31666.6666667
35000.0,21000.0,-1.01585406753e-16,130,3.34471437046,3,13358.2406263,1.20738129994,0.00958123907643,6182.41233033,6.30395308243e-18,0.550131082219,-0.0296494562167,0.0296494562167,29666.6666667
32000.0,23000.0,-4.96362210593e-17,131,3.41311915644,3,11170.4130049,1.22762658184,0.00644001441846,4242.64068712,6.08049432075e-18,0.0933438790622,-0.0197373532264,0.0197373532264,29000.0
34000.0,31000.0,-1.05494316986e-16,132,3.36320480295,3,12365.6983357,1.21289432979,0.00906482984532,1247.21912892,-1.77839726977e-18,0.0972107806957,-0.0311627331587,0.0311627331587,32333.3333333
35000.0,33000.0,1.00729609838e-16,133,3.28237915729,3,9628.21473665,1.18856851229,0.00960334706908,942.809041582,-1.82565792902e-18,0.129105339849,-0.032621355588,0.032621355588,33666.6666667
33000.0,32000.0,6.0969747769e-17,134,3.57349800857,3,13353.6621204,1.2735449504,0.00689410759095,471.404520791,-2.30845535455e-18,0.3467394671,-0.0253228588428,0.0253228588428,32666.6666667
33000.0,22000.0,1.37667655054e-16,135,3.69953538382,3,13451.6013473,1.30820723983,0.00822922560187,4966.55480858,3.93442555807e-18,0.513967906679,-0.0316181005823,0.0316181005823,29000.0
31000.0,27000.0,-3.06988231132e-17,136,3.75865748285,3,12837.8761209,1.32406184121,0.00646102543682,1632.99316186,5.04056885008e-18,0.486074757132,-0.0213835571162,0.0213835571162,29000.0
35000.0,29000.0,7.72530187968e-17,137,3.67515510441,3,15268.3240424,1.30159533705,0.00856240415801,2624.66929134,1.51781804279e-18,0.620359526169,-0.0353041302532,0.0353041302532,31333.3333333
30000.0,26000.0,2.40548322002e-17,138,3.86109519192,3,15755.6895635,1.35095087171,0.00707792839255,1699.6731712,-1.19912580219e-18,0.850253893168,-0.0245759344207,0.0245759344207,28333.3333333
33000.0,23000.0,-4.32466562561e-17,139,3.67785458889,3,12006.4922625,1.30232959002,0.00885353785735,4109.60933531,8.71550699469e-18,0.568349731619,-0.019234619364,0.019234619364,27666.6666667
32000.0,26000.0,-1.58576855351e-16,140,3.62694599699,3,13094.932794,1.28839097102,0.00890585734737,2624.66929134,7.70274835729e-18,0.692285470998,-0.0264190912443,0.0264190912443,28333.3333333
39000.0,27000.0,-1.6371163684e-16,141,3.53495568241,3,14880.9060146,1.26270076247,0.00954895973291,4988.8765157,8.0125877955e-19,0.728526038143,-0.0263253709993,0.0263253709993,32333.3333333
31000.0,28000.0,1.88182802674e-16,142,3.66637812905,3,15611.4576493,1.29920428896,0.00962752991495,1247.21912892,8.61941441177e-19,0.837444132799,-0.0297689391447,0.0297689391447,29666.6666667
38000.0,29000.0,-7.66747776382e-17,143,3.61505927542,3,14286.1274058,1.28510825255,0.00981696790581,3858.61230093,4.16804636831e-18,0.829802570954,-0.0279926200187,0.0279926200187,32666.6666667
38000.0,28000.0,1.11392376804e-16,144,3.3984626164,3,14199.4905305,1.22332315771,0.0082359278678,4109.60933531,9.73678288565e-18,0.267475129513,-0.0237925236965,0.0237925236965,32666.6666667
34000.0,32000.0,-8.60422844084e-18,145,3.34821996631,3,12552.5901852,1.20842885128,0.0094667825268,816.496580928,-4.82938344783e-18,0.587134185221,-0.0231248703969,0.0231248703969,33000.0
37000.0,32000.0,1.58114262424e-16,146,3.35119110195,3,13719.7561159,1.20931583546,0.00841445424048,2160.24689947,7.79810189254e-19,0.752117180639,-0.0270095706565,0.0270095706565,35000.0
39000.0,26000.0,4.32778812787e-16,147,3.49986589062,3,14173.6056315,1.2527246508,0.00737634849307,5906.68171556,6.52743864508e-19,0.62107873121,-0.0214846835616,0.0214846835616,30666.6666667
34000.0,29000.0,-2.10479781752e-17,148,3.59810855047,3,14680.5031174,1.28040830474,0.00830542908417,2054.80466766,-1.4671720356e-18,0.716304223794,-0.0253387801616,0.0253387801616,31333.3333333
36000.0,30000.0,-1.386391002e-16,149,3.3667744651,3,12469.1440001,1.213955154,0.00950332580585,2624.66929134,-4.96709992067e-18,0.697770293125,-0.0248554997237,0.0248554997237,33666.6666667
39000.0,32000.0,-1.25547720368e-16,150,3.49985070457,3,14182.6992103,1.25272031175,0.00856046514874,2867.44175568,-1.61716484761e-18,0.783856486708,-0.0243511586227,0.0243511586227,35333.3333333
35000.0,29000.0,9.48084203737e-17,151,3.30716249682,3,12501.4936551,1.19609057002,0.00929893211679,2449.48974278,7.32730293564e-18,0.0627716855656,-0.0314681394558,0.0314681394558,32000.0
34000.0,32000.0,1.12965192756e-16,152,3.34517205774,3,15237.80158,1.20751812955,0.00948238076805,942.809041582,-1.80135297621e-18,0.644220524434,-0.0242732356328,0.0242732356328,32666.6666667
36000.0,33000.0,2.1492067385e-16,153,3.32269229905,3,10325.0984599,1.20077538775,0.00983349866849,1414.21356237,-1.16573597828e-18,0.44749569075,-0.0286377213093,0.0286377213093,34000.0
39000.0,31000.0,-2.80504786065e-17,154,3.32609043365,3,15767.2666595,1.20179757031,0.00988533981169,3265.98632371,-3.13909115943e-18,0.501634223794,-0.027840474947,0.027840474947,35000.0
39000.0,32000.0,-2.22789090417e-17,155,3.21607929343,3,13535.51922,1.16816300693,0.00776522387214,2867.44175568,2.66253730762e-18,0.669521349098,-0.0247749782426,0.0247749782426,35666.6666667
36000.0,32000.0,1.24754084378e-16,156,3.42331575449,3,14121.1884654,1.23060960025,0.00715005664874,1885.61808316,-7.68297610317e-19,0.70158726126,-0.0193736190139,0.0193736190139,33333.3333333
34000.0,29000.0,-1.52227767429e-16,157,3.24372415938,3,12414.7036018,1.17672210162,0.00895888109362,2054.80466766,-8.91144968364e-19,0.28131300938,-0.0235564210864,0.0235564210864,31333.3333333
40000.0,26000.0,6.01370805005e-19,158,3.45926629888,3,12092.1265929,1.24105651424,0.00990550686236,5734.88351136,3.78024927936e-18,0.467972836736,-0.026042219508,0.026042219508,33333.3333333
38000.0,26000.0,5.33369644747e-17,159,3.50775120278,3,14572.6912131,1.25497514918,0.00637505950557,5436.50214343,-2.19522787808e-18,0.677319666072,-0.0243241659251,0.0243241659251,30333.3333333
35000.0,29000.0,-2.41936100783e-17,160,3.33016601487,3,13173.3371618,1.20302215707,0.00955444730669,2494.43825785,-3.62186236162e-20,0.652646673631,-0.0277107147283,0.0277107147283,32333.3333333
38000.0,30000.0,1.38962915249e-16,161,3.2564529472,3,14512.7845414,1.18063855001,0.00829342605643,3299.83164554,-4.59160712067e-19,0.810598373421,-0.028504079094,0.028504079094,34333.3333333
36000.0,29000.0,1.60675870757e-16,162,3.3456223837,3,13903.0355438,1.20765274016,0.00945535272758,2943.92028878,-2.35071147432e-18,0.5863746118,-0.0262468465426,0.0262468465426,32000.0
33000.0,30000.0,-5.15328520597e-17,163,3.06059969288,3,11193.0416301,1.11861087483,0.00897401553087,1247.21912892,-2.61654371813e-18,0.510577362781,-0.0281937292272,0.0281937292272,31333.3333333
36000.0,33000.0,-1.52285591544e-16,164,3.43148812147,3,13902.6717428,1.23299402175,0.0098495936258,1247.21912892,1.63008149682e-18,0.658109601302,-0.0238397835008,0.0238397835008,34333.3333333
38000.0,32000.0,-8.28966525053e-17,165,3.16137214017,3,15514.4499673,1.15100615492,0.00823956945919,2624.66929134,-1.87641739982e-18,0.644404851452,-0.0269978247366,0.0269978247366,34333.3333333
39000.0,32000.0,1.01007165595e-16,166,3.20659585886,3,10766.5072884,1.16520989433,0.00915262833076,2943.92028878,1.61918322235e-18,0.32672907201,-0.0298623225971,0.0298623225971,35000.0
33000.0,31000.0,1.49417515397e-17,167,3.3021030756,3,17948.5226506,1.19455956112,0.00952452588932,942.809041582,-2.34609817603e-18,0.0615341313282,-0.0260658741644,0.0260658741644,31666.6666667
35000.0,33000.0,9.23335482147e-17,168,3.04221273606,3,11870.2042257,1.11258512435,0.00781129307721,942.809041582,-3.04324058427e-18,0.468230152594,-0.0256428633024,0.0256428633024,33666.6666667
37000.0,31000.0,-5.17641485231e-17,169,3.3315076769,3,18096.6323334,1.20342495735,0.00845339016339,2624.66929134,8.50574499083e-19,0.640839075826,-0.0174231143992,0.0174231143992,33333.3333333
34000.0,29000.0,-3.29828756899e-17,170,3.09610015491,3,13698.4290625,1.13014330498,0.00995363012969,2160.24689947,6.95286105975e-19,0.790277058869,-0.0242464502391,0.0242464502391,32000.0
37000.0,30000.0,3.15025783237e-17,171,3.15457446845,3,13519.1048923,1.1488536116,0.00885926943258,2867.44175568,1.31244757787e-18,0.648054479926,-0.0261509196095,0.0261509196095,33333.3333333
34000.0,32000.0,-1.08524300657e-16,172,3.30813373946,3,17647.847531,1.19638420544,0.00733334646843,942.809041582,-1.01948717104e-18,0.798385973948,-0.0202072872208,0.0202072872208,33333.3333333
40000.0,34000.0,1.35678505468e-16,173,3.13164800528,3,17161.1442031,1.14155938525,0.00795502841402,2828.42712475,-3.02183640257e-18,0.710146076977,-0.0208570358892,0.0208570358892,36000.0
36000.0,31000.0,-2.30891694653e-17,174,3.0519196638,3,15067.2673273,1.1157707906,0.00777317694961,2357.02260396,-3.11868698965e-18,0.834503866182,-0.0222907327524,0.0222907327524,34333.3333333
40000.0,35000.0,1.46965772885e-16,175,2.76415828487,3,15670.7946099,1.01673617086,0.00789127144058,2160.24689947,2.11625303915e-19,0.608094954217,-0.0277261454213,0.0277261454213,38000.0
37000.0,34000.0,-1.46410661372e-16,176,2.98913096983,3,15483.7195777,1.09498269962,0.00663714739798,1247.21912892,-3.48751379637e-20,0.824748298984,-0.0179966510161,0.0179966510161,35333.3333333
37000.0,31000.0,2.57941816055e-16,177,3.07607069963,3,15748.6990027,1.12365303565,0.00975292862856,2494.43825785,3.38256344754e-18,0.847279439968,-0.0292059887705,0.0292059887705,34333.3333333
37000.0,33000.0,2.15105711021e-17,178,2.91021335124,3,15073.1198693,1.06822639507,0.00650432330418,1699.6731712,4.12461152438e-18,0.835553915766,-0.0261118954705,0.0261118954705,34666.6666667
36000.0,33000.0,-2.1834386151e-17,179,2.93487129511,3,14253.1421776,1.07666360057,0.00947816704907,1247.21912892,-3.93273535568e-18,0.7700458454,-0.0246507044512,0.0246507044512,34666.6666667
38000.0,35000.0,-2.78145562138e-16,180,2.7647313611,3,17221.7474683,1.01694347333,0.00931681940472,1414.21356237,1.39255255711e-19,0.702360932588,-0.0254797088084,0.0254797088084,36000.0
42000.0,34000.0,-1.56078853545e-16,181,3.10734032889,3,14968.5210209,1.13376716058,0.0095959318593,3559.02608401,4.99164194415e-18,0.675849848661,-0.0275204436394,0.0275204436394,37000.0
39000.0,34000.0,1.15833268903e-16,182,3.01990638667,3,15928.4201562,1.10522583312,0.00659246009292,2160.24689947,-3.17592658942e-18,0.793594817131,-0.0273469033471,0.0273469033471,37000.0
34000.0,32000.0,-1.17914937074e-16,183,3.13898792642,3,13821.1381142,1.14390043154,0.00831029114618,942.809041582,8.06972593825e-19,0.731036907056,-0.0279964798829,0.0279964798829,33333.3333333
41000.0,27000.0,-1.54228481838e-16,184,2.92296819562,3,13640.5820158,1.07259960534,0.00818171854324,5887.84057755,-9.52069105558e-19,0.782938973333,-0.0204747023689,0.0204747023689,33000.0
37000.0,36000.0,-5.72690043536e-17,185,2.45837820099,3,13754.7270549,0.89950186464,0.00666037875685,471.404520791,-3.16822849838e-18,0.449946066718,-0.0173463339826,0.0173463339826,36666.6666667
37000.0,34000.0,-2.70154269325e-17,186,2.51913820616,3,14615.0829271,0.923916861351,0.0090279062503,1247.21912892,-4.36679296864e-18,0.658870218472,-0.0224645654351,0.0224645654351,35333.3333333
40000.0,37000.0,-5.03301104497e-17,187,2.6674858678,3,18356.3821868,0.981136406262,0.00941054501056,1247.21912892,-3.38595968325e-18,0.735114325417,-0.0299665070414,0.0299665070414,38666.6666667
39000.0,33000.0,-7.45584149975e-17,188,2.63392434545,3,14638.7031223,0.968474880603,0.00828936855253,2494.43825785,3.30592701895e-18,0.389845871086,-0.0226223621988,0.0226223621988,36333.3333333
44000.0,29000.0,6.06921920128e-17,189,2.36621657064,3,16875.8291271,0.861292295871,0.00924525106622,6128.25877028,5.01830121759e-18,0.732880416311,-0.0244571121656,0.0244571121656,36333.3333333
38000.0,31000.0,-7.73224077359e-17,190,2.39480354873,3,13180.6375337,0.873301201915,0.00697846161785,2943.92028878,-1.6944894369e-18,0.583528793375,-0.0224386187329,0.0224386187329,35000.0
37000.0,36000.0,1.87812728332e-16,191,2.378329196,3,13615.3323174,0.866398222666,0.00771284098111,471.404520791,-5.81373922453e-19,0.785821390683,-0.0190465495182,0.0190465495182,36666.6666667
37000.0,25000.0,8.16939108953e-17,192,2.46878979595,3,12930.183794,0.903728069415,0.00955279077926,5099.01951359,-5.44367859927e-19,0.686428803613,-0.0235356827738,0.0235356827738,32000.0
36000.0,31000.0,5.40655483346e-18,193,2.65083677299,3,16919.2150819,0.974875353547,0.00857202205761,2160.24689947,3.05325786952e-18,0.808322280917,-0.0260772217374,0.0260772217374,34000.0
39000.0,36000.0,7.00365691368e-17,194,2.66909873423,3,16391.6565941,0.981740862707,0.00653276956975,1247.21912892,2.20054461207e-18,0.890168130886,-0.0321556291885,0.0321556291885,37666.6666667
42000.0,31000.0,-1.53488333154e-16,195,2.4841940539,3,12770.582932,0.909948282557,0.00672403631802,4546.06056566,-7.58832220515e-20,0.429644216379,-0.0197365639516,0.0197365639516,37000.0
38000.0,35000.0,2.37772764441e-17,196,2.47023365486,3,17708.8368378,0.904312743276,0.00967341430625,1247.21912892,6.86467398692e-19,0.79483699525,-0.0280530504847,0.0280530504847,36333.3333333
42000.0,27000.0,1.18608826464e-16,197,2.63105447423,3,16675.4015014,0.967384706605,0.00984996687756,6649.97911442,1.16678217976e-17,0.851360178795,-0.0286767299508,0.0286767299508,36333.3333333
41000.0,32000.0,1.59825856253e-17,198,2.46596930375,3,17557.1262732,0.902584956873,0.00698744846149,3858.61230093,-1.10984882267e-17,0.721623885377,-0.0172006504646,0.0172006504646,37333.3333333
36000.0,35000.0,6.80011602583e-17,199,2.63490813588,3,16375.0028021,0.968848318341,0.00913863172735,471.404520791,-7.04984231373e-18,0.743372528344,-0.0284543425523,0.0284543425523,35666.6666667
39000.0,33000.0,9.63581066789e-17,200,2.55737263807,3,17053.7306286,0.938980418219,0.00732662448024,2449.48974278,1.37787870085e-18,0.878247818793,-0.02520393125,0.02520393125,36000.0
36000.0,32000.0,1.33666226236e-16,201,2.55246344735,3,13115.3433074,0.93705895062,0.00854619820298,1632.99316186,-3.41333234198e-18,0.641435973182,-0.0240363182653,0.0240363182653,34000.0
38000.0,32000.0,2.5923707625e-16,202,2.58331688595,3,12854.0196475,0.949074187949,0.00904196331531,2828.42712475,2.16016530507e-18,0.491236833732,-0.0312773264366,0.0312773264366,34000.0
39000.0,35000.0,3.84877315203e-17,203,2.72387581558,3,16549.7744419,1.00205579825,0.00991238207017,1699.6731712,1.92213099487e-18,0.62200672206,-0.0244459813739,0.0244459813739,37333.3333333
39000.0,28000.0,-9.48778093128e-17,204,2.78888012988,3,13433.3288332,1.02564012812,0.00722640451591,4642.79609239,-1.3802997245e-18,0.613754310365,-0.0249213716839,0.0249213716839,32666.6666667
35000.0,34000.0,1.06026298852e-16,205,2.89968507375,3,17136.1773125,1.06460213584,0.00930451314654,471.404520791,1.24829812814e-19,0.718147423606,-0.0255216432706,0.0255216432706,34333.3333333
39000.0,30000.0,-1.24391238051e-16,206,2.63466921299,3,17678.2049762,0.968757638246,0.00856328140181,3858.61230093,-1.12926164018e-19,0.808105453808,-0.0242326156756,0.0242326156756,35333.3333333
38000.0,34000.0,1.15648231732e-19,207,2.62663491913,3,17103.4229725,0.965703528503,0.00957333657669,1885.61808316,-1.94385983676e-18,0.736039865013,-0.0288814739346,0.0288814739346,36666.6666667
37000.0,29000.0,-1.28277018637e-16,208,2.65226455194,3,15292.6305106,0.975413822982,0.00956290109015,3299.83164554,2.09482439332e-18,0.759040140511,-0.025760994019,0.025760994019,33333.3333333
37000.0,30000.0,1.20736753928e-17,209,2.6832559507,3,11799.9480817,0.987030964099,0.00747295805321,2867.44175568,-6.64689816615e-18,-0.0504268883349,-0.0288351609831,0.0288351609831,33333.3333333
36000.0,27000.0,1.88737914186e-17,210,2.6946576326,3,13580.3219943,0.991271158294,0.0089153874957,3858.61230093,-6.37265902315e-20,0.561125485657,-0.0309023268509,0.0309023268509,32333.3333333
41000.0,27000.0,3.30291349826e-17,211,2.63685855719,3,13870.2421565,0.96958826816,0.00978217805568,5792.71573233,1.90845814109e-18,0.689642369447,-0.0268256341767,0.0268256341767,34666.6666667
43000.0,38000.0,4.92849395554e-17,212,2.76121874243,3,17413.0065921,1.01567215561,0.009661819717,2160.24689947,-3.85986663274e-18,0.794912061416,-0.0276934141378,0.0276934141378,40000.0
40000.0,37000.0,7.23356559836e-16,213,2.5278461111,3,16416.9684294,0.927367600658,0.00974612126516,1414.21356237,-1.48657623047e-18,0.807620918003,-0.0276266477176,0.0276266477176,38000.0
41000.0,27000.0,2.16097394608e-16,214,2.7331094968,3,15863.2496483,1.00543997083,0.0086003859555,5734.88351136,-1.12026564672e-18,0.716433787422,-0.0262831163859,0.0262831163859,34333.3333333
39000.0,35000.0,-2.25282755414e-17,215,2.53196769404,3,15790.6445954,0.928996745132,0.00890766525402,1699.6731712,2.50133641827e-18,0.757614598554,-0.0265743274231,0.0265743274231,36666.6666667
37000.0,32000.0,-1.55084278752e-16,216,2.61622580063,3,13149.7473679,0.961732745094,0.00941472948949,2357.02260396,-1.20933781069e-18,0.729592675491,-0.032312046127,0.032312046127,35333.3333333
40000.0,31000.0,1.70951216146e-16,217,2.54701958238,3,17252.4097209,0.934923884378,0.0092122444943,3681.78700573,4.47176424872e-18,0.775078784983,-0.0297859714316,0.0297859714316,35333.3333333
34000.0,34000.0,1.46873254299e-17,218,2.43979836159,3,17035.3528681,0.891915397198,0.00961029185758,0.0,-1.96359286088e-19,0.62149056667,-0.0261864236788,0.0261864236788,34000.0
36000.0,35000.0,-1.51545442861e-16,219,2.48292145839,3,15085.7160452,0.909435874287,0.00926025804596,471.404520791,4.03168790561e-18,0.791807657139,-0.0244450527068,0.0244450527068,35333.3333333
38000.0,36000.0,3.93550932583e-17,220,2.32423409339,3,15724.1975903,0.843390562571,0.00910963179747,942.809041582,-4.65654417387e-18,0.616356955756,-0.0277725506288,0.0277725506288,37333.3333333
36000.0,28000.0,1.81521464526e-16,221,2.42876206714,3,15410.6914582,0.887381690155,0.00661140432506,3399.3463424,-5.81459346473e-18,0.860590934066,-0.0230775459224,0.0230775459224,32666.6666667
42000.0,34000.0,2.79406127864e-17,222,2.53794525885,3,18723.7768676,0.931354800441,0.00873315714407,3559.02608401,-3.1632974284e-19,0.83012980583,-0.0229460040246,0.0229460040246,37000.0
37000.0,32000.0,7.63740922357e-17,223,2.39602196969,3,17730.3507788,0.87380984953,0.00706521367719,2160.24689947,-4.88528590335e-18,0.847865203783,-0.0236680941714,0.0236680941714,35000.0
41000.0,26000.0,2.36107429904e-16,224,2.50102735838,3,15131.0334399,0.916701590811,0.00996993416674,6236.09564462,1.04725070192e-18,0.747701662994,-0.0327515090974,0.0327515090974,34333.3333333
38000.0,36000.0,-2.24080013804e-16,225,2.65206168849,3,16280.5630435,0.975337333174,0.00865229183174,816.496580928,-2.31245516843e-18,0.779398080906,-0.024893664181,0.024893664181,37000.0
39000.0,36000.0,1.07090262584e-17,226,2.63047580173,3,17579.1583069,0.967164743033,0.0095986960129,1247.21912892,1.37315361689e-18,0.765193241016,-0.0348529419439,0.0348529419439,37666.6666667
43000.0,35000.0,3.92278802034e-17,227,2.56060920155,3,14266.4214791,0.940245199536,0.00929588113391,3299.83164554,-2.82123581521e-18,0.776221391421,-0.0309707765478,0.0309707765478,38666.6666667
39000.0,31000.0,-4.14113188185e-16,228,2.57098927799,3,15312.8085988,0.94429075791,0.00977359290487,3399.3463424,-2.41447518753e-18,0.771585327012,-0.0258633095081,0.0258633095081,35666.6666667
37000.0,35000.0,1.1433996111e-16,229,2.42750675966,3,18842.2931922,0.886864705798,0.00931592435587,816.496580928,-5.37640181896e-18,0.776579510113,-0.0308358541021,0.0308358541021,36000.0
42000.0,35000.0,-2.18257125336e-17,230,2.71660447764,3,16424.9190284,0.999382746656,0.00947164500068,2867.44175568,4.0853693207e-18,0.694800007083,-0.0317287908025,0.0317287908025,38333.3333333
44000.0,31000.0,-3.3792413312e-16,231,2.41987843201,3,17455.1140982,0.8837173042,0.0098411438555,5906.68171556,7.1427882697e-18,0.675986830761,-0.0301509859611,0.0301509859611,35666.6666667
36000.0,35000.0,1.99840144433e-17,232,2.58377227857,3,17509.3219181,0.949250454547,0.00823208924861,471.404520791,-1.05227297256e-18,0.818174012925,-0.0227370548117,0.0227370548117,35666.6666667
40000.0,37000.0,-3.80251385934e-17,233,2.52259121594,3,16989.9310947,0.925286633519,0.00637888836127,1414.21356237,3.38669179203e-18,0.856859561625,-0.0276236266905,0.0276236266905,38000.0
39000.0,36000.0,-1.84019466332e-16,234,2.60666214208,3,16205.4275272,0.958070530112,0.00992054372908,1247.21912892,-2.67552735364e-18,0.747513093087,-0.0378175215931,0.0378175215931,37333.3333333
42000.0,32000.0,1.99909533372e-16,235,2.67587089126,3,13925.2146681,0.984274894188,0.00801922901265,4320.49379894,3.55858731005e-18,0.650349528531,-0.0240374936587,0.0240374936587,36000.0
38000.0,31000.0,6.42310279038e-17,236,2.7445459967,3,15811.1221146,1.00961566846,0.00650158434321,2867.44175568,-2.31276193022e-18,0.629891719439,-0.0195879734639,0.0195879734639,34666.6666667
41000.0,33000.0,-6.53875102212e-17,237,2.71476433201,3,19040.2070286,0.99870514741,0.00950228309112,3299.83164554,1.7022152815e-18,0.82061731943,-0.0333236314995,0.0333236314995,37333.3333333
43000.0,36000.0,-1.44328993201e-16,238,2.73149594845,3,17423.5724876,1.00484942558,0.00839119564099,3091.20616517,-6.29283199891e-19,0.793048670616,-0.0255027613811,0.0255027613811,40333.3333333
36000.0,32000.0,-7.83632418215e-17,239,2.77124780989,3,18126.9195971,1.01929769165,0.00653314936358,1885.61808316,-5.0447085437e-19,0.686997388553,-0.0220782222839,0.0220782222839,34666.6666667
40000.0,35000.0,3.24942619108e-17,240,2.60819440892,3,15647.5822424,0.958658184584,0.00675089799795,2054.80466766,7.73153929437e-19,0.513254418605,-0.025967686104,0.025967686104,37666.6666667
42000.0,37000.0,4.12864187282e-17,241,2.62216264422,3,17766.9078581,0.963999414013,0.00660615986056,2054.80466766,-1.24116106391e-18,0.728788485748,-0.0245729348616,0.0245729348616,39666.6666667
42000.0,34000.0,-1.29340982369e-16,242,2.6645935509,3,18487.4322369,0.980051532252,0.00813971536049,3771.23616633,-1.0311786586e-18,0.874604803974,-0.0288533471012,0.0288533471012,36666.6666667
40000.0,37000.0,-8.90953977262e-17,243,2.53949552012,3,20933.7147484,0.931965447178,0.00913724662031,1414.21356237,-3.6348700737e-18,0.913027497428,-0.0263495063773,0.0263495063773,39000.0
38000.0,37000.0,-1.58900670399e-16,244,2.51523255553,3,19479.2866139,0.922365266685,0.00655421201277,471.404520791,4.56134152724e-18,0.767497022717,-0.029254583614,0.029254583614,37666.6666667
41000.0,34000.0,-1.85037170771e-19,245,2.61162895448,3,18304.8463421,0.959974147142,0.00801339985203,2943.92028878,8.85188350513e-19,0.815001610588,-0.0240266394972,0.0240266394972,37000.0
37000.0,34000.0,1.57744188082e-16,246,2.6050382932,3,17314.9056181,0.957447374981,0.00709550342014,1247.21912892,6.75148986449e-19,0.805737281078,-0.0256988313888,0.0256988313888,35666.6666667
39000.0,35000.0,-1.88737914186e-16,247,2.67869993575,3,18273.1744458,0.985331578223,0.00937946304912,1699.6731712,4.15664630202e-18,0.799078986196,-0.0313407878592,0.0313407878592,36666.6666667
43000.0,34000.0,-3.01888144113e-16,248,2.86027786714,3,17706.39268,1.05091877646,0.00901057613007,3681.78700573,2.4028840828e-18,0.766766199607,-0.028312293559,0.028312293559,38333.3333333
41000.0,36000.0,9.916835871e-18,249,2.54362924127,3,19075.8308398,0.933591896364,0.00865491494685,2054.80466766,-3.13490290681e-18,0.812596707548,-0.0251254780711,0.0251254780711,38333.3333333
43000.0,34000.0,-6.62664367823e-17,250,2.68066184931,3,18351.9666393,0.98606372273,0.00919491707194,3741.65738677,-2.44578654011e-18,0.818707966983,-0.0345692172375,0.0345692172375,38000.0
38000.0,38000.0,-1.2781442571e-16,251,2.62522663851,3,21727.1866547,0.965167230798,0.00931930799777,0.0,3.16490339926e-18,0.758459390622,-0.0287239243582,0.0287239243582,38000.0
40000.0,36000.0,-5.39383352797e-17,252,2.46282009557,3,16392.9197904,0.901307073664,0.00991375041169,1699.6731712,-4.37260227508e-19,0.696946002961,-0.0279210085241,0.0279210085241,38333.3333333
42000.0,32000.0,-3.93753316989e-17,253,2.50208896852,3,15618.7209809,0.917125970375,0.00852064025948,4082.48290464,3.39648076461e-18,0.817560821465,-0.0214891327584,0.0214891327584,37000.0
43000.0,35000.0,-1.57929225253e-16,254,2.511315923,3,15886.0326924,0.920806887871,0.00873029085193,3299.83164554,1.10331248943e-18,0.73106351932,-0.0281299159261,0.0281299159261,39333.3333333
39000.0,33000.0,-1.18978900806e-16,255,2.32435060654,3,17628.2948167,0.84344069101,0.00972978328552,2624.66929134,-6.71338453469e-19,0.784407950897,-0.028845199551,0.028845199551,36666.6666667
40000.0,35000.0,2.7848094201e-17,256,2.43456896151,3,18662.023714,0.889769723004,0.00961559732069,2357.02260396,-1.89757160012e-18,0.559704768667,-0.0386493624316,0.0386493624316,38333.3333333
39000.0,36000.0,5.68064114267e-17,257,2.33866306798,3,19969.2001508,0.849579427623,0.00845249959903,1247.21912892,-4.9518176742e-18,0.879472331736,-0.0247755379634,0.0247755379634,37666.6666667
38000.0,37000.0,6.92964204537e-17,258,2.46288330771,3,18891.8505973,0.901332739903,0.00834034369852,471.404520791,-4.33186708717e-20,0.81102825178,-0.0233626432286,0.0233626432286,37333.3333333
40000.0,30000.0,2.41566026441e-16,259,2.6813446523,3,17063.0154174,0.986318404629,0.00962594420281,4320.49379894,2.10414477636e-19,0.750574341949,-0.0221676225021,0.0221676225021,34000.0
39000.0,37000.0,3.15025783237e-17,260,2.37483491415,3,16899.1123284,0.864927925238,0.00669194448318,816.496580928,5.51534664057e-18,0.826947764648,-0.0244516332324,0.0244516332324,38000.0
39000.0,33000.0,-2.893056165e-16,261,2.80349524493,3,16188.5641685,1.03086694046,0.0066451334405,2624.66929134,6.02318415223e-18,0.697943492675,-0.0274426888804,0.0274426888804,35333.3333333
40000.0,37000.0,-8.25265781638e-17,262,2.62219637851,3,19372.7160633,0.964012278994,0.00922121689189,1247.21912892,-2.33950733959e-19,0.853863916888,-0.0295309852448,0.0295309852448,38333.3333333
40000.0,36000.0,-1.34799578907e-16,263,2.79565431156,3,17408.2204396,1.02806617995,0.00903674537564,1699.6731712,1.13170328337e-18,0.847389139136,-0.0267320162205,0.0267320162205,37666.6666667
35000.0,32000.0,1.73472347598e-17,264,2.80590784795,3,18212.6673013,1.03172714007,0.00937221624761,1247.21912892,-2.19620002916e-18,0.846290810589,-0.0300489469749,0.0300489469749,33333.3333333
37000.0,33000.0,1.00544572668e-16,265,2.46966032046,3,19604.0662132,0.904080619102,0.00661508220747,1699.6731712,-3.64194687847e-20,0.837079234971,-0.0238561107423,0.0238561107423,35333.3333333
40000.0,30000.0,1.18377530001e-16,266,2.88419947283,3,17819.2412143,1.05924738237,0.00860800477235,4320.49379894,2.62319609141e-18,0.745209071511,-0.0243138725509,0.0243138725509,36000.0
38000.0,30000.0,1.69170233377e-16,267,2.68581345822,3,19210.0195777,0.987983646032,0.00953830789032,3399.3463424,8.31979345496e-20,0.771175083458,-0.0261285799026,0.0261285799026,34666.6666667
38000.0,37000.0,-1.76247905159e-17,268,2.40825603333,3,19533.8683459,0.87890284793,0.00687977528906,471.404520791,-8.55129045802e-19,0.764564037809,-0.0224158011056,0.0224158011056,37333.3333333
37000.0,32000.0,7.29046452837e-17,269,2.46387737388,3,18679.4611758,0.90173627734,0.00977833806706,2054.80466766,-4.35754023614e-18,0.787431979315,-0.0200221576444,0.0200221576444,34666.6666667
37000.0,32000.0,-3.54114885563e-17,270,2.47002713568,3,16351.5694375,0.904229136686,0.00897355323318,2054.80466766,4.31594105799e-18,0.806730953702,-0.0223035120622,0.0223035120622,34333.3333333
38000.0,28000.0,3.10492372554e-16,271,2.71054165059,3,16826.1625495,0.997148485986,0.00962172805475,4189.93502999,-4.38009836795e-18,0.834293492958,-0.0233808477275,0.0233808477275,33666.6666667
37000.0,31000.0,-2.06779038336e-17,272,2.64996267033,3,16319.3419456,0.974545553232,0.00929337008411,2624.66929134,2.99472218264e-18,0.692191510474,-0.0240373827264,0.0240373827264,33333.3333333
36000.0,30000.0,-7.74843152603e-17,273,2.63931189252,3,12464.0679645,0.97051823641,0.0065570809024,2494.43825785,-1.37774901497e-18,0.643325233233,-0.025144083858,0.025144083858,33333.3333333
39000.0,33000.0,8.57184693596e-17,274,2.88036660054,3,20755.498952,1.0579175779,0.00656522323703,2494.43825785,1.71783873588e-18,0.737127629558,-0.0228965083008,0.0228965083008,36333.3333333
36000.0,36000.0,2.42028619368e-16,275,2.61295173673,3,16049.0810745,0.960480515925,0.00890162700914,0.0,2.63800327966e-18,0.7555345525,-0.024269520267,0.024269520267,36000.0
36000.0,29000.0,-8.39374865909e-17,276,2.80551632393,3,17304.8009681,1.03158759474,0.00894904338378,3299.83164554,-3.87151416898e-18,0.873957746389,-0.0232821994634,0.0232821994634,33666.6666667
37000.0,33000.0,1.89894396504e-17,277,2.54802325249,3,17822.4754922,0.935317863448,0.00915536796401,1632.99316186,1.82120276226e-18,0.767195417911,-0.0239312501767,0.0239312501767,35000.0
39000.0,32000.0,9.74914593499e-18,278,2.50097487289,3,16789.7256388,0.916680605019,0.0087853800651,2943.92028878,1.38676372334e-18,0.712277667889,-0.0258795144566,0.0258795144566,36000.0
36000.0,33000.0,-1.24437497343e-17,279,2.51880147242,3,18393.0499538,0.923783182203,0.00843805138323,1247.21912892,8.91216378978e-19,0.781366210881,-0.0271466484303,0.0271466484303,34666.6666667
38000.0,34000.0,1.75658099177e-16,280,2.31159405634,3,15076.8320636,0.837937354226,0.00925627765604,1699.6731712,-3.086195248e-18,0.710604140152,-0.0364330565731,0.0364330565731,36333.3333333
39000.0,36000.0,-2.27595720048e-16,281,2.44374461739,3,18207.806291,0.893531542145,0.0064961829055,1414.21356237,3.91179866364e-18,0.784888671056,-0.0183186862447,0.0183186862447,37000.0
38000.0,35000.0,-7.14012182712e-17,282,2.31598166796,3,16416.4282803,0.839833644289,0.00651764542142,1247.21912892,-2.09714712691e-18,0.60678047672,-0.028261080908,0.028261080908,36666.6666667
44000.0,31000.0,-1.97249624042e-16,283,2.41813973096,3,16301.4264933,0.882998538347,0.00826774294261,5354.12613474,1.62200012215e-18,0.731624418855,-0.0311947694359,0.0311947694359,37000.0
41000.0,35000.0,-3.47407288122e-17,284,2.33046490296,3,18997.4179585,0.846067776841,0.0097416514499,2494.43825785,2.08781192418e-18,0.774784620576,-0.0254918904929,0.0254918904929,38333.3333333
41000.0,38000.0,-1.16110824659e-17,285,2.26974295496,3,16749.5297326,0.819666589381,0.00998691582216,1247.21912892,1.51786617592e-18,0.605428154727,-0.0277158161376,0.0277158161376,39333.3333333
36000.0,33000.0,-9.0483176507e-17,286,2.3337709076,3,19405.5654464,0.847485374634,0.00648379208803,1414.21356237,-1.36677481248e-18,0.818707491157,-0.0246162184283,0.0246162184283,35000.0
39000.0,35000.0,1.34151948809e-18,287,2.4440230274,3,19080.6907013,0.893645463279,0.00781148462592,1699.6731712,-1.68586678757e-18,0.857035102704,-0.0226440395661,0.0226440395661,36666.6666667
39000.0,34000.0,-5.93159780552e-17,288,2.37549609032,3,17170.9921423,0.86520629581,0.00918892874969,2054.80466766,-3.46721437525e-18,0.73338896265,-0.0358696129956,0.0358696129956,36333.3333333
36000.0,35000.0,5.18104078158e-18,289,2.37744636225,3,17375.2726169,0.866026954615,0.00658448705885,471.404520791,1.49334624564e-18,0.777726677023,-0.0194295878346,0.0194295878346,35333.3333333
38000.0,34000.0,-4.21884749358e-17,290,2.35262283416,3,17889.7575339,0.855530805423,0.00652231457097,1699.6731712,-2.87120846972e-18,0.738152989692,-0.0236818950501,0.0236818950501,35666.6666667
40000.0,33000.0,3.42318765926e-18,291,2.29646782805,3,16542.6126994,0.831372215562,0.00989997277486,2867.44175568,3.34080577094e-18,0.80633026879,-0.0295262581017,0.0295262581017,36333.3333333
43000.0,34000.0,8.2272152054e-17,292,2.35147370677,3,17430.9338536,0.855042240869,0.00647953683889,3858.61230093,-2.37209515714e-18,0.762382966963,-0.0285833224399,0.0285833224399,39333.3333333
42000.0,37000.0,6.58732327944e-17,293,2.20644624877,3,17680.5336083,0.791383189027,0.00985869231586,2160.24689947,2.2606617853e-18,0.857065566896,-0.0294279463812,0.0294279463812,39000.0
37000.0,34000.0,-9.1153936251e-17,294,2.29095012171,3,15683.1453946,0.828966631827,0.00940333330445,1247.21912892,1.37704395176e-18,0.660213379969,-0.0394399667607,0.0394399667607,35333.3333333
38000.0,36000.0,-3.80049001529e-17,295,2.19852105524,3,16756.9504883,0.787784886686,0.0089412976252,942.809041582,-4.45801690828e-18,0.823444047814,-0.0195572256359,0.0195572256359,37333.3333333
39000.0,35000.0,-5.4424057853e-17,296,2.24520181342,3,17927.3180486,0.808795411773,0.00830240708506,1699.6731712,-2.89310775391e-19,0.866105386429,-0.0238897993424,0.0238897993424,36666.6666667
41000.0,34000.0,-8.69212109696e-17,297,2.29343251803,3,21131.3757679,0.830049611485,0.00850632642383,2943.92028878,3.44053659589e-18,0.848575951668,-0.024395383261,0.024395383261,38000.0
39000.0,35000.0,1.14723045878e-17,298,2.28193789853,3,20010.5540638,0.825025037456,0.00659012291366,1632.99316186,1.36618382756e-18,0.883531040841,-0.0259694197837,0.0259694197837,37000.0
38000.0,36000.0,9.12695844827e-17,299,2.39635996568,3,20338.7875938,0.873950905063,0.008895563014,816.496580928,-2.89891158297e-19,0.735913973497,-0.023910050924,0.023910050924,37000.0
40000.0,38000.0,2.00765330286e-17,300,2.31814002412,3,15553.6861791,0.840765150391,0.00926977220058,816.496580928,6.97837459593e-19,0.461960443591,-0.0279106723039,0.0279106723039,39000.0
38000.0,34000.0,1.49163089288e-16,301,2.31853694619,3,17395.7704708,0.840936360109,0.00989163067999,1699.6731712,1.5382523396e-18,0.839136770923,-0.0250243737263,0.0250243737263,35666.6666667
43000.0,35000.0,2.27595720048e-17,302,2.41680935896,3,16586.8718619,0.882448223541,0.0075818844103,3559.02608401,3.18447309748e-19,0.801054323639,-0.0226505072499,0.0226505072499,40000.0
40000.0,32000.0,-7.3320978918e-18,303,2.34325715047,3,17843.5390441,0.851541906159,0.00929987994608,3265.98632371,1.8820041246e-18,0.747319900455,-0.0241497691802,0.0241497691802,36000.0
37000.0,34000.0,1.37852692224e-17,304,2.22118730356,3,18257.6310097,0.798041874341,0.00901295324392,1247.21912892,-2.39808263808e-19,0.829738466339,-0.0233987080192,0.0233987080192,35666.6666667
37000.0,36000.0,-1.54876111935e-16,305,2.40645627087,3,19694.7630925,0.878155238338,0.00665523439321,471.404520791,2.06645925287e-18,0.851418226333,-0.0170558539282,0.0170558539282,36333.3333333
37000.0,33000.0,-7.73455373822e-17,306,2.33201678518,3,20604.1438868,0.846733466225,0.00817119177068,1699.6731712,3.89360505382e-18,0.813116670106,-0.027491042703,0.027491042703,35333.3333333
44000.0,30000.0,6.63647377793e-17,307,2.38258199126,3,17459.1407061,0.868184769913,0.00987830685549,5792.71573233,-1.61071517975e-18,0.762222559186,-0.0300391409955,0.0300391409955,36333.3333333
40000.0,34000.0,-6.24963044279e-17,308,2.30602986464,3,16854.5284088,0.835527372603,0.00895863970811,2624.66929134,5.62072755387e-19,0.754390312645,-0.0297284733338,0.0297284733338,36333.3333333
40000.0,36000.0,-7.38298311376e-17,309,2.45574496971,3,18119.7483494,0.8984301652,0.00944062158067,1699.6731712,5.38681020919e-18,0.852473417655,-0.0236025251139,0.0236025251139,38333.3333333
40000.0,35000.0,-4.25961349526e-17,310,2.49258665944,3,19112.8266169,0.913320990328,0.0091933052538,2054.80466766,2.13972678539e-18,0.692619267359,-0.0233075457297,0.0233075457297,37333.3333333
37000.0,33000.0,-2.46376992881e-16,311,2.29876619833,3,16439.3593222,0.832372543492,0.00746806608386,1699.6731712,2.62189839727e-18,0.776436550787,-0.0216673745514,0.0216673745514,34666.6666667
40000.0,37000.0,2.02500053762e-16,312,2.46591078366,3,18457.2543952,0.902561225524,0.00651831474459,1414.21356237,-3.69768201713e-18,0.806037196504,-0.025021571467,0.025021571467,38000.0
37000.0,35000.0,4.49784885263e-17,313,2.30075350897,3,15989.6693832,0.833236681877,0.0089319713486,942.809041582,5.82305094242e-18,0.821882634608,-0.0416710934711,0.0416710934711,36333.3333333
40000.0,36000.0,4.55654033023e-17,314,2.58105414319,3,18711.3284356,0.948197898119,0.0092461768671,1699.6731712,5.21723558158e-20,0.67593273469,-0.0333695772295,0.0333695772295,37666.6666667
40000.0,37000.0,2.00765330286e-17,315,2.51304181795,3,18139.4722746,0.92149389907,0.00933518490933,1247.21912892,-3.85805578704e-18,0.84478406489,-0.0274087597852,0.0274087597852,38333.3333333
36000.0,33000.0,-1.5598633496e-16,316,2.47997719757,3,17091.7817172,0.908249365608,0.00802397677137,1247.21912892,-5.58918532838e-19,0.845214298743,-0.0218324124372,0.0218324124372,34333.3333333
39000.0,34000.0,-1.13335267097e-18,317,2.41544540757,3,17135.848067,0.881883703876,0.0099616559757,2054.80466766,-2.12403072129e-18,0.841207794601,-0.0241551790096,0.0241551790096,36666.6666667
37000.0,34000.0,-1.44051437445e-16,318,2.30248350454,3,16257.6372742,0.83398832497,0.00932744949039,1247.21912892,-4.02896263245e-18,0.758152799585,-0.0302702298426,0.0302702298426,35333.3333333
40000.0,37000.0,-3.28209681655e-17,319,2.35855478972,3,18397.2972858,0.85804905422,0.00998010689918,1247.21912892,7.77230829415e-19,0.813374996146,-0.0312880739859,0.0312880739859,38333.3333333
36000.0,34000.0,-5.66676335486e-17,320,2.35105097954,3,16154.8080111,0.854862453517,0.00707073254928,942.809041582,3.59301293323e-18,0.718725540551,-0.0247789380914,0.0247789380914,34666.6666667
38000.0,36000.0,-1.17059140159e-16,321,2.35079772482,3,17455.7452285,0.854754727922,0.00776221288694,816.496580928,8.04486797244e-19,0.816264250855,-0.0252085517281,0.0252085517281,37000.0
39000.0,35000.0,9.58492544593e-17,322,2.32040362853,3,17238.1832842,0.841741148361,0.00947656866616,1699.6731712,-2.95111709356e-18,0.868305600841,-0.0263596775648,0.0263596775648,37333.3333333
36000.0,35000.0,8.72681556648e-17,323,2.33142442108,3,17616.0287317,0.846479420304,0.00931941927544,471.404520791,-3.14581010472e-18,0.772824708952,-0.0335790078175,0.0335790078175,35666.6666667
38000.0,30000.0,2.99760216649e-16,324,2.42046203716,3,17535.7015365,0.88395844639,0.00734865976061,3771.23616633,1.77782928863e-20,0.635331128405,-0.0277894354512,0.0277894354512,35333.3333333
39000.0,31000.0,-5.07001847912e-17,325,2.51200153492,3,17196.2373294,0.92107985964,0.00952187006965,3299.83164554,-4.46366781798e-18,0.83075680447,-0.0324686095183,0.0324686095183,34666.6666667
39000.0,33000.0,-7.66747776382e-17,326,2.38822826257,3,17417.5782182,0.870551778305,0.00834292646562,2494.43825785,7.85204389895e-19,0.885168344653,-0.02249813861,0.02249813861,35666.6666667
42000.0,33000.0,1.43126251591e-16,327,2.41347864517,3,16721.2732078,0.881069128004,0.00938580266476,3858.61230093,8.26135714477e-18,0.626198708154,-0.0265551563484,0.0265551563484,36666.6666667
41000.0,36000.0,-1.28045722173e-16,328,2.31658143839,3,19466.2400144,0.840092581046,0.00575306945709,2160.24689947,-3.70673667894e-18,0.711838003113,-0.0331957985121,0.0331957985121,39000.0
37000.0,35000.0,-4.23272528138e-18,329,2.34365794868,3,12631.6028016,0.851712934735,0.00919047432708,942.809041582,7.15146412968e-19,0.461513567536,-0.0321455906089,0.0321455906089,35666.6666667
40000.0,32000.0,1.30173649637e-16,330,2.4520504633,3,16448.7024265,0.896924598326,0.00841912975494,3399.3463424,3.84323558775e-20,0.800498036846,-0.0273160597476,0.0273160597476,36666.6666667
39000.0,35000.0,-7.54026470891e-17,331,2.394314947,3,18072.2961415,0.87309715529,0.00674409190116,1699.6731712,-8.83964420415e-19,0.890100329159,-0.0234854479841,0.0234854479841,37333.3333333
38000.0,36000.0,-2.23201087242e-17,332,2.30975313581,3,18502.9940118,0.837140651207,0.00922073305869,942.809041582,1.31749023048e-19,0.791670383509,-0.0274161714625,0.0274161714625,36666.6666667
38000.0,33000.0,-3.73543788494e-17,333,2.36556785852,3,17932.8976243,0.861018102435,0.00868421632718,2160.24689947,5.39546504729e-18,0.878843874917,-0.0227862855209,0.0227862855209,36000.0
39000.0,36000.0,-3.00454106039e-17,334,2.40541421218,3,17756.3476221,0.877722118323,0.00970421802112,1247.21912892,5.91487773927e-18,0.825787819963,-0.0313049954269,0.0313049954269,37333.3333333
39000.0,34000.0,-1.61907524425e-18,335,2.42502595499,3,18981.1533196,0.88584222742,0.00957555475225,2357.02260396,1.19554477807e-19,0.840662956163,-0.0316974541819,0.0316974541819,37333.3333333
42000.0,33000.0,2.49661402663e-16,336,2.34225201869,3,18575.5946587,0.851112867706,0.00652737922018,3858.61230093,-2.89070243905e-18,0.873604572867,-0.0285119159791,0.0285119159791,38333.3333333
38000.0,34000.0,6.53643805748e-17,337,2.40231556005,3,18421.7088699,0.876433088906,0.00904155188623,1699.6731712,8.49335809638e-19,0.828661992659,-0.0246407882115,0.0246407882115,36333.3333333
41000.0,37000.0,4.45476988631e-17,338,2.34043006768,3,13576.1703212,0.850334702087,0.00943477805318,1632.99316186,1.26227625319e-18,0.556511019226,-0.0362278283213,0.0362278283213,39000.0
41000.0,35000.0,8.03986506999e-17,339,2.36458448982,3,16295.4694152,0.8606023151,0.00953489892373,2624.66929134,2.01981840052e-18,0.780975521444,-0.0407702241871,0.0407702241871,38666.6666667
41000.0,36000.0,-4.3206179375e-17,340,2.41167264708,3,17098.4904834,0.880320551195,0.00827136029521,2160.24689947,-2.60328534376e-18,0.867955676535,-0.028062281825,0.028062281825,39000.0
43000.0,33000.0,1.19857827367e-16,341,2.3585504792,3,20221.0039991,0.85804722661,0.00930945738604,4189.93502999,2.48751281279e-18,0.724246190846,-0.0288490506262,0.0288490506262,37333.3333333
40000.0,34000.0,-6.56881956237e-18,342,2.36330067203,3,19972.3912265,0.860059231767,0.00663353704675,2494.43825785,5.50561319807e-19,0.857577505789,-0.0236732103409,0.0236732103409,36666.6666667
40000.0,36000.0,7.44774612353e-18,343,2.29881259022,3,17203.6426708,0.832392724503,0.00882036610288,1885.61808316,2.50037394101e-18,0.795898349888,-0.0338213321691,0.0338213321691,38666.6666667
39000.0,39000.0,1.84574577844e-17,344,2.44230589314,3,15534.0324889,0.892942631211,0.00908912763052,0.0,-1.295592745e-18,0.825341037468,-0.0266835784942,0.0266835784942,39000.0
38000.0,34000.0,1.62023172656e-17,345,2.42667983203,3,18393.0108022,0.886523998812,0.00939246167915,1699.6731712,8.73699534441e-19,0.808298267128,-0.02601962171,0.02601962171,36333.3333333
38000.0,34000.0,4.34837351312e-18,346,2.34985683069,3,17135.6125592,0.854354403189,0.00678034200708,1632.99316186,-4.27138317599e-18,0.802198198205,-0.017022161932,0.017022161932,36000.0
36000.0,35000.0,6.21609245558e-17,347,2.36129015727,3,15641.7960653,0.859208146475,0.00874659204816,471.404520791,-3.13931683058e-18,0.741975465077,-0.0291574883333,0.0291574883333,35333.3333333
38000.0,36000.0,3.07265786888e-16,348,2.47623349899,3,17593.2320988,0.9067386553,0.00654959923496,816.496580928,1.70084828232e-18,0.82615025613,-0.0252273283341,0.0252273283341,37000.0
38000.0,35000.0,4.99600361081e-18,349,2.41776676078,3,16257.3431558,0.882844287978,0.00993259791667,1247.21912892,-2.05939820507e-18,0.796873650992,-0.0270036689743,0.0270036689743,36333.3333333
37000.0,29000.0,-1.25825276124e-17,350,2.37002959639,3,15169.7338125,0.862902442998,0.00650726662242,3399.3463424,8.33399807535e-19,0.541370672681,-0.0269235148328,0.0269235148328,33666.6666667
41000.0,32000.0,-2.71114149649e-16,351,2.41787342603,3,18549.1105801,0.882888404268,0.00990222230259,3741.65738677,1.56886680369e-18,0.741735167366,-0.0299196221712,0.0299196221712,37000.0
40000.0,38000.0,3.4856377044e-17,352,2.3585050749,3,17497.0334319,0.858027975489,0.00669037568346,816.496580928,1.11426589285e-18,0.858971484302,-0.02280666646,0.02280666646,39000.0
37000.0,36000.0,8.24109299321e-17,353,2.2718925635,3,17767.3760717,0.820613212547,0.00905595976177,471.404520791,1.03110460578e-18,0.674946325923,-0.0241429387692,0.0241429387692,36666.6666667
39000.0,33000.0,-4.02455846427e-18,354,2.32250254327,3,17582.3438292,0.842645286762,0.00937733298207,2624.66929134,4.50031865035e-18,0.789674154876,-0.0246553994636,0.0246553994636,36666.6666667
41000.0,37000.0,4.02455846427e-17,355,2.30579426429,3,19420.7102034,0.835425200299,0.00952678638643,1699.6731712,3.39310289582e-18,0.825617966233,-0.0337585275815,0.0337585275815,38666.6666667
40000.0,31000.0,-2.37772764441e-17,356,2.31409671323,3,16713.1366673,0.839019422724,0.00657494821729,3858.61230093,-2.46455646953e-18,0.626406572339,-0.0218447253498,0.0218447253498,36333.3333333
41000.0,33000.0,-2.21142548718e-16,357,2.39671310322,3,16869.1494572,0.874098258352,0.00650392187925,3399.3463424,5.79870676476e-18,0.754085102619,-0.0264504130947,0.0264504130947,36333.3333333
42000.0,34000.0,5.31981865966e-17,358,2.41234748705,3,20697.0975564,0.880600334429,0.00809483478887,3299.83164554,1.76977692981e-18,0.829688114422,-0.0283867942242,0.0283867942242,37666.6666667
37000.0,32000.0,1.70234197109e-16,359,2.37372425641,3,19137.12734,0.86446013797,0.0090227238348,2357.02260396,-4.5068949002e-19,0.88879857249,-0.0298930334814,0.0298930334814,35333.3333333
39000.0,33000.0,7.63914394704e-17,360,2.37879553477,3,16755.2825723,0.866594281756,0.00968325701658,2494.43825785,1.31430710459e-18,0.755075466861,-0.0268100591492,0.0268100591492,36333.3333333
39000.0,37000.0,8.47007649204e-17,361,2.424293974,3,17472.2832477,0.885540337256,0.00647559403192,816.496580928,1.22185482748e-18,0.78226568449,-0.0235718061859,0.0235718061859,38000.0
38000.0,32000.0,2.27957120772e-16,362,2.44161200382,3,15363.2633145,0.892658478472,0.00646927276926,2494.43825785,-3.63455431416e-18,0.773462760709,-0.0250606981405,0.0250606981405,35333.3333333
36000.0,32000.0,-1.56078853545e-16,363,2.5472252414,3,16245.3863594,0.93500462609,0.00873538711435,1885.61808316,6.01669242747e-19,0.811964711428,-0.0292923118653,0.0292923118653,33333.3333333
39000.0,37000.0,5.53492437068e-17,364,2.52107161613,3,17922.9568598,0.924684055628,0.00681144602297,942.809041582,3.88154228674e-18,0.618028834135,-0.0230152219063,0.0230152219063,37666.6666667
42000.0,30000.0,-7.36216643205e-17,365,2.53683894851,3,17232.3162343,0.930918797527,0.00957240471237,4988.8765157,-3.33488934471e-18,0.724475806294,-0.0293636200678,0.0293636200678,36666.6666667
37000.0,36000.0,-1.15995176427e-16,366,2.57608262875,3,18970.210286,0.946269884104,0.00928485394327,471.404520791,-6.62048824509e-18,0.798001619179,-0.0252038235709,0.0252038235709,36666.6666667
37000.0,31000.0,5.47710025482e-17,367,2.52835061094,3,18607.0091896,0.927567157706,0.00992982551988,2494.43825785,1.51751747529e-18,0.831204276598,-0.0298155261252,0.0298155261252,34333.3333333
37000.0,29000.0,-1.60380967766e-16,368,2.51719965728,3,15613.518945,0.92314703652,0.00885392470042,3299.83164554,3.01207069168e-18,0.719024560072,-0.0299792417102,0.0299792417102,33333.3333333
40000.0,31000.0,-8.67130441525e-17,369,2.50554648755,3,17741.0016621,0.918506869448,0.00961414431436,3681.78700573,-7.24948148683e-19,0.655024253267,-0.0331339086888,0.0331339086888,35666.6666667
37000.0,33000.0,-8.52327467863e-17,370,2.56563482832,3,15452.1768264,0.942205944422,0.00978526020683,1632.99316186,7.99224877569e-19,0.596103826838,-0.0252426680129,0.0252426680129,35000.0
41000.0,38000.0,-2.82644278352e-17,371,2.63960074924,3,18930.7555588,0.970627674373,0.00667874784497,1247.21912892,-5.39539493985e-18,0.725603229806,-0.0194165231378,0.0194165231378,39666.6666667
39000.0,33000.0,9.82084783866e-17,372,2.51131823179,3,20295.3300217,0.920807807228,0.00993353109537,2494.43825785,-2.08902789203e-18,0.827701662976,-0.0320702531156,0.0320702531156,36333.3333333
37000.0,35000.0,1.00475183729e-16,373,2.60914603031,3,14860.2008026,0.959022976344,0.00976957880623,942.809041582,3.3098314329e-18,0.614599226651,-0.0317390408524,0.0317390408524,36333.3333333
39000.0,37000.0,1.24483756636e-16,374,2.56251865617,3,20073.0770265,0.940990624893,0.00922590883213,942.809041582,2.0689238014e-18,0.69409986428,-0.0307832269647,0.0307832269647,37666.6666667
40000.0,38000.0,1.0325074129e-16,375,2.52070037041,3,19429.4513716,0.924536787677,0.00886380400019,816.496580928,2.69159129573e-18,0.880552299377,-0.0349739021921,0.0349739021921,39000.0
39000.0,34000.0,1.85037170771e-18,376,2.5229073149,3,16588.269365,0.925411932916,0.00921008957314,2357.02260396,3.31072599977e-19,0.8557471501,-0.0278173913727,0.0278173913727,37333.3333333
42000.0,35000.0,2.80967378992e-17,377,2.49413389704,3,19163.6890154,0.913941533485,0.0059033943783,2943.92028878,1.59485012061e-18,0.876802170323,-0.0302635368869,0.0302635368869,38000.0
43000.0,39000.0,1.8725761682e-16,378,2.46370734669,3,20458.2510029,0.901667266982,0.00877911575978,1699.6731712,-2.98019384e-19,0.849754278034,-0.0270973921079,0.0270973921079,40666.6666667
44000.0,41000.0,4.94829871522e-17,379,2.5553695794,3,19997.034563,0.938196862666,0.00937080663849,1414.21356237,2.53102871564e-18,0.822258114804,-0.0278721049421,0.0278721049421,43000.0
46000.0,41000.0,-7.59577586014e-17,380,2.51482249827,3,21725.9367529,0.922202223834,0.00845104320484,2054.80466766,-2.31018488859e-18,0.838781966675,-0.0288976330566,0.0288976330566,43666.6666667
42000.0,36000.0,8.00285763584e-17,381,2.54528471669,3,18689.3943333,0.934242516709,0.00932747570321,2624.66929134,-2.16007434063e-18,0.810141307399,-0.0244782716957,0.0244782716957,38333.3333333
41000.0,40000.0,2.01736775433e-16,382,2.45046419837,3,19393.6743656,0.896277475334,0.00782193667549,471.404520791,-3.70117095721e-20,0.869133319921,-0.0240270142668,0.0240270142668,40333.3333333
41000.0,38000.0,6.43004168429e-18,383,2.56622351953,3,18164.6353188,0.942435370555,0.00962857438027,1247.21912892,6.78354868985e-19,0.777170159467,-0.0267830315027,0.0267830315027,39333.3333333
40000.0,37000.0,5.86567831344e-17,384,2.60687720093,3,19805.7805879,0.958153030246,0.00950640380854,1247.21912892,-5.5509912444e-19,0.868442622837,-0.0307245738748,0.0307245738748,38666.6666667
38000.0,37000.0,-9.8035006039e-17,385,2.55205994923,3,19238.5153607,0.936900856282,0.00907223617977,471.404520791,-1.95299652531e-19,0.698255016962,-0.0285337267125,0.0285337267125,37333.3333333
41000.0,36000.0,5.42852799749e-17,386,2.5982935296,3,18049.0904423,0.954854894778,0.00872982427444,2054.80466766,-1.32682609808e-19,0.860917922295,-0.0319521388537,0.0319521388537,38666.6666667
46000.0,37000.0,-2.22622846084e-18,387,2.54905065432,3,17009.7647141,0.93572099743,0.00657540108522,4027.6819912,4.74397786669e-19,0.756431274334,-0.0244602425569,0.0244602425569,40333.3333333
43000.0,37000.0,-1.26750461978e-17,388,2.62568942746,3,20137.1713122,0.965343500593,0.00964682635688,2494.43825785,2.65827504339e-18,0.851167389762,-0.0317401196057,0.0317401196057,40333.3333333
41000.0,39000.0,-4.42238838142e-17,389,2.60434461796,3,20336.754534,0.957181057358,0.00802235157965,816.496580928,-2.18219871835e-18,0.912108263961,-0.0303266879258,0.0303266879258,40000.0
39000.0,37000.0,7.17944222591e-17,390,2.65371235264,3,17641.1531701,0.975959547458,0.0098575311248,942.809041582,2.00877013233e-19,0.871282185502,-0.0285005515834,0.0285005515834,38333.3333333
42000.0,37000.0,-1.01533365049e-16,391,2.60758790227,3,16837.3232878,0.958425618648,0.00942439150462,2160.24689947,-4.15865702557e-18,0.744833561631,-0.0313169110192,0.0313169110192,40000.0
42000.0,36000.0,-2.47394697321e-16,392,2.56132251726,3,20253.233841,0.9405237334,0.00991515523364,2449.48974278,-1.14685046274e-18,0.665089926939,-0.032743465309,0.032743465309,39000.0
43000.0,39000.0,-6.48323987088e-17,393,2.60037062564,3,21303.1005908,0.955653983192,0.00988655336009,1885.61808316,6.24220748901e-19,0.83882333207,-0.0306145801142,0.0306145801142,41666.6666667
37000.0,33000.0,-7.80856860653e-17,394,2.56036164747,3,18339.8439771,0.940148517056,0.00847514667833,1632.99316186,-9.14850386526e-19,0.816439584356,-0.0210077427846,0.0210077427846,35000.0
41000.0,36000.0,5.19723153403e-17,395,2.59938333762,3,19717.4104969,0.955274239058,0.00781154731327,2357.02260396,2.30456488302e-18,0.761257473861,-0.0221152910837,0.0221152910837,39333.3333333
38000.0,36000.0,1.2490009027e-17,396,2.6089688034,3,19684.9921003,0.958955048782,0.00920506003128,816.496580928,-5.34755164833e-19,0.816282049739,-0.0282033711714,0.0282033711714,37000.0
40000.0,37000.0,3.92452274382e-17,397,2.56517489262,3,19026.3066751,0.942026660554,0.00937876224106,1247.21912892,1.21691421382e-18,0.884975854123,-0.0253318790398,0.0253318790398,38333.3333333
41000.0,37000.0,8.21565038223e-17,398,2.61271842534,3,21598.6014248,0.960391221581,0.00684330834374,1885.61808316,1.77923900168e-18,0.891870134849,-0.0200983781835,0.0200983781835,39666.6666667
38000.0,37000.0,3.13638004457e-17,399,2.55875681155,3,19294.3343072,0.939521520051,0.00901081428914,471.404520791,4.4750598295e-18,0.888994128492,-0.0261848625659,0.0261848625659,37666.6666667
39000.0,35000.0,9.30997177499e-17,400,2.53157646947,3,20157.6436055,0.92884221915,0.00906438266502,1885.61808316,-1.71016498071e-18,0.927603997469,-0.0224778592602,0.0224778592602,37666.6666667
40000.0,39000.0,1.25825276124e-16,401,2.44875393613,3,18177.5461949,0.895579297678,0.00886867497279,471.404520791,-4.65867584335e-18,0.745062620305,-0.032202666604,0.032202666604,39333.3333333
42000.0,41000.0,-5.45397060847e-17,402,2.43557094224,3,19942.9924152,0.890181202249,0.00969008036355,471.404520791,2.78797793407e-18,0.852390530055,-0.0251594232301,0.0251594232301,41666.6666667
42000.0,33000.0,6.5134891115e-17,403,2.50929832127,3,18370.8854058,0.920003160782,0.00687104330414,4242.64068712,1.7752834166e-18,0.687207430002,-0.0187908200843,0.0187908200843,39000.0
41000.0,35000.0,-2.69922972862e-16,404,2.50597141102,3,18964.8019171,0.918676448198,0.00998677469252,2624.66929134,5.56752621657e-18,0.73538004617,-0.0325986861722,0.0325986861722,37333.3333333
40000.0,32000.0,1.54228481838e-16,405,2.5788594751,3,18781.2510047,0.947347237278,0.00998585284973,3265.98632371,-1.05517876806e-18,0.845444671346,-0.0250734670279,0.0250734670279,36000.0
45000.0,38000.0,-2.50031477004e-17,406,2.48514963281,3,20672.2344521,0.910332872145,0.00660084694059,3299.83164554,8.95847848177e-19,0.853805817422,-0.0270645834338,0.0270645834338,40333.3333333
40000.0,35000.0,-9.73295518255e-17,407,2.46715521384,3,20148.0385703,0.903065751595,0.00937999010084,2357.02260396,-2.30911081613e-18,0.897844125331,-0.0261831182876,0.0261831182876,38333.3333333
42000.0,35000.0,9.35478546478e-17,408,2.36046681229,3,17359.0842774,0.858859401296,0.00963584384081,2943.92028878,1.84696387417e-18,0.735553310548,-0.0345845222861,0.0345845222861,38000.0
42000.0,35000.0,1.80364982209e-16,409,2.3473996526,3,18189.2965411,0.853308184691,0.00944713839763,2867.44175568,-2.5884550445e-18,0.798760935446,-0.0336668012467,0.0336668012467,38333.3333333
41000.0,30000.0,1.32995466492e-17,410,2.37275268854,3,16263.4164725,0.864050753117,0.00971114681512,4546.06056566,7.53290922833e-19,0.686616552341,-0.0222451360908,0.0222451360908,36000.0
40000.0,39000.0,1.7785541558e-16,411,2.38668144364,3,16680.9027953,0.869903883756,0.00919601344273,471.404520791,-1.31496136749e-18,0.718070045361,-0.0373945953572,0.0373945953572,39333.3333333
40000.0,36000.0,6.58732327944e-17,412,2.4547684348,3,17936.7914481,0.898032432886,0.00661777068087,1699.6731712,-3.8974407487e-18,0.712591764758,-0.0267956255789,0.0267956255789,37666.6666667
40000.0,36000.0,3.62025224613e-16,413,2.38205195523,3,19093.3541366,0.867962282293,0.00922819984497,1885.61808316,2.72624614723e-18,0.744221704761,-0.0201412351798,0.0201412351798,38666.6666667
41000.0,34000.0,-3.94129173742e-17,414,2.39527004371,3,17655.0187758,0.87349597762,0.00964333980867,3091.20616517,6.7841562737e-18,0.703958047773,-0.0277139408751,0.0277139408751,36666.6666667
40000.0,33000.0,-1.44328993201e-17,415,2.49306828715,3,18355.623668,0.913514195724,0.00967539252864,3091.20616517,-2.59941846614e-18,0.841674498274,-0.0305197580246,0.0305197580246,37333.3333333
43000.0,35000.0,1.01631666046e-16,416,2.50621720649,3,17596.0142856,0.918774527294,0.00990901441825,3299.83164554,2.38264403423e-18,0.72209980584,-0.0276840722011,0.0276840722011,38666.6666667
42000.0,34000.0,-3.41393580072e-17,417,2.54099656792,3,19298.201684,0.932556353655,0.00696631777934,3559.02608401,-5.35751528264e-18,0.78860709812,-0.0300573477863,0.0300573477863,37000.0
46000.0,37000.0,1.07992318791e-16,418,2.52491845399,3,17953.9042819,0.926208766758,0.00936881284202,4027.6819912,-5.556711074e-19,0.553198446012,-0.0243338055564,0.0243338055564,40333.3333333
42000.0,36000.0,-7.5125091333e-17,419,2.52119820349,3,18466.9302312,0.924734266097,0.00950374045499,2828.42712475,2.88423523999e-18,0.784088937855,-0.0320373578874,0.0320373578874,38000.0
41000.0,34000.0,-3.74700270811e-16,420,2.48372744298,3,20032.4615111,0.909760433003,0.00984545454397,2867.44175568,3.05351375858e-19,0.884978167361,-0.0294836530485,0.0294836530485,37666.6666667
41000.0,36000.0,-6.43929354283e-17,421,2.48709068659,3,19455.5828311,0.911113628405,0.00953851447336,2160.24689947,-3.63200905042e-18,0.794373326274,-0.0249330651766,0.0249330651766,38000.0
39000.0,36000.0,8.66899145061e-17,422,2.57848708586,3,18121.6232202,0.947202826104,0.00658545650848,1247.21912892,1.22860207868e-18,0.804018637221,-0.0230291532228,0.0230291532228,37333.3333333
44000.0,37000.0,-1.87558302223e-16,423,2.53348831897,3,19923.6981301,0.929597135293,0.00901950090688,2943.92028878,4.87322755511e-18,0.883694274457,-0.0225649888466,0.0225649888466,40000.0
44000.0,39000.0,9.04369172143e-18,424,2.49605596221,3,18915.4701961,0.914711871015,0.00637923707635,2054.80466766,-4.77083225505e-18,0.804948599386,-0.0204338274766,0.0204338274766,41333.3333333
42000.0,35000.0,2.77555756156e-19,425,2.39853963987,3,16559.1353506,0.874860068763,0.00906716882525,3091.20616517,1.13699040024e-18,0.724414584784,-0.0268872401573,0.0268872401573,39333.3333333
41000.0,35000.0,3.83026943496e-17,426,2.51690978209,3,18088.5610523,0.923031872083,0.00980986366536,2828.42712475,-2.13300125732e-18,0.803259889079,-0.029708342666,0.029708342666,37000.0
39000.0,36000.0,-2.2435756956e-17,427,2.51036359263,3,16432.1505366,0.920427600275,0.00862544630089,1247.21912892,1.00272141537e-18,0.775441027181,-0.0270647657086,0.0270647657086,37333.3333333
43000.0,39000.0,1.52586276947e-16,428,2.47789771994,3,16802.8774368,0.907410507109,0.00689976664734,1632.99316186,-1.1380032997e-17,0.833465869306,-0.0223418963453,0.0223418963453,41000.0
41000.0,35000.0,-1.55431223448e-17,429,2.49094680129,3,18361.1440225,0.912662879683,0.00820704476539,2494.43825785,1.40035282298e-18,0.771710589631,-0.0249061182934,0.0249061182934,37666.6666667
43000.0,38000.0,-2.12792746386e-18,430,2.45752836137,3,19621.0163173,0.899156113714,0.00660559755877,2160.24689947,-2.04350140447e-18,0.835340952466,-0.0228183593656,0.0228183593656,41000.0
43000.0,36000.0,-1.2712053632e-16,431,2.39981992247,3,19934.0687526,0.875393702233,0.0091425961247,2867.44175568,-2.23016097869e-18,0.857331045327,-0.0287918594915,0.0287918594915,39333.3333333
41000.0,39000.0,-6.11779145861e-17,432,2.46534659425,3,15222.4548552,0.902332403795,0.0094973881937,942.809041582,-1.12735520895e-18,0.615264175688,-0.0303808361525,0.0303808361525,40333.3333333
43000.0,40000.0,-6.65208628921e-17,433,2.42657578846,3,19815.2090473,0.886481123031,0.0082527615146,1414.21356237,1.86242920938e-18,0.713836600432,-0.0226124992663,0.0226124992663,41000.0
44000.0,38000.0,-4.23735121065e-17,434,2.35033823809,3,15808.2678706,0.854559248899,0.00991959101641,2828.42712475,-1.94942830824e-18,0.800813803744,-0.031824888606,0.031824888606,40000.0
46000.0,35000.0,3.86612038679e-17,435,2.39841114201,3,20894.4228435,0.874806493958,0.0063972671278,4496.91252108,9.70253237203e-19,0.795906824571,-0.0282467225154,0.0282467225154,40666.6666667
40000.0,35000.0,1.94393112718e-16,436,2.45489094457,3,18441.7118737,0.898082338498,0.00982409947603,2160.24689947,1.98691054765e-18,0.863651587638,-0.0248997300666,0.0248997300666,38000.0
45000.0,42000.0,2.72235937497e-17,437,2.46157397389,3,20564.9120573,0.900800972128,0.00936202977989,1247.21912892,4.33172718911e-18,0.833404749491,-0.0249092172045,0.0249092172045,43333.3333333
43000.0,37000.0,-7.67904258699e-17,438,2.40272353044,3,21381.7414722,0.876602898298,0.00695205123662,2624.66929134,4.09760496238e-18,0.881335081296,-0.0219990308091,0.0219990308091,40666.6666667
43000.0,42000.0,-1.79509185294e-16,439,2.39787695127,3,18363.3454688,0.874583742223,0.00957685439718,471.404520791,-1.1780298527e-18,0.645309640763,-0.0246426319997,0.0246426319997,42666.6666667
44000.0,37000.0,1.52655665886e-17,440,2.35284286591,3,17433.003621,0.855624327195,0.00984085419091,3091.20616517,-1.45612074648e-18,0.831499378401,-0.029469060613,0.029469060613,41333.3333333
44000.0,40000.0,-3.46482102268e-17,441,2.26807745221,3,19603.0539994,0.818932535286,0.00994616558658,1699.6731712,-4.04785423274e-19,0.849809527292,-0.0276691971918,0.0276691971918,42333.3333333
45000.0,38000.0,-1.191755028e-16,442,2.32675890216,3,19181.7405003,0.844476270084,0.00998052846021,3091.20616517,-1.13254265026e-18,0.831918006258,-0.0294955820733,0.0294955820733,42333.3333333
40000.0,38000.0,2.14041747289e-16,443,2.36467975026,3,21069.9402938,0.860642600623,0.00968135015862,816.496580928,-4.34658665011e-18,0.768917535411,-0.0231593986855,0.0231593986855,39000.0
44000.0,36000.0,-1.19996605245e-16,444,2.28724461191,3,22391.5668982,0.82734786687,0.00671889512038,3399.3463424,-1.99486342245e-18,0.844871731149,-0.0243878934974,0.0243878934974,40666.6666667
43000.0,35000.0,-5.68064114267e-17,445,2.4177214116,3,18008.6137073,0.882825531163,0.0082280367456,3771.23616633,-2.34159674456e-18,0.81203466412,-0.0307641993305,0.0307641993305,37666.6666667
42000.0,40000.0,-5.82404495001e-17,446,2.29622566929,3,18876.6264094,0.831266761644,0.00946608619175,942.809041582,9.61836328986e-19,0.767566396261,-0.0223938771164,0.0223938771164,40666.6666667
44000.0,37000.0,2.1371793224e-17,447,2.32757647067,3,22068.5410189,0.844827584911,0.00647062631203,2943.92028878,-2.31787028974e-18,0.84440742263,-0.0277761105151,0.0277761105151,41000.0
41000.0,35000.0,9.122332519e-17,448,2.22903492699,3,19712.2716991,0.801568723636,0.00955235319194,2494.43825785,2.81736269403e-18,0.879233773535,-0.0264340864556,0.0264340864556,38333.3333333
40000.0,39000.0,1.23604830075e-16,449,2.27398250982,3,16731.746098,0.821532703928,0.00643404491822,471.404520791,-5.2793408657e-19,0.768575049442,-0.0264844595675,0.0264844595675,39333.3333333
40000.0,39000.0,-1.04083408559e-16,450,2.16157849023,3,18491.7456584,0.77083873732,0.00970545941847,471.404520791,-4.02929496458e-18,0.830747418267,-0.0213966730974,0.0213966730974,39666.6666667
41000.0,37000.0,-2.31759056391e-17,451,2.15624556947,3,18425.7546734,0.768368547059,0.00879306028783,1699.6731712,7.20733077291e-19,0.771402283349,-0.027547671664,0.027547671664,38666.6666667
42000.0,38000.0,2.24010624864e-17,452,2.10242416021,3,21833.6133026,0.743091040969,0.00661112576743,1885.61808316,2.45949682747e-18,0.834993258752,-0.0244746167926,0.0244746167926,40666.6666667
40000.0,36000.0,-9.92261828259e-18,453,2.03271645206,3,17115.5861063,0.709373052247,0.00909444364681,1632.99316186,-2.39566012442e-19,0.389285890798,-0.0294954190173,0.0294954190173,38000.0
44000.0,41000.0,3.70999527396e-17,454,2.13208895192,3,22850.8800094,0.757102227724,0.00651549481855,1247.21912892,2.93568020721e-19,0.766089680529,-0.0274665965662,0.0274665965662,42333.3333333
45000.0,41000.0,2.54148554054e-16,455,2.1065871085,3,22679.0144782,0.745069153823,0.00982048578635,1885.61808316,-2.69812736415e-18,0.895994854882,-0.0285437412313,0.0285437412313,43666.6666667
43000.0,37000.0,-2.51095440736e-16,456,2.27041761573,3,20699.4593179,0.81996378626,0.00675367091361,2449.48974278,-3.88901387967e-18,0.86368821522,-0.0249963907241,0.0249963907241,40000.0
39000.0,37000.0,3.70074341542e-17,457,2.26730849905,3,16797.8655739,0.818593444779,0.00958614694163,942.809041582,1.15857074872e-18,0.754875413536,-0.0312042635238,0.0312042635238,38333.3333333
42000.0,36000.0,1.27583129247e-16,458,2.17426216093,3,17956.7566675,0.776689370634,0.00913020065394,2494.43825785,-1.02870284017e-18,0.745086805989,-0.025578267251,0.025578267251,39333.3333333
43000.0,39000.0,2.39247279395e-17,459,2.11363549032,3,20035.7485422,0.748409446055,0.00919824813633,1699.6731712,2.75420100235e-18,0.802407191981,-0.0295759606599,0.0295759606599,41333.3333333
42000.0,38000.0,-9.21485110439e-17,460,2.14235810688,3,21959.9210678,0.761907141472,0.00647257854522,1699.6731712,-1.69789482024e-18,0.903113740954,-0.0249296313641,0.0249296313641,40333.3333333
41000.0,31000.0,1.70234197109e-16,461,2.16611659042,3,19835.8098761,0.772935974657,0.00728983155307,4496.91252108,-3.64549438975e-18,0.825672587877,-0.0232718879591,0.0232718879591,37333.3333333
43000.0,40000.0,1.69771604182e-17,462,2.12772813782,3,20086.6310328,0.755054808536,0.00870425904038,1247.21912892,3.08542176425e-18,0.80540388671,-0.0319173352818,0.0319173352818,41333.3333333
47000.0,38000.0,5.98595247444e-17,463,2.19812609982,3,22991.0771996,0.787605224591,0.00681531817053,3681.78700573,-1.16565742329e-18,0.876042067505,-0.0165999672939,0.0165999672939,42333.3333333
38000.0,36000.0,-9.2888659727e-17,464,2.19015086617,3,19988.7540509,0.783970430117,0.00915836002909,816.496580928,2.93177186238e-18,0.841132875383,-0.0257436023125,0.0257436023125,37000.0
42000.0,41000.0,8.21565038223e-17,465,2.06642675752,3,20675.5323632,0.725820911575,0.0091947246087,471.404520791,1.70363067811e-18,0.832675397855,-0.0260596684052,0.0260596684052,41666.6666667
42000.0,35000.0,4.45754544387e-16,466,2.08319102679,3,20944.1752607,0.733900865605,0.00651570053768,2943.92028878,3.21781442068e-18,0.835633485298,-0.0229654431443,0.0229654431443,39000.0
44000.0,35000.0,2.77555756156e-17,467,2.12408723176,3,20264.3708582,0.753342172103,0.00930236511707,3858.61230093,-3.26449849503e-18,0.856938692674,-0.0312264217616,0.0312264217616,38666.6666667
42000.0,35000.0,3.61574196509e-17,468,2.2055202431,3,19889.2003717,0.790963418982,0.00675216758565,2943.92028878,-5.69573067206e-20,0.815439440491,-0.0254242603633,0.0254242603633,38000.0
39000.0,36000.0,1.07599114803e-16,469,2.24407295287,3,18601.6290772,0.808292497322,0.00974039684322,1414.21356237,3.69559311612e-18,0.741106075891,-0.0230922745388,0.0230922745388,38000.0
40000.0,34000.0,5.51642065361e-17,470,2.17269980261,3,20218.0504271,0.77597054291,0.00648591867487,2828.42712475,2.08812733872e-19,0.871674798502,-0.0224663887237,0.0224663887237,38000.0
43000.0,37000.0,-8.83552490431e-17,471,2.19009211054,3,20049.5633647,0.783943602552,0.00658227238128,2449.48974278,3.28282743402e-19,0.804619843187,-0.0208631042447,0.0208631042447,40000.0
42000.0,32000.0,-4.43973561618e-17,472,2.0625310089,3,19377.3842989,0.723933873734,0.00871708733812,4109.60933531,-2.36175896003e-18,0.660449641092,-0.0224983975028,0.0224983975028,37333.3333333
41000.0,39000.0,-9.02056207508e-17,473,2.24479858916,3,18610.9844251,0.808615801872,0.00933283286832,942.809041582,-3.40642348508e-18,0.837141495502,-0.0247045770471,0.0247045770471,39666.6666667
41000.0,38000.0,1.76756757379e-16,474,2.15958162891,3,19530.8690547,0.769914512616,0.00955670880194,1247.21912892,1.12856101966e-18,0.721333918953,-0.0395912435705,0.0395912435705,39666.6666667
45000.0,38000.0,-1.18146233537e-16,475,2.33447595471,3,20009.8692249,0.847787435403,0.00862408702288,3299.83164554,5.30164234893e-19,0.826310588948,-0.0234688120514,0.0234688120514,40333.3333333
45000.0,39000.0,-9.1489316123e-17,476,2.24767659462,3,18827.6758148,0.809897058078,0.00649473692684,2494.43825785,3.06311487245e-18,0.824486515078,-0.0242335953043,0.0242335953043,41666.6666667
42000.0,41000.0,3.1918911958e-18,477,2.19181154802,3,20987.6921972,0.784728392771,0.00645619520833,471.404520791,1.75508597934e-18,0.778280444911,-0.0284842485179,0.0284842485179,41666.6666667
47000.0,39000.0,-5.2087963572e-17,478,2.29546296022,3,20159.6851059,0.830934548753,0.00947060185082,3265.98632371,6.81976565605e-19,0.871980762542,-0.0307003637349,0.0307003637349,43000.0
38000.0,36000.0,2.27688238634e-16,479,2.20416109624,3,15848.4011716,0.790346981286,0.00968844446214,942.809041582,5.42404283087e-18,0.7210376331,-0.0327319989056,0.0327319989056,37333.3333333
42000.0,39000.0,1.68846418328e-17,480,2.31335563719,3,19515.4137238,0.838699127239,0.00982693312851,1247.21912892,-5.16238448093e-18,0.852684296905,-0.032415704105,0.032415704105,40333.3333333
42000.0,37000.0,-1.53210777398e-16,481,2.37781018754,3,20005.9434194,0.866179974872,0.00948282232042,2054.80466766,-2.53979585056e-19,0.869762877426,-0.0286656591459,0.0286656591459,39666.6666667
42000.0,40000.0,2.03801096369e-16,482,2.34550786708,3,19622.1739364,0.852501952899,0.00664530782447,816.496580928,3.5137237537e-19,0.801497567176,-0.0206192804841,0.0206192804841,41000.0
44000.0,38000.0,-6.1571118574e-17,483,2.4418216457,3,20452.4295737,0.892744336863,0.00928262029063,2449.48974278,4.28468291982e-18,0.869347242532,-0.0262954989162,0.0262954989162,41000.0
43000.0,41000.0,-3.88809355082e-17,484,2.41508677222,3,21652.3128258,0.881735216986,0.00936728811871,942.809041582,5.50985206893e-18,0.785175282662,-0.026532796801,0.026532796801,41666.6666667
44000.0,41000.0,-3.87190279838e-17,485,2.37525541683,3,19924.8071143,0.865104975633,0.00928534607612,1247.21912892,3.7583883414e-18,0.843212375965,-0.0270371214396,0.0270371214396,42333.3333333
43000.0,37000.0,-1.12965192756e-16,486,2.30092892381,3,21544.4994378,0.833312921313,0.00992414926261,2494.43825785,4.1255710885e-18,0.862852822312,-0.0322123871174,0.0322123871174,40333.3333333
45000.0,35000.0,1.61907524425e-17,487,2.32792337474,3,21961.8935808,0.844976614699,0.00938392912404,4189.93502999,-2.74395338129e-19,0.873658066334,-0.0262284023098,0.0262284023098,40666.6666667
37000.0,36000.0,-6.27276008913e-17,488,2.36794799459,3,17769.4610703,0.862023755035,0.00988922114895,471.404520791,9.79669320523e-19,0.777824097874,-0.0288078058237,0.0288078058237,36666.6666667
42000.0,41000.0,-1.57270030332e-16,489,2.26379157037,3,18721.9651673,0.817041093547,0.00883400492294,471.404520791,-3.91330249138e-18,0.783545555296,-0.0332118309541,0.0332118309541,41666.6666667
42000.0,39000.0,-3.84414722276e-17,490,2.31030249878,3,20068.3180986,0.837378467814,0.00646276438215,1247.21912892,1.41760567993e-18,0.888221239588,-0.0219485691655,0.0219485691655,40666.6666667
39000.0,37000.0,-1.64683081986e-16,491,2.34982369078,3,20620.7235846,0.854340300141,0.00971813547249,816.496580928,-2.28085226116e-18,0.84522796975,-0.0263146393278,0.0263146393278,38000.0
45000.0,38000.0,4.69069227904e-17,492,2.21049313304,3,20451.4106328,0.793215627762,0.0066463374538,2867.44175568,5.22422171999e-18,0.734319209992,-0.0240349736449,0.0240349736449,41333.3333333
42000.0,34000.0,1.32486614272e-16,493,2.21570909801,3,20227.8470962,0.795572486808,0.00981140504428,3265.98632371,-1.80468664314e-18,0.833466759278,-0.0291594006467,0.0291594006467,38000.0
43000.0,41000.0,-7.5194480272e-17,494,2.0961066842,3,21154.9485736,0.740081664113,0.00989218276524,816.496580928,-8.53688827023e-18,0.835123369605,-0.0334240568268,0.0334240568268,42000.0
40000.0,38000.0,-1.07136521876e-16,495,2.27216819901,3,19385.5202115,0.820734529372,0.00921465092331,942.809041582,-5.74615607006e-18,0.840353907985,-0.0345098627391,0.0345098627391,39333.3333333
44000.0,42000.0,-5.46784839628e-17,496,2.15166967485,3,20122.0065221,0.766244133701,0.00830882203695,942.809041582,-2.18591329098e-18,0.851377020876,-0.0252156090436,0.0252156090436,43333.3333333
45000.0,42000.0,-2.59807366593e-17,497,2.15207183898,3,22489.3020844,0.766431024166,0.00657603608435,1247.21912892,5.44443535361e-19,0.708912244526,-0.0312799098168,0.0312799098168,43666.6666667
39000.0,37000.0,-1.07414077632e-16,498,2.0694913375,3,19503.6696348,0.727302846404,0.00963397709434,816.496580928,4.19910322391e-18,0.889439778238,-0.0299983047193,0.0299983047193,38000.0
43000.0,40000.0,-1.05933780266e-16,499,2.08838228822,3,19939.5670436,0.73638974149,0.00659317887624,1247.21912892,8.28660994411e-19,0.869960406415,-0.0195196970246,0.0195196970246,41333.3333333
