dLoss,Entropy,Perplexity,ExplainedVariance,Iteration,MinReturn,MaxReturn,NumTrajs,MeanKLBefore,MeanKL,AverageDiscountedReturn,AverageReturn,LossAfter,StdReturn,LossBefore
0.0278616687197,1.64148998739,5.16285637506,6.66133814775e-15,0,0.0,6000.0,3,1.85824722522e-17,0.00866032413036,692.771333391,3666.66666667,-0.0278616687197,2624.66929134,-5.16522010348e-15
0.0278067745348,1.62735159781,5.09037548916,0.0469780296005,1,6000.0,7000.0,3,-2.04272832838e-18,0.00689284132449,2286.08730726,6333.33333333,-0.0278067745348,471.404520791,5.13108074548e-16
0.0289438703774,1.66708374768,5.29669874229,-0.0563693721841,2,4000.0,12000.0,3,-2.71522292145e-19,0.00766411855999,1577.14100955,8666.66666667,-0.0289438703774,3399.3463424,9.09920287266e-17
0.0383219447381,1.64332333038,5.17233034343,0.0172811993902,3,7000.0,11000.0,3,3.03100587313e-18,0.00954618186365,1617.03339917,8333.33333333,-0.0383219447381,1885.61808316,-9.54329208251e-17
0.0329334311188,1.69056210498,5.42252787857,-0.0703522827009,4,5000.0,13000.0,3,9.25448615028e-19,0.00714428360091,2439.28988871,8000.0,-0.0329334311188,3559.02608401,-1.87812728332e-17
0.0321358702066,1.64852961751,5.19932920126,-0.059983918205,5,6000.0,13000.0,3,1.75372478263e-18,0.00673841849262,2957.64357172,10333.3333333,-0.0321358702066,3091.20616517,-6.80936788437e-17
0.0319620927973,1.6999434515,5.47363785695,0.290458065947,6,6000.0,10000.0,3,-1.41784839131e-18,0.00846732559207,3955.95239639,7666.66666667,-0.0319620927973,1699.6731712,-1.21939495538e-16
0.0272958857658,1.69220753239,5.43145759916,0.54134985551,7,7000.0,12000.0,3,5.3941970967e-18,0.00683451107234,3808.5213899,9666.66666667,-0.0272958857658,2054.80466766,-5.3410979343e-16
0.026233378107,1.68055815062,5.36855159545,0.435305787892,8,11000.0,14000.0,3,-7.80883089759e-19,0.00952726993813,4395.18796611,12000.0,-0.026233378107,1414.21356237,-2.35459799806e-16
0.0116050510014,1.65474959453,5.23176969439,-0.845520589496,9,0.0,10000.0,3,-2.34793369824e-18,0.00797366229842,2534.66560827,5666.66666667,-0.0116050510014,4189.93502999,1.06535151071e-16
0.0228750518333,1.68274909233,5.38032667362,0.791201091491,10,9000.0,10000.0,3,-7.01781931334e-19,0.00860596646995,4385.06218258,9666.66666667,-0.0228750518333,471.404520791,-1.05077983352e-16
0.0267091671227,1.66551725054,5.28840797431,0.408075222414,11,10000.0,14000.0,3,1.48556230927e-19,0.00767910293574,4454.72814761,11666.6666667,-0.0267091671227,1699.6731712,1.23142237148e-16
0.0313540518223,1.6475417485,5.1941954812,0.108466161759,12,1000.0,15000.0,3,-3.5440837393e-18,0.00972374875678,3347.36622969,10000.0,-0.0313540518223,6377.04215657,-1.50065145495e-16
0.0384390650716,1.64552513048,5.18373132764,0.57423631309,13,13000.0,14000.0,3,-6.86748840746e-19,0.00668021418968,6396.07464605,13333.3333333,-0.0384390650716,471.404520791,-2.28520905902e-17
0.037818047936,1.64425660907,5.1771598224,0.639869463019,14,10000.0,12000.0,3,3.24320203973e-18,0.00896933094246,4956.1338399,10666.6666667,-0.037818047936,942.809041582,2.44064028247e-16
0.0287619537765,1.64879063361,5.20068648703,0.258481746644,15,7000.0,13000.0,3,2.14643301056e-18,0.00898095549947,3812.09730513,10333.3333333,-0.0287619537765,2494.43825785,-7.48244059305e-17
0.0350627063023,1.63121316234,5.11007030448,0.593535099672,16,12000.0,14000.0,3,-1.22511723612e-18,0.00984891751711,4947.2836382,13333.3333333,-0.0350627063023,942.809041582,-9.5294142947e-17
0.0210584883849,1.63452978318,5.12704660656,0.671426878111,17,7000.0,15000.0,3,-2.19546752832e-18,0.00678525576882,5316.80531602,11333.3333333,-0.0210584883849,3299.83164554,-5.95819689882e-17
0.0194746206626,1.62428175153,5.0747727801,0.381964212149,18,11000.0,13000.0,3,1.05580745656e-18,0.00653369277657,5580.32486151,11666.6666667,-0.0194746206626,942.809041582,1.2442593252e-16
0.0255996307878,1.58891993581,4.89845542391,0.319270602195,19,8000.0,15000.0,3,8.16617669191e-18,0.00814474873102,4805.67015008,12666.6666667,-0.0255996307878,3299.83164554,1.03509515078e-16
0.023431114975,1.59677907174,4.93710472706,0.553469540224,20,12000.0,15000.0,3,9.84278722174e-19,0.00908670941189,5515.06844983,13333.3333333,-0.023431114975,1247.21912892,9.82908819663e-17
0.02928384322,1.60642026717,4.98493451624,0.478851714922,21,7000.0,13000.0,3,-1.32959919722e-18,0.00907498657969,3636.21110301,10000.0,-0.02928384322,2449.48974278,-2.04836148043e-16
0.0269157288523,1.60523482227,4.97902865227,0.489511899003,22,8000.0,15000.0,3,-7.68960955333e-19,0.0085966558695,4929.27190049,12000.0,-0.0269157288523,2943.92028878,-4.27435864481e-17
0.0270808057806,1.60932754439,4.99944819023,0.326734079341,23,12000.0,13000.0,3,-2.30194442311e-18,0.0096417348994,5430.0509072,12333.3333333,-0.0270808057806,471.404520791,1.06465762132e-16
0.0268851838228,1.63579231929,5.13352377606,0.429927949621,24,7000.0,15000.0,3,-3.29060327025e-18,0.00997436334839,4888.813118,12000.0,-0.0268851838228,3559.02608401,-3.9015087457e-16
0.0196248395879,1.59897300075,4.94794827499,0.514514000299,25,12000.0,15000.0,3,3.15514196393e-18,0.0065485239552,5108.61447687,13333.3333333,-0.0196248395879,1247.21912892,3.89503244473e-17
0.021556344537,1.61068781713,5.00625343077,0.528957386775,26,12000.0,15000.0,3,3.7657300576e-19,0.00697138568513,5490.88631051,13333.3333333,-0.021556344537,1247.21912892,3.13493444167e-17
0.0291352803738,1.59370499994,4.92195101638,0.71823881878,27,11000.0,12000.0,3,3.50861755263e-19,0.00888547324503,6130.57246594,11666.6666667,-0.0291352803738,471.404520791,-6.99440505514e-17
0.0262854493405,1.5874127218,4.89107796435,0.193408889505,28,13000.0,14000.0,3,-3.55446127234e-18,0.00780411137927,3833.01553617,13333.3333333,-0.0262854493405,471.404520791,-3.81315349666e-16
0.0251851192794,1.58763219956,4.892151565,0.223990851261,29,12000.0,15000.0,3,-7.42538179422e-19,0.00914535381284,4789.02738717,14000.0,-0.0251851192794,1414.21356237,-2.86622577524e-16
0.0322801054005,1.55082381931,4.71535318195,0.425410143841,30,12000.0,14000.0,3,2.52504952834e-18,0.00790460499736,5868.58567333,13000.0,-0.0322801054005,816.496580928,-1.14723045878e-17
0.0244683633867,1.54965391737,4.70983990673,-0.218414992138,31,6000.0,13000.0,3,1.66186027308e-18,0.00665520375027,3413.7242029,10000.0,-0.0244683633867,2943.92028878,3.90601902674e-18
0.0252071373134,1.57320649971,4.82208544635,0.464104861565,32,12000.0,14000.0,3,-1.2469059502e-18,0.00914424903949,6188.93272367,13333.3333333,-0.0252071373134,942.809041582,2.45821881369e-16
0.0325078891552,1.52304664874,4.58617640068,-0.314549263164,33,10000.0,14000.0,3,4.62827280106e-18,0.0089559609081,4326.54612976,11666.6666667,-0.0325078891552,1699.6731712,5.07001847912e-17
0.0268505273997,1.53026704065,4.6194102279,0.449267019465,34,10000.0,13000.0,3,2.81063231409e-18,0.00820721910916,4405.79075966,11666.6666667,-0.0268505273997,1247.21912892,-1.0879029159e-16
0.0314673133647,1.49368834358,4.45349126978,0.352525549316,35,11000.0,15000.0,3,2.04755982496e-18,0.0093974578804,6218.23889976,13333.3333333,-0.0314673133647,1699.6731712,1.40628249786e-17
0.0362999681665,1.52299554528,4.5859420372,0.697256915743,36,10000.0,12000.0,3,2.05547520583e-18,0.00843481374449,4906.59417421,10666.6666667,-0.0362999681665,942.809041582,-7.88258347484e-17
0.0245962824381,1.4980927629,4.4731495727,0.685292199288,37,11000.0,14000.0,3,-4.16268683643e-19,0.00848762747338,5237.92568057,12666.6666667,-0.0245962824381,1247.21912892,-8.03986506999e-17
0.0278538714688,1.45695417868,4.29286429798,0.5966379576,38,12000.0,15000.0,3,-3.33260725218e-18,0.00882051253676,5976.39849299,13666.6666667,-0.0278538714688,1247.21912892,1.49556293276e-16
0.0273147146312,1.45704083795,4.29323633061,0.644227915167,39,10000.0,14000.0,3,-1.2580953443e-18,0.00650608164861,6117.46842585,12666.6666667,-0.0273147146312,1885.61808316,5.37995574016e-17
0.0300020291197,1.43393016542,4.19515448583,0.797840853255,40,9000.0,14000.0,3,-4.02977232823e-19,0.00975791468978,6084.50682199,11333.3333333,-0.0300020291197,2054.80466766,9.63118473862e-17
0.0298877146142,1.42613002084,4.16255896443,0.705661476802,41,12000.0,13000.0,3,1.24940126927e-18,0.00952894977602,5255.27231911,12666.6666667,-0.0298877146142,471.404520791,1.12317562658e-16
0.0291770468774,1.42832843295,4.17172005071,0.13011749364,42,5000.0,14000.0,3,3.93993727252e-18,0.00989021210378,4932.44330302,10666.6666667,-0.0291770468774,4027.6819912,1.0204799968e-16
0.0388647867152,1.44684711866,4.2496945878,0.682832109447,43,9000.0,11000.0,3,9.31720912283e-19,0.00990783556024,4300.15266112,10333.3333333,-0.0388647867152,942.809041582,-1.4946377469e-16
0.0267172514422,1.43027844622,4.17986289693,0.264213465246,44,8000.0,12000.0,3,-3.98931789812e-18,0.00643821252625,4910.68019995,10000.0,-0.0267172514422,1632.99316186,-6.4577972599e-17
0.031359331144,1.45540442083,4.2862165504,0.624260040916,45,12000.0,13000.0,3,-1.15944953596e-18,0.00999771322334,6656.64677008,12666.6666667,-0.031359331144,471.404520791,-5.77315972805e-17
0.0198885768513,1.48128723959,4.39860409561,0.743997466191,46,8000.0,12000.0,3,-2.34564513273e-18,0.0064491577694,5904.17791779,10666.6666667,-0.0198885768513,1885.61808316,5.07001847912e-17
0.0229104372888,1.49637520006,4.46547325138,0.0472365833315,47,11000.0,12000.0,3,2.94943917106e-18,0.00850227169397,3458.47639254,11333.3333333,-0.0229104372888,471.404520791,-6.40691203794e-17
0.0206961633393,1.48945452408,4.43467585023,0.199686044923,48,10000.0,14000.0,3,6.6839659817e-20,0.00973266227909,6814.28581884,12666.6666667,-0.0206961633393,1885.61808316,-3.83026943496e-17
0.0225100817096,1.47174001232,4.35680945157,0.81368212177,49,12000.0,15000.0,3,2.1720303935e-19,0.00938233016086,6913.26033037,13333.3333333,-0.0225100817096,1247.21912892,-8.20871148832e-17
0.0295273401759,1.43560800199,4.20219917771,0.543840554459,50,10000.0,14000.0,3,-6.15233934383e-19,0.00947889316743,5907.11640347,11333.3333333,-0.0295273401759,1885.61808316,-2.35089725464e-16
0.0257565548544,1.43274041733,4.19016627671,0.248488959189,51,9000.0,14000.0,3,-5.49687647396e-19,0.0092505894432,5275.62340012,12333.3333333,-0.0257565548544,2357.02260396,2.43231360978e-16
0.0195996163928,1.42356708374,4.15190424717,0.53635731756,52,13000.0,14000.0,3,2.70999367137e-18,0.00695537456309,7785.16823325,13333.3333333,-0.0195996163928,471.404520791,-6.60582699652e-17
0.0170152815331,1.43902945438,4.21660142636,0.640827453295,53,12000.0,15000.0,3,1.75148181495e-19,0.00650883435842,6709.82386085,14000.0,-0.0170152815331,1414.21356237,5.73853753868e-17
0.031963845592,1.4321838073,4.18783463712,0.648143224481,54,14000.0,14000.0,3,-2.43429098935e-18,0.00952561118465,6634.13689691,14000.0,-0.031963845592,0.0,4.73695157173e-17
0.0257452407474,1.40532646996,4.07685749553,0.585726603215,55,14000.0,15000.0,3,-1.41437401069e-18,0.00773303854738,6522.35037898,14666.6666667,-0.0257452407474,471.404520791,-3.44635781287e-17
0.0331901280837,1.37160760153,3.94168225923,0.120014069395,56,0.0,14000.0,3,-5.61785799466e-18,0.00758761132265,4382.75276868,9000.0,-0.0331901280837,6377.04215657,5.80496299178e-17
0.0274200100693,1.42298145649,4.14947349072,0.478406769452,57,14000.0,15000.0,3,-2.68964172577e-18,0.00936671989663,5771.38211092,14666.6666667,-0.0274200100693,471.404520791,-1.64590563401e-16
0.0236467364405,1.41578690299,4.11972701631,0.56952613754,58,13000.0,16000.0,3,-1.17938914305e-18,0.00837952636979,6357.07401095,14333.3333333,-0.0236467364405,1247.21912892,1.82098190067e-16
0.0273342895261,1.42318331848,4.15031119627,0.759092051284,59,14000.0,15000.0,3,-2.17915336137e-18,0.0098186165672,7557.1014155,14333.3333333,-0.0273342895261,471.404520791,2.24917469179e-16
0.0228797311838,1.42219624888,4.14621657141,0.69407906638,60,14000.0,15000.0,3,-1.70162746766e-19,0.00795170554578,6307.7568293,14333.3333333,-0.0228797311838,471.404520791,-7.34134975033e-17
0.0312040393194,1.39307322755,4.02720757981,0.443989425719,61,14000.0,15000.0,3,-4.20841391704e-18,0.00683125046918,5630.46017554,14666.6666667,-0.0312040393194,471.404520791,-8.32150404863e-17
0.0204570826901,1.40573766533,4.07853422515,0.75016961765,62,15000.0,15000.0,3,-3.68817837533e-18,0.00651893999999,5065.88469852,15000.0,-0.0204570826901,0.0,-4.82253126322e-18
0.0209537917434,1.372106182,3.94364799502,0.542819598061,63,13000.0,15000.0,3,-1.75443374784e-18,0.00909207946831,6626.47237969,13666.6666667,-0.0209537917434,942.809041582,-6.12935628178e-17
0.0238278593909,1.38712019145,4.00330468571,0.70400281173,64,14000.0,16000.0,4,-1.11682389759e-18,0.00674549058133,7746.46327176,15500.0,-0.0238278593909,866.025403784,-4.68611377309e-16
0.0284234907308,1.40303656834,4.06753257361,0.460676789501,65,11000.0,16000.0,3,5.48274740258e-20,0.00673250912144,6551.37241925,14000.0,-0.0284234907308,2160.24689947,-1.30529024764e-16
0.0266968676319,1.42426895956,4.15481939129,0.786836802102,66,14000.0,16000.0,3,7.46698850286e-19,0.00857547710717,7422.95408631,15000.0,-0.0266968676319,816.496580928,4.04739533028e-16
0.0313990080253,1.3825242531,3.98494795965,0.765481605491,67,14000.0,16000.0,3,-2.37834074299e-18,0.00884392839638,6354.39444523,15333.3333333,-0.0313990080253,942.809041582,4.73910427107e-17
0.0202048265009,1.42025035671,4.13815632579,0.792379514636,68,15000.0,15000.0,3,3.16871663555e-18,0.00846562123098,7252.78704866,15000.0,-0.0202048265009,0.0,2.89583172256e-17
0.0216371236146,1.40738198466,4.0852461546,0.771144106471,69,14000.0,16000.0,3,-1.08698128741e-18,0.00962973524759,6658.3641645,15333.3333333,-0.0216371236146,942.809041582,-2.82238365049e-16
0.020473445333,1.37830476188,3.96816893112,0.761056568057,70,14000.0,16000.0,3,5.77353401704e-18,0.00723863620864,6877.97829705,15000.0,-0.020473445333,816.496580928,-3.01181843693e-17
0.0325280432712,1.42410938378,4.15415643562,0.726034932402,71,14000.0,16000.0,3,-6.06685514622e-18,0.00967994934066,7688.36215161,15000.0,-0.0325280432712,816.496580928,-8.62234148443e-17
0.0257039019044,1.38656165433,4.00106931574,0.566713321862,72,14000.0,15000.0,3,1.2528975887e-18,0.00888607523572,6090.32719393,14333.3333333,-0.0257039019044,471.404520791,-1.36359969495e-16
0.0318927561478,1.35795639403,3.88823914824,0.697529958415,73,14000.0,15000.0,3,1.2586847315e-19,0.00931426211543,6383.36712798,14333.3333333,-0.0318927561478,471.404520791,7.09617549906e-17
0.0269279619258,1.36925393162,3.93241574973,0.811667662088,74,13000.0,15000.0,3,-1.96388267004e-18,0.00874757474869,6489.12424586,14333.3333333,-0.0269279619258,942.809041582,3.21964677141e-17
0.0318815066145,1.36928782787,3.93254904614,0.811832837442,75,14000.0,16000.0,3,-4.39175563012e-18,0.0090047093173,8115.2741153,14666.6666667,-0.0318815066145,942.809041582,2.46832933573e-16
0.0261468887144,1.38433611142,3.99217466567,0.734044527547,76,13000.0,16000.0,4,-1.61221132655e-18,0.00893656844571,7245.2022483,14750.0,-0.0261468887144,1299.03810568,2.22719512539e-17
0.0193644695919,1.38145891639,3.98070490885,0.687276952433,77,14000.0,16000.0,4,-2.31874365823e-18,0.00708858167718,7181.87222079,15500.0,-0.0193644695919,866.025403784,3.43343565129e-17
0.0262183222729,1.41076722231,4.09909911827,0.554963087395,78,14000.0,15000.0,3,2.7381497686e-18,0.00949054392546,5992.52204984,14333.3333333,-0.0262183222729,471.404520791,2.0751918702e-16
0.0199795319415,1.38360773627,3.9892679236,0.517502596859,79,14000.0,16000.0,4,-1.06498808851e-18,0.00809487730279,6016.22168693,15000.0,-0.0199795319415,707.106781187,-5.73446630601e-17
0.0289557465523,1.3985219943,4.04921078531,0.59696302303,80,14000.0,16000.0,5,-2.12257548547e-18,0.00922019019039,7698.2864576,15600.0,-0.0289557465523,800.0,-1.71966546575e-16
0.020817714748,1.41518213725,4.11723629978,0.796909973447,81,15000.0,16000.0,4,4.22553382529e-18,0.00828211241569,8250.41812774,15500.0,-0.020817714748,500.0,1.31185358147e-16
0.0187895084976,1.36498858583,3.91567835752,0.232175739825,82,15000.0,16000.0,4,1.36258637473e-18,0.00729511433647,5546.75652706,15500.0,-0.0187895084976,500.0,-1.08838326688e-16
0.0258685639007,1.37940783054,3.97254850892,0.683309942829,83,14000.0,15000.0,3,3.66148894442e-18,0.00653009710171,6942.1781875,14333.3333333,-0.0258685639007,471.404520791,2.50725366395e-17
0.0302339606107,1.36127282276,3.9011556227,0.464066015038,84,14000.0,16000.0,3,-5.59902085106e-18,0.00920220524897,6247.82187189,14666.6666667,-0.0302339606107,942.809041582,1.75935748957e-16
0.0164265491481,1.36383632915,3.91116908939,0.653712324161,85,14000.0,16000.0,4,-1.97461212692e-18,0.00619313844451,7520.72336095,14750.0,-0.0164265491481,829.156197589,2.01774771244e-16
0.0203084327807,1.35467853839,3.87551492711,0.780019747475,86,13000.0,16000.0,3,3.88358112995e-18,0.00664863013427,7432.61615206,14333.3333333,-0.0203084327807,1247.21912892,6.334975962e-17
0.0269722127577,1.35650950455,3.88261736395,0.805621889588,87,14000.0,16000.0,3,4.69810820435e-18,0.00902263028913,7899.39063452,15333.3333333,-0.0269722127577,942.809041582,2.00172137246e-16
0.019347872101,1.33508544533,3.80032065221,0.732086719075,88,13000.0,15000.0,3,1.64070782817e-18,0.00708043166392,7108.62281014,14000.0,-0.019347872101,816.496580928,-4.46402174485e-17
0.0271067219674,1.33707773652,3.80789954473,0.804049394247,89,14000.0,16000.0,3,1.32778383358e-18,0.00911838482172,7406.95475721,14666.6666667,-0.0271067219674,942.809041582,-8.89940678469e-17
0.0248398647917,1.25476851072,3.50702644134,0.449719759256,90,13000.0,15000.0,4,-1.28764872219e-17,0.00948597206497,6419.49658569,14000.0,-0.0248398647917,1000.0,1.2584737954e-16
0.0240354521646,1.28245156253,3.60546792977,0.561280340232,91,13000.0,15000.0,3,-3.04128479735e-18,0.00954962425894,6991.08524952,14333.3333333,-0.0240354521646,942.809041582,-1.78560869794e-16
0.0179335841056,1.28300504125,3.60746403191,0.636376333363,92,13000.0,16000.0,3,-2.59582062867e-18,0.00876232849926,6719.43850537,14333.3333333,-0.0179335841056,1247.21912892,-1.47619681945e-17
0.0208444146289,1.26832247425,3.55488414798,0.799512389579,93,14000.0,15000.0,3,-5.02172561605e-18,0.00883930919473,7845.16622358,14666.6666667,-0.0208444146289,471.404520791,2.14180525167e-17
0.0244378434485,1.27395632162,3.57496834521,0.557781161664,94,14000.0,15000.0,3,-8.53112709625e-18,0.00984648219423,6139.72561204,14333.3333333,-0.0244378434485,471.404520791,1.6569461852e-16
0.0180609260593,1.316829511,3.73157169554,0.6907051665,95,14000.0,16000.0,4,1.5393572105e-19,0.00718624684503,7446.99308415,14750.0,-0.0180609260593,829.156197589,1.11934360212e-17
0.0226502829205,1.31237605061,3.71499023864,0.852896944699,96,14000.0,15000.0,4,-2.43981692443e-19,0.00953547920923,8077.24188923,14750.0,-0.0226502829205,433.012701892,-7.12218544099e-18
0.0168798878129,1.29789402745,3.66157736073,0.821807266991,97,14000.0,16000.0,4,-1.15613742392e-18,0.00668784741999,7422.96970028,14750.0,-0.0168798878129,829.156197589,4.19196126754e-17
0.0211205231287,1.27839724591,3.59087981363,0.809643565184,98,15000.0,16000.0,3,-2.91574204951e-18,0.0088486228864,7301.12222982,15333.3333333,-0.0211205231287,471.404520791,1.81781579615e-16
0.025532705448,1.30948567369,3.70426801968,0.803957283951,99,13000.0,15000.0,3,-2.3340232044e-18,0.0095058804802,7869.83898496,14333.3333333,-0.025532705448,942.809041582,-1.21569421196e-16
0.0205543493836,1.30762044,3.69736513392,0.345685404691,100,14000.0,16000.0,3,8.53914539068e-19,0.0096404440178,6239.05770198,14666.6666667,-0.0205543493836,942.809041582,1.03671080398e-16
0.0167315130421,1.2824735902,3.60554735071,0.657706620703,101,14000.0,15000.0,3,-1.72858563143e-18,0.00937255745577,7536.44680156,14333.3333333,-0.0167315130421,471.404520791,-5.70839671828e-17
0.029554599186,1.30836548899,3.70012087851,0.661333988388,102,13000.0,16000.0,3,-1.97377841234e-18,0.00850231313794,7458.282475,14666.6666667,-0.029554599186,1247.21912892,9.56413789476e-17
0.0257855052781,1.3206557195,3.74587681659,0.397679902217,103,13000.0,15000.0,3,4.95508201509e-18,0.00969176354631,5362.12408438,14333.3333333,-0.0257855052781,942.809041582,7.32747196253e-17
0.0307507017625,1.31981250414,3.74271956706,0.702624725471,104,12000.0,15000.0,3,8.46564324404e-19,0.0090956939967,6808.97966455,13666.6666667,-0.0307507017625,1247.21912892,2.03540887848e-18
0.0221127442855,1.26871674301,3.55628600406,0.847726840599,105,12000.0,15000.0,3,-7.09571907861e-18,0.00844578812856,6777.54170705,13666.6666667,-0.0221127442855,1247.21912892,1.39749863216e-16
0.0245624335526,1.28838849477,3.62693701578,0.535856295236,106,13000.0,15000.0,4,2.40563241355e-18,0.00939184805776,6252.0550488,13750.0,-0.0245624335526,829.156197589,6.67221448484e-17
0.0269160524127,1.2861387872,3.61878663953,0.497881038079,107,12000.0,15000.0,3,4.18000371507e-18,0.00955260783702,6936.80438043,13333.3333333,-0.0269160524127,1247.21912892,4.62592926927e-19
0.0303496427406,1.29138114619,3.63780743155,0.602013336966,108,12000.0,15000.0,3,3.53958289302e-18,0.00905681554343,6682.90122372,13666.6666667,-0.0303496427406,1247.21912892,6.84146422923e-17
0.0238108228137,1.29880742765,3.66492337414,0.492841469516,109,15000.0,16000.0,3,3.0101371881e-18,0.00653218635683,7349.90175481,15333.3333333,-0.0238108228137,471.404520791,2.11604220479e-17
0.0352458021023,1.30916517239,3.7030809872,0.356048250736,110,12000.0,13000.0,3,-2.18533166108e-18,0.009931078103,6058.60838607,12666.6666667,-0.0352458021023,471.404520791,-3.44169137634e-17
0.0242706961186,1.28047657257,3.5983541939,0.517350896077,111,14000.0,15000.0,3,-1.79149826311e-18,0.00918034444584,6576.09001711,14666.6666667,-0.0242706961186,471.404520791,-2.0460485158e-16
0.0195371383943,1.32250147169,3.7527971616,0.485404822479,112,11000.0,15000.0,4,-1.13361217171e-18,0.00920252006804,5792.69752616,13250.0,-0.0195371383943,1785.35710714,-7.88306305282e-17
0.0220233246207,1.33309665601,3.79277012578,0.696967334075,113,12000.0,14000.0,3,-8.13347918015e-19,0.00972063785845,7447.26071062,13000.0,-0.0220233246207,816.496580928,1.31653947003e-16
0.0257375088538,1.31752341049,3.73416192982,0.672326955801,114,14000.0,15000.0,3,1.65716417896e-19,0.00872477847431,6253.77070815,14333.3333333,-0.0257375088538,471.404520791,-1.63757896132e-17
0.0226515810568,1.31934322662,3.74096360493,0.509395582668,115,14000.0,15000.0,3,-5.72371346862e-19,0.00696607516354,6877.87507826,14333.3333333,-0.0226515810568,471.404520791,-1.28658657802e-16
0.0275188664799,1.29488329131,3.65056989605,0.593949682248,116,13000.0,15000.0,3,-2.43673576333e-18,0.00978486856784,6495.9555798,14000.0,-0.0275188664799,816.496580928,-1.44421511787e-16
0.0264323780168,1.32846675163,3.77525055101,0.599354396599,117,11000.0,14000.0,3,3.21130897973e-18,0.00973117259979,6160.62303745,12333.3333333,-0.0264323780168,1247.21912892,3.21039491287e-17
0.0204438354784,1.31963278739,3.74204699809,0.707392609006,118,12000.0,14000.0,3,-3.92373270962e-18,0.00820109702207,6264.55661332,13000.0,-0.0204438354784,816.496580928,-5.68064114267e-17
0.0213755495632,1.35474130799,3.87575819927,0.651323740436,119,12000.0,15000.0,3,-2.36140885301e-18,0.00698350795456,6089.74905907,13333.3333333,-0.0213755495632,1247.21912892,8.21565038223e-17
0.033782759687,1.35337951883,3.87048382585,0.76014271336,120,14000.0,14000.0,3,6.55589350632e-19,0.00911672998904,6277.03117894,14000.0,-0.033782759687,0.0,-3.60128593613e-17
0.0216762321306,1.30764064483,3.69743983932,0.721525191539,121,11000.0,16000.0,3,-8.477656111e-18,0.00979952179003,7139.79688385,14000.0,-0.0216762321306,2160.24689947,-1.37702838178e-16
0.0264441037754,1.33643812546,3.80546474879,0.739367233828,122,13000.0,14000.0,3,-1.3642671251e-18,0.00885419027373,6199.97328447,13333.3333333,-0.0264441037754,471.404520791,-5.88859111935e-17
0.0248614822594,1.36211799085,3.90445414865,0.564946962549,123,11000.0,15000.0,3,1.10051348616e-18,0.00684692972616,6012.43319192,13333.3333333,-0.0248614822594,1699.6731712,-1.79011897898e-16
0.0241488455027,1.36620427097,3.92044148416,0.601657247479,124,9000.0,15000.0,4,-2.50126349446e-18,0.00878655867948,6838.02381452,11500.0,-0.0241488455027,2291.28784748,-4.58378414361e-17
0.0223720235268,1.34980721404,3.8566819449,0.600598531791,125,13000.0,15000.0,3,1.65788930864e-18,0.00942016843877,6903.57193618,13666.6666667,-0.0223720235268,942.809041582,1.40073138274e-16
0.0252620127545,1.26507788139,3.54336868785,0.334861753865,126,10000.0,16000.0,3,-1.03610207496e-17,0.00845569212948,5601.68612239,12666.6666667,-0.0252620127545,2494.43825785,-7.26453753708e-17
0.024032083633,1.29876252006,3.66475879494,0.612469863885,127,11000.0,15000.0,3,-1.46193994228e-18,0.00651901374347,7680.75006402,13666.6666667,-0.024032083633,1885.61808316,-1.72830937237e-16
0.02147523218,1.3324050602,3.79014796867,0.803263941988,128,15000.0,15000.0,3,3.54993388682e-18,0.00999406651311,7653.43654658,15000.0,-0.02147523218,0.0,8.67361737988e-17
0.024979062938,1.31543555829,3.72637368478,0.685728049113,129,14000.0,16000.0,3,1.22852448389e-18,0.00959250048173,7849.71765826,15000.0,-0.024979062938,816.496580928,1.22825509177e-16
0.0267498494083,1.33584378489,3.8032036787,0.550002872571,130,13000.0,15000.0,3,2.29656362117e-18,0.00981779448915,5339.69769576,13666.6666667,-0.0267498494083,942.809041582,9.99200722163e-18
0.0261976182474,1.31227504159,3.71461501007,0.68638824664,131,13000.0,16000.0,3,2.984298576e-18,0.00924710829506,7173.87063065,14666.6666667,-0.0261976182474,1247.21912892,1.23482060181e-16
0.0207072243913,1.32206766798,3.75116953734,0.705348973929,132,11000.0,15000.0,3,2.10854362049e-18,0.00642630561098,6705.23631411,13333.3333333,-0.0207072243913,1699.6731712,-7.36237051716e-17
0.0184927467519,1.29253029794,3.64199022719,0.84853603608,133,12000.0,14000.0,3,7.16657508646e-20,0.00691029512856,7302.71625501,13000.0,-0.0184927467519,816.496580928,-4.28268531749e-16
0.0241449926443,1.31389580743,3.72064041273,0.600215978336,134,13000.0,15000.0,3,2.49526791024e-18,0.00998352023704,6319.67466799,14000.0,-0.0241449926443,816.496580928,4.99220519382e-17
0.0240970280104,1.27266082011,3.57033996701,0.631725022582,135,15000.0,16000.0,3,2.49644222937e-18,0.0095725368899,6840.31567381,15666.6666667,-0.0240970280104,471.404520791,-5.03473232097e-17
0.0174748476931,1.24275164177,3.46513516925,0.39409350657,136,15000.0,16000.0,3,-1.26163672267e-18,0.00644707850941,6550.64434347,15333.3333333,-0.0174748476931,471.404520791,5.92507108352e-17
0.0238279297312,1.28548005016,3.61640359572,0.663770886804,137,13000.0,15000.0,3,-1.28071064473e-18,0.00871159655427,6214.99201395,14333.3333333,-0.0238279297312,942.809041582,-2.2213712351e-16
0.0146674435882,1.27930825144,3.59415261554,0.737272688206,138,13000.0,16000.0,4,-1.57787542016e-18,0.008466779832,7571.45352561,14750.0,-0.0146674435882,1089.72473589,-8.41488330934e-17
0.0287470410498,1.27572984352,3.5813142555,0.797815699555,139,14000.0,15000.0,3,-6.97194432027e-18,0.00969165774008,7022.23944548,14666.6666667,-0.0287470410498,471.404520791,-9.54791801178e-17
0.0337727782367,1.27040727131,3.56230309081,0.753591760526,140,14000.0,15000.0,3,3.76492904847e-18,0.00988101527796,6789.87969665,14666.6666667,-0.0337727782367,471.404520791,-2.19269047363e-16
0.0192993095344,1.27068485717,3.56329207303,0.719143157777,141,13000.0,15000.0,3,1.42179565727e-18,0.00856405637426,7731.54876422,13666.6666667,-0.0192993095344,942.809041582,1.12965192756e-16
0.0332235473801,1.28299431839,3.60742534979,0.726079424394,142,14000.0,16000.0,4,7.89646219575e-19,0.00962997661406,7249.8646019,15000.0,-0.0332235473801,707.106781187,2.71416999357e-16
0.0241411859952,1.2637607434,3.5387046546,0.741514741079,143,14000.0,15000.0,3,-1.04719644657e-18,0.00960456542053,6538.06264309,14333.3333333,-0.0241411859952,471.404520791,-3.09059520616e-16
0.0267295265151,1.26390705714,3.53922245358,0.54127234954,144,15000.0,15000.0,3,8.71159425878e-19,0.00943833630771,7297.46653849,15000.0,-0.0267295265151,0.0,-6.37684349769e-17
0.0262789237549,1.2645014747,3.54132685496,0.727035202179,145,14000.0,15000.0,3,2.74505977301e-18,0.00859738222907,6695.13584288,14333.3333333,-0.0262789237549,471.404520791,8.00050689138e-17
0.0236704666698,1.24966576571,3.48917656011,0.746604191679,146,14000.0,15000.0,3,1.55094146679e-19,0.00927412953973,8165.62754566,14333.3333333,-0.0236704666698,471.404520791,1.62462635937e-16
0.0220288264994,1.23824651013,3.44955939098,0.83618691894,147,14000.0,16000.0,3,9.20726799587e-19,0.00984027475723,8424.15035065,15000.0,-0.0220288264994,816.496580928,-4.56647002417e-18
0.0227448682507,1.22697693266,3.41090254647,0.667753785065,148,14000.0,16000.0,4,3.88215836392e-18,0.00952425574384,7583.47978479,15500.0,-0.0227448682507,866.025403784,3.27704470596e-17
0.0219542727994,1.1785428011,3.24963538591,0.794007127419,149,14000.0,15000.0,3,-1.56813626499e-18,0.00955803043626,7800.46036331,14666.6666667,-0.0219542727994,471.404520791,-1.67758657371e-17
0.0233674424635,1.2644417571,3.54111538173,0.74301918825,150,13000.0,16000.0,3,-6.90491294385e-19,0.00955528354356,7637.48199822,14666.6666667,-0.0233674424635,1247.21912892,-1.09841726764e-16
0.0321013070807,1.23662754611,3.44397919672,0.5626013829,151,13000.0,15000.0,3,-7.09975244416e-18,0.00983298626577,7173.76645358,14333.3333333,-0.0321013070807,942.809041582,-1.79009722337e-16
0.0294185408734,1.26522180989,3.54387871627,0.655378276269,152,14000.0,16000.0,3,-2.27737426177e-18,0.00978308776345,7300.04834275,14666.6666667,-0.0294185408734,942.809041582,9.7741408754e-17
0.0232963085863,1.2610240224,3.52903344699,0.738958007224,153,13000.0,15000.0,3,-1.40947812192e-18,0.00975503438029,7051.44822575,14333.3333333,-0.0232963085863,942.809041582,-1.20367614118e-16
0.0205833310824,1.26790620956,3.55340468317,0.879180134393,154,15000.0,16000.0,3,-2.25375140276e-18,0.00668795355473,7380.59085918,15666.6666667,-0.0205833310824,471.404520791,3.30599745111e-17
0.0185397161883,1.28862268392,3.62778650452,0.698887265202,155,14000.0,16000.0,4,-4.38751251308e-18,0.00838553676176,6567.93555192,14500.0,-0.0185397161883,866.025403784,1.15648231732e-17
0.0241182382963,1.28031117799,3.59775909484,0.795475226388,156,15000.0,16000.0,4,6.4669494018e-18,0.0092534361293,8053.63786641,15500.0,-0.0241182382963,500.0,-1.52379032242e-16
0.0268124909792,1.26865373792,3.55606194702,0.108354986997,157,13000.0,15000.0,4,5.70377054086e-19,0.00956990605149,6572.28542142,14500.0,-0.0268124909792,866.025403784,-5.23131743332e-17
0.0240792564791,1.25314097424,3.50132327019,0.68531188633,158,14000.0,15000.0,3,-1.81084307075e-18,0.00919527972408,6591.71414027,14333.3333333,-0.0240792564791,471.404520791,9.19634738731e-17
0.0164459257106,1.2558072789,3.51067132158,0.825476270025,159,14000.0,16000.0,4,-1.09450606874e-18,0.006570469777,6996.80252854,15000.0,-0.0164459257106,1000.0,-1.27502175484e-16
0.0169807620953,1.26416922699,3.54015045266,0.812535725051,160,15000.0,15000.0,3,6.08047487909e-18,0.0084571125389,7680.90074405,15000.0,-0.0169807620953,0.0,9.64506252643e-17
0.0238947534353,1.25385437196,3.50382199741,0.633131073792,161,11000.0,15000.0,3,-1.5493617552e-18,0.00947548250166,5655.83417684,12666.6666667,-0.0238947534353,1699.6731712,9.79216707719e-17
0.0223394983843,1.2853659252,3.61599089734,0.705685473936,162,13000.0,16000.0,3,1.25773270795e-18,0.00929426033301,7410.0015048,14333.3333333,-0.0223394983843,1247.21912892,1.46697058932e-16
0.0151295694308,1.22452161677,3.40253797628,0.8153871761,163,15000.0,16000.0,4,9.50748167508e-19,0.00694162653475,7827.12191733,15250.0,-0.0151295694308,433.012701892,1.89702807588e-17
0.0234189123137,1.19664972189,3.30901222001,0.612152248228,164,13000.0,16000.0,4,3.33447236688e-18,0.00988952531257,7575.8311981,14750.0,-0.0234189123137,1089.72473589,-4.78437530419e-17
0.0177948886066,1.19494272658,3.30336856986,0.760943044001,165,11000.0,16000.0,4,-2.181766982e-18,0.00975525652728,7553.36290784,14000.0,-0.0177948886066,1870.82869339,-6.35112877322e-17
0.0188833039997,1.15761521214,3.18233502568,0.834578379735,166,14000.0,16000.0,4,2.64113904942e-18,0.00939070209197,8459.90126102,15000.0,-0.0188833039997,707.106781187,-2.78362604285e-17
0.029703933845,1.13891042956,3.12336338612,0.771112596668,167,15000.0,15000.0,3,2.75917051307e-18,0.00954400289477,7063.30455039,15000.0,-0.029703933845,0.0,-2.91817514378e-17
0.0210403604806,1.15885843466,3.18629383658,0.569830430192,168,14000.0,15000.0,3,2.04867504517e-18,0.00783391818295,7300.57833105,14666.6666667,-0.0210403604806,471.404520791,4.74828971997e-17
0.0227046175791,1.10368372984,3.0152529681,0.728470595811,169,15000.0,15000.0,3,5.0111918619e-18,0.00703552859427,7546.43384164,15000.0,-0.0227046175791,0.0,1.1870134505e-16
0.0209187155353,1.151904887,3.16421464384,0.811837540867,170,15000.0,16000.0,3,-2.26505292702e-18,0.00867051813965,7900.78983275,15333.3333333,-0.0209187155353,471.404520791,-1.07243499263e-16
0.0152590604169,1.13464912907,3.11008211403,0.81641606916,171,14000.0,15000.0,3,-1.35839862568e-18,0.00691415872759,7047.97812546,14333.3333333,-0.0152590604169,471.404520791,-4.65368484489e-17
0.0215824923342,1.16289067336,3.19916767163,0.856424700659,172,12000.0,16000.0,4,1.3680144717e-18,0.00677325205953,7939.01500723,14000.0,-0.0215824923342,1581.13883008,3.99001038491e-17
0.0217781154658,1.13114719572,3.09920986184,0.912193825121,173,13000.0,15000.0,3,3.96550178947e-18,0.009629975532,8492.23963321,14000.0,-0.0217781154658,816.496580928,-6.24500451352e-17
0.0227278082358,1.14394984572,3.13914304078,0.856679436717,174,15000.0,16000.0,3,6.2229036443e-19,0.00915537394281,7782.53725391,15333.3333333,-0.0227278082358,471.404520791,5.10352301854e-17
0.0244257361215,1.15717256672,3.18092669137,0.880740113568,175,14000.0,15000.0,3,3.17335037727e-18,0.00995398322426,6733.77007994,14333.3333333,-0.0244257361215,471.404520791,8.68980813233e-17
0.0264079375445,1.13926544293,3.12447241873,0.869700393811,176,14000.0,15000.0,3,-1.85835996254e-18,0.0089981825571,8202.27967464,14666.6666667,-0.0264079375445,471.404520791,-5.74463009256e-17
0.0172544193551,1.08178057871,2.94992745556,0.880530037497,177,14000.0,15000.0,3,9.68944541091e-19,0.00963157403507,7823.08869973,14333.3333333,-0.0172544193551,471.404520791,-8.01673542365e-17
0.0211687137695,1.08315701393,2.95399063529,0.810583011031,178,13000.0,16000.0,3,-1.47155610754e-18,0.00686501914208,7842.56739836,14666.6666667,-0.0211687137695,1247.21912892,-1.60083048504e-17
0.0229881305081,1.07725786108,2.93661589154,0.851385298401,179,14000.0,15000.0,3,1.32057916681e-18,0.00921147406348,8082.21848514,14666.6666667,-0.0229881305081,471.404520791,2.11723000243e-17
0.0181247638686,1.07956624644,2.9434025628,0.849344426415,180,14000.0,15000.0,3,2.1102176885e-18,0.00925434841655,8438.05139834,14666.6666667,-0.0181247638686,471.404520791,1.33041725784e-16
0.0203626426569,1.09598922418,2.99214111821,0.823667304608,181,14000.0,15000.0,3,-2.84548793697e-18,0.00653195812118,7517.32214031,14333.3333333,-0.0203626426569,471.404520791,-6.93889390391e-18
0.0203215214149,1.0741603371,2.92753372679,0.636238429304,182,14000.0,15000.0,3,6.57441695464e-19,0.00650448965297,7146.5505072,14666.6666667,-0.0203215214149,471.404520791,-5.52312825105e-16
0.0221576918499,1.07468766444,2.92907790245,0.718597888562,183,14000.0,15000.0,3,2.70546310048e-18,0.00945598586646,7731.35835609,14666.6666667,-0.0221576918499,471.404520791,9.59417730447e-17
0.0228768450437,1.09900696773,3.00118427087,0.744983168999,184,14000.0,15000.0,3,2.50455456481e-18,0.00672762947327,7767.8718773,14333.3333333,-0.0228768450437,471.404520791,-2.99760216649e-17
0.0184348714563,1.10752229462,3.02684945464,0.714042955483,185,14000.0,16000.0,4,1.00279699458e-18,0.00646964126758,7744.01062174,15500.0,-0.0184348714563,866.025403784,-9.6206982701e-17
0.0252466489662,1.11010321573,3.03467160413,0.794838904826,186,14000.0,14000.0,3,8.56384475239e-19,0.00674644143859,7254.23880882,14000.0,-0.0252466489662,0.0,1.02973185534e-16
0.0197405588877,1.10781034184,3.02772145579,0.833998113532,187,14000.0,15000.0,3,2.35907324901e-18,0.00956297979748,8382.7941591,14333.3333333,-0.0197405588877,471.404520791,-2.6164255947e-16
0.0329456739037,1.10307736373,3.01342517509,0.883970133537,188,15000.0,16000.0,4,-1.22060870054e-18,0.00979681747804,8625.65902862,15500.0,-0.0329456739037,500.0,1.18000252054e-16
0.0205551225732,1.10746693167,3.02668188395,0.909265433026,189,14000.0,15000.0,3,-1.67409522377e-18,0.00979956662794,8326.88506535,14666.6666667,-0.0205551225732,471.404520791,-1.0806170773e-16
0.0222411707442,1.09275846328,2.98248982458,0.777388659047,190,14000.0,15000.0,3,-6.35363904885e-19,0.00953683981953,7962.75412968,14333.3333333,-0.0222411707442,471.404520791,8.54436347383e-17
0.0237674781785,1.07587815163,2.93256700865,0.870872792634,191,15000.0,16000.0,3,-2.00931400867e-18,0.00982018575553,8397.12301993,15333.3333333,-0.0237674781785,471.404520791,1.08960880401e-17
0.0176141185775,1.08295716553,2.95340034399,0.809171931503,192,12000.0,15000.0,4,-4.65661356466e-19,0.00709890551237,8506.60394128,14250.0,-0.0176141185775,1299.03810568,6.26725450888e-17
0.0196538733431,1.07530692912,2.93089233869,0.855676587154,193,15000.0,15000.0,3,3.63290215726e-18,0.00680078753454,8452.92663992,15000.0,-0.0196538733431,0.0,-5.62512999143e-17
0.0204287594568,1.07696980093,2.93577009137,0.877646262774,194,14000.0,15000.0,3,2.22198343681e-18,0.00804931354588,8383.79726871,14333.3333333,-0.0204287594568,471.404520791,4.71844785466e-18
0.0262983183266,1.09535854785,2.99025464059,0.889274193061,195,14000.0,16000.0,3,8.80137409783e-19,0.0092434527988,7823.8826327,15333.3333333,-0.0262983183266,942.809041582,-2.26322171745e-16
0.0289096885759,1.09982798176,3.00364929703,0.894612308883,196,13000.0,15000.0,4,9.87790309018e-19,0.00994902761646,7730.85783842,13750.0,-0.0289096885759,829.156197589,4.28228880927e-17
0.0240375763636,1.07975398711,2.94395521104,0.822814972127,197,15000.0,15000.0,4,-1.87331919108e-18,0.00894794669991,7974.28565924,15000.0,-0.0240375763636,0.0,-4.45755778883e-17
0.0245885063918,1.07024188757,2.91608477934,0.717635491518,198,15000.0,16000.0,5,-2.23026694644e-18,0.00845108578715,7947.88741095,15800.0,-0.0245885063918,400.0,1.37498142543e-16
0.0228210500317,1.08189875664,2.95027609246,0.88785530219,199,15000.0,16000.0,3,-1.4152198824e-18,0.0073156435075,8474.61001684,15333.3333333,-0.0228210500317,471.404520791,-2.9615089476e-16
0.0200479322163,1.06475052049,2.90011537444,0.893414927628,200,14000.0,16000.0,4,2.46801541211e-18,0.0085640186775,8490.70105892,15500.0,-0.0200479322163,866.025403784,-2.10487365242e-16
0.0152979913183,1.07291972758,2.92390405255,0.68828527986,201,14000.0,16000.0,4,-1.17325312268e-18,0.00671366708454,7697.43522363,15250.0,-0.0152979913183,829.156197589,8.15205907165e-17
0.0197536853512,1.04431242988,2.84144415974,0.815660120527,202,15000.0,15000.0,3,-4.63636911208e-19,0.00707813931636,8942.10316207,15000.0,-0.0197536853512,0.0,1.23234755733e-16
0.0166950249804,1.06795152117,2.90941351946,0.821600461625,203,14000.0,16000.0,4,-7.76923602586e-19,0.00757734634991,8364.31606562,15000.0,-0.0166950249804,707.106781187,2.36869063309e-17
0.0210565729889,1.0731968242,2.92471436872,0.711846248044,204,13000.0,16000.0,3,-1.04204503621e-18,0.00643139779957,8183.66190062,14666.6666667,-0.0210565729889,1247.21912892,4.8396818859e-18
0.0283934116758,1.03032801568,2.80198477892,0.803664731262,205,13000.0,16000.0,5,3.68196575397e-19,0.00721236865956,8044.25311996,15000.0,-0.0283934116758,1095.44511501,-1.81937391187e-16
0.0210429336669,1.07210864588,2.92153348897,0.705908031783,206,14000.0,16000.0,3,4.63656267496e-18,0.00930650270096,6521.12612323,14666.6666667,-0.0210429336669,942.809041582,-2.24322257122e-17
0.0275567278283,1.08884557436,2.97084247547,0.698461263656,207,15000.0,16000.0,4,-4.19454401584e-19,0.00981132513132,8351.52653452,15250.0,-0.0275567278283,433.012701892,-2.19961256634e-16
0.0179101077326,1.11772029613,3.05787520135,0.724383092326,208,13000.0,15000.0,3,1.80889442448e-18,0.00943782566148,7224.38086503,14000.0,-0.0179101077326,816.496580928,-1.63949135666e-16
0.01652532323,1.17351847069,3.23334909215,0.690494219692,209,13000.0,16000.0,4,-1.62023847135e-18,0.00979323884279,8387.52999154,14750.0,-0.01652532323,1089.72473589,-3.53286200882e-16
0.0247315448602,1.0979347419,2.99796804814,0.862955548343,210,13000.0,15000.0,3,1.26553964427e-18,0.00874542759654,7688.0539757,13666.6666667,-0.0247315448602,942.809041582,-5.73947631493e-17
0.0247544534972,1.14422344227,3.14000201699,0.698506675435,211,14000.0,15000.0,3,-5.30280125902e-18,0.00879444711383,7365.9563283,14666.6666667,-0.0247544534972,471.404520791,-9.89486270697e-17
0.0302946426496,1.0864012449,2.96358962546,0.747990510995,212,13000.0,16000.0,3,-1.14268156768e-18,0.00985243819101,7036.88187101,14666.6666667,-0.0302946426496,1247.21912892,1.0897387044e-16
0.0204311166426,1.08209448247,2.95085359421,0.772698494581,213,15000.0,16000.0,4,-8.34596591334e-19,0.00859253448443,8586.95621328,15500.0,-0.0204311166426,500.0,4.44383178877e-17
0.0224421300923,1.0764339639,2.93419741842,0.872934940274,214,12000.0,15000.0,3,1.35595420721e-19,0.00665548104122,8284.93301565,14000.0,-0.0224421300923,1414.21356237,-9.90198913855e-17
0.026547401366,1.08968632862,2.97334127421,0.815872693725,215,15000.0,16000.0,4,-6.85402219173e-19,0.0085806643788,7713.82872648,15500.0,-0.026547401366,500.0,6.51376448867e-17
0.022217817867,1.00785792186,2.73972601771,0.829349977536,216,14000.0,16000.0,4,1.26483467335e-18,0.00927160278704,8249.88184496,14750.0,-0.022217817867,829.156197589,9.41872842346e-17
0.0197567912245,1.08385483802,2.95605272053,0.899163842649,217,12000.0,16000.0,3,9.82762630719e-20,0.0067050029601,8123.58380347,14333.3333333,-0.0197567912245,1699.6731712,-1.78987259796e-16
0.0247392596823,1.10031759231,3.00512027548,0.806410489118,218,14000.0,16000.0,4,6.30589287073e-19,0.00953359140845,7945.98436116,15000.0,-0.0247392596823,1000.0,-2.82380988501e-17
0.0233723212736,1.11359503095,3.04528663869,0.90423441089,219,14000.0,16000.0,4,-2.40973833731e-18,0.00924226760998,7797.58924368,14750.0,-0.0233723212736,829.156197589,-2.15000500355e-16
0.0212175725824,1.07989339049,2.94436563696,0.830236978553,220,15000.0,16000.0,5,-4.8286383612e-18,0.00916147685779,8830.0950164,15800.0,-0.0212175725824,400.0,-8.24489715861e-17
0.0202182499008,1.08292615722,2.95330876547,0.369593994385,221,13000.0,16000.0,3,2.47992017521e-18,0.00638710312835,7538.38591142,14666.6666667,-0.0202182499008,1247.21912892,9.12623697307e-17
0.0193787833445,1.07083176121,2.9178054083,0.84673782122,222,13000.0,16000.0,4,-2.89062326083e-18,0.00958878103708,8451.49108474,14500.0,-0.0193787833445,1118.03398875,5.48957282686e-17
0.0241558387577,1.05146661508,2.86184526714,0.753246215453,223,13000.0,15000.0,4,-9.61029187458e-19,0.00952956749188,7453.24448613,14250.0,-0.0241558387577,829.156197589,2.15219819691e-16
0.0194793905116,1.03578572487,2.81731900381,0.676154753898,224,15000.0,16000.0,3,1.13276415616e-19,0.00999160103938,6588.28512132,15333.3333333,-0.0194793905116,471.404520791,-1.36473086463e-16
0.0218108687827,1.06711667698,2.90698562609,0.672308142833,225,14000.0,16000.0,3,1.13355669173e-18,0.00849388579197,7708.04496294,15000.0,-0.0218108687827,816.496580928,3.12796848458e-17
0.0192743862657,1.07272051474,2.92332163131,0.860207363936,226,13000.0,14000.0,3,-4.74598090325e-18,0.00795377288061,7718.78383176,13666.6666667,-0.0192743862657,471.404520791,-9.28018958861e-17
0.0265240885158,1.02131670449,2.77684864698,0.929315346971,227,13000.0,15000.0,3,4.23746797628e-19,0.00658574545151,8703.26681104,14000.0,-0.0265240885158,816.496580928,-1.00660220899e-16
0.0239643982381,1.00206917539,2.72391225349,0.760628786634,228,15000.0,16000.0,3,-1.42798241915e-19,0.00808392288325,8252.29612191,15666.6666667,-0.0239643982381,471.404520791,-1.44902865938e-16
0.0201240306308,0.971388491635,2.64160976721,0.820818852932,229,13000.0,15000.0,3,-2.00203138748e-18,0.00666135847978,7101.10164048,14000.0,-0.0201240306308,816.496580928,-1.21122895923e-16
0.0163316167411,0.98519436008,2.67833239474,0.836869737756,230,15000.0,15000.0,3,2.76182072948e-18,0.00647747501445,8140.22184081,15000.0,-0.0163316167411,0.0,1.81706501697e-16
0.019533424996,1.05463934619,2.87093955188,0.681520968073,231,16000.0,16000.0,4,-6.6174374465e-19,0.00931695330654,7912.82695222,16000.0,-0.019533424996,0.0,-7.84782942075e-17
0.021851968339,1.03943408169,2.82761636161,0.834279537206,232,14000.0,16000.0,4,1.77577711458e-18,0.00953966889819,9962.35169336,15250.0,-0.021851968339,829.156197589,5.10518066725e-17
0.027332478081,1.05598643911,2.87480958027,0.852579309082,233,14000.0,16000.0,4,2.89434163498e-18,0.00907882680946,8802.81916962,14750.0,-0.027332478081,829.156197589,3.73454015894e-17
0.0213224681977,1.05933621385,2.88445569194,0.857940980396,234,13000.0,16000.0,3,-1.95148748094e-18,0.00954643412064,9027.63330254,14333.3333333,-0.0213224681977,1247.21912892,-9.18877768487e-17
0.0173124522036,1.04321606989,2.83833062114,0.723563224365,235,15000.0,15000.0,4,3.84614820026e-18,0.00660724603903,8180.6015689,15000.0,-0.0173124522036,0.0,9.68497878592e-17
0.025893306079,1.05830735586,2.8814895228,0.801566461427,236,15000.0,16000.0,5,4.94369771929e-18,0.00684604637034,8296.80561138,15200.0,-0.025893306079,400.0,1.11952045882e-16
0.0220675411545,1.05002018367,2.85770879653,0.761125051254,237,13000.0,15000.0,3,1.05959217467e-18,0.00981401447392,8349.31837009,14333.3333333,-0.0220675411545,942.809041582,1.44981436405e-16
0.0256080416025,1.06272483568,2.89424660092,0.876366423685,238,14000.0,16000.0,4,2.49844950132e-18,0.00913838535773,8421.79810176,15000.0,-0.0256080416025,1000.0,-4.69259468229e-17
0.0271518933739,1.04698093391,2.84903669077,0.829263166914,239,14000.0,16000.0,5,-2.28034177946e-18,0.00874571239205,8560.16283985,15000.0,-0.0271518933739,632.455532034,-8.05822094408e-17
0.0211352279589,1.08026466439,2.94545900601,0.850914712842,240,15000.0,16000.0,5,8.12993206235e-19,0.00663366187339,8514.1404048,15400.0,-0.0211352279589,489.897948557,-5.40538179054e-17
0.0240814826368,1.00767401381,2.73922220635,0.82017132077,241,14000.0,16000.0,4,4.20293116491e-20,0.00951733679187,8755.47971226,14750.0,-0.0240814826368,829.156197589,1.42641939106e-16
0.0243760409591,1.00876495382,2.74221216411,0.77992092344,242,14000.0,16000.0,3,2.49046266367e-18,0.00932895574845,8153.52909208,15000.0,-0.0243760409591,816.496580928,1.50609936209e-16
0.0185605953428,1.02030368924,2.77403708126,0.8251116743,243,14000.0,15000.0,4,9.18138557746e-19,0.00799269501938,7271.88639948,14500.0,-0.0185605953428,500.0,-4.06600117117e-17
0.0228049179801,1.01866139147,2.76948502531,0.754918331047,244,13000.0,16000.0,3,-1.04290314609e-19,0.00863841497841,8969.98259593,14333.3333333,-0.0228049179801,1247.21912892,3.8776171816e-18
0.024556868448,1.01616478237,2.76257932778,0.679292844906,245,15000.0,16000.0,3,1.56587349803e-18,0.00868451679165,8056.47539868,15666.6666667,-0.024556868448,471.404520791,2.54481180396e-16
0.0193628333636,1.00458726048,2.7307799394,0.840497572206,246,15000.0,16000.0,4,2.67458145103e-19,0.00730808339692,8940.19296033,15250.0,-0.0193628333636,433.012701892,3.8202650329e-17
0.0289737723722,1.01203612719,2.75119710312,0.752977703407,247,13000.0,15000.0,3,7.83529610792e-21,0.00990689811513,7407.75306168,14000.0,-0.0289737723722,816.496580928,9.3533833579e-17
0.0209733508722,0.988431554054,2.68701672507,0.696056503915,248,13000.0,16000.0,3,2.49682771213e-19,0.00658630332903,7673.50505862,14666.6666667,-0.0209733508722,1247.21912892,-1.13808576463e-16
0.0165060520431,1.00045921552,2.71953039231,0.815033886352,249,13000.0,16000.0,5,1.57969504302e-18,0.00698940991764,8973.62774924,14800.0,-0.0165060520431,1166.19037897,-3.64121403072e-17
0.0205736437296,1.019734172,2.77245766911,0.742241734054,250,14000.0,15000.0,3,-1.1281967743e-18,0.00991021499866,8086.63920937,14666.6666667,-0.0205736437296,471.404520791,8.97125624318e-17
0.0191636578638,1.00349119408,2.72778846297,0.88492000305,251,13000.0,15000.0,3,-1.13602070008e-18,0.00649062679476,7516.25933577,14000.0,-0.0191636578638,816.496580928,2.33658262284e-16
0.0168785836642,1.02288780279,2.78121477808,0.787771640328,252,15000.0,15000.0,3,2.06552000429e-18,0.00857473438913,8887.73778291,15000.0,-0.0168785836642,0.0,-8.58499190329e-17
0.0248229333079,1.02879494289,2.79769242339,0.863022202456,253,14000.0,15000.0,3,3.81992352739e-18,0.00959303249089,8635.61234723,14333.3333333,-0.0248229333079,471.404520791,2.22044604925e-18
0.0248759403222,1.05644745162,2.87613520901,0.763312426672,254,13000.0,16000.0,3,4.49608969308e-21,0.00846590299849,7699.13409786,14000.0,-0.0248759403222,1414.21356237,4.94969996597e-17
0.0135326608352,1.06820233281,2.91014332576,0.889455742767,255,15000.0,15000.0,3,-2.83341210295e-18,0.00893477851362,9034.61090388,15000.0,-0.0135326608352,0.0,-5.34757423528e-17
0.0231057726711,1.01978566165,2.77260042568,0.810821176243,256,14000.0,16000.0,4,1.47214547546e-19,0.00685919325174,8401.04782361,15000.0,-0.0231057726711,707.106781187,1.77127184845e-16
0.0207605188159,1.05129662121,2.86135881233,0.850603845062,257,12000.0,16000.0,5,-1.10524534619e-19,0.00968185006512,9104.2196416,14600.0,-0.0207605188159,1496.66295471,3.79467091327e-17
0.0288534823444,1.06749188761,2.90807656267,0.630982575265,258,14000.0,16000.0,4,5.45687414499e-19,0.0095364439241,8253.93887105,15000.0,-0.0288534823444,707.106781187,-3.78176251561e-17
0.0125380569513,1.09441826614,2.98744428031,0.777239896169,259,13000.0,16000.0,3,-1.228326501e-18,0.00674712330844,8642.89014164,14666.6666667,-0.0125380569513,1247.21912892,2.2540608759e-16
0.0238149210959,1.03830463032,2.82442450928,0.615538417048,260,14000.0,16000.0,4,3.00288758994e-18,0.00938367280604,6800.08755469,15000.0,-0.0238149210959,707.106781187,1.13568492492e-16
0.022103865678,1.02811622528,2.79579422451,0.78693683654,261,14000.0,16000.0,3,9.0937852347e-19,0.00929509691726,8272.68497356,15000.0,-0.022103865678,816.496580928,-6.25650544264e-17
0.024243162238,1.03779806707,2.82299412197,0.723798812033,262,14000.0,16000.0,4,-3.15776759439e-18,0.00926813721002,7076.61366815,15000.0,-0.024243162238,707.106781187,6.38206908446e-18
0.0235442195773,1.00847208924,2.74140918488,0.796628909063,263,14000.0,16000.0,3,3.00699470639e-19,0.00916792805331,7530.63784346,15000.0,-0.0235442195773,816.496580928,-1.65149501509e-17
0.0329056214216,0.993300654533,2.70013198334,0.787135653218,264,13000.0,14000.0,3,-2.41408743577e-18,0.00879491293385,7198.0905395,13666.6666667,-0.0329056214216,471.404520791,1.62068306475e-16
0.0205071819107,0.997278538842,2.71089418719,0.876353709817,265,14000.0,15000.0,3,-1.38685882186e-18,0.00685242482114,8578.17554108,14333.3333333,-0.0205071819107,471.404520791,3.64291929955e-17
0.0144069245954,1.00323237512,2.72708255097,0.824033454632,266,13000.0,15000.0,3,3.19186782488e-19,0.00666827103673,7407.26329589,14000.0,-0.0144069245954,816.496580928,-2.40085729075e-17
0.023834971922,1.03101761816,2.80391770096,0.700436286341,267,14000.0,16000.0,4,1.07069499858e-18,0.00964310469478,8064.85420741,15000.0,-0.023834971922,707.106781187,-5.45380843065e-17
0.0239008252031,1.02974003941,2.80033776262,0.801111422604,268,13000.0,16000.0,4,1.50891131355e-18,0.0086597982917,8872.15104868,14750.0,-0.0239008252031,1299.03810568,1.3542974046e-16
0.0235498688262,1.01740316105,2.76600256632,0.757317404188,269,14000.0,16000.0,4,4.50485674137e-19,0.00745399355404,8403.19677599,15000.0,-0.0235498688262,707.106781187,-7.10497234816e-17
0.0169675271967,1.02370303834,2.7834830477,0.895410134112,270,15000.0,16000.0,3,1.43118297498e-18,0.00727935384248,8252.41094093,15333.3333333,-0.0169675271967,471.404520791,-3.14136837382e-17
0.016852400262,0.990526425083,2.69265157865,0.862951615046,271,14000.0,16000.0,4,-3.02073407667e-18,0.00891186185924,8521.38861872,15250.0,-0.016852400262,829.156197589,6.68711981451e-17
0.0231240356849,1.02008513747,2.77343087679,0.895853375991,272,14000.0,15000.0,3,1.42540473342e-18,0.00665383895565,7982.72299276,14333.3333333,-0.0231240356849,471.404520791,-5.9741352038e-17
0.0167115170937,1.03203110532,2.80676087607,0.775267338508,273,13000.0,16000.0,4,5.3860733345e-19,0.00865663915033,7750.34764136,14250.0,-0.0167115170937,1089.72473589,4.04330686952e-17
0.0153674602075,0.98679040461,2.68261054566,0.822947501719,274,13000.0,15000.0,3,2.805040654e-18,0.00750035622315,8460.15686668,14000.0,-0.0153674602075,816.496580928,-1.47104550763e-17
0.0195804191277,1.01870010715,2.76959224988,0.851065285525,275,13000.0,16000.0,4,7.84772923359e-19,0.00673683159294,8741.70407703,14250.0,-0.0195804191277,1089.72473589,1.30840670842e-16
0.0217810484675,1.00735934038,2.73836038151,0.848281086816,276,14000.0,16000.0,4,1.42007041868e-18,0.00973667018151,8740.22201609,15500.0,-0.0217810484675,866.025403784,3.66358568031e-18
0.0179456462673,0.975762390247,2.65318920568,0.819068564709,277,14000.0,16000.0,3,1.60379377549e-18,0.00828941544175,8354.96104279,14666.6666667,-0.0179456462673,942.809041582,3.5450898297e-17
0.0161948273087,0.9793513642,2.66272854061,0.751361442297,278,12000.0,16000.0,5,2.0914250889e-18,0.00642729646006,8041.61665805,14800.0,-0.0161948273087,1469.69384567,-2.12553474183e-17
0.0175239216413,1.01302341156,2.75391465831,0.87023078039,279,15000.0,15000.0,3,-2.99025261664e-18,0.00964750176696,8806.92855565,15000.0,-0.0175239216413,0.0,-1.86331137e-17
0.0156838212811,0.982182668248,2.67027821738,0.881653549213,280,14000.0,16000.0,5,3.84990973599e-18,0.00885442029702,8240.57231148,15400.0,-0.0156838212811,800.0,1.45711804986e-16
0.0189160083527,0.98008459369,2.66468164765,0.815997863603,281,13000.0,16000.0,5,3.93342793605e-18,0.00938541431779,8646.24687869,15200.0,-0.0189160083527,1166.19037897,5.14504851395e-17
0.0228547637057,0.989280647036,2.689299221,0.879391817931,282,15000.0,16000.0,4,1.95247947492e-19,0.00978841184983,9308.74945425,15500.0,-0.0228547637057,500.0,-2.57037824548e-17
0.0127472064584,0.975511222153,2.65252289289,0.859221236248,283,14000.0,16000.0,4,-8.93245918405e-19,0.00905413126129,8961.99362251,15250.0,-0.0127472064584,829.156197589,-6.75173798691e-17
0.0155827033633,0.968067618627,2.63285186662,0.710772751496,284,15000.0,16000.0,4,7.41387390682e-19,0.00965989829037,8388.51769876,15500.0,-0.0155827033633,500.0,1.08353021816e-16
0.0163973082277,0.975446714851,2.65235179131,0.659700995664,285,14000.0,16000.0,4,3.61927196058e-18,0.00922504377562,8124.12526074,14750.0,-0.0163973082277,829.156197589,-2.69471607919e-17
0.0220304056143,0.982235185848,2.67041845766,0.805742802984,286,14000.0,16000.0,4,2.04469560386e-18,0.00704399863479,8238.33322134,15000.0,-0.0220304056143,707.106781187,1.17439776593e-16
0.0178106259625,0.969472218432,2.63655256823,0.713299966657,287,14000.0,16000.0,4,2.44340436867e-19,0.00923932333228,8143.46805498,15000.0,-0.0178106259625,707.106781187,-4.43006545553e-16
0.0272766477177,0.980527748493,2.66586277581,0.742167583848,288,13000.0,15000.0,3,-8.19408904934e-20,0.00699156103606,7980.02026369,14333.3333333,-0.0272766477177,942.809041582,2.99781900692e-17
0.0144492639106,0.973644804414,2.64757679429,0.879357431648,289,15000.0,15000.0,4,-2.58812896849e-20,0.0066095873206,8175.40023061,15000.0,-0.0144492639106,0.0,9.93595361615e-17
0.0250591364536,0.99975309847,2.71761076336,0.89734154528,290,13000.0,16000.0,4,1.74854174418e-18,0.00980489050843,8601.13547103,14500.0,-0.0250591364536,1118.03398875,-4.14981502561e-17
0.0195931315939,0.995801124985,2.70689203171,0.889872350641,291,15000.0,16000.0,4,8.43317311798e-19,0.00651490014201,8764.24911755,15500.0,-0.0195931315939,500.0,1.46193858682e-16
0.0211784403144,1.02587788713,2.78954329011,0.866888633074,292,14000.0,15000.0,3,2.85353992094e-18,0.00976073945961,8622.6491022,14666.6666667,-0.0211784403144,471.404520791,1.19489208275e-16
0.0178114397441,1.0241446714,2.78471259732,0.842775195473,293,14000.0,16000.0,4,-4.07366022222e-19,0.00975153560059,8529.2110101,15000.0,-0.0178114397441,707.106781187,-1.34106969691e-17
0.0267354407586,1.03961661712,2.82813254888,0.835796177619,294,13000.0,16000.0,4,7.835238873e-19,0.0095944360452,8300.89238947,14500.0,-0.0267354407586,1118.03398875,-8.44734910041e-18
0.0202148914281,1.03588992488,2.81761258376,0.807195280107,295,15000.0,16000.0,4,-1.77368658485e-18,0.00939974418015,8955.28453017,15500.0,-0.0202148914281,500.0,1.14620737433e-16
0.0170857339083,1.0093798094,2.74389874701,0.84927261249,296,14000.0,16000.0,4,-2.68394967538e-18,0.00920402952161,8140.56354976,14750.0,-0.0170857339083,829.156197589,8.10612613182e-17
0.0202117801322,1.0172916604,2.76569417242,0.85919133528,297,10000.0,15000.0,3,3.94413563651e-18,0.00866878852669,7721.68068917,13333.3333333,-0.0202117801322,2357.02260396,1.61537450083e-16
0.0209265592925,1.04436869913,2.84160405018,0.713279350172,298,12000.0,16000.0,3,-3.97804348747e-19,0.00930177981092,7291.05693524,14333.3333333,-0.0209265592925,1699.6731712,1.26715533978e-17
0.0195811858246,1.0100771188,2.74581276063,0.861731908563,299,14000.0,16000.0,3,3.83598590697e-19,0.00847565189213,7772.16194846,15000.0,-0.0195811858246,816.496580928,-5.47566307291e-17
0.0187471460137,1.01986454249,2.77281913935,0.822683718215,300,15000.0,16000.0,4,1.46203070727e-18,0.00667469547896,8254.99840466,15250.0,-0.0187471460137,433.012701892,5.20493406262e-17
0.0204693209367,0.994128755216,2.70236889054,0.758191476598,301,15000.0,16000.0,3,2.87788710856e-18,0.00647363901434,7787.62563166,15333.3333333,-0.0204693209367,471.404520791,1.32995466492e-17
0.0227363986191,1.01076188421,2.74769364215,0.870656141385,302,14000.0,15000.0,3,2.71202711701e-18,0.00921781288754,7472.19939848,14333.3333333,-0.0227363986191,471.404520791,-8.12313179684e-17
0.0185314105994,0.999843483551,2.71785640593,0.843764174698,303,14000.0,15000.0,4,3.72314530211e-18,0.00932911228399,8065.33030201,14500.0,-0.0185314105994,500.0,-8.32913110591e-17
0.0207326227579,0.978938053492,2.66162823379,0.805964195282,304,12000.0,15000.0,4,2.31802540688e-18,0.00952507994964,7951.53240382,14250.0,-0.0207326227579,1299.03810568,-1.63392878315e-16
0.0181524232667,0.971984896463,2.64318570593,0.791661776336,305,13000.0,16000.0,3,-1.78325118127e-18,0.00958916635557,7378.09891185,14333.3333333,-0.0181524232667,1247.21912892,5.4560436938e-17
0.0174697331878,0.962009422802,2.61694975213,0.819456453064,306,14000.0,16000.0,3,3.1992540618e-18,0.00874082206935,8449.76932647,15000.0,-0.0174697331878,816.496580928,-8.37943993871e-17
0.0220917266685,0.97840094667,2.66019903896,0.881994593906,307,14000.0,16000.0,3,7.73564108514e-19,0.00922398528708,8584.68223557,15000.0,-0.0220917266685,816.496580928,-3.14724092198e-17
0.0305787423819,0.978631568678,2.66081261015,0.843713854972,308,14000.0,16000.0,4,2.35612467811e-20,0.00873268778552,8309.0973792,15000.0,-0.0305787423819,707.106781187,4.45430290294e-17
0.0252362103152,0.967095798214,2.63029445031,0.767212346491,309,14000.0,15000.0,3,-1.34931077829e-18,0.00879816746481,7056.42485467,14666.6666667,-0.0252362103152,471.404520791,9.09673755706e-17
0.0207388540739,0.987776756033,2.68525784775,0.664016401708,310,14000.0,15000.0,3,7.8324793278e-19,0.00953221947945,7152.0888268,14333.3333333,-0.0207388540739,471.404520791,6.80011602583e-17
0.0259106609249,0.941810513287,2.56462049699,0.815564672388,311,12000.0,14000.0,3,4.49827697959e-18,0.0067469644557,6723.57143452,13333.3333333,-0.0259106609249,942.809041582,-3.08086889333e-17
0.0196527428861,0.972409016815,2.64430697254,0.786359658859,312,15000.0,16000.0,4,-4.77334860206e-18,0.00946945863427,8985.41022272,15500.0,-0.0196527428861,500.0,-7.84068011554e-17
0.025315961704,0.992371480323,2.69762425557,0.878087219861,313,14000.0,15000.0,3,-6.98240296302e-19,0.00958341373998,8610.25993309,14666.6666667,-0.025315961704,471.404520791,2.0409599936e-16
0.0190507115978,0.991363745986,2.69490713628,0.889030905543,314,13000.0,16000.0,3,1.35390577953e-18,0.00654400106296,8544.99441263,15000.0,-0.0190507115978,1414.21356237,6.47981879391e-17
0.0277519596943,1.01468584524,2.75849666639,0.826481142828,315,14000.0,16000.0,3,-2.45461590902e-20,0.00925000025917,8584.36029324,15000.0,-0.0277519596943,816.496580928,-1.28012388271e-16
0.0363778862853,1.00968974149,2.74474930106,0.869853074162,316,14000.0,16000.0,3,-4.25564278196e-18,0.00960686890982,8251.11058312,15000.0,-0.0363778862853,816.496580928,3.39972600842e-17
0.0216132151215,1.01545479304,2.76061862207,0.745746596815,317,13000.0,15000.0,3,1.94638763204e-18,0.00957788194464,7788.54597711,14000.0,-0.0216132151215,816.496580928,-2.31388982049e-16
0.0172095424475,1.00905786795,2.74301551444,0.831984194805,318,13000.0,15000.0,4,-1.92284109433e-18,0.00771805315413,8330.11305163,14000.0,-0.0172095424475,707.106781187,5.48157278186e-17
0.0240262215104,1.00401914216,2.72922897389,0.826180692676,319,13000.0,14000.0,3,-3.5185654766e-18,0.00886993358344,7270.84740798,13333.3333333,-0.0240262215104,471.404520791,5.69914485974e-17
0.0141453425917,1.02124921411,2.77666124273,0.845258141944,320,13000.0,16000.0,3,-2.74435646495e-18,0.00610474702233,8993.80175383,14666.6666667,-0.0141453425917,1247.21912892,-1.98288322776e-17
0.0207932276956,0.99144028959,2.69511342208,0.734814066713,321,15000.0,16000.0,3,-5.21713838981e-18,0.00976376044446,7244.32296989,15333.3333333,-0.0207932276956,471.404520791,2.01307074094e-17
0.0259916503432,0.996857465565,2.70975294239,0.802411932538,322,13000.0,15000.0,3,-3.47652690809e-18,0.00933520063725,7966.96862552,13666.6666667,-0.0259916503432,942.809041582,-1.02880666949e-16
0.0141110909342,1.0034243639,2.72760617048,0.871846077156,323,14000.0,16000.0,3,-5.78559625915e-19,0.00641338094356,8927.43668994,15000.0,-0.0141110909342,816.496580928,-3.95454439965e-17
0.0117303963319,0.977432949671,2.6576252202,0.624021197829,324,12000.0,15000.0,3,1.10610584569e-18,0.00765497727377,7358.3242034,13666.6666667,-0.0117303963319,1247.21912892,2.07426668434e-16
0.0151504288499,0.972161698786,2.64365306861,0.837829596226,325,14000.0,15000.0,3,2.01346917777e-18,0.00831688852538,7867.00308931,14333.3333333,-0.0151504288499,471.404520791,-1.6818391087e-16
0.022553634884,0.977365270272,2.6574453598,0.867800308976,326,12000.0,14000.0,3,1.46498191092e-18,0.00881965444627,7797.56316992,13333.3333333,-0.022553634884,942.809041582,8.65742662744e-17
0.0182630188354,0.982679366502,2.67160486935,0.799685495883,327,12000.0,15000.0,3,-3.65887741957e-19,0.00961030455882,7867.73323955,14000.0,-0.0182630188354,1414.21356237,1.30034871759e-16
0.0251433449233,0.975808448594,2.65331141001,0.82036825898,328,12000.0,15000.0,3,-4.27633101286e-18,0.00914601462436,7936.2660143,14000.0,-0.0251433449233,1414.21356237,4.20195727316e-17
0.017179663853,0.995792170973,2.70686779427,0.830305534043,329,13000.0,15000.0,3,-3.10237507714e-19,0.00643873881817,7941.90518791,14333.3333333,-0.017179663853,942.809041582,2.29908684683e-16
0.0214242821925,1.00068198788,2.72013629602,0.713434637269,330,12000.0,15000.0,3,-2.4856236195e-19,0.00880547188729,8063.5151091,13666.6666667,-0.0214242821925,1247.21912892,2.06802167983e-16
0.0201076799058,1.00585575069,2.73424610495,0.619070641995,331,13000.0,15000.0,3,8.57278233961e-19,0.00944195110257,7700.13027641,14000.0,-0.0201076799058,816.496580928,6.28201194767e-17
0.0262345983095,1.02751535283,2.79411481339,0.690148646877,332,15000.0,15000.0,3,-2.72963211345e-18,0.00696811943898,7511.90951058,15000.0,-0.0262345983095,0.0,-2.12432284366e-17
0.022639917889,1.03251087823,2.80810780699,0.795614202953,333,12000.0,16000.0,3,8.15429852243e-19,0.00712204584842,7259.28263653,13333.3333333,-0.022639917889,1885.61808316,8.34410244673e-16
0.0185300956995,1.04508946415,2.84365291726,0.885233292017,334,14000.0,15000.0,3,1.72919845887e-18,0.00980166323459,7910.67055507,14333.3333333,-0.0185300956995,471.404520791,2.10445087282e-16
0.0194187008346,1.0126123385,2.75278283084,0.755476802751,335,15000.0,16000.0,3,1.84740290337e-18,0.00946894269989,8716.55522645,15333.3333333,-0.0194187008346,471.404520791,2.79075891554e-16
0.017209942399,1.00694081832,2.73721455707,0.785321157463,336,13000.0,14000.0,3,9.04468109493e-19,0.00669688855329,7074.96375675,13666.6666667,-0.017209942399,471.404520791,3.88578058619e-18
0.0189114375669,1.00940543764,2.7439690692,0.772273681991,337,11000.0,15000.0,3,2.23463308573e-20,0.00860192200112,8590.94497758,13666.6666667,-0.0189114375669,1885.61808316,-2.25190236828e-16
0.0222313583906,0.987237743215,2.68381084937,0.871938733882,338,14000.0,15000.0,3,-2.75524899576e-18,0.00959352267283,8977.83370804,14666.6666667,-0.0222313583906,471.404520791,-5.31981865966e-18
0.022931842184,0.965840087901,2.62699363531,0.888830613174,339,14000.0,15000.0,3,4.58893805356e-18,0.00867266004233,8020.52952981,14333.3333333,-0.022931842184,471.404520791,-1.40443212615e-16
0.020893845676,0.993801762045,2.70148537883,0.618996175453,340,13000.0,16000.0,3,-5.02841795807e-18,0.00662370941581,8160.38959961,14666.6666667,-0.020893845676,1247.21912892,9.41347098406e-17
0.0256061591682,0.993824821909,2.70154767543,0.848078303355,341,13000.0,15000.0,3,3.0551993343e-18,0.00963605199663,8066.01497738,13666.6666667,-0.0256061591682,942.809041582,-5.28927007015e-18
0.017252878259,1.00514998417,2.73231704641,0.866015323262,342,13000.0,16000.0,4,2.24468167842e-18,0.00988670804345,8218.94704506,14250.0,-0.017252878259,1089.72473589,7.46044146888e-17
0.0187192241931,0.969335397266,2.63619185671,0.708031904187,343,13000.0,15000.0,3,-2.65532869838e-18,0.00705886671049,8684.80379978,14333.3333333,-0.0187192241931,942.809041582,4.71844785466e-18
0.0173866961168,0.993898980961,2.70174802707,0.767352051554,344,14000.0,15000.0,3,-2.54217961158e-18,0.00938201983366,7843.1499694,14666.6666667,-0.0173866961168,471.404520791,-1.01309065152e-16
0.0255723622964,0.955623769925,2.60029206114,0.799488474258,345,15000.0,15000.0,3,8.27134787113e-19,0.00850471902848,8342.54139541,15000.0,-0.0255723622964,0.0,4.62592926927e-17
0.0207762023127,0.939530591032,2.55878002209,0.884731503588,346,14000.0,16000.0,3,1.37963748387e-18,0.00857566639781,8426.5325318,15333.3333333,-0.0207762023127,942.809041582,-4.39577897262e-17
0.0217559741874,0.904497333239,2.47068967729,0.701210681025,347,15000.0,16000.0,4,1.41347418491e-18,0.00647336797569,8388.02215279,15500.0,-0.0217559741874,500.0,-1.49508747886e-17
0.0243650228212,0.913324667886,2.49259582609,0.866847741555,348,15000.0,16000.0,3,1.27001970121e-18,0.00960867013224,8200.03975629,15333.3333333,-0.0243650228212,471.404520791,2.07830304319e-17
0.0261209626823,0.868997179616,2.38451841046,0.838889143396,349,14000.0,16000.0,4,3.81413689145e-18,0.00954475998827,8509.11515528,14750.0,-0.0261209626823,829.156197589,-5.14208558774e-17
0.0192964240602,0.875758244839,2.40069491855,0.721913815015,350,13000.0,16000.0,3,7.73078503234e-19,0.00776634602031,7611.45730707,15000.0,-0.0192964240602,1414.21356237,-1.09005548558e-16
0.0172254395817,0.885851686092,2.42504889262,0.836289441857,351,13000.0,16000.0,3,-7.05737688925e-19,0.00783808064496,8136.29119471,14333.3333333,-0.0172254395817,1247.21912892,-2.35665646902e-17
0.023385992516,0.920104302089,2.50955212782,0.632449579336,352,14000.0,16000.0,3,-3.49594532688e-19,0.00964385965293,7499.66006835,15000.0,-0.023385992516,816.496580928,1.28094792804e-16
0.0267197923835,0.919946171116,2.50915532127,0.828821548409,353,14000.0,15000.0,3,2.18350079826e-18,0.00909945112338,8413.04185369,14333.3333333,-0.0267197923835,471.404520791,7.34388771153e-18
0.0266051642447,0.952984483532,2.59343819432,0.903870324654,354,14000.0,15000.0,4,1.71241930949e-18,0.00930561891104,8727.83289958,14750.0,-0.0266051642447,433.012701892,-3.66182546363e-17
0.0201901604377,0.909327581909,2.48265259148,0.722704547089,355,14000.0,16000.0,4,-3.98331718024e-18,0.00890158969722,8264.80140759,15500.0,-0.0201901604377,866.025403784,-1.54510550695e-16
0.0255131974239,0.933692421878,2.54388495376,0.776732521887,356,14000.0,16000.0,3,-3.54003397802e-18,0.00998388916084,9127.7876603,15000.0,-0.0255131974239,816.496580928,3.02588039417e-16
0.0288740906402,0.9073899973,2.47784689925,0.548820828567,357,12000.0,15000.0,3,1.06467194465e-18,0.00884323737772,7256.59198744,13333.3333333,-0.0288740906402,1247.21912892,1.73472347598e-17
0.0254607054023,0.920789826583,2.51127307708,0.744470425432,358,13000.0,15000.0,3,3.65482639508e-18,0.00904637386507,7622.33448291,14333.3333333,-0.0254607054023,942.809041582,8.99768660067e-18
0.0206925124475,0.914527401107,2.49559555747,0.838661499671,359,13000.0,15000.0,5,6.86700474462e-19,0.00970143234629,8191.80297014,14400.0,-0.0206925124475,800.0,-5.33537671774e-17
0.0295985774034,0.91192072741,2.48909882528,0.848607301408,360,14000.0,15000.0,3,-1.23171232839e-18,0.0097494517379,7869.22238193,14333.3333333,-0.0295985774034,471.404520791,1.29988612467e-16
0.0246454771215,0.941262944648,2.56321657564,0.791823821195,361,14000.0,15000.0,3,-2.33377524841e-18,0.00963041384618,6955.35311719,14333.3333333,-0.0246454771215,471.404520791,3.90613467497e-16
0.0253965625993,0.908643927404,2.4809558949,0.811753829703,362,15000.0,16000.0,4,6.5680804019e-19,0.00640912683176,9306.13276015,15500.0,-0.0253965625993,500.0,-2.3733748022e-17
0.0228185911888,0.941865480287,2.56476147036,0.822289692519,363,15000.0,15000.0,3,-8.56340594422e-19,0.00905767464451,7999.89983757,15000.0,-0.0228185911888,0.0,-1.56819002228e-17
0.0249602567584,0.919703853019,2.50854738119,0.788404129356,364,14000.0,16000.0,4,8.71850169147e-19,0.00914883955156,7946.76885596,15000.0,-0.0249602567584,707.106781187,2.62663510175e-16
0.0250472860006,0.956507098175,2.60258998733,0.790697010852,365,14000.0,15000.0,3,-5.67461905621e-19,0.00959546985621,7710.19129772,14666.6666667,-0.0250472860006,471.404520791,-2.72004641033e-17
0.0250500070158,0.970326108513,2.63880485578,0.672764955365,366,14000.0,15000.0,3,-3.27384912862e-18,0.00998601002001,7084.48672789,14333.3333333,-0.0250500070158,471.404520791,-1.06139868511e-16
0.0195624161826,0.960023947497,2.61175901777,0.825365761727,367,14000.0,16000.0,3,-2.72929333972e-18,0.00909915043744,8232.59490272,15000.0,-0.0195624161826,816.496580928,1.0475491442e-16
0.022168501262,0.933574111421,2.54358400337,0.807921715092,368,15000.0,16000.0,4,-1.81279742433e-18,0.00996495834217,9444.80177864,15250.0,-0.022168501262,433.012701892,-4.59435296027e-17
0.019876955319,0.940311060091,2.56077785025,0.797217331557,369,14000.0,15000.0,3,1.12471587031e-18,0.00918088840706,8171.51529146,14666.6666667,-0.019876955319,471.404520791,-4.49640324973e-17
0.0192535907317,0.941820758273,2.56464677163,0.84840995327,370,15000.0,16000.0,4,2.61649780972e-18,0.00943402809535,9060.54989343,15500.0,-0.0192535907317,500.0,-4.55418016224e-17
0.0232627866269,0.910251179087,2.48494662163,0.839291988401,371,14000.0,16000.0,3,3.84326622355e-18,0.00926720264719,8985.78412,15000.0,-0.0232627866269,816.496580928,4.5575303151e-17
0.0199474577733,0.952047480297,2.59100927247,0.78837786734,372,13000.0,16000.0,4,-3.15649834463e-19,0.00655604190943,8527.4595086,15000.0,-0.0199474577733,1224.74487139,-1.28349482616e-16
0.019879656704,0.927775296055,2.52887691244,0.821527315556,373,14000.0,16000.0,5,-1.73015147236e-18,0.00673659004148,9357.8276066,15000.0,-0.019879656704,894.427191,3.59246004526e-17
0.0171207242399,0.936231764673,2.55035295846,0.529490069607,374,13000.0,16000.0,4,3.28780567025e-18,0.00655414784729,8181.69701515,14750.0,-0.0171207242399,1089.72473589,-1.91006111763e-18
0.0194372801612,0.946481280222,2.57662726018,0.757496236516,375,13000.0,15000.0,3,1.20539878724e-18,0.0071714672909,9204.43681855,14000.0,-0.0194372801612,816.496580928,4.71844785466e-17
0.0170246533657,0.933667941476,2.5438226792,0.84565995167,376,14000.0,16000.0,3,-5.09009521202e-19,0.00666902830087,9700.4744014,15000.0,-0.0170246533657,816.496580928,1.24072118959e-16
0.0222228515128,0.932529515348,2.54092837279,0.81965225764,377,12000.0,14000.0,4,-9.90546136319e-19,0.00960590736852,8001.77397903,12750.0,-0.0222228515128,829.156197589,-4.77986242163e-17
0.0240605490711,0.941916898867,2.56489335014,0.766606512826,378,15000.0,16000.0,3,-2.57751554296e-18,0.00991463238196,8550.21953221,15666.6666667,-0.0240605490711,471.404520791,7.87407685441e-17
0.0198281839414,0.911319863401,2.48760366462,0.732311783864,379,13000.0,16000.0,4,-1.7602812498e-18,0.00844242819227,8226.94881643,14500.0,-0.0198281839414,1118.03398875,1.36930926651e-16
0.0224516640077,0.956037454556,2.60136798453,0.778486562297,380,14000.0,15000.0,3,3.98386188779e-19,0.0092381328753,7534.23415041,14333.3333333,-0.0224516640077,471.404520791,-1.12595118414e-16
0.0229742415396,0.939532127142,2.55878395266,0.913784958211,381,14000.0,15000.0,4,-2.76223489698e-18,0.00948303508388,8591.03158434,14500.0,-0.0229742415396,500.0,7.58726499714e-18
0.0201616621228,0.959888677772,2.61140574974,0.847913570567,382,14000.0,15000.0,3,2.22853853288e-18,0.00676105057711,9475.24364478,14666.6666667,-0.0201616621228,471.404520791,8.49320613838e-17
0.0259346694844,0.936269936946,2.55045031308,0.714391487987,383,13000.0,15000.0,3,-3.79368094148e-18,0.00917402041506,7338.90826991,13666.6666667,-0.0259346694844,942.809041582,-4.63441721288e-18
0.0171734571479,0.88864852487,2.43184085699,0.837671968489,384,14000.0,15000.0,3,-1.88149512899e-18,0.00648389010167,9238.43330054,14333.3333333,-0.0171734571479,471.404520791,2.31296463464e-18
0.0208833690316,0.843017639581,2.32336749466,0.792547506445,385,12000.0,16000.0,3,-3.88398094753e-19,0.0088787315114,8553.53359922,14333.3333333,-0.0208833690316,1699.6731712,2.81236603102e-16
0.0206700775345,0.908941070097,2.48169320235,0.685975555736,386,14000.0,14000.0,3,5.02253152463e-19,0.0065858333686,7081.61274551,14000.0,-0.0206700775345,0.0,-7.50279032895e-18
0.0143108991828,0.877631453688,2.40519613606,0.772736596488,387,13000.0,16000.0,3,-8.5554189658e-19,0.00913589847688,8386.81212425,14333.3333333,-0.0143108991828,1247.21912892,4.78039790919e-18
0.0169764267628,0.857707909857,2.35775031927,0.79761905535,388,12000.0,15000.0,4,3.42869629114e-19,0.0092422059303,7985.41954803,13750.0,-0.0169764267628,1299.03810568,8.3413139077e-17
0.0177702337125,0.857884031645,2.35816560705,0.794780521486,389,13000.0,15000.0,3,1.06423104807e-18,0.00655958406892,6479.22865521,14000.0,-0.0177702337125,816.496580928,-1.39228906182e-16
0.0207390948015,0.85020201342,2.34011953973,0.776343587648,390,14000.0,15000.0,3,2.69356809846e-19,0.00839600592917,8320.91156753,14666.6666667,-0.0207390948015,471.404520791,5.29784549563e-17
0.0227942234895,0.844944916999,2.3278495861,0.824218391537,391,15000.0,16000.0,3,-5.99973775198e-19,0.00901827780855,8333.13271521,15333.3333333,-0.0227942234895,471.404520791,2.93423059718e-17
0.0205997941825,0.807214939493,2.24165613685,0.854831695405,392,14000.0,15000.0,3,-1.85401873783e-18,0.00933087576424,8986.92658007,14666.6666667,-0.0205997941825,471.404520791,6.03221176713e-17
0.0189531092694,0.797835805996,2.22072963433,0.816383378853,393,14000.0,16000.0,4,-1.51579199046e-18,0.00915205595092,8367.96621643,15000.0,-0.0189531092694,1000.0,1.62270417307e-17
0.0271056012178,0.796025510259,2.21671309359,0.857822267521,394,14000.0,15000.0,3,2.93086018414e-20,0.00953553801084,8925.9362914,14666.6666667,-0.0271056012178,471.404520791,1.57881667297e-16
0.0196395551683,0.802437457603,2.23097220671,0.792729781979,395,13000.0,16000.0,4,6.20568604993e-19,0.00757232831578,7617.67886542,14750.0,-0.0196395551683,1089.72473589,-1.37925929877e-16
0.0160748764681,0.788942203049,2.20106691253,0.756651642123,396,12000.0,14000.0,3,-1.29012510897e-18,0.00912303926095,8421.9799821,13333.3333333,-0.0160748764681,942.809041582,2.96984659087e-17
0.02037760238,0.776110194366,2.17300324449,0.849405264411,397,14000.0,15000.0,3,-6.38474367888e-19,0.00915112334898,8641.98715316,14333.3333333,-0.02037760238,471.404520791,1.36002320517e-17
0.0245740311283,0.776946784647,2.17482191852,0.889855245032,398,14000.0,16000.0,3,-1.13664179232e-18,0.00893363782576,9278.90782254,15000.0,-0.0245740311283,816.496580928,-1.63899712942e-16
0.0216806492743,0.792961551373,2.20993157027,0.79999086253,399,15000.0,15000.0,3,1.58024461144e-19,0.00936306052903,8896.54583643,15000.0,-0.0216806492743,0.0,4.22809935211e-17
0.0144933722466,0.766573416236,2.15237829876,0.849394918569,400,14000.0,16000.0,4,2.36831255168e-18,0.00672930398822,9079.61942228,14750.0,-0.0144933722466,829.156197589,6.74809942609e-17
0.0273545081065,0.771929554794,2.1639376643,0.819958587523,401,14000.0,15000.0,3,3.52976939168e-19,0.0094626347894,7920.38805074,14666.6666667,-0.0273545081065,471.404520791,-1.94566585066e-16
0.0224270142035,0.773499443622,2.16733747383,0.864238637213,402,15000.0,15000.0,3,1.25707154509e-18,0.00891387444911,8194.66384718,15000.0,-0.0224270142035,0.0,3.84322370091e-17
0.0176322464288,0.755760785227,2.12923079465,0.848098839384,403,15000.0,16000.0,3,-1.99244069652e-18,0.00627212365035,8840.4737099,15333.3333333,-0.0176322464288,471.404520791,-1.91993455386e-17
0.0276895902193,0.760121966137,2.13853703369,0.841776817146,404,14000.0,15000.0,3,-3.37615050606e-18,0.00979385881617,8103.84765539,14333.3333333,-0.0276895902193,471.404520791,2.58358149689e-17
0.0192336308912,0.729470665887,2.07398248738,0.881981395449,405,14000.0,15000.0,4,2.33917829149e-18,0.00984987119488,8960.15222364,14500.0,-0.0192336308912,500.0,-2.07457733069e-17
0.018006739013,0.752256522817,2.12178246928,0.881601714034,406,14000.0,16000.0,4,-1.70496803516e-18,0.00846992109143,8825.30320835,15000.0,-0.018006739013,707.106781187,2.32884311039e-16
0.0095172373137,0.742410952349,2.10099481156,0.853485331968,407,13000.0,15000.0,3,-4.7361383979e-18,0.00851397945197,7937.1228519,13666.6666667,-0.0095172373137,942.809041582,-7.54951656745e-17
0.0184546415918,0.740947359416,2.09792205958,0.844897385994,408,15000.0,15000.0,3,9.18663619235e-19,0.00845114633013,8813.76243282,15000.0,-0.0184546415918,0.0,-1.47243328641e-16
0.023037180144,0.731482978556,2.07816019063,0.765749767006,409,13000.0,15000.0,3,2.57347201497e-18,0.00668239312454,8158.11560608,14000.0,-0.023037180144,816.496580928,7.72530187968e-17
0.0150131666071,0.734449687819,2.08433464209,0.746739220585,410,13000.0,14000.0,3,1.66888888543e-19,0.00679482982624,8789.96969976,13666.6666667,-0.0150131666071,471.404520791,-1.05980039559e-16
0.0253004473797,0.722114514953,2.05878193649,0.692098513767,411,15000.0,15000.0,3,3.5549923334e-18,0.00929543122597,7960.88411867,15000.0,-0.0253004473797,0.0,1.05239890876e-16
0.0238743761786,0.715019241164,2.04422601517,0.85861016497,412,14000.0,15000.0,3,-1.41064543738e-18,0.00923931553691,7582.05355947,14666.6666667,-0.0238743761786,471.404520791,1.77259827187e-17
0.0173577027252,0.68967908611,1.99307582489,0.878882201893,413,13000.0,16000.0,4,9.44500551769e-20,0.00636370616776,9037.25014519,14500.0,-0.0173577027252,1118.03398875,-4.50090415389e-17
0.0276115915395,0.735157783057,2.08581107219,0.849833248766,414,14000.0,15000.0,3,-1.3104176963e-18,0.00988900380442,8997.40436357,14666.6666667,-0.0276115915395,471.404520791,-5.65959060981e-17
0.0259293088058,0.725094926694,2.06492710737,0.91041174329,415,13000.0,15000.0,3,5.43890397474e-19,0.00668706916984,9173.40721478,14000.0,-0.0259293088058,816.496580928,-8.36368011884e-17
0.0171533987192,0.76051450651,2.1393766606,0.73488714568,416,14000.0,16000.0,3,-4.62013942523e-19,0.00662181394118,8793.12006539,15000.0,-0.0171533987192,816.496580928,-1.57379734445e-17
0.0158770641648,0.737453085647,2.09060413841,0.796731964046,417,15000.0,15000.0,3,1.33452068775e-18,0.0065776838196,9530.93760529,15000.0,-0.0158770641648,0.0,-1.0325074129e-16
0.0178403095401,0.704532614533,2.02290098941,0.919714135672,418,14000.0,15000.0,3,6.76780489595e-19,0.00878349148665,8865.28696313,14333.3333333,-0.0178403095401,471.404520791,-4.97749989374e-17
0.0208859073897,0.718126653419,2.05058814791,0.926383890647,419,13000.0,15000.0,3,-1.27685388431e-19,0.00649916906958,9373.59886304,14333.3333333,-0.0208859073897,942.809041582,4.49640324973e-17
0.0198872265749,0.717564138428,2.0494349857,0.915268049821,420,13000.0,14000.0,3,1.99592651842e-19,0.00996813684469,9094.09801095,13666.6666667,-0.0198872265749,471.404520791,1.8004116716e-16
0.0139656898463,0.762588924913,2.1438192292,0.866681720396,421,13000.0,14000.0,3,-5.95845480519e-19,0.00891142948222,9080.79500575,13666.6666667,-0.0139656898463,471.404520791,1.01770443924e-18
0.0198765696538,0.73893080209,2.09369574222,0.765684219902,422,14000.0,15000.0,3,-2.156189155e-18,0.00944111538102,8468.37351127,14333.3333333,-0.0198765696538,471.404520791,-1.55433987947e-16
0.0166670640622,0.746302207705,2.10918624602,0.862726262053,423,15000.0,16000.0,3,-2.85475966292e-19,0.00660523380067,9215.12298565,15333.3333333,-0.0166670640622,471.404520791,-3.30011247687e-17
0.0216389506618,0.747862897628,2.1124806018,0.844930445358,424,13000.0,15000.0,3,6.20229124542e-19,0.00878657867278,9244.5427972,14333.3333333,-0.0216389506618,942.809041582,8.1261571194e-17
