AverageReturn,LossAfter,ExplainedVariance,NumTrajs,MaxReturn,MeanKLBefore,AverageDiscountedReturn,StdReturn,Perplexity,MeanKL,dLoss,LossBefore,Entropy,Iteration,MinReturn
4.0,-0.00320396840957,1.27972858976e-08,3,9.0,0.0147539975027,1.58945915281,3.74165738677,4.38777580248,0.0147539975027,0.0,-0.00320396840957,1.47882244778,0,0.0
4.33333333333,-0.00473315761765,-0.00431855864705,3,9.0,0.0223978793893,1.9694724761,3.68178700573,4.36106017015,0.0223978793893,0.0,-0.00473315761765,1.4727151861,1,0.0
8.0,0.00632698820378,0.39884184052,3,9.0,0.0189168708402,2.62102579521,0.816496580928,4.2593957009,0.0189168708402,0.0,0.00632698820378,1.44912729597,2,7.0
7.66666666667,0.0113955776718,0.467236051299,3,9.0,0.0128722709037,3.60763304846,1.24721912892,4.24649637773,0.0128722709037,0.0,0.0113955776718,1.44609426124,3,6.0
4.0,-0.0123513658651,-0.262586977068,3,7.0,0.0149022895234,1.41108412511,2.94392028878,4.42089837202,0.0149022895234,0.0,-0.0123513658651,1.48634292702,4,0.0
7.0,-0.00704287868778,0.234595946464,3,8.0,0.0238547748973,2.06003600321,0.816496580928,4.39413191577,0.0238547748973,0.0,-0.00704287868778,1.48026999531,5,6.0
5.66666666667,-0.0040077736095,-0.0161047075451,3,9.0,0.020892362798,1.38348749651,4.0276819912,4.43429576264,0.020892362798,0.0,-0.0040077736095,1.48936881232,6,0.0
6.33333333333,-0.000399120002171,0.314179301728,3,8.0,0.0188488315781,2.76471575289,1.6996731712,4.25586679779,0.0188488315781,0.0,-0.000399120002171,1.44829845404,7,4.0
7.33333333333,0.0125941762414,0.265868861696,3,9.0,0.0155734912162,2.33628930087,1.24721912892,4.30477585896,0.0155734912162,0.0,0.0125941762414,1.45972507124,8,6.0
7.33333333333,0.00889891334176,0.404062322633,3,9.0,0.0170766711899,3.1281067338,1.24721912892,4.40687324758,0.0170766711899,0.0,0.00889891334176,1.48316542383,9,6.0
6.0,-0.0123692015384,-0.783495496372,3,8.0,0.0185331480482,1.57611472377,1.63299316186,4.36998410117,0.0185331480482,0.0,-0.0123692015384,1.47475937092,10,4.0
6.66666666667,0.00473726200078,0.445049254294,3,8.0,0.0203789134556,2.74013413986,1.24721912892,4.39613362498,0.0203789134556,0.0,0.00473726200078,1.48072543303,11,5.0
3.33333333333,-0.00924050275398,-0.356199600089,3,10.0,0.0222457067119,0.776997283029,4.71404520791,4.29580408359,0.0222457067119,0.0,-0.00924050275398,1.45763875179,12,0.0
5.66666666667,-0.00476974864694,0.471318676993,3,10.0,0.0153461697667,2.94009221489,4.18993502999,4.37684126341,0.0153461697667,0.0,-0.00476974864694,1.47632729148,13,0.0
6.66666666667,0.00454581215902,0.215826602578,3,9.0,0.019871493362,2.06325784215,2.62466929134,4.28436334012,0.019871493362,0.0,0.00454581215902,1.45497196228,14,3.0
8.33333333333,0.0103012955046,0.637951908766,3,9.0,0.0183332734051,3.98138929896,0.471404520791,4.37209234325,0.0183332734051,0.0,0.0103012955046,1.4752416916,15,8.0
7.66666666667,0.0118465207109,0.101321893587,3,9.0,0.0156968516484,3.39081102616,1.24721912892,4.32994869632,0.0156968516484,0.0,0.0118465207109,1.46555569352,16,6.0
7.33333333333,0.00646094085847,0.469585025163,3,9.0,0.0164498519663,3.58203020735,1.6996731712,4.3223688795,0.0164498519663,0.0,0.00646094085847,1.4638036037,17,5.0
6.66666666667,-0.00771604734784,0.516310985542,3,7.0,0.0207574091025,3.68570189201,0.471404520791,4.41993883638,0.0207574091025,0.0,-0.00771604734784,1.48612585807,18,6.0
6.33333333333,-0.0104174582305,0.0646878105383,3,7.0,0.0186508511347,2.45777063742,0.942809041582,4.37176771398,0.0186508511347,0.0,-0.0104174582305,1.47516743852,19,5.0
5.66666666667,-0.00724841351189,0.190919994661,3,9.0,0.027703641917,2.4064263105,4.0276819912,4.30027726628,0.027703641917,0.0,-0.00724841351189,1.45867950115,20,0.0
5.33333333333,5.19260616436e-05,0.334593297084,3,8.0,0.0163271338604,2.06632552444,3.77123616633,4.21164573716,0.0163271338604,0.0,5.19260616436e-05,1.43785348275,21,0.0
6.33333333333,0.0156739184492,0.315195390282,3,7.0,0.0153353663822,2.21736279228,0.942809041582,4.31887492953,0.0153353663822,0.0,0.0156739184492,1.46299493536,22,5.0
8.33333333333,-0.000394491661042,0.608507174157,3,10.0,0.0121542370921,4.08727478942,1.24721912892,4.23060726692,0.0121542370921,0.0,-0.000394491661042,1.44234554467,23,7.0
7.66666666667,-0.00639278751135,0.380531308275,3,8.0,0.0206889500141,3.26345836505,0.471404520791,4.35195696353,0.0206889500141,0.0,-0.00639278751135,1.47062562061,24,7.0
4.33333333333,-0.00238046480714,-0.137462414652,3,7.0,0.020544795521,1.42440570409,3.09120616517,4.40617415774,0.020544795521,0.0,-0.00238046480714,1.483006775,25,0.0
8.33333333333,0.000188162817266,0.1011171784,3,9.0,0.0209457481717,2.80643364351,0.471404520791,4.33085420944,0.0209457481717,0.0,0.000188162817266,1.46576479956,26,8.0
4.0,0.00431586861259,0.0349506760326,3,8.0,0.019777347561,2.69529972117,3.26598632371,4.45795833517,0.019777347561,0.0,0.00431586861259,1.49469088884,27,0.0
1.66666666667,-0.0209873760751,-0.051915077084,3,5.0,0.016498396335,0.515326266817,2.35702260396,4.44822850205,0.016498396335,0.0,-0.0209873760751,1.49250592749,28,0.0
7.0,-0.00688290100803,-0.0163460081742,3,8.0,0.0157478341174,1.89306943271,0.816496580928,4.40063017608,0.0157478341174,0.0,-0.00688290100803,1.48174775251,29,6.0
5.33333333333,-0.0238205744232,-0.43906766692,3,9.0,0.01944084169,3.35824683591,3.85861230093,4.32509405525,0.01944084169,0.0,-0.0238205744232,1.46443388703,30,0.0
5.0,-0.0130399401365,0.16149682483,3,8.0,0.0211638534505,1.02020970976,3.55902608401,4.25628294088,0.0211638534505,0.0,-0.0130399401365,1.4483962303,31,0.0
5.0,0.0126428001563,0.0552480310948,3,8.0,0.0154717540785,2.55953120695,3.55902608401,4.51722552117,0.0154717540785,0.0,0.0126428001563,1.50789798263,32,0.0
4.66666666667,-0.00870750984499,-0.149072895775,3,8.0,0.0180971724177,1.27727634164,3.3993463424,4.37965330083,0.0180971724177,0.0,-0.00870750984499,1.47696956619,33,0.0
4.33333333333,-0.0221618995412,0.257386225921,3,7.0,0.0152314752073,1.66490708916,3.09120616517,4.38292828742,0.0152314752073,0.0,-0.0221618995412,1.47771705977,34,0.0
7.0,-0.0142680149016,-0.0549388740117,3,8.0,0.02084056447,3.56275166538,0.816496580928,4.22845511029,0.02084056447,0.0,-0.0142680149016,1.44183670419,35,6.0
7.33333333333,-0.0201904220097,-0.133668131377,3,8.0,0.0176553365477,2.39221670902,0.471404520791,4.39197044939,0.0176553365477,0.0,-0.0201904220097,1.4797779759,36,7.0
7.66666666667,-0.00440052476329,0.184032416498,3,8.0,0.0183464128163,3.18435692324,0.471404520791,4.46144390995,0.0183464128163,0.0,-0.00440052476329,1.49547246026,37,7.0
0.0,-0.0213350867341,0,3,0.0,0.0188763961125,0.0,0.0,4.47388232517,0.0188763961125,0.0,-0.0213350867341,1.49825656079,38,0.0
0.0,-0.0,1,3,0.0,0.0281671425967,0.0,0.0,4.5061978509,0.0281671425967,0.0,-0.0,1.50545374937,39,0.0
5.33333333333,-0.010109654894,3.78608122631e-09,3,8.0,0.0198911396379,1.60834970154,3.77123616633,4.3214748275,0.0198911396379,0.0,-0.010109654894,1.46359673925,40,0.0
7.33333333333,-0.00656831230158,-0.0151975044265,3,9.0,0.0155701472142,3.26045197415,1.6996731712,4.2648539148,0.0155701472142,0.0,-0.00656831230158,1.45040792826,41,5.0
4.33333333333,-0.0257354378705,-0.264895626942,3,6.0,0.0214710084186,0.39702564642,2.35702260396,4.42256096,0.0214710084186,0.0,-0.0257354378705,1.48671893102,42,1.0
7.33333333333,-0.00599840176977,0.0197588495763,3,8.0,0.016044761064,2.79078680994,0.471404520791,4.25506506189,0.016044761064,0.0,-0.00599840176977,1.4481100526,43,7.0
2.0,-0.0125280342292,-1.91397528232,3,6.0,0.0204230252121,0.278895019405,2.82842712475,4.49656430187,0.0204230252121,0.0,-0.0125280342292,1.5033136167,44,0.0
7.33333333333,0.00343604898845,-0.250428611899,3,9.0,0.019252805549,3.18616694787,1.24721912892,4.29080768992,0.019252805549,0.0,0.00343604898845,1.45647498793,45,6.0
8.0,0.000184556755159,0.536825802762,3,9.0,0.0148982335175,3.88480974492,0.816496580928,4.24296483358,0.0148982335175,0.0,0.000184556755159,1.44526227808,46,7.0
3.0,0.0082068742036,-1.22906786845,3,8.0,0.0153594541055,1.25590094127,3.55902608401,4.3585389086,0.0153594541055,0.0,0.0082068742036,1.47213688849,47,0.0
6.33333333333,0.00588775052572,0.231635358852,3,8.0,0.0172202038009,3.04478268019,1.24721912892,4.25080489713,0.0172202038009,0.0,0.00588775052572,1.44710835256,48,5.0
5.0,-0.00130001539146,0.21130675628,3,8.0,0.0142607673591,1.64758228987,3.55902608401,4.35125096917,0.0142607673591,0.0,-0.00130001539146,1.47046338288,49,0.0
5.66666666667,-0.00387536735791,0.206695050345,3,9.0,0.0210321278146,1.80703479269,4.0276819912,4.23422799462,0.0210321278146,0.0,-0.00387536735791,1.44320101978,50,0.0
2.66666666667,-0.00420337288123,-0.225092588855,3,8.0,0.0207724056479,1.32950872865,3.77123616633,4.44825818813,0.0207724056479,0.0,-0.00420337288123,1.49251260116,51,0.0
2.0,-0.0106701027242,-0.407057822548,3,6.0,0.020868371945,0.0620720125696,2.82842712475,4.28098739487,0.020868371945,0.0,-0.0106701027242,1.45418368272,52,0.0
5.66666666667,-0.0055618679767,-0.189696045556,3,10.0,0.0155970009827,1.79568172923,4.18993502999,4.38557092822,0.0155970009827,0.0,-0.0055618679767,1.47831981763,53,0.0
8.0,0.0118845310869,0.406371382219,3,9.0,0.0194663593694,3.32822098854,0.816496580928,4.17581044967,0.0194663593694,0.0,0.0118845310869,1.42930845915,54,7.0
4.66666666667,0.00767061091062,0.390901269484,3,8.0,0.0152248094301,3.06856406486,3.3993463424,4.36077361591,0.0152248094301,0.0,0.00767061091062,1.47264947646,55,0.0
4.66666666667,0.0148763483951,-0.0168619629785,3,7.0,0.0187611521429,1.33008714925,3.29983164554,4.47309662198,0.0187611521429,0.0,0.0148763483951,1.49808092538,56,0.0
7.0,-0.0143588977052,0.358613523008,3,7.0,0.0184139496973,1.88525903482,0.0,4.32721107987,0.0184139496973,0.0,-0.0143588977052,1.46492324209,57,7.0
5.33333333333,-0.0197360619907,-0.113734839211,3,8.0,0.0173040625267,2.39703013899,3.77123616633,4.35749169115,0.0173040625267,0.0,-0.0197360619907,1.47189659162,58,0.0
6.0,0.0117530253982,0.266748580495,3,8.0,0.0180391658842,2.59374323245,2.82842712475,4.46843171912,0.0180391658842,0.0,0.0117530253982,1.49703750123,59,2.0
7.33333333333,-0.006827205685,0.566365855008,3,9.0,0.0218181124237,3.28378238035,1.24721912892,4.37290492216,0.0218181124237,0.0,-0.006827205685,1.47542753018,60,6.0
3.33333333333,-0.00887214551461,-2.030155415,3,6.0,0.025336986205,1.08458949453,2.49443825785,4.39926729717,0.025336986205,0.0,-0.00887214551461,1.48143800369,61,0.0
2.66666666667,-0.00737107811693,0.0268233272216,3,8.0,0.0185061559548,0.874140902685,3.77123616633,4.33680015895,0.0185061559548,0.0,-0.00737107811693,1.46713678562,62,0.0
5.66666666667,-0.000574282689666,0.223045102197,3,9.0,0.0197803002691,1.23388000308,4.0276819912,4.3055750828,0.0197803002691,0.0,-0.000574282689666,1.45991071381,63,0.0
5.0,0.0145567576458,0.401553999297,3,8.0,0.0149823830531,2.60420515379,3.55902608401,4.40789465474,0.0149823830531,0.0,0.0145567576458,1.48339717291,64,0.0
4.33333333333,0.00566653960476,-0.100280314129,3,8.0,0.0202880947428,0.97804966552,3.29983164554,4.45937578926,0.0202880947428,0.0,0.00566653960476,1.49500879867,65,0.0
5.0,0.0111287184185,0.0377842865577,3,9.0,0.0181028495813,1.8536911592,3.74165738677,4.30473537212,0.0181028495813,0.0,0.0111287184185,1.4597156661,66,0.0
8.0,0.00284835341272,0.244228596106,3,11.0,0.0248976776958,1.65190888744,2.16024689947,4.2882171997,0.0248976776958,0.0,0.00284835341272,1.4558710754,67,6.0
7.33333333333,0.00602140769541,0.0782931699229,3,9.0,0.0198768534979,2.1100943348,1.6996731712,4.23007972848,0.0198768534979,0.0,0.00602140769541,1.44222084122,68,5.0
8.33333333333,0.0010004481979,0.603056055014,3,10.0,0.0160867974246,4.25525206787,1.24721912892,4.34187662903,0.0160867974246,0.0,0.0010004481979,1.46830665766,69,7.0
7.0,0.00245540206901,-0.559318048678,3,8.0,0.0178604754108,1.58250599718,1.41421356237,4.33408443252,0.0178604754108,0.0,0.00245540206901,1.46651038435,70,5.0
5.0,6.26171983481e-08,-0.0277016042922,3,8.0,0.0171462733696,2.63682863212,3.55902608401,4.37822376353,0.0171462733696,0.0,6.26171983481e-08,1.4766431087,71,0.0
7.0,-0.00908267092778,0.571187585136,3,8.0,0.0138165682693,3.28759708835,0.816496580928,4.33032084178,0.0138165682693,0.0,-0.00908267092778,1.46564163668,72,6.0
5.0,-0.000201569781442,0.175801356213,3,8.0,0.0172827401994,1.95684121179,3.55902608401,4.39545987423,0.0172827401994,0.0,-0.000201569781442,1.48057216144,73,0.0
4.66666666667,0.00089420341783,-0.0987544355326,3,8.0,0.0172455392613,1.58908724697,3.3993463424,4.2724207937,0.0172455392613,0.0,0.00089420341783,1.4521805972,74,0.0
6.66666666667,-0.0135529967607,0.0738033703154,3,9.0,0.0208915113267,2.56749375767,2.62466929134,4.1288569427,0.0208915113267,0.0,-0.0135529967607,1.41800059934,75,3.0
7.33333333333,0.0046991455301,0.471982402942,3,8.0,0.0215294586825,2.2352274599,0.942809041582,4.28462716897,0.0215294586825,0.0,0.0046991455301,1.45503353985,76,6.0
7.0,-0.012229828866,0.0914581518585,3,8.0,0.0171014783736,3.12039518276,0.816496580928,4.19920333276,0.0171014783736,0.0,-0.012229828866,1.43489482462,77,6.0
5.66666666667,-0.00629032449581,0.0333565412878,3,8.0,0.0234533312429,2.23735673251,2.62466929134,4.41277493028,0.0234533312429,0.0,-0.00629032449581,1.48450372746,78,2.0
3.0,0.00311080523914,-0.0517593856116,3,7.0,0.0186054840421,1.09461404042,2.94392028878,4.33015707745,0.0186054840421,0.0,0.00311080523914,1.4656038179,79,0.0
2.66666666667,-0.00695045267526,0.329989445817,3,8.0,0.0167011948472,1.57942641322,3.77123616633,4.44639995445,0.0167011948472,0.0,-0.00695045267526,1.49209476976,80,0.0
2.33333333333,-0.00940840890543,0.330642453135,3,7.0,0.0211812843598,0.897127816228,3.29983164554,4.41383566766,0.0211812843598,0.0,-0.00940840890543,1.48474407734,81,0.0
5.33333333333,0.00075601667845,0.327818208355,3,9.0,0.0189659338643,1.72374835455,3.85861230093,4.3174910534,0.0189659338643,0.0,0.00075601667845,1.46267445887,82,0.0
8.33333333333,0.00658854001221,0.519533369343,3,10.0,0.0175986486222,3.69030029408,1.6996731712,4.31721284843,0.0175986486222,0.0,0.00658854001221,1.46261002007,83,6.0
7.33333333333,-0.024231279288,-0.110471437706,3,9.0,0.023692346464,1.79539148782,1.24721912892,4.36331405152,0.023692346464,0.0,-0.024231279288,1.47323187219,84,6.0
8.0,0.00575538703845,0.492755159577,3,9.0,0.0165061342861,3.62004980892,0.816496580928,4.2803309542,0.0165061342861,0.0,0.00575538703845,1.45403033235,85,7.0
6.0,0.0016915837515,0.389191600243,3,7.0,0.0142888296039,4.14655752795,0.816496580928,4.39750067476,0.0142888296039,0.0,0.0016915837515,1.48103635107,86,5.0
7.33333333333,-0.002971642512,0.735265951147,3,8.0,0.0189820989901,4.4360439755,0.471404520791,4.38201937065,0.0189820989901,0.0,-0.002971642512,1.47750966167,87,7.0
8.33333333333,-0.0338101454723,-0.174861572765,3,9.0,0.0166852111041,1.92524136065,0.942809041582,4.33624501543,0.0166852111041,0.0,-0.0338101454723,1.46700876979,88,7.0
2.66666666667,-0.00129933422676,-0.853787219907,3,7.0,0.0175007095855,0.761437886579,3.09120616517,4.49811146296,0.0175007095855,0.0,-0.00129933422676,1.50365763379,89,0.0
0.0,-0.00511131280142,0,3,0.0,0.0150176999847,0.0,0.0,4.46429945329,0.0150176999847,0.0,-0.00511131280142,1.49611230466,90,0.0
6.66666666667,-0.0108595642057,4.93494567433e-09,3,8.0,0.0218474603993,2.78035845546,0.942809041582,4.39510339157,0.0218474603993,0.0,-0.0108595642057,1.48049105568,91,6.0
9.0,0.00030905102612,0.784150975633,3,10.0,0.0167850468302,4.16514244184,0.816496580928,4.35930507882,0.0167850468302,0.0,0.00030905102612,1.47231265907,92,8.0
6.66666666667,0.00383315901018,0.702504382402,3,8.0,0.0172414958134,3.48635907298,1.24721912892,4.42133085288,0.0172414958134,0.0,0.00383315901018,1.48644074871,93,5.0
8.66666666667,-0.00874632617468,0.422997156678,3,10.0,0.016968424439,3.94721417337,0.942809041582,4.25009442549,0.016968424439,0.0,-0.00874632617468,1.44694120045,94,8.0
5.0,-0.000523306680278,0.0105221013655,3,8.0,0.0209996307921,0.823276488937,3.55902608401,4.39276743275,0.0209996307921,0.0,-0.000523306680278,1.47995942318,95,0.0
5.33333333333,-0.00806167259281,-0.0290823909879,3,8.0,0.0227137811259,2.42774608438,3.77123616633,4.17298838139,0.0227137811259,0.0,-0.00806167259281,1.42863241737,96,0.0
8.33333333333,-0.00354241415416,0.576900712483,3,9.0,0.0162287708417,5.63160292765,0.471404520791,4.23223610176,0.0162287708417,0.0,-0.00354241415416,1.44273048264,97,8.0
5.66666666667,-0.0216790058296,-0.562110118498,3,7.0,0.0211498170376,1.86170049036,1.24721912892,4.37695181701,0.0211498170376,0.0,-0.0216790058296,1.47635254993,98,4.0
6.0,0.00472821136311,0.411251374871,3,7.0,0.0193880331902,2.59174512034,1.41421356237,4.30627657258,0.0193880331902,0.0,0.00472821136311,1.46007362646,99,4.0
7.0,0.00252528221493,0.445215430669,3,8.0,0.0186281232321,2.7319738123,1.41421356237,4.39614078855,0.0186281232321,0.0,0.00252528221493,1.48072706254,100,5.0
5.0,0.000221443923965,0.440331170082,3,8.0,0.0169136875565,2.40338141466,3.55902608401,4.32935050408,0.0169136875565,0.0,0.000221443923965,1.46541753171,101,0.0
8.0,-0.00209032718068,0.673734695109,3,9.0,0.0191383310016,3.34428506216,0.816496580928,4.31927670566,0.0191383310016,0.0,-0.00209032718068,1.46308795899,102,7.0
3.66666666667,-0.0127060153693,0.103367037422,3,6.0,0.014514007187,2.47153209404,2.62466929134,4.44641151251,0.014514007187,0.0,-0.0127060153693,1.49209736918,103,0.0
3.0,-0.0140143254529,0.542267328694,3,7.0,0.0192402595368,1.68121173026,2.94392028878,4.44833532167,0.0192402595368,0.0,-0.0140143254529,1.49252994117,104,0.0
7.0,-0.0123242453989,0.218346163696,3,8.0,0.0173566551584,3.10787691148,0.816496580928,4.3013915593,0.0173566551584,0.0,-0.0123242453989,1.45893858879,105,6.0
4.33333333333,0.00860424602189,0.442212139169,3,7.0,0.0134589824793,2.31899591524,2.49443825785,4.26785388073,0.0134589824793,0.0,0.00860424602189,1.45111109685,106,1.0
8.0,-0.00944703390527,0.34749616254,3,9.0,0.0176041555396,2.41627970753,0.816496580928,4.29840778666,0.0176041555396,0.0,-0.00944703390527,1.45824467196,107,7.0
4.33333333333,-0.0201144510339,0.390484596523,3,7.0,0.0224880030034,1.76111015053,3.09120616517,4.26507545048,0.0224880030034,0.0,-0.0201144510339,1.4504598714,108,0.0
4.33333333333,-0.0192883051599,0.153019926255,3,7.0,0.0215427138404,0.926546481577,3.09120616517,4.27222681538,0.0215427138404,0.0,-0.0192883051599,1.45213519374,109,0.0
3.0,-0.000332404052518,-0.426730619466,3,8.0,0.0197292096631,2.24433369343,3.55902608401,4.47188680223,0.0197292096631,0.0,-0.000332404052518,1.49781042297,110,0.0
8.0,-0.00492619767246,0.248067902179,3,10.0,0.016982888258,2.81395425748,1.63299316186,4.24074091453,0.016982888258,0.0,-0.00492619767246,1.44473799797,111,6.0
4.66666666667,-0.0188998785497,-0.0769306171177,3,8.0,0.0220472580838,0.568632622192,3.3993463424,4.35588741031,0.0220472580838,0.0,-0.0188998785497,1.4715283577,112,0.0
5.0,-0.00142310865493,0.159871160417,3,8.0,0.0234014816696,1.99664874062,3.55902608401,4.38408978483,0.0234014816696,0.0,-0.00142310865493,1.47798202955,113,0.0
5.0,0.00743069147106,0.498625893597,3,8.0,0.0149912721686,1.43090310409,3.55902608401,4.36739789761,0.0149912721686,0.0,0.00743069147106,1.47416738499,114,0.0
4.33333333333,-0.00377376283421,0.251358145306,3,9.0,0.0143152970277,1.71363455262,3.68178700573,4.46017505614,0.0143152970277,0.0,-0.00377376283421,1.49518801552,115,0.0
6.66666666667,-0.00801199439324,0.367061248371,3,9.0,0.0162617487279,2.67271142806,2.62466929134,4.26584836911,0.0162617487279,0.0,-0.00801199439324,1.45064107537,116,3.0
5.66666666667,-0.00553102855957,0.320408453163,3,9.0,0.0194281551185,2.16543569425,4.0276819912,4.4356545885,0.0194281551185,0.0,-0.00553102855957,1.48967520092,117,0.0
2.66666666667,0.00696119338662,-0.729556380012,3,6.0,0.0167789806832,0.768193150523,2.49443825785,4.44394873404,0.0167789806832,0.0,0.00696119338662,1.49154333572,118,0.0
2.33333333333,-0.0104200867299,0.188085611756,3,7.0,0.0178768370151,0.328048596736,3.29983164554,4.39957406942,0.0178768370151,0.0,-0.0104200867299,1.48150773383,119,0.0
3.0,0.0176361085065,-0.51766567042,3,4.0,0.0154697654021,0.977871954381,0.816496580928,4.43942443314,0.0154697654021,0.0,0.0176361085065,1.49052473587,120,2.0
7.33333333333,0.00415547450911,0.0623558918842,3,9.0,0.0149407007502,2.73392497274,1.24721912892,4.42483432706,0.0149407007502,0.0,0.00415547450911,1.48723283755,121,6.0
5.66666666667,-0.0187929391352,0.255229275616,3,10.0,0.0210580581437,1.81250408524,4.18993502999,4.29990480444,0.0210580581437,0.0,-0.0187929391352,1.45859288395,122,0.0
7.33333333333,0.0123999172416,0.320064082811,3,8.0,0.0189732446029,2.70653815393,0.471404520791,4.32534037972,0.0189732446029,0.0,0.0123999172416,1.4644908378,123,7.0
8.0,0.0015135459115,0.289538822138,3,10.0,0.0151505808142,2.39456424785,1.63299316186,4.20291014794,0.0151505808142,0.0,0.0015135459115,1.43577717772,124,6.0
6.0,-0.00937526151751,0.0685448632119,3,8.0,0.0193842489185,2.32924216584,2.82842712475,4.29735288378,0.0193842489185,0.0,-0.00937526151751,1.45799922471,125,2.0
4.66666666667,0.0235491552894,0.338918809293,3,7.0,0.0196898676599,2.32884691848,3.29983164554,4.40073717916,0.0196898676599,0.0,0.0235491552894,1.48177206761,126,0.0
5.33333333333,-0.0164766400155,0.506937895276,3,9.0,0.0165879445984,3.18508341845,3.85861230093,4.46195027554,0.0165879445984,0.0,-0.0164766400155,1.49558595196,127,0.0
7.0,0.0214373758919,0.366637285527,3,7.0,0.0191824275012,3.02273314241,0.0,4.34179674201,0.0191824275012,0.0,0.0214373758919,1.46828825829,128,7.0
4.33333333333,-0.0274983171838,0.29694326687,3,7.0,0.0158884567102,1.98186968803,3.09120616517,4.3789877539,0.0158884567102,0.0,-0.0274983171838,1.47681759126,129,0.0
2.33333333333,0.0189805917284,0.125590253328,3,7.0,0.0234731102959,0.729032682291,3.29983164554,4.39562769031,0.0234731102959,0.0,0.0189805917284,1.48061034012,130,0.0
4.0,0.0224892922773,0.28453489238,3,7.0,0.024729960906,1.4001655181,2.44948974278,4.42298026303,0.024729960906,0.0,0.0224892922773,1.48681373653,131,1.0
2.33333333333,-0.00644411847061,0.157609281147,3,7.0,0.021566047533,1.33207210474,3.29983164554,4.38689057225,0.021566047533,0.0,-0.00644411847061,1.47862067823,132,0.0
6.0,-0.0109636657686,0.343330890515,3,10.0,0.0167216136962,2.86685803331,4.32049379894,4.30349386453,0.0167216136962,0.0,-0.0109636657686,1.45942721941,133,0.0
0.0,-0.00752627693267,0,3,0.0,0.0187666214917,0.0,0.0,4.4365811661,0.0187666214917,0.0,-0.00752627693267,1.4898840722,134,0.0
8.66666666667,-0.00722122447454,3.85364884448e-09,3,10.0,0.0206032181087,2.3871757391,1.24721912892,4.34865779665,0.0206032181087,0.0,-0.00722122447454,1.469867245,135,7.0
4.66666666667,0.00168405058226,-0.0714318112491,3,8.0,0.0223117488608,0.417723514564,3.3993463424,4.44354340465,0.0223117488608,0.0,0.00168405058226,1.49145212227,136,0.0
2.66666666667,-0.00283145027319,-1.41287091962,3,8.0,0.0185631874483,1.71620466897,3.77123616633,4.37820630405,0.0185631874483,0.0,-0.00283145027319,1.47663912089,137,0.0
5.33333333333,-0.00100439460725,0.122026006252,3,8.0,0.0243562498015,1.5026563203,3.09120616517,4.45049650411,0.0243562498015,0.0,-0.00100439460725,1.49301566391,138,1.0
5.0,-0.000136981366727,0.142497805886,3,8.0,0.020410421943,1.82988481693,3.55902608401,4.43025245221,0.020410421943,0.0,-0.000136981366727,1.48845656939,139,0.0
2.0,0.01369103442,0.332634475348,3,6.0,0.0212229423492,0.857435642364,2.82842712475,4.37802014262,0.0212229423492,0.0,0.01369103442,1.47659659996,140,0.0
6.66666666667,0.00395581486178,0.120561218914,3,7.0,0.0226570454837,0.973559587781,0.471404520791,4.35935929634,0.0226570454837,0.0,0.00395581486178,1.47232509618,141,6.0
6.33333333333,-0.00118799322046,-0.0726495750647,3,7.0,0.0257316500556,2.13206505817,0.471404520791,4.43336923842,0.0257316500556,0.0,-0.00118799322046,1.48915984542,142,6.0
3.0,-0.0168655155114,0.198461548796,3,9.0,0.0143193183906,1.43159422371,4.24264068712,4.45255945088,0.0143193183906,0.0,-0.0168655155114,1.49347908834,143,0.0
3.33333333333,0.00709184612118,0.360362111734,3,7.0,0.018123026545,2.0062865484,2.86744175568,4.43268911883,0.018123026545,0.0,0.00709184612118,1.48900642446,144,0.0
4.66666666667,-0.0100810473365,0.120997218585,3,8.0,0.020946258549,1.34553926168,3.3993463424,4.38871091252,0.020946258549,0.0,-0.0100810473365,1.47903554217,145,0.0
6.0,-0.000219191783888,-0.227661969865,3,9.0,0.016758205304,0.676446256056,2.44948974278,4.26349917595,0.016758205304,0.0,-0.000219191783888,1.45009022592,146,3.0
0.0,0.00687578550115,0,3,0.0,0.0220652193068,0.0,0.0,4.44051980604,0.0220652193068,0.0,0.00687578550115,1.49077144303,147,0.0
4.0,-0.0137186118454,7.13077574765e-09,3,6.0,0.0168196920188,1.13402674332,2.82842712475,4.42710357164,0.0168196920188,0.0,-0.0137186118454,1.48774554892,148,0.0
4.0,-0.00308241274911,0.176688122541,3,7.0,0.0156031994945,1.61506423071,2.44948974278,4.40671187754,0.0156031994945,0.0,-0.00308241274911,1.48312880536,149,1.0
2.33333333333,-0.015268004583,0.347439164314,3,7.0,0.0163899407157,1.51692636881,3.29983164554,4.4643797096,0.0163899407157,0.0,-0.015268004583,1.49613028186,150,0.0
2.33333333333,0.00215960447607,0.33116031284,3,7.0,0.0185142298008,1.16884458676,3.29983164554,4.42304758238,0.0185142298008,0.0,0.00215960447607,1.48682895677,151,0.0
6.66666666667,0.00437866853391,0.0705442983055,3,8.0,0.0185970754862,2.46318719086,1.24721912892,4.35046039586,0.0185970754862,0.0,0.00437866853391,1.47028167763,152,5.0
5.33333333333,-0.00248854442842,0.266401499107,3,9.0,0.0167720752179,2.14536528501,3.85861230093,4.25505732793,0.0167720752179,0.0,-0.00248854442842,1.44810823501,153,0.0
7.66666666667,-0.0169530665065,0.331155730501,3,8.0,0.018451162485,2.95627431021,0.471404520791,4.29991408057,0.018451162485,0.0,-0.0169530665065,1.45859504124,154,7.0
8.0,-3.36009677165e-06,0.462166494817,3,11.0,0.016073020222,4.1096430822,2.94392028878,4.24374121118,0.016073020222,0.0,-3.36009677165e-06,1.44544524132,155,4.0
6.66666666667,-0.00553002817804,0.700258934276,3,8.0,0.0184207988829,3.91164974027,1.24721912892,4.3854024452,0.0184207988829,0.0,-0.00553002817804,1.47828139931,156,5.0
7.66666666667,0.000797912362958,-0.0140555188733,3,9.0,0.0235011015535,1.96069426928,0.942809041582,4.22124386834,0.0235011015535,0.0,0.000797912362958,1.44012984015,157,7.0
7.0,0.00896744688365,0.382435491317,3,8.0,0.0160016261155,3.06713217613,0.816496580928,4.37609095328,0.0160016261155,0.0,0.00896744688365,1.47615584947,158,6.0
7.0,-0.0125230566326,0.0243060424008,3,10.0,0.0191310305569,2.37102535235,2.44948974278,4.32045300646,0.0191310305569,0.0,-0.0125230566326,1.46336025936,159,4.0
7.66666666667,-0.000319605250427,0.397400191493,3,9.0,0.01508843892,4.02504240079,0.942809041582,4.46012073268,0.01508843892,0.0,-0.000319605250427,1.49517583577,160,7.0
4.66666666667,-0.00888681487788,-0.0617202148449,3,7.0,0.0141250035366,0.858605768581,3.29983164554,4.36951016429,0.0141250035366,0.0,-0.00888681487788,1.47465091227,161,0.0
7.0,0.00648347813415,0.415536168164,3,8.0,0.0232375518341,2.6869353496,0.816496580928,4.33956052793,0.0232375518341,0.0,0.00648347813415,1.46777308214,162,6.0
7.33333333333,0.00137002895788,0.536380266085,3,8.0,0.0214506639424,2.61832251368,0.471404520791,4.34994232901,0.0214506639424,0.0,0.00137002895788,1.47016258731,163,7.0
4.33333333333,0.000887281986271,0.301401462021,3,7.0,0.0194010258025,2.77483847186,3.09120616517,4.4630129333,0.0194010258025,0.0,0.000887281986271,1.49582408354,164,0.0
1.66666666667,-0.00921173786795,-0.531697182505,3,5.0,0.0176724768979,0.0458643421451,2.35702260396,4.49267140938,0.0176724768979,0.0,-0.00921173786795,1.50244749351,165,0.0
5.0,-0.00398834716384,0.206418444604,3,8.0,0.02203237256,1.80045451646,3.55902608401,4.47700515482,0.02203237256,0.0,-0.00398834716384,1.49895433066,166,0.0
4.66666666667,-0.00138736952405,-0.350753452809,3,7.0,0.0171630649911,2.32680815816,3.29983164554,4.46364103637,0.0171630649911,0.0,-0.00138736952405,1.49596480885,167,0.0
5.0,0.00609522602189,-0.389785994912,3,9.0,0.0195266480968,1.07017139884,3.74165738677,4.316803351,0.0195266480968,0.0,0.00609522602189,1.4625151633,168,0.0
4.33333333333,0.0167426976522,0.153647951707,3,8.0,0.0208332780121,1.92040430563,3.29983164554,4.53832697404,0.0208332780121,0.0,0.0167426976522,1.51255843622,169,0.0
8.0,0.0173794966287,0.27827217214,3,10.0,0.0168790203763,2.74401942298,2.16024689947,4.14087001168,0.0168790203763,0.0,0.0173794966287,1.42090591351,170,5.0
5.66666666667,-0.00883997637738,0.551678176748,3,9.0,0.0169018917646,3.29449251434,4.0276819912,4.34129807893,0.0169018917646,0.0,-0.00883997637738,1.46817339992,171,0.0
4.0,0.0105114096109,-0.127840085524,3,6.0,0.0180754190977,0.86414467513,2.82842712475,4.35085230555,0.0180754190977,0.0,0.0105114096109,1.47037175822,172,0.0
7.0,0.0110322808755,0.0439573813986,3,8.0,0.0204525561809,3.0796923894,0.816496580928,4.32167553476,0.0204525561809,0.0,0.0110322808755,1.46364318233,173,6.0
7.66666666667,-0.00594072487262,0.344835158949,3,10.0,0.0159409059351,1.84960780315,2.05480466766,4.38163473879,0.0159409059351,0.0,-0.00594072487262,1.47742188279,174,5.0
6.66666666667,0.00288437692611,-0.239734665179,3,8.0,0.013665270475,4.1283751104,1.24721912892,4.43623156719,0.013665270475,0.0,0.00288437692611,1.48980526993,175,5.0
7.33333333333,-0.0199354344323,0.419113011664,3,9.0,0.0202929613273,2.90981111294,1.6996731712,4.1694503419,0.0202929613273,0.0,-0.0199354344323,1.42778421463,176,5.0
4.66666666667,0.000860432511403,0.236939488146,3,9.0,0.0142661785343,2.21784477384,3.68178700573,4.44495206988,0.0142661785343,0.0,0.000860432511403,1.49176908598,177,0.0
4.66666666667,-0.0167088059724,-0.322003183147,3,8.0,0.0168067124968,0.372710307166,3.3993463424,4.27439964915,0.0168067124968,0.0,-0.0167088059724,1.45264365958,178,0.0
8.66666666667,0.00291432096555,-0.0859985086521,3,9.0,0.0240303830388,2.97482529653,0.471404520791,4.24961743127,0.0240303830388,0.0,0.00291432096555,1.44682896271,179,8.0
5.0,-0.000665630290733,-0.521436703544,3,7.0,0.0245106526068,1.72191315543,1.41421356237,4.4700343934,0.0245106526068,0.0,-0.000665630290733,1.49739610287,180,4.0
6.0,-0.0158345130548,0.0315295294086,3,10.0,0.0175836321334,2.81942356959,4.32049379894,4.29067593311,0.0175836321334,0.0,-0.0158345130548,1.45644428069,181,0.0
2.33333333333,-0.0254495768443,-0.451257632053,3,7.0,0.0209120679573,0.18411241039,3.29983164554,4.39366174625,0.0209120679573,0.0,-0.0254495768443,1.48016299017,182,0.0
5.66666666667,-0.0100984705799,0.0505747910337,3,7.0,0.0184302209847,3.50385801152,1.24721912892,4.43947499007,0.0184302209847,0.0,-0.0100984705799,1.49053612397,183,4.0
3.66666666667,-0.0231061179263,-1.30517686825,3,7.0,0.0158328019784,0.322949278333,2.86744175568,4.40918605115,0.0158328019784,0.0,-0.0231061179263,1.48369010352,184,0.0
7.0,0.00693802708974,-0.47804405602,3,8.0,0.0210690846684,4.23155385545,0.816496580928,4.4118532111,0.0210690846684,0.0,0.00693802708974,1.48429483046,185,6.0
5.33333333333,0.024592905496,0.120806784624,3,8.0,0.0194836582241,2.49928688273,3.77123616633,4.40724320334,0.0194836582241,0.0,0.024592905496,1.48324937003,186,0.0
7.33333333333,0.00995698769945,0.357430170851,3,8.0,0.0240776678508,3.1628597783,0.471404520791,4.25753074795,0.0240776678508,0.0,0.00995698769945,1.4486893556,187,7.0
7.66666666667,0.000498244799637,0.730334095356,3,8.0,0.0180361779679,2.7267340611,0.471404520791,4.26590474307,0.0180361779679,0.0,0.000498244799637,1.45065429047,188,7.0
2.66666666667,-0.00899028809369,-0.868873005664,3,8.0,0.0190281391128,1.49353500592,3.77123616633,4.50336797387,0.0190281391128,0.0,-0.00899028809369,1.50482555547,189,0.0
6.66666666667,0.0145181357636,0.398290068384,3,7.0,0.0181376568136,2.64151612872,0.471404520791,4.4554376873,0.0181376568136,0.0,0.0145181357636,1.4941253024,190,6.0
7.0,-0.0132322227691,0.0572578708601,3,9.0,0.0186303507173,2.7739156528,1.63299316186,4.33725273618,0.0186303507173,0.0,-0.0132322227691,1.46724113758,191,5.0
6.33333333333,0.0119438110394,0.456217760412,3,8.0,0.014289761093,4.05636709535,1.24721912892,4.40247357119,0.014289761093,0.0,0.0119438110394,1.48216655823,192,5.0
5.0,-0.0126832217216,-0.0868703462283,3,6.0,0.0175982368552,1.63024497448,0.816496580928,4.45029880068,0.0175982368552,0.0,-0.0126832217216,1.49297124014,193,4.0
3.33333333333,-0.0170445133779,0.0617957540163,3,6.0,0.0162051350827,1.30492761284,2.49443825785,4.42316684677,0.0162051350827,0.0,-0.0170445133779,1.48685592071,194,0.0
6.33333333333,-0.000469251774543,-0.409426711618,3,8.0,0.0193765593614,1.84151116817,1.6996731712,4.40741665856,0.0193765593614,0.0,-0.000469251774543,1.48328872611,195,4.0
7.66666666667,-0.00350996702461,0.22803586153,3,9.0,0.0157682450885,2.44015819158,0.942809041582,4.20524849583,0.0157682450885,0.0,-0.00350996702461,1.436333387,196,7.0
5.33333333333,0.00451408647213,-1.16212295747,3,8.0,0.0188282547699,1.57189087452,2.05480466766,4.2961062848,0.0188282547699,0.0,0.00451408647213,1.45770909731,197,3.0
5.33333333333,-0.0118456051989,0.107338342262,3,8.0,0.017216659044,2.7783695173,3.77123616633,4.40502392362,0.017216659044,0.0,-0.0118456051989,1.48274569039,198,0.0
8.33333333333,0.000656304751986,0.490099782413,3,9.0,0.0192973953343,3.54010493628,0.471404520791,4.25613748613,0.0192973953343,0.0,0.000656304751986,1.44836205559,199,8.0
4.66666666667,-0.0123243340833,-0.078625255632,3,7.0,0.0171945766356,1.72641531744,3.29983164554,4.35421770833,0.0171945766356,0.0,-0.0123243340833,1.47114496348,200,0.0
4.0,-0.0108558329731,0.0851712550721,3,7.0,0.0185299255586,2.1616606169,2.94392028878,4.53673083938,0.0185299255586,0.0,-0.0108558329731,1.51220667324,201,0.0
7.66666666667,-0.00475146019467,0.0465252839848,3,9.0,0.0182342337862,2.35224342228,0.942809041582,4.34112381928,0.0182342337862,0.0,-0.00475146019467,1.46813325913,202,7.0
5.66666666667,0.001509630272,0.318811881601,3,7.0,0.0151823942546,2.86690166167,1.24721912892,4.35316236756,0.0151823942546,0.0,0.001509630272,1.47090256203,203,4.0
5.33333333333,-0.00299798300389,0.397962862965,3,8.0,0.0179603146181,2.76279359955,3.77123616633,4.34616362259,0.0179603146181,0.0,-0.00299798300389,1.46929353013,204,0.0
7.0,0.00351766641534,0.537467339763,3,8.0,0.0172450744961,3.09636047023,0.816496580928,4.44128969739,0.0172450744961,0.0,0.00351766641534,1.49094480665,205,6.0
8.33333333333,-0.00866909064509,0.492281097483,3,9.0,0.0173023579226,3.1348487113,0.471404520791,4.15531881479,0.0173023579226,0.0,-0.00866909064509,1.42438915576,206,8.0
7.33333333333,-0.0114258905447,0.144862615462,3,9.0,0.0171330411942,2.23210161384,1.6996731712,4.31001499866,0.0171330411942,0.0,-0.0114258905447,1.46094138408,207,5.0
7.0,-0.00346894518423,0.00379690918581,3,9.0,0.0169364470928,2.60188273354,1.63299316186,4.17612254561,0.0169364470928,0.0,-0.00346894518423,1.42938319536,208,5.0
7.0,0.0033735074182,0.536624213723,3,8.0,0.0125278252449,3.84659077786,0.816496580928,4.3650629331,0.0125278252449,0.0,0.0033735074182,1.47363260685,209,6.0
4.66666666667,-0.0127497596567,0.239138938196,3,8.0,0.0191959875432,2.2157654165,3.3993463424,4.31624442725,0.0191959875432,0.0,-0.0127497596567,1.46238567861,210,0.0
4.66666666667,0.00189429743991,0.172383504796,3,8.0,0.0152132616492,0.749089888742,3.3993463424,4.46975634217,0.0152132616492,0.0,0.00189429743991,1.49733389756,211,0.0
6.0,-0.00148361888396,0.314055390989,3,9.0,0.0172531483419,2.48698904935,4.24264068712,4.29259792419,0.0172531483419,0.0,-0.00148361888396,1.45689212639,212,0.0
8.0,0.00206500882861,-0.33620069549,3,8.0,0.0162617983098,3.23540266795,0.0,4.12732325773,0.0162617983098,0.0,0.00206500882861,1.41762907524,213,8.0
3.66666666667,-0.0179200658342,0.241781412689,3,7.0,0.015346014369,2.36054786438,2.86744175568,4.34389543654,0.015346014369,0.0,-0.0179200658342,1.46877151156,214,0.0
5.33333333333,0.0183816801909,0.539664015405,3,9.0,0.0197933860361,3.37431093419,3.85861230093,4.40977073434,0.0197933860361,0.0,0.0183816801909,1.48382270043,215,0.0
5.33333333333,-0.0120222291634,0.0832760531642,3,8.0,0.0165537251245,1.06729066623,3.77123616633,4.27862762801,0.0165537251245,0.0,-0.0120222291634,1.45363231051,216,0.0
3.33333333333,-0.00367863602253,-0.127806439303,3,6.0,0.0196200179065,1.17278823205,2.49443825785,4.32214753582,0.0196200179065,0.0,-0.00367863602253,1.46375239351,217,0.0
7.0,0.00217583523772,0.261498134676,3,8.0,0.0202069710951,1.76667932882,0.816496580928,4.46819475579,0.0202069710951,0.0,0.00217583523772,1.49698446929,218,6.0
7.0,0.00222061299805,0.535586814449,3,7.0,0.0308161777048,2.9720267667,0.0,4.41848649591,0.0308161777048,0.0,0.00222061299805,1.48579721571,219,7.0
6.66666666667,-0.00333060361751,-0.384464383675,3,8.0,0.0195163331419,1.72256684086,0.942809041582,4.39473239607,0.0195163331419,0.0,-0.00333060361751,1.48040664102,220,6.0
8.0,0.00680077977145,0.296273817225,3,9.0,0.0195965473812,1.47348227358,1.41421356237,4.28497811945,0.0195965473812,0.0,0.00680077977145,1.45511544572,221,6.0
6.33333333333,-0.00114422197705,0.145380121504,3,7.0,0.0211230949673,2.52256407846,0.471404520791,4.27543761883,0.0211230949673,0.0,-0.00114422197705,1.45288646413,222,6.0
7.0,0.00876042479657,0.451990829914,3,8.0,0.0164109406386,3.04346052187,0.816496580928,4.31638626998,0.0164109406386,0.0,0.00876042479657,1.46241854061,223,6.0
7.0,-0.00719709709699,0.500548027954,3,8.0,0.0177870076881,3.35372869921,0.816496580928,4.33811247417,0.0177870076881,0.0,-0.00719709709699,1.46743933972,224,6.0
3.0,0.008179925766,-0.654697008201,3,5.0,0.0186513391589,2.20999925338,2.16024689947,4.45403572831,0.0186513391589,0.0,0.008179925766,1.49381059043,225,0.0
5.66666666667,-0.00713284553901,0.364246487103,3,9.0,0.0202524276641,2.87476775135,4.0276819912,4.24530544622,0.0202524276641,0.0,-0.00713284553901,1.44581377153,226,0.0
7.0,-0.00954774941222,0.211250525803,3,8.0,0.0164430964077,2.77584551038,0.816496580928,4.3668533848,0.0164430964077,0.0,-0.00954774941222,1.4740427005,227,6.0
7.33333333333,-0.00964816491205,0.310459638432,3,9.0,0.0174633633224,2.47609396348,1.24721912892,4.2706100311,0.0174633633224,0.0,-0.00964816491205,1.45175668146,228,6.0
7.33333333333,-0.0188348547017,0.476097697918,3,11.0,0.0158597796606,2.92640109652,2.86744175568,4.26007775212,0.0158597796606,0.0,-0.0188348547017,1.44928741179,229,4.0
6.0,0.0104678509114,0.578193254031,3,7.0,0.0147932171314,3.33278289393,0.816496580928,4.40045065229,0.0147932171314,0.0,0.0104678509114,1.48170695665,230,5.0
9.0,-0.0078420031316,-0.0786390754663,3,10.0,0.0158123782753,2.01121048045,0.816496580928,4.36201738796,0.0158123782753,0.0,-0.0078420031316,1.47293465401,231,8.0
5.33333333333,-0.0134057205374,-0.291461960204,3,9.0,0.0174043116027,2.94691541646,3.85861230093,4.34069172313,0.0174043116027,0.0,-0.0134057205374,1.46803371862,232,0.0
6.0,0.00409744891808,0.225552899624,3,7.0,0.0182413521006,2.11832287702,1.41421356237,4.4040395215,0.0182413521006,0.0,0.00409744891808,1.48252219282,233,4.0
6.33333333333,0.00765204709588,0.411671703328,3,9.0,0.0163897538114,2.83276327235,3.09120616517,4.39739248205,0.0163897538114,0.0,0.00765204709588,1.48101174754,234,2.0
8.0,-0.00767193637934,-0.132472740353,3,10.0,0.0200500837001,1.37117633759,2.82842712475,4.21354258219,0.0200500837001,0.0,-0.00767193637934,1.43830376231,235,4.0
4.0,-0.00802299954604,-0.236949487983,3,7.0,0.016363092801,2.00113777826,2.94392028878,4.39742428417,0.016363092801,0.0,-0.00802299954604,1.48101897956,236,0.0
5.66666666667,-0.00649352383217,0.491615480439,3,10.0,0.0176103867731,3.20801988588,4.18993502999,4.42759617785,0.0176103867731,0.0,-0.00649352383217,1.48785681327,237,0.0
8.33333333333,0.00986361550664,0.519278694837,3,10.0,0.0117424383052,3.1704992295,1.24721912892,4.387176433,0.0117424383052,0.0,0.00986361550664,1.47868583861,238,7.0
7.33333333333,0.00260718359614,0.69265713996,3,8.0,0.0150865506826,4.27826340504,0.942809041582,4.36985888759,0.0150865506826,0.0,0.00260718359614,1.47473071742,239,6.0
4.33333333333,-0.0175323588973,-0.798496648318,3,7.0,0.0200222995435,0.619379930991,3.09120616517,4.34753450342,0.0200222995435,0.0,-0.0175323588973,1.4696089036,240,0.0
7.66666666667,0.00868067589378,0.188109304226,3,9.0,0.0185049795647,3.4783059372,1.24721912892,4.2882599365,0.0185049795647,0.0,0.00868067589378,1.45588104145,241,6.0
5.33333333333,0.0205262234723,0.464485169661,3,8.0,0.0133284368779,2.78511460767,3.77123616633,4.28582632604,0.0133284368779,0.0,0.0205262234723,1.45531337501,242,0.0
3.33333333333,-0.0309266134582,-0.0108491439647,3,7.0,0.0180721685638,1.57621966581,2.86744175568,4.26282599893,0.0180721685638,0.0,-0.0309266134582,1.44993232037,243,0.0
5.33333333333,0.0185598307257,-0.522320005512,3,10.0,0.015696337344,2.81116546641,4.10960933531,4.29760260089,0.015696337344,0.0,0.0185598307257,1.45805733254,244,0.0
6.0,-0.00125395148627,0.392722060436,3,7.0,0.0237081851265,2.89871998379,1.41421356237,4.3668650743,0.0237081851265,0.0,-0.00125395148627,1.47404537737,245,4.0
6.33333333333,-0.00469768335798,-0.550322309089,3,7.0,0.0157220334409,1.07174142485,0.942809041582,4.43498008973,0.0157220334409,0.0,-0.00469768335798,1.4895231264,246,5.0
5.0,-0.0120049502027,-0.395261083429,3,8.0,0.0206926116203,2.62879377141,3.55902608401,4.33534010852,0.0206926116203,0.0,-0.0120049502027,1.46680006356,247,0.0
1.33333333333,-0.016294260826,-0.963683685359,3,4.0,0.0212264686864,0.0357981025601,1.88561808316,4.37113013758,0.0212264686864,0.0,-0.016294260826,1.47502158839,248,0.0
8.33333333333,0.00206820478484,-0.0714889458911,3,10.0,0.0174853911717,3.55490651715,1.24721912892,4.22133293025,0.0174853911717,0.0,0.00206820478484,1.44015093842,249,7.0
6.33333333333,0.00276526377183,0.0456916276291,3,10.0,0.0200624440099,2.08922785453,4.49691252108,4.34301105228,0.0200624440099,0.0,0.00276526377183,1.4685678984,250,0.0
0.0,-0.00437755618652,0,3,0.0,0.0197226615311,0.0,0.0,4.38386363907,0.0197226615311,0.0,-0.00437755618652,1.47793044494,251,0.0
7.33333333333,0.00658864558456,4.69581684648e-09,3,8.0,0.0196646804849,2.64833447095,0.471404520791,4.27485454543,0.0196646804849,0.0,0.00658864558456,1.45275007735,252,7.0
3.66666666667,-0.0057802081963,0.0684565362556,3,7.0,0.0170791416223,0.853185316918,2.86744175568,4.47840728685,0.0170791416223,0.0,-0.0057802081963,1.49926746689,253,0.0
4.66666666667,-0.00365410875613,-0.00172448651794,3,8.0,0.0186479804111,1.13033515045,3.3993463424,4.26491823449,0.0186479804111,0.0,-0.00365410875613,1.45042300948,254,0.0
4.0,-0.000692655325931,0.198925931522,3,7.0,0.0195483180125,1.08634374052,2.94392028878,4.54884405608,0.0195483180125,0.0,-0.000692655325931,1.51487314708,255,0.0
2.33333333333,-0.0159066479905,0.198864452067,3,7.0,0.0179553943924,0.136178047071,3.29983164554,4.36320377349,0.0179553943924,0.0,-0.0159066479905,1.47320659795,256,0.0
4.33333333333,0.0042444113251,0.170437651035,3,7.0,0.0161488588876,1.28201973601,3.09120616517,4.38679960879,0.0161488588876,0.0,0.0042444113251,1.47859994273,257,0.0
6.0,0.010065626792,0.179129612776,3,7.0,0.0154965664611,3.49691559098,0.816496580928,4.39273202537,0.0154965664611,0.0,0.010065626792,1.47995136276,258,5.0
7.33333333333,-0.0202785825498,-0.158246943447,3,8.0,0.0217822663082,1.78595023456,0.471404520791,4.30583258869,0.0217822663082,0.0,-0.0202785825498,1.45997051957,259,7.0
6.66666666667,0.0062830386303,-0.0282837654347,3,8.0,0.0182562046329,3.75340266995,1.24721912892,4.36094051272,0.0182562046329,0.0,0.0062830386303,1.47268774802,260,5.0
6.0,-0.0102558746761,0.362356747996,3,8.0,0.0185159348999,2.4018335489,2.16024689947,4.36193729963,0.0185159348999,0.0,-0.0102558746761,1.47291629345,261,3.0
9.66666666667,-0.00424958318106,0.567541432841,3,11.0,0.0176146515057,3.64919284461,0.942809041582,4.26230867069,0.0176146515057,0.0,-0.00424958318106,1.44981095496,262,9.0
7.0,-0.0177387650131,0.573145312222,3,8.0,0.0162288742985,2.99969927605,1.41421356237,4.25758250598,0.0162288742985,0.0,-0.0177387650131,1.44870151234,263,5.0
8.33333333333,-0.0121929255648,0.438829809857,3,10.0,0.0189670265396,2.46529522898,1.24721912892,4.23398303069,0.0189670265396,0.0,-0.0121929255648,1.44314316484,264,7.0
5.66666666667,-0.0255697039898,0.514938344756,3,9.0,0.0189318427016,1.4291672195,4.0276819912,4.32414743554,0.0189318427016,0.0,-0.0255697039898,1.46421499622,265,0.0
7.0,0.00505033499579,0.146334529092,3,8.0,0.016641257791,2.47568652128,1.41421356237,4.22745610148,0.016641257791,0.0,0.00505033499579,1.4416004177,266,5.0
3.0,-0.0193207343768,0.252225891495,3,9.0,0.0155920231369,0.951363160563,4.24264068712,4.35971662614,0.0155920231369,0.0,-0.0193207343768,1.47240706124,267,0.0
8.33333333333,0.00382472589308,0.279591677845,3,10.0,0.0160091877051,4.27386315638,1.24721912892,4.26125882755,0.0160091877051,0.0,0.00382472589308,1.44956461605,268,7.0
6.66666666667,-0.00195827437266,0.749502126918,3,7.0,0.0191505204934,3.77201680264,0.471404520791,4.31254285433,0.0191505204934,0.0,-0.00195827437266,1.46152771954,269,6.0
4.33333333333,-0.0200079029243,0.14854426416,3,8.0,0.0204868485651,2.3032848938,3.29983164554,4.34142595626,0.0204868485651,0.0,-0.0200079029243,1.4682028555,270,0.0
6.66666666667,-0.00834781675976,0.0400121285443,3,8.0,0.0193145089418,1.92614775942,1.24721912892,4.40329019329,0.0193145089418,0.0,-0.00834781675976,1.48235203269,271,5.0
4.33333333333,-0.0124210618128,0.204747400006,3,8.0,0.0173338649934,1.25660749419,3.29983164554,4.29348487327,0.0173338649934,0.0,-0.0124210618128,1.45709872795,272,0.0
6.0,0.00798412505047,0.128394756748,3,8.0,0.0149770934562,2.5582051763,1.63299316186,4.40726213062,0.0149770934562,0.0,0.00798412505047,1.4832536646,273,4.0
8.0,-0.0236472834214,0.655514812634,3,10.0,0.0199092466641,3.44897610673,1.63299316186,4.40158610009,0.0199092466641,0.0,-0.0236472834214,1.48196495326,274,6.0
5.33333333333,-0.021034372772,0.186545345872,3,8.0,0.0204074351045,1.90673221764,3.77123616633,4.24007318065,0.0204074351045,0.0,-0.021034372772,1.44458052868,275,0.0
6.33333333333,-0.00127952158617,0.498495225608,3,7.0,0.0206330679811,3.73999630652,0.471404520791,4.19759935789,0.0206330679811,0.0,-0.00127952158617,1.43451278042,276,6.0
7.33333333333,-0.00205037084617,0.201571174411,3,8.0,0.0216513500397,2.18912443715,0.471404520791,4.3998913983,0.0216513500397,0.0,-0.00205037084617,1.48157985841,277,7.0
6.0,-4.15368801217e-05,0.233423337238,3,7.0,0.0165115339807,2.6773265031,0.816496580928,4.32436512966,0.0165115339807,0.0,-4.15368801217e-05,1.46426533878,278,5.0
4.33333333333,0.00641294702052,0.28052869166,3,7.0,0.0212832237346,1.64172929989,3.09120616517,4.44773901817,0.0212832237346,0.0,0.00641294702052,1.49239588125,279,0.0
4.66666666667,-0.000384724007655,-0.23714518392,3,8.0,0.0179770121889,1.61203022852,3.3993463424,4.3852156356,0.0179770121889,0.0,-0.000384724007655,1.47823880035,280,0.0
6.66666666667,-0.00485066379347,-0.30897174731,3,7.0,0.0238057818167,3.33078892743,0.471404520791,4.40965479156,0.0238057818167,0.0,-0.00485066379347,1.48379640784,281,6.0
8.0,-0.0030660908191,0.549486646622,3,9.0,0.0166232298839,3.56047723415,0.816496580928,4.21058830816,0.0166232298839,0.0,-0.0030660908191,1.43760237859,282,7.0
4.66666666667,-0.00597159366763,0.345273023841,3,8.0,0.015716763385,2.04652932172,3.3993463424,4.29092050332,0.015716763385,0.0,-0.00597159366763,1.45650127946,283,0.0
5.33333333333,-0.0102299426828,-0.0109311899561,3,8.0,0.0214552515254,3.01203573077,3.77123616633,4.44674669875,0.0214552515254,0.0,-0.0102299426828,1.49217274988,284,0.0
5.66666666667,-0.0104075112231,0.396876235421,3,7.0,0.0275002094087,2.54244116623,1.24721912892,4.25710809309,0.0275002094087,0.0,-0.0104075112231,1.44859007837,285,4.0
6.0,-0.00861663635394,0.187668792231,3,9.0,0.0181082240617,1.73761829127,4.24264068712,4.44488594096,0.0181082240617,0.0,-0.00861663635394,1.49175420856,286,0.0
5.33333333333,0.00683228008068,0.0546990201127,3,6.0,0.0135364321162,1.95997889185,0.471404520791,4.50144253623,0.0135364321162,0.0,0.00683228008068,1.50439790901,287,5.0
6.66666666667,0.00232695812871,0.581217614371,3,8.0,0.0174643573991,3.70898716109,1.24721912892,4.44430983312,0.0174643573991,0.0,0.00232695812871,1.49162458877,288,5.0
2.33333333333,-0.00715558883376,-1.28586667186,3,5.0,0.021971549492,0.930964264542,2.05480466766,4.41408890272,0.021971549492,0.0,-0.00715558883376,1.48480144871,289,0.0
4.33333333333,-0.017493062595,0.426541297462,3,7.0,0.0188082655898,1.89101814338,3.09120616517,4.2219506914,0.0188082655898,0.0,-0.017493062595,1.44029727039,290,0.0
6.33333333333,0.0172488912081,0.535735425074,3,8.0,0.0187125971096,3.38574601552,1.24721912892,4.46314695807,0.0187125971096,0.0,0.0172488912081,1.4958541132,291,5.0
3.66666666667,0.0026570387144,0.0485243888023,3,7.0,0.0200712983709,1.94718875421,2.86744175568,4.41484948191,0.0200712983709,0.0,0.0026570387144,1.48497374104,292,0.0
7.0,0.00645271673782,0.10648557674,3,9.0,0.0167205082551,1.85250986142,1.63299316186,4.38561268918,0.0167205082551,0.0,0.00645271673782,1.47832933994,293,5.0
5.0,-0.00117160047855,-0.0436208591717,3,8.0,0.0175730105632,2.12857241094,3.55902608401,4.23179393304,0.0175730105632,0.0,-0.00117160047855,1.4426260008,294,0.0
3.0,-0.0165600877045,-1.06012303612,3,6.0,0.0194087986425,0.679032914966,2.44948974278,4.33754035537,0.0194087986425,0.0,-0.0165600877045,1.46730744906,295,0.0
3.66666666667,-0.00677507393506,-0.013640752719,3,9.0,0.0223821426331,1.50561548637,3.85861230093,4.38209601961,0.0223821426331,0.0,-0.00677507393506,1.47752715321,296,0.0
4.66666666667,-0.00049685141547,-0.0509010061217,3,7.0,0.0163821670108,2.24841244912,3.29983164554,4.43607466438,0.0163821670108,0.0,-0.00049685141547,1.48976990081,297,0.0
6.0,0.0119611039226,-0.0488983279452,3,10.0,0.0199535221552,2.41285579059,4.32049379894,4.37438213788,0.0199535221552,0.0,0.0119611039226,1.47576528421,298,0.0
5.66666666667,-0.00935230778181,0.2974748705,3,9.0,0.0154234581601,2.42325046911,4.0276819912,4.36242640321,0.0154234581601,0.0,-0.00935230778181,1.47302841706,299,0.0
7.66666666667,0.00270078376456,0.499514892106,3,8.0,0.0188649116308,2.65744926377,0.471404520791,4.32082201234,0.0188649116308,0.0,0.00270078376456,1.46344566479,300,7.0
5.0,-0.00979900590177,0.327686025296,3,8.0,0.0151179929964,3.14346325724,3.55902608401,4.38975681012,0.0151179929964,0.0,-0.00979900590177,1.47927382923,301,0.0
4.33333333333,-0.0168231441189,0.392522552322,3,7.0,0.0161936925723,2.97661844877,3.09120616517,4.3022438711,0.0161936925723,0.0,-0.0168231441189,1.45913671708,302,0.0
2.66666666667,-0.0161597444192,-0.00872775239847,3,8.0,0.0148936692885,0.996790975795,3.77123616633,4.31791213022,0.0148936692885,0.0,-0.0161597444192,1.46277198224,303,0.0
4.66666666667,-0.00330314054648,0.381753926025,3,7.0,0.0217306721528,0.81312629236,3.29983164554,4.50400928182,0.0217306721528,0.0,-0.00330314054648,1.50496795163,304,0.0
5.33333333333,0.00502833094061,0.219413528785,3,9.0,0.0179059879182,1.8952392658,3.85861230093,4.40717969772,0.0179059879182,0.0,0.00502833094061,1.48323496055,305,0.0
2.0,0.0179621745955,0.187682409277,3,6.0,0.0163649270895,0.938094238272,2.82842712475,4.415313236,0.0163649270895,0.0,0.0179621745955,1.48507877967,306,0.0
8.0,-0.00743604074819,0.0218835888614,3,9.0,0.0161027095135,4.27664084265,0.816496580928,4.30519816573,0.0161027095135,0.0,-0.00743604074819,1.45982316835,307,7.0
7.0,0.00733133420196,0.745127766743,3,8.0,0.0163134800393,3.68049969422,0.816496580928,4.257888848,0.0163134800393,0.0,0.00733133420196,1.44877346186,308,6.0
9.33333333333,0.00147271640171,0.363998910467,3,10.0,0.0214412496966,2.60672283562,0.471404520791,4.2671035819,0.0214412496966,0.0,0.00147271640171,1.45093527902,309,9.0
7.33333333333,-0.000408903727884,0.526129699244,3,8.0,0.0146297138775,3.7353068859,0.471404520791,4.43005109712,0.0146297138775,0.0,-0.000408903727884,1.48841111833,310,7.0
4.66666666667,-0.00886582578549,-0.0865179544987,3,8.0,0.0153664968874,1.49204393757,3.3993463424,4.37127593392,0.0153664968874,0.0,-0.00886582578549,1.47505494222,311,0.0
7.33333333333,-0.00414737927443,-0.154032259882,3,9.0,0.0225965905558,0.813493954624,1.24721912892,4.3304824312,0.0225965905558,0.0,-0.00414737927443,1.46567895179,312,6.0
5.0,-0.0051811296548,-0.28762853502,3,8.0,0.0148473817111,2.30545175889,3.55902608401,4.36742566344,0.0148473817111,0.0,-0.0051811296548,1.47417374249,313,0.0
5.33333333333,0.000503001644025,0.462684299479,3,8.0,0.0171101513606,2.29802964806,3.77123616633,4.33743511345,0.0171101513606,0.0,0.000503001644025,1.46728318572,314,0.0
5.66666666667,-0.00889656361491,0.481454847692,3,9.0,0.0168720380448,2.27693531975,4.0276819912,4.21147578532,0.0168720380448,0.0,-0.00889656361491,1.4378131291,315,0.0
6.33333333333,0.00102794314885,0.51093152268,3,7.0,0.0236436639791,2.66733559827,0.471404520791,4.39039261614,0.0236436639791,0.0,0.00102794314885,1.47941865729,316,6.0
5.66666666667,-0.0105012262582,0.122524035349,3,9.0,0.0191445843456,3.37835474264,4.0276819912,4.34637889275,0.0191445843456,0.0,-0.0105012262582,1.46934305998,317,0.0
8.0,0.00652423951955,0.416187725876,3,8.0,0.0188357866018,3.60530688449,0.0,4.48241694034,0.0188357866018,0.0,0.00652423951955,1.50016239656,318,8.0
8.66666666667,-0.0248611831597,0.285962214257,3,10.0,0.0233216210362,2.61272289947,1.24721912892,4.34615856561,0.0233216210362,0.0,-0.0248611831597,1.46929236658,319,7.0
5.66666666667,0.00819668240535,0.223337718391,3,6.0,0.01829564507,2.47577321328,0.471404520791,4.26005603648,0.01829564507,0.0,0.00819668240535,1.4492823143,320,5.0
4.33333333333,0.0252901991614,0.370491247258,3,7.0,0.0193561321024,2.3196307758,3.09120616517,4.47271876181,0.0193561321024,0.0,0.0252901991614,1.49799644785,321,0.0
6.33333333333,-0.00115847977454,-0.10796531235,3,7.0,0.0221912969556,1.04824706273,0.471404520791,4.43838629133,0.0221912969556,0.0,-0.00115847977454,1.49029086248,322,6.0
6.66666666667,-0.00420233620708,-0.106395744003,3,9.0,0.0181501130765,3.65057118109,2.62466929134,4.35973854801,0.0181501130765,0.0,-0.00420233620708,1.47241208951,323,3.0
4.0,-0.0123704124159,0.422926146345,3,6.0,0.0189558136797,2.58592858637,2.82842712475,4.4208990241,0.0189558136797,0.0,-0.0123704124159,1.48634307453,324,0.0
5.0,-0.0111432321719,0.429977308642,3,9.0,0.0275222346617,3.08998767688,3.74165738677,4.45469725453,0.0275222346617,0.0,-0.0111432321719,1.49395910228,325,0.0
6.0,-0.00915397133864,0.188838603602,3,8.0,0.0179718159425,2.84884208914,1.63299316186,4.31278681659,0.0179718159425,0.0,-0.00915397133864,1.46158428834,326,4.0
6.0,0.0110455708723,0.56396635063,3,7.0,0.0149388239728,3.47412898857,0.816496580928,4.32400817464,0.0149388239728,0.0,0.0110455708723,1.4641827903,327,5.0
7.66666666667,0.00293256740261,0.686913726457,3,9.0,0.0200870785859,3.68148048273,0.942809041582,4.25746368819,0.0200870785859,0.0,0.00293256740261,1.44867360461,328,7.0
4.66666666667,-0.0276211490472,-0.752630785702,3,7.0,0.0169280786888,1.62199218334,3.29983164554,4.34460185204,0.0169280786888,0.0,-0.0276211490472,1.46893412093,329,0.0
5.33333333333,0.00459435772571,0.439446172603,3,8.0,0.0161813385283,3.08019984994,3.77123616633,4.37630123628,0.0161813385283,0.0,0.00459435772571,1.47620390102,330,0.0
7.0,-0.0148879236724,-0.199438513692,3,9.0,0.0209799397794,0.987862634675,1.63299316186,4.34749371001,0.0209799397794,0.0,-0.0148879236724,1.46959952044,331,5.0
6.0,-0.0102122199158,0.0772104341152,3,9.0,0.0256853222079,1.90010808068,4.24264068712,4.30635174198,0.0256853222079,0.0,-0.0102122199158,1.46009108209,332,0.0
1.33333333333,0.00718529757005,-2.03822058038,3,4.0,0.0167780786842,0.0346314963486,1.88561808316,4.4921462017,0.0167780786842,0.0,0.00718529757005,1.50233058348,333,0.0
3.33333333333,-0.0116715674285,0.234130607968,3,6.0,0.0175101496125,1.42557326463,2.49443825785,4.37625990915,0.0175101496125,0.0,-0.0116715674285,1.47619445759,334,0.0
5.0,-0.00350610645903,0.0645687193293,3,8.0,0.0178639102601,1.8722566058,3.55902608401,4.26486748394,0.0178639102601,0.0,-0.00350610645903,1.45041110987,335,0.0
0.0,-0.00407420706989,0,3,0.0,0.0141886814234,0.0,0.0,4.4562725834,0.0141886814234,0.0,-0.00407420706989,1.49431267297,336,0.0
3.0,0.00268365851445,5.83115378205e-09,3,9.0,0.0240319440426,0.21136371226,4.24264068712,4.36193737366,0.0240319440426,0.0,0.00268365851445,1.47291631042,337,0.0
7.33333333333,-0.00503905931815,-0.262876975444,3,8.0,0.0147975952512,2.76543081057,0.471404520791,4.28314772448,0.0147975952512,0.0,-0.00503905931815,1.45468818893,338,7.0
7.0,-0.00499507079337,-0.226750928178,3,9.0,0.0192706255444,3.27012625617,1.41421356237,4.29406987407,0.0192706255444,0.0,-0.00499507079337,1.45723497181,339,6.0
5.0,0.00506832680147,0.262368847848,3,8.0,0.0158403501263,2.78465678179,3.55902608401,4.24463853092,0.0158403501263,0.0,0.00506832680147,1.44565666441,340,0.0
4.66666666667,-0.00862250597551,0.488887733285,3,7.0,0.0165342070165,2.49967871344,3.29983164554,4.34760780067,0.0165342070165,0.0,-0.00862250597551,1.46962576295,341,0.0
8.66666666667,0.0166381141873,0.412328177821,3,9.0,0.0235723739252,3.44613348138,0.471404520791,4.25228877673,0.0235723739252,0.0,0.0166381141873,1.44745737368,342,8.0
4.33333333333,-0.0132213152812,-0.00915821390744,3,7.0,0.0205830181587,1.17436767935,3.09120616517,4.43494073188,0.0205830181587,0.0,-0.0132213152812,1.48951425195,343,0.0
4.0,0.00724432782001,0.304065102703,3,6.0,0.0217578845498,0.828027136313,2.82842712475,4.4559768721,0.0217578845498,0.0,0.00724432782001,1.49424631233,344,0.0
6.66666666667,-0.0121945871865,0.254215190774,3,8.0,0.0188304574537,2.72848996323,0.942809041582,4.29631758988,0.0188304574537,0.0,-0.0121945871865,1.45775828135,345,6.0
9.0,0.0110318472692,0.242742047193,3,10.0,0.0191919848541,3.59174515848,0.816496580928,4.21754085169,0.0191919848541,0.0,0.0110318472692,1.43925222162,346,8.0
4.33333333333,-0.0102182833938,0.0551559737815,3,8.0,0.0220749850474,1.3714638201,3.29983164554,4.48512209091,0.0220749850474,0.0,-0.0102182833938,1.50076571719,347,0.0
5.0,-0.00186335681928,0.397736752131,3,8.0,0.0209994845695,2.67114503225,3.55902608401,4.2400116847,0.0209994845695,0.0,-0.00186335681928,1.44456602507,348,0.0
5.33333333333,0.00704897995453,0.352651068186,3,9.0,0.0232903853052,2.6927481717,3.85861230093,4.28399469044,0.0232903853052,0.0,0.00704897995453,1.45488591319,349,0.0
6.66666666667,0.00854592064894,0.21336393136,3,8.0,0.0169821366767,2.88775304912,0.942809041582,4.03297719875,0.0169821366767,0.0,0.00854592064894,1.39450486221,350,6.0
7.0,0.00627872427512,0.466459823221,3,8.0,0.0214316942152,2.77998462153,0.816496580928,4.35947744298,0.0214316942152,0.0,0.00627872427512,1.47235219765,351,6.0
2.33333333333,-0.0132712838568,-0.920060769149,3,7.0,0.0163617154103,1.12496042458,3.29983164554,4.37204967293,0.0163617154103,0.0,-0.0132712838568,1.47523193185,352,0.0
7.33333333333,0.00470366769767,-0.0835421981781,3,8.0,0.0243191210807,2.02248979283,0.471404520791,4.35718708842,0.0243191210807,0.0,0.00470366769767,1.47182668595,353,7.0
7.66666666667,0.00650182407261,0.320578315502,3,8.0,0.0183291870793,2.82139970516,0.471404520791,4.19928063747,0.0183291870793,0.0,0.00650182407261,1.43491323383,354,7.0
5.33333333333,-0.00278607059106,0.13736458612,3,8.0,0.0157993244534,2.49650229358,3.77123616633,4.48046373382,0.0157993244534,0.0,-0.00278607059106,1.49972655308,355,0.0
7.66666666667,0.00598916701946,0.615787771605,3,8.0,0.0169956198665,3.70631029741,0.471404520791,4.34640413335,0.0169956198665,0.0,0.00598916701946,1.46934886724,356,7.0
2.0,-0.023364794822,-3.03332665213,3,6.0,0.016019632865,0.187236115846,2.82842712475,4.44816663419,0.016019632865,0.0,-0.023364794822,1.49249201897,357,0.0
4.33333333333,-0.00263262592544,0.333450122122,3,7.0,0.0198004124477,1.23739666447,3.09120616517,4.36611080096,0.0198004124477,0.0,-0.00263262592544,1.47387263595,358,0.0
6.33333333333,0.00422043872486,0.444828303111,3,7.0,0.0179676182664,3.01472945765,0.471404520791,4.42145022909,0.0179676182664,0.0,0.00422043872486,1.4864677484,359,6.0
5.33333333333,0.00504266819118,0.520833198539,3,8.0,0.0157149600835,2.91883538091,3.77123616633,4.2830351627,0.0157149600835,0.0,0.00504266819118,1.45466190843,360,0.0
5.66666666667,-0.00400321496116,-0.0371152823521,3,7.0,0.0152386127499,2.20522100557,0.942809041582,4.15423807869,0.0152386127499,0.0,-0.00400321496116,1.42412903693,361,5.0
4.66666666667,-0.00120460695498,0.25080692449,3,9.0,0.0195737447718,2.67981495729,3.68178700573,4.4390538514,0.0195737447718,0.0,-0.00120460695498,1.49044125721,362,0.0
6.66666666667,-0.000113014126677,0.0813235469883,3,9.0,0.019640348946,2.1283907175,1.6996731712,4.35699820096,0.019640348946,0.0,-0.000113014126677,1.47178333423,363,5.0
4.66666666667,-0.0248708202306,-0.202177852512,3,8.0,0.0182566954901,1.90939381361,3.3993463424,4.32140858417,0.0182566954901,0.0,-0.0248708202306,1.46358141026,364,0.0
5.66666666667,-0.00680513355616,0.443201187934,3,9.0,0.0134875358398,3.05721392724,4.0276819912,4.37091630188,0.0134875358398,0.0,-0.00680513355616,1.47497266719,365,0.0
4.66666666667,0.0087374074958,-0.153736134171,3,7.0,0.017067156216,2.04347830741,2.62466929134,4.40201015957,0.017067156216,0.0,0.0087374074958,1.48206129105,366,1.0
5.0,-0.00134862700401,0.427403878373,3,8.0,0.0133916232402,1.31877630607,3.55902608401,4.32987997138,0.0133916232402,0.0,-0.00134862700401,1.46553982139,367,0.0
4.0,-0.0104580392197,-0.209901959041,3,8.0,0.0244676287376,0.643536120759,3.26598632371,4.27687663533,0.0244676287376,0.0,-0.0104580392197,1.45322298509,368,0.0
7.33333333333,0.00154292102931,0.0351489906941,3,9.0,0.0189867654873,3.04722029091,1.24721912892,4.23698634713,0.0189867654873,0.0,0.00154292102931,1.44385224934,369,6.0
3.33333333333,-0.0156165621841,0.490319914185,3,7.0,0.0175807980001,1.76288610117,2.86744175568,4.41760307654,0.0175807980001,0.0,-0.0156165621841,1.48559725862,370,0.0
7.66666666667,-0.000891082844323,0.396493728396,3,10.0,0.0174921116095,2.84761639844,1.6996731712,4.49929660358,0.0174921116095,0.0,-0.000891082844323,1.50392107424,371,6.0
4.33333333333,-0.00309031804299,-0.487118610755,3,7.0,0.01656193596,0.296039000137,3.09120616517,4.2631674517,0.01656193596,0.0,-0.00309031804299,1.45001241726,372,0.0
7.66666666667,-0.00427757929042,0.0989026408836,3,8.0,0.0218480821607,2.0227629513,0.471404520791,4.12449846164,0.0218480821607,0.0,-0.00427757929042,1.41694442734,373,7.0
2.0,0.00763069391256,-0.103722021289,3,6.0,0.0210625219275,0.308585713968,2.82842712475,4.42834658076,0.0210625219275,0.0,0.00763069391256,1.48802628205,374,0.0
2.33333333333,-0.00536501391543,-0.175778956705,3,4.0,0.0258385186699,0.156214648154,1.6996731712,4.38346937486,0.0258385186699,0.0,-0.00536501391543,1.47784050556,375,0.0
7.0,-0.0042153159079,0.027448225938,3,9.0,0.0149624201863,2.83069089708,2.16024689947,4.36375159087,0.0149624201863,0.0,-0.0042153159079,1.473332144,376,4.0
5.33333333333,-0.0150053258538,0.277860211812,3,8.0,0.0202775339612,2.63343563268,3.77123616633,4.26306208091,0.0202775339612,0.0,-0.0150053258538,1.44998770041,377,0.0
7.66666666667,0.00668149414143,0.0585860400472,3,10.0,0.0144601324675,1.41484210527,1.6996731712,4.39089306811,0.0144601324675,0.0,0.00668149414143,1.47953263877,378,6.0
7.33333333333,-0.00343801529417,0.305787648391,3,8.0,0.0164291986271,3.51044434397,0.471404520791,4.31416840208,0.0164291986271,0.0,-0.00343801529417,1.46190458338,379,7.0
6.0,-0.0174851429833,0.263333738781,3,7.0,0.0222438051024,1.68912532303,0.816496580928,4.38077209046,0.0222438051024,0.0,-0.0174851429833,1.47722498521,380,5.0
4.33333333333,-0.0123644711191,0.135684160446,3,7.0,0.0166280913945,2.59257567665,3.09120616517,4.41896879622,0.0166280913945,0.0,-0.0123644711191,1.48590636485,381,0.0
4.66666666667,-0.0145147152134,-0.0935846002929,3,7.0,0.0168178145178,1.08478037831,3.29983164554,4.41776938179,0.0168178145178,0.0,-0.0145147152134,1.48563490395,382,0.0
4.33333333333,0.00132630987891,0.229868974787,3,7.0,0.0163498316532,0.604593871148,3.09120616517,4.42297990369,0.0163498316532,0.0,0.00132630987891,1.48681365528,383,0.0
5.0,-0.00375083020844,0.226961237313,3,8.0,0.021097882512,0.635212879861,3.55902608401,4.35611440714,0.021097882512,0.0,-0.00375083020844,1.47158046899,384,0.0
0.0,0.0136154455654,0,3,0.0,0.020686161698,0.0,0.0,4.4607993315,0.020686161698,0.0,0.0136154455654,1.49532797228,385,0.0
6.66666666667,-0.00400700787049,5.15463483008e-09,3,8.0,0.0210157534907,2.82474807502,1.24721912892,4.38903342154,0.0210157534907,0.0,-0.00400700787049,1.47910902552,386,5.0
4.66666666667,-0.0227900302894,-0.253467787248,3,7.0,0.015869962191,1.60605632431,3.29983164554,4.38459854763,0.015869962191,0.0,-0.0227900302894,1.47809807035,387,0.0
6.33333333333,-0.00266873088279,-0.0355540184477,3,8.0,0.0213972209921,0.816403539292,1.24721912892,4.35244625647,0.0213972209921,0.0,-0.00266873088279,1.47073804485,388,5.0
6.33333333333,-0.00264135424238,-0.0556834507129,3,8.0,0.0222782527439,2.61023703863,1.24721912892,4.30332460737,0.0222782527439,0.0,-0.00264135424238,1.45938788847,389,5.0
8.33333333333,-0.0110949598955,0.0992082910491,3,9.0,0.020229729217,1.36748937548,0.471404520791,4.41917211303,0.020229729217,0.0,-0.0110949598955,1.4859523738,390,8.0
5.0,-0.0088329147557,-0.461254259724,3,8.0,0.022188912143,2.33062465166,3.55902608401,4.18913973672,0.022188912143,0.0,-0.0088329147557,1.43249539942,391,0.0
6.33333333333,0.0017853474695,0.195772017824,3,8.0,0.0209652171124,1.32296277567,2.35702260396,4.40380135492,0.0209652171124,0.0,0.0017853474695,1.48246811224,392,3.0
6.33333333333,0.00187037241642,-0.0650349587331,3,9.0,0.0144422299092,2.39500972738,2.05480466766,4.25049676485,0.0144422299092,0.0,0.00187037241642,1.44703586195,393,4.0
8.33333333333,-0.00730937634198,0.183176022429,3,9.0,0.0226882678778,1.32899098397,0.471404520791,4.37620824009,0.0226882678778,0.0,-0.00730937634198,1.47618265085,394,8.0
8.0,0.00238592458352,0.185273487335,3,9.0,0.0188809358858,4.53877191001,0.816496580928,4.27431564118,0.0188809358858,0.0,0.00238592458352,1.45262400564,395,7.0
5.33333333333,-0.0155687077761,-0.178626468753,3,9.0,0.0206281399073,2.11830224664,3.85861230093,4.38330706491,0.0206281399073,0.0,-0.0155687077761,1.47780347714,396,0.0
6.66666666667,0.0128765193843,-0.132554282611,3,8.0,0.0181628078892,2.76035872473,1.24721912892,4.29573435328,0.0181628078892,0.0,0.0128765193843,1.45762251947,397,5.0
5.33333333333,-0.000662621315519,0.256002451379,3,9.0,0.0231483577727,2.30261930093,3.85861230093,4.40628165602,0.0231483577727,0.0,-0.000662621315519,1.4830311719,398,0.0
4.0,-0.0196083920387,-0.42197143812,3,7.0,0.0174548298846,1.6509347713,2.94392028878,4.22117875086,0.0174548298846,0.0,-0.0196083920387,1.44011441389,399,0.0
2.66666666667,-0.0160013293061,0.113738525942,3,8.0,0.020104127242,1.52724045586,3.77123616633,4.39868763385,0.020104127242,0.0,-0.0160013293061,1.4813062314,400,0.0
1.33333333333,0.000901330170143,0.111206841932,3,4.0,0.0149856151925,0.444992113474,1.88561808316,4.48557392819,0.0149856151925,0.0,0.000901330170143,1.50086645348,401,0.0
4.66666666667,-0.0124076626419,0.286901000804,3,6.0,0.0222103614735,1.1853101406,1.88561808316,4.48479595861,0.0222103614735,0.0,-0.0124076626419,1.5006930003,402,2.0
4.66666666667,0.00644515432228,0.363573134665,3,7.0,0.0172889414167,1.61055021253,3.29983164554,4.40155849745,0.0172889414167,0.0,0.00644515432228,1.48195868218,403,0.0
0.0,-0.011961139475,0,3,0.0,0.0159582916181,0.0,0.0,4.56737209242,0.0159582916181,0.0,-0.011961139475,1.51893800503,404,0.0
5.66666666667,-0.0159294016484,6.51317810796e-09,3,8.0,0.0206507222161,1.50102324149,3.29983164554,4.33487977354,0.0206507222161,0.0,-0.0159294016484,1.46669387595,405,1.0
2.0,-0.00132435401966,-0.411063000811,3,6.0,0.0226368971338,0.327568606694,2.82842712475,4.41108672986,0.0226368971338,0.0,-0.00132435401966,1.48412108311,406,0.0
5.33333333333,0.0145216810126,0.211401503574,3,9.0,0.0197394182741,2.03472147671,3.85861230093,4.34150157256,0.0197394182741,0.0,0.0145216810126,1.46822027274,407,0.0
6.66666666667,0.00751717376181,0.336121830232,3,7.0,0.0180968916578,2.39584217433,0.471404520791,4.31381193886,0.0180968916578,0.0,0.00751717376181,1.4618219538,408,6.0
5.33333333333,-0.0146706657681,-0.00850904083913,3,8.0,0.0135683472,2.25239280414,3.77123616633,4.15316840259,0.0135683472,0.0,-0.0146706657681,1.42387151345,409,0.0
7.33333333333,-0.00927335127903,0.223853393947,3,8.0,0.0194638467114,2.67245435328,0.471404520791,4.27829342164,0.0194638467114,0.0,-0.00927335127903,1.45355419682,410,7.0
7.0,-0.0107824845058,0.230624372168,3,8.0,0.0211715372112,3.44754268338,0.816496580928,4.13386756735,0.0211715372112,0.0,-0.0107824845058,1.41921342575,411,6.0
4.66666666667,-0.0103709574881,-0.0883246468008,3,7.0,0.0194767153317,0.864320415503,3.29983164554,4.43930898076,0.0194767153317,0.0,-0.0103709574881,1.49049872937,412,0.0
6.66666666667,0.00149682770162,-0.458825100292,3,10.0,0.0183799705328,2.66353887199,2.49443825785,4.30916356065,0.0183799705328,0.0,0.00149682770162,1.46074381583,413,4.0
8.0,0.0108692311019,0.439390624142,3,11.0,0.0154833015314,3.20685465655,2.16024689947,4.2700677379,0.0154833015314,0.0,0.0108692311019,1.45162969079,414,6.0
5.66666666667,-0.0117175768888,0.494334213441,3,9.0,0.0185203129786,3.04474273075,4.0276819912,4.41283379447,0.0185203129786,0.0,-0.0117175768888,1.48451706687,415,0.0
5.0,0.00280544651039,0.462012026907,3,8.0,0.0174898923142,2.16238059311,3.55902608401,4.28269191199,0.0174898923142,0.0,0.00280544651039,1.45458176329,416,0.0
2.33333333333,-0.00105464735871,0.0311800968807,3,7.0,0.0136379687851,0.0784982145139,3.29983164554,4.46774751125,0.0136379687851,0.0,-0.00105464735871,1.49688436915,417,0.0
2.33333333333,0.00194646220993,-2.27285136129,3,7.0,0.0174516749189,1.12060560453,3.29983164554,4.35778393436,0.0174516749189,0.0,0.00194646220993,1.47196365621,418,0.0
5.0,0.0153185551671,0.50005004657,3,8.0,0.0175696994539,2.28067007618,3.55902608401,4.40683900826,0.0175696994539,0.0,0.0153185551671,1.48315765428,419,0.0
7.33333333333,0.00466467717111,0.406875605891,3,8.0,0.0174443590882,3.35212743385,0.471404520791,4.41005258325,0.0174443590882,0.0,0.00466467717111,1.48388661303,420,7.0
5.66666666667,-0.018687071148,0.309860583757,3,9.0,0.0200996633801,1.93247516313,4.0276819912,4.37199216555,0.0200996633801,0.0,-0.018687071148,1.47521877835,421,0.0
5.33333333333,0.00595531540048,0.321979222286,3,8.0,0.0147838021609,2.30130827068,2.49443825785,4.51796935151,0.0147838021609,0.0,0.00595531540048,1.50806263438,422,2.0
6.66666666667,0.00325380470806,0.520413043839,3,8.0,0.0113181376343,3.71045091647,1.24721912892,4.35857991074,0.0113181376343,0.0,0.00325380470806,1.47214629576,423,5.0
8.0,-0.00447024708834,0.700757706738,3,9.0,0.0137777196174,5.22329831016,0.816496580928,4.25772965388,0.0137777196174,0.0,-0.00447024708834,1.44873607312,424,7.0
2.33333333333,-0.00901703877026,-0.894868302195,3,7.0,0.0138549793511,0.464397234519,3.29983164554,4.44951870499,0.0138549793511,0.0,-0.00901703877026,1.49279593415,425,0.0
6.33333333333,-0.0112073212985,0.0907143728777,3,8.0,0.0170799450435,2.51407966295,1.24721912892,4.2628513147,0.0170799450435,0.0,-0.0112073212985,1.44993825908,426,5.0
7.0,0.00714326652526,0.61140428728,3,7.0,0.0154478493951,4.08279810337,0.0,4.41319250021,0.0154478493951,0.0,0.00714326652526,1.4845983505,427,7.0
6.33333333333,-0.0267390087718,-0.261566947491,3,7.0,0.0158795875741,1.84426822682,0.942809041582,4.3651292802,0.0158795875741,0.0,-0.0267390087718,1.47364780631,428,5.0
8.0,0.000608977669985,0.143704526007,3,8.0,0.0198297828669,3.08888287522,0.0,4.32545758893,0.0198297828669,0.0,0.000608977669985,1.4645179357,429,8.0
5.33333333333,0.00175159478041,-0.539175286002,3,8.0,0.0168704960164,2.78638670659,3.77123616633,4.41267691489,0.0168704960164,0.0,0.00175159478041,1.48448151548,430,0.0
6.33333333333,-0.00880750387738,0.500813099776,3,8.0,0.0203973568079,2.37634443562,1.6996731712,4.35450738059,0.0203973568079,0.0,-0.00880750387738,1.47121148808,431,4.0
6.33333333333,-0.0123093572531,0.478243342581,3,8.0,0.0140198732875,2.29889084401,1.6996731712,4.45066879582,0.0140198732875,0.0,-0.0123093572531,1.49305437608,432,4.0
4.66666666667,-0.00950288910826,-0.157400192225,3,8.0,0.0193467688423,0.987892014463,3.3993463424,4.41747944661,0.0193467688423,0.0,-0.00950288910826,1.48556927248,433,0.0
7.0,-0.0100055068164,0.253695625506,3,9.0,0.0150888677234,1.32191526096,1.63299316186,4.28622488158,0.0150888677234,0.0,-0.0100055068164,1.45540636455,434,5.0
5.0,0.00964605377663,0.134111576445,3,8.0,0.0196317386209,2.01891115359,3.55902608401,4.45897284166,0.0196317386209,0.0,0.00964605377663,1.49491843495,435,0.0
4.66666666667,0.00307227694449,-0.0503682156777,3,7.0,0.0218073601797,0.935066698456,3.29983164554,4.47804874509,0.0218073601797,0.0,0.00307227694449,1.49918740358,436,0.0
7.0,-0.00701068422052,0.203934595534,3,8.0,0.0193295740255,3.74712961678,0.816496580928,4.46960255649,0.0193295740255,0.0,-0.00701068422052,1.49729949114,437,6.0
6.66666666667,-0.00459201058108,-0.35573664992,3,7.0,0.0194396285881,1.22819317024,0.471404520791,4.28569078269,0.0194396285881,0.0,-0.00459201058108,1.45528174855,438,6.0
4.33333333333,-0.010560197868,0.159343193985,3,10.0,0.0166490937806,2.68912404211,4.18993502999,4.30471611182,0.0166490937806,0.0,-0.010560197868,1.45971119188,439,0.0
3.33333333333,0.0120620182553,-0.00799452847189,3,8.0,0.0224805350766,0.798933862854,3.3993463424,4.39120749873,0.0224805350766,0.0,0.0120620182553,1.47960424593,440,0.0
6.66666666667,0.0101271986035,-0.176805774328,3,9.0,0.0194932986161,2.86671440011,1.6996731712,4.46062675558,0.0194932986161,0.0,0.0101271986035,1.49528928431,441,5.0
4.0,-0.000478275418825,0.0136102601105,3,6.0,0.0157080597141,1.36494594535,2.82842712475,4.44845916809,0.0157080597141,0.0,-0.000478275418825,1.49255778186,442,0.0
2.33333333333,-0.0116996778052,-0.110768926342,3,7.0,0.0179557815938,1.32780011524,3.29983164554,4.30015564304,0.0179557815938,0.0,-0.0116996778052,1.4586512181,443,0.0
7.0,0.000632172234216,0.117388390412,3,8.0,0.0182001583711,2.23798649091,0.816496580928,4.29383045786,0.0182001583711,0.0,0.000632172234216,1.45717921518,444,6.0
7.66666666667,-0.0190964928222,0.399109655359,3,9.0,0.02155633783,3.57549450469,1.24721912892,4.37602684983,0.02155633783,0.0,-0.0190964928222,1.4761412008,445,6.0
7.66666666667,0.0150011455021,0.639133942248,3,8.0,0.0142613041955,4.56329929331,0.471404520791,4.431128636,0.0142613041955,0.0,0.0150011455021,1.48865432271,446,7.0
4.0,0.00282701879893,0.259778026854,3,7.0,0.0144507064771,2.34545312504,2.94392028878,4.45672924418,0.0144507064771,0.0,0.00282701879893,1.49441514367,447,0.0
5.33333333333,0.00781303943432,0.28017363454,3,8.0,0.0196046464676,2.01337476217,3.77123616633,4.48974323183,0.0196046464676,0.0,0.00781303943432,1.50179551344,448,0.0
5.0,0.012975502719,0.209851034174,3,9.0,0.0265819876297,0.958901682357,3.74165738677,4.4073989672,0.0265819876297,0.0,0.012975502719,1.4832847121,449,0.0
5.33333333333,-0.00888922763259,0.231706712853,3,8.0,0.017713759242,2.07993368146,3.77123616633,4.34054341031,0.017713759242,0.0,-0.00888922763259,1.46799955002,450,0.0
6.66666666667,-0.00615221442993,0.268631204716,3,9.0,0.0189419605929,2.50464930395,1.6996731712,4.21763808069,0.0189419605929,0.0,-0.00615221442993,1.43927527484,451,5.0
5.33333333333,-0.00306501474694,0.174331651957,3,9.0,0.0159679886455,2.92103031685,3.85861230093,4.35526044668,0.0159679886455,0.0,-0.00306501474694,1.47138441257,452,0.0
6.0,0.00609161890343,0.378038719135,3,8.0,0.0187293456494,2.68235577821,2.16024689947,4.38726175914,0.0187293456494,0.0,0.00609161890343,1.47870528741,453,3.0
8.0,-0.00127292209673,0.593165951182,3,9.0,0.0191623394768,3.36153996848,0.816496580928,4.35018989772,0.0191623394768,0.0,-0.00127292209673,1.4702194988,454,7.0
5.0,-0.0052562852626,-0.110136700627,3,9.0,0.0203977820187,1.40367115046,3.74165738677,4.23505688857,0.0203977820187,0.0,-0.0052562852626,1.44339676097,455,0.0
5.0,0.0118269396442,-0.0466748011729,3,8.0,0.0206162901753,2.99208517734,3.55902608401,4.44198927891,0.0206162901753,0.0,0.0118269396442,1.4911023119,456,0.0
6.0,-0.0013194599828,0.205198753179,3,7.0,0.0156251098686,1.76081343866,0.816496580928,4.33001853395,0.0156251098686,0.0,-0.0013194599828,1.46557182236,457,5.0
8.0,0.0152303228478,-0.0635356412293,3,9.0,0.0224459044488,2.15471429261,1.41421356237,4.33265367279,0.0224459044488,0.0,0.0152303228478,1.46618021175,458,6.0
5.66666666667,-0.0160225446397,-0.0613151544842,3,7.0,0.0164485936864,2.59602772063,0.942809041582,4.4162268199,0.0164485936864,0.0,-0.0160225446397,1.48528567086,459,5.0
0.0,-0.0132140956482,0,3,0.0,0.0181402041134,0.0,0.0,4.34086004828,0.0181402041134,0.0,-0.0132140956482,1.46807249629,460,0.0
7.66666666667,-0.0138744220946,4.84515105814e-09,3,9.0,0.0182868373739,1.34651738864,0.942809041582,4.20019891502,0.0182868373739,0.0,-0.0138744220946,1.43513188489,461,7.0
3.0,-0.00625561098959,-0.404250767505,3,9.0,0.021329582863,0.396598529395,4.24264068712,4.3514072578,0.021329582863,0.0,-0.00625561098959,1.47049930032,462,0.0
7.0,0.00817239244181,0.0065497839116,3,8.0,0.0181659877074,3.14529166288,0.816496580928,4.31908435038,0.0181659877074,0.0,0.00817239244181,1.46304342386,463,6.0
3.0,-0.0115735340067,-0.550932510349,3,7.0,0.0224048434172,0.549883765032,2.94392028878,4.42742280239,0.0224048434172,0.0,-0.0115735340067,1.48781765459,464,0.0
4.0,-0.0123782297696,0.316717662933,3,7.0,0.0179355822274,0.883404173922,2.94392028878,4.36281665768,0.0179355822274,0.0,-0.0123782297696,1.47311787118,465,0.0
8.66666666667,0.00276933811419,0.43067214761,3,10.0,0.0172492242494,3.9049221732,0.942809041582,4.28530890043,0.0172492242494,0.0,0.00276933811419,1.45519263823,466,8.0
2.66666666667,-0.0112412181395,-2.3873151422,3,5.0,0.0185610826077,1.11995908728,2.05480466766,4.48495895628,0.0185610826077,0.0,-0.0112412181395,1.50072934414,467,0.0
