StdReturn,MeanKL,MeanKLBefore,Perplexity,NumTrajs,AverageReturn,AverageDiscountedReturn,Iteration,dLoss,MaxReturn,LossBefore,Entropy,ExplainedVariance,MinReturn,LossAfter
0.0,1.47540130172e-18,1.47540130172e-18,4.58236072959,3,0.0,0.0,0,0.0,0.0,-0.0,1.52221430847,1,0.0,-0.0
0.0,3.21655432343e-18,3.21655432343e-18,4.37086319662,3,0.0,0.0,1,0.0,0.0,-0.0,1.47496051743,1,0.0,-0.0
0.0,2.38155389334e-18,2.38155389334e-18,4.5091378781,3,0.0,0.0,2,0.0,0.0,-0.0,1.50610597739,1,0.0,-0.0
0.0,4.5769540439e-21,4.5769540439e-21,4.38839441156,3,0.0,0.0,3,0.0,0.0,-0.0,1.4789634225,1,0.0,-0.0
0.0,-1.91365049429e-18,-1.91365049429e-18,4.32431650811,3,0.0,0.0,4,0.0,0.0,-0.0,1.46425409509,1,0.0,-0.0
0.0,-1.31712587888e-18,-1.31712587888e-18,4.37310744824,3,0.0,0.0,5,0.0,0.0,-0.0,1.47547384296,1,0.0,-0.0
0.0,8.18733395657e-18,8.18733395657e-18,5.01146045404,3,0.0,0.0,6,0.0,0.0,-0.0,1.61172738041,1,0.0,-0.0
0.0,-5.2788851217e-18,-5.2788851217e-18,4.33761660444,3,0.0,0.0,7,0.0,0.0,-0.0,1.46732502778,1,0.0,-0.0
0.0,-2.54632775817e-18,-2.54632775817e-18,4.66812767672,3,0.0,0.0,8,0.0,0.0,-0.0,1.54075806553,1,0.0,-0.0
0.0,-4.35818833106e-18,-4.35818833106e-18,4.48074486161,3,0.0,0.0,9,0.0,0.0,-0.0,1.49978929636,1,0.0,-0.0
1414.21356237,0.00638032610261,9.57595246429e-19,4.39368226463,3,1000.0,27.6664644055,10,0.0169528488646,3000.0,2.45137243837e-15,1.48016766016,3.27515792264e-14,0.0,-0.0169528488646
0.0,0.00891456216523,-2.18326664833e-18,4.40300941936,3,0.0,0.0,11,0.0339368123002,0.0,-5.91193760613e-17,1.48228826608,0,0.0,-0.0339368123002
0.0,1.51396298087e-17,1.51396298087e-17,5.03595670564,3,0.0,0.0,12,0.0,0.0,-0.0,1.61660351917,1,0.0,-0.0
471.404520791,0.00915457748807,-2.12217157671e-18,4.30868123029,3,333.333333333,104.93639106,13,0.0344713329316,1000.0,3.45797464737e-15,1.46063187824,2.89657187125e-13,0.0,-0.0344713329316
1885.61808316,0.00885375947663,-3.17881755775e-19,4.89140521474,3,1333.33333333,424.854416116,14,0.0221580036778,4000.0,3.17014932823e-16,1.58747962718,0.14249084468,0.0,-0.0221580036778
0.0,0.00885591371193,-4.82446366324e-18,4.84837748532,3,0.0,0.0,15,0.0245465770613,0.0,-4.46309655899e-16,1.57864410987,0,0.0,-0.0245465770613
0.0,1.1338550541e-17,1.1338550541e-17,5.04226226202,3,0.0,0.0,16,0.0,0.0,-0.0,1.61785484289,1,0.0,-0.0
0.0,1.40405484484e-17,1.40405484484e-17,5.03234916038,3,0.0,0.0,17,0.0,0.0,-0.0,1.61588690498,1,0.0,-0.0
0.0,1.3457124459e-17,1.3457124459e-17,4.99910777608,3,0.0,0.0,18,0.0,0.0,-0.0,1.60925945173,1,0.0,-0.0
0.0,9.21207326555e-18,9.21207326555e-18,4.99294736734,3,0.0,0.0,19,0.0,0.0,-0.0,1.60802639017,1,0.0,-0.0
4242.64068712,0.00799714004606,2.39266744005e-18,4.80069964624,3,3000.0,254.112071937,20,0.0277784893386,9000.0,6.96304125469e-15,1.56876166692,3.66373598126e-15,0.0,-0.0277784893386
471.404520791,0.00995075802337,1.0327120124e-17,5.0242214837,3,333.333333333,272.635645866,21,0.0678139240741,1000.0,3.69033507456e-17,1.61427051333,-11.6049504089,0.0,-0.0678139240741
0.0,0.00712461205805,-4.54287589438e-18,5.09674040052,3,0.0,0.0,22,0.0491355162488,0.0,-2.04928666629e-17,1.62860119824,0,0.0,-0.0491355162488
5734.88351136,0.00932633493065,1.98721037338e-18,5.15014842123,3,6666.66666667,1810.77476359,23,0.0307550457664,14000.0,-1.16360624839e-15,1.63902553392,3.10862446895e-15,0.0,-0.0307550457664
0.0,0.00618546549045,1.70157760452e-18,5.24985182228,3,0.0,0.0,24,0.0378151568942,0.0,-1.35886672285e-16,1.65819985188,0,0.0,-0.0378151568942
5185.4497287,0.00942816717376,-9.41052169073e-18,5.1150007509,3,3666.66666667,752.047980322,25,0.0296985964756,11000.0,-1.65728542001e-15,1.63217754621,5.77315972805e-15,0.0,-0.0296985964756
0.0,0.00755320035617,1.1618506509e-17,5.16591305096,3,0.0,0.0,26,0.03669909843,0.0,-8.14163551392e-17,1.64208186351,0,0.0,-0.03669909843
7542.47233266,0.00723003498298,-5.21475910688e-18,4.30626976641,3,10666.6666667,2265.24563515,27,0.0386105699746,16000.0,3.38618022511e-17,1.46007204594,7.77156117238e-16,0.0,-0.0386105699746
8640.98759788,0.00883340121506,-2.64572530117e-18,4.39258083971,3,12000.0,3285.37333733,28,0.0287463388966,20000.0,2.46839585808e-16,1.47991694494,0.188202494292,0.0,-0.0287463388966
7071.06781187,0.00773950598041,1.33704637718e-17,4.76668299739,3,5000.0,673.682428281,29,0.0288186529415,15000.0,1.52100554374e-16,1.56165067462,-0.374097601809,0.0,-0.0288186529415
8831.76086633,0.00816153507512,4.41241551598e-18,4.61553340922,3,12000.0,1850.50993213,30,0.0193274062607,21000.0,-9.38138455808e-17,1.52942744291,0.269818709142,0.0,-0.0193274062607
7717.22460186,0.00601392271345,1.12527330659e-17,4.54903926189,3,12666.6666667,3396.65976877,31,0.0253158826334,20000.0,2.34696521476e-16,1.51491605943,0.220256404535,2000.0,-0.0253158826334
1885.61808316,0.00662588037795,5.55550223724e-20,4.31030738476,3,15333.3333333,3373.73106411,32,0.0220662006203,18000.0,-7.29971638691e-17,1.46100922054,0.393828810898,14000.0,-0.0220662006203
6377.04215657,0.00736372062351,-5.73123163665e-18,4.61360845307,3,9000.0,1811.61435556,33,0.0199846262741,14000.0,-4.81096644004e-18,1.52901029552,-7.29170471312,0.0,-0.0199846262741
3559.02608401,0.00672179599067,2.51845814398e-18,4.41632243206,3,20000.0,5388.46720209,34,0.0230119234474,25000.0,-4.11707704965e-17,1.48530732082,0.164212308402,17000.0,-0.0230119234474
9463.37971105,0.00847604162822,4.82378400818e-18,4.45550870181,3,13333.3333333,3540.29598551,35,0.0299139059622,21000.0,-6.18949336229e-17,1.49414124112,0.454958300657,0.0,-0.0299139059622
9741.09279747,0.00631100029019,-4.53695794238e-18,4.53650976742,3,13666.6666667,3794.82345135,36,0.0319854926669,22000.0,1.69494048426e-16,1.5121579427,0.523706384341,0.0,-0.0319854926669
11671.4276,0.00845455145656,7.77688359131e-19,4.56563217305,3,15666.6666667,4707.02925186,37,0.0310741961811,28000.0,-5.0885221962e-17,1.51855698705,0.57366947797,0.0,-0.0310741961811
1632.99316186,0.00782033338359,3.94880311313e-18,4.30229659259,3,28000.0,7593.84842769,38,0.0237771510251,30000.0,-4.4408920985e-17,1.45914897142,0.556995387074,26000.0,-0.0237771510251
5436.50214343,0.00725113707055,-2.90668428683e-18,4.33555421699,3,26666.6666667,9135.21979439,39,0.0247410603778,31000.0,-5.6297559207e-17,1.46684944912,0.669466267787,19000.0,-0.0247410603778
2943.92028878,0.00976753986353,4.83896666127e-18,4.46049253252,3,23000.0,8737.78560282,40,0.0328595879279,27000.0,2.08074298532e-16,1.49525919324,0.783621829153,20000.0,-0.0328595879279
4496.91252108,0.00745770270183,-4.40223502832e-18,4.49896245328,3,27666.6666667,9377.28559347,41,0.0316830294784,34000.0,1.12255401733e-16,1.50384680425,0.574569227046,24000.0,-0.0316830294784
6128.25877028,0.00941217550279,3.63510669472e-19,4.53055355096,3,32333.3333333,11154.8506471,42,0.035896367848,40000.0,-5.90268574759e-17,1.51084412871,0.733811927164,25000.0,-0.035896367848
16048.5374896,0.00695944947568,9.88726897978e-19,4.43645194718,3,22666.6666667,7178.48550823,43,0.0207588365497,35000.0,-1.79808425094e-16,1.48985494599,0.518883798442,0.0,-0.0207588365497
14429.9072146,0.00660164164894,8.0175922117e-19,4.36740892447,3,20333.3333333,8819.66862036,44,0.0243217619082,32000.0,2.36107429904e-16,1.4741699098,-0.187240152063,0.0,-0.0243217619082
16213.848676,0.00647193434388,-6.63934038031e-18,4.46273292136,3,21666.6666667,7661.79426838,45,0.0326346130823,39000.0,-1.38107118334e-16,1.49576134101,0.564611856546,0.0,-0.0326346130823
13888.4444373,0.0088948668204,-1.99390233492e-18,4.27407134362,3,19333.3333333,6783.50964336,46,0.0361488652061,32000.0,-5.21804821574e-17,1.45256684923,0.668085021188,0.0,-0.0361488652061
3091.20616517,0.00946695371957,1.74304797462e-18,4.234084478,3,28333.3333333,9238.18443501,47,0.0262984210593,31000.0,-5.28281122551e-17,1.4431671248,0.414161730658,24000.0,-0.0262984210593
2943.92028878,0.00995264679824,-1.06216033644e-19,4.21567237369,3,29000.0,10948.4620597,48,0.0279247316122,32000.0,1.05933780266e-17,1.43880909799,0.485805116183,25000.0,-0.0279247316122
1699.6731712,0.00967598378143,-1.16864859473e-17,4.1126495249,3,32666.6666667,11224.2207483,49,0.0374137430154,35000.0,7.77850006628e-17,1.41406747407,0.693431495936,31000.0,-0.0374137430154
15084.9446653,0.0090986691876,6.37997650527e-18,4.09905336176,3,21333.3333333,8109.23640165,50,0.0318163132653,32000.0,-2.49985217711e-16,1.41075605968,0.25078284227,0.0,-0.0318163132653
9568.4667296,0.00801540446656,5.07758189991e-19,4.06293383681,3,28333.3333333,10078.8972398,51,0.0281315854693,37000.0,2.43323879564e-16,1.40190533255,0.451612666773,15000.0,-0.0281315854693
5249.33858267,0.00751763131214,-2.4834190903e-18,3.84868056989,3,22333.3333333,7504.61885789,52,0.0215393568398,27000.0,5.89759722539e-16,1.34773038044,-0.0704834044192,15000.0,-0.0215393568398
3771.23616633,0.0096410514857,-3.0595090189e-18,4.00277832111,3,22666.6666667,7823.317842,53,0.0303179442645,28000.0,9.33512526539e-17,1.38698870029,0.699078522261,20000.0,-0.0303179442645
2449.48974278,0.00650627262119,5.378903104e-18,4.13973611711,3,31000.0,12079.1948071,54,0.0401340355972,34000.0,9.54676152946e-17,1.42063204598,0.551504191782,28000.0,-0.0401340355972
5906.68171556,0.0091483503919,-7.57459923577e-21,4.17379716499,3,29333.3333333,11400.5712496,55,0.0285558646249,34000.0,-7.20719780152e-17,1.4288262126,0.464281263753,21000.0,-0.0285558646249
6236.09564462,0.00732658956178,-4.74793708734e-18,4.0912707172,3,23666.6666667,9654.57952057,56,0.0179352520843,32000.0,1.76710498086e-17,1.4088556106,0.416831990054,17000.0,-0.0179352520843
3299.83164554,0.00874547124964,3.20223793835e-18,4.31135598226,3,35666.6666667,12665.0286614,57,0.0298475345098,40000.0,-1.77869871609e-16,1.46125246769,0.538295383974,32000.0,-0.0298475345098
5436.50214343,0.00989538743011,2.04774386114e-18,4.33947271363,3,30333.3333333,11354.2957375,58,0.032668806153,36000.0,-4.20959563504e-17,1.46775284618,0.51318015282,23000.0,-0.032668806153
2867.44175568,0.00834441259401,-4.47982613573e-18,4.28284073835,3,34333.3333333,15027.5029575,59,0.0239664756457,38000.0,-1.03343259876e-16,1.45461651334,0.602359924213,31000.0,-0.0239664756457
4546.06056566,0.00890776498138,-5.73725386656e-18,4.3159357803,3,31000.0,11674.0943533,60,0.0203736561315,36000.0,-1.35123393955e-16,1.46231416784,-0.0961184643994,25000.0,-0.0203736561315
1247.21912892,0.00720095523728,3.53199776463e-18,4.40516896356,3,31666.6666667,12376.2222406,61,0.0214401244536,33000.0,-5.26060676502e-16,1.48277861587,0.275256607709,30000.0,-0.0214401244536
16110.7279648,0.00687744965982,1.89131020824e-18,4.08089671841,3,22666.6666667,9814.01534713,62,0.0198801349533,36000.0,-6.91113832829e-17,1.40631674819,-0.490425542609,0.0,-0.0198801349533
6377.04215657,0.0068607443223,-1.81208843344e-18,4.33616705011,3,34000.0,13799.5307148,63,0.0268073972894,39000.0,-1.11947488316e-17,1.46699078971,0.67423161017,25000.0,-0.0268073972894
3299.83164554,0.00684646132291,2.54802091609e-18,4.28981635424,3,29666.6666667,14250.9084915,64,0.0269365505368,34000.0,2.45636844198e-17,1.45624392415,0.55157176992,26000.0,-0.0269365505368
2624.66929134,0.00802268372527,-1.36476531062e-18,4.53804868762,3,33333.3333333,13939.3129151,65,0.0270713133783,37000.0,4.24197713992e-17,1.51249711517,0.624007411002,31000.0,-0.0270713133783
8485.28137424,0.0090945955394,-1.00735491792e-18,4.23241737031,3,30000.0,12373.7968143,66,0.0226265373645,36000.0,1.88252191613e-16,1.44277331217,0.443844395599,18000.0,-0.0226265373645
942.809041582,0.00822719716597,-3.06268576585e-18,4.41707696744,3,35333.3333333,14756.2491033,67,0.0295508810964,36000.0,-9.39063641662e-18,1.48547815774,0.644350291215,34000.0,-0.0295508810964
2160.24689947,0.00853176399068,1.91238485939e-18,4.23871027375,3,33000.0,14882.514215,68,0.0328107271437,36000.0,-1.00081979741e-16,1.44425904225,0.782620004442,31000.0,-0.0328107271437
2054.80466766,0.00869258760259,7.02627044255e-19,4.31980933084,3,31333.3333333,7498.39505027,69,0.026243342209,34000.0,-9.61268102155e-17,1.4632112649,0.311826065278,29000.0,-0.026243342209
10873.0042869,0.00971829065289,-5.4987345691e-18,4.28683528746,3,25333.3333333,13175.2991469,70,0.0229575136354,34000.0,2.67378711764e-17,1.45554876548,-0.490771783975,10000.0,-0.0229575136354
816.496580928,0.0087958501079,-9.81212455014e-19,4.31675405071,3,37000.0,13526.8917391,71,0.0257052210833,38000.0,-3.38618022511e-17,1.46250374268,0.622633485721,36000.0,-0.0257052210833
3399.3463424,0.00929121728788,-1.48671665283e-18,4.43119991294,3,31333.3333333,14180.5502883,72,0.0239266300737,36000.0,-5.88418203051e-17,1.48867040809,0.605087855831,28000.0,-0.0239266300737
16083.1174424,0.00981470006574,1.42125028721e-18,4.34286759465,3,22000.0,10676.2206899,73,0.0237821008869,38000.0,-2.21119419071e-16,1.46853486602,0.564302486487,0.0,-0.0237821008869
4496.91252108,0.00798550789474,3.29689254865e-18,4.12508831621,3,36333.3333333,14807.4001567,74,0.0310832713141,42000.0,9.77458854597e-17,1.41708742955,0.529663600453,31000.0,-0.0310832713141
3858.61230093,0.0070239471677,2.27489279325e-18,4.20127432508,3,30666.6666667,14901.0726318,75,0.0377137604851,36000.0,-1.92623694772e-16,1.43538789,0.593975929708,27000.0,-0.0377137604851
1699.6731712,0.00959129651833,-1.38058634687e-18,4.11007189547,3,32333.3333333,12336.0869436,76,0.0439251521479,34000.0,-5.78472455122e-17,1.41344052117,0.501633859934,30000.0,-0.0439251521479
1885.61808316,0.00810749487306,3.69366866192e-18,4.22223413694,3,26666.6666667,12225.1028348,77,0.034991314017,28000.0,-2.67505924819e-16,1.44036440429,0.21311257406,24000.0,-0.034991314017
9416.29792788,0.00841185117853,-9.87720445398e-19,4.29236540929,3,33000.0,16231.7508251,78,0.0307443924924,42000.0,-7.29046452837e-17,1.45683795844,0.558353371077,20000.0,-0.0307443924924
4966.55480858,0.00960928209879,1.14395234758e-18,4.17476900589,3,32000.0,16360.5025875,79,0.0334905168157,36000.0,-3.58509518369e-17,1.42905902884,0.636619527981,25000.0,-0.0334905168157
1414.21356237,0.00883222823286,-4.65673202812e-18,4.25866244301,3,31000.0,14920.1463724,80,0.0319392391362,32000.0,9.76071075816e-17,1.44895513047,0.6374050179,29000.0,-0.0319392391362
4320.49379894,0.00997112803075,-5.25913061858e-18,4.23833892394,3,23000.0,11865.6587892,81,0.0325711765173,27000.0,-8.32667268469e-18,1.44417142926,0.656874400874,17000.0,-0.0325711765173
5557.77733351,0.00890210835834,1.95652762254e-18,4.25154249509,3,26666.6666667,13064.305585,82,0.0320107553983,32000.0,2.56369000103e-16,1.44728185711,0.657531141858,19000.0,-0.0320107553983
10656.2449088,0.00925526349446,-1.2402902081e-19,4.03619885878,3,25666.6666667,11339.6782161,83,0.0293420011342,38000.0,4.56486700292e-16,1.39530337253,-1.60028489974,12000.0,-0.0293420011342
1247.21912892,0.00976233610107,-1.00160925405e-18,4.32304823995,3,32666.6666667,11348.4174185,84,0.0308077794784,34000.0,3.93203987888e-17,1.46396076453,0.392484180472,31000.0,-0.0308077794784
6944.22221867,0.00868730532628,-4.71707915676e-18,4.3886085955,3,32666.6666667,15923.4609155,85,0.0234279300018,41000.0,-8.36700500551e-17,1.47901222822,0.718000540236,24000.0,-0.0234279300018
6599.66329107,0.00998332100236,3.28107122959e-19,4.32659115187,3,36333.3333333,16899.9297766,86,0.0371173579128,45000.0,-1.51267887105e-17,1.46477996911,0.827460226426,29000.0,-0.0371173579128
2828.42712475,0.00909669994352,2.63007578932e-18,4.24636202396,3,32000.0,9818.84253998,87,0.0347738827002,36000.0,1.37413228944e-16,1.446062622,0.33955578591,30000.0,-0.0347738827002
2494.43825785,0.00998304892162,9.56160124452e-19,4.2123834193,3,34333.3333333,15853.9902078,88,0.0338731909777,37000.0,8.59728954694e-17,1.43802862035,0.713161155847,31000.0,-0.0338731909777
4966.55480858,0.00772527068919,4.75075006567e-18,4.37002997832,3,34000.0,14831.373543,89,0.0279027138943,38000.0,-1.49313431989e-16,1.47476986911,0.811168861226,27000.0,-0.0279027138943
816.496580928,0.00950884747122,1.34608561389e-18,4.28098826843,3,35000.0,10892.4897525,90,0.0353926758403,36000.0,2.56739074445e-18,1.45418388678,0.22310987763,34000.0,-0.0353926758403
2449.48974278,0.00686685085833,-4.64341510385e-19,4.31519623645,3,36000.0,13583.6217972,91,0.0268160661856,39000.0,-8.16013923099e-17,1.46214280124,0.762772387995,33000.0,-0.0268160661856
7318.16613337,0.00691153909206,6.64614246149e-19,4.4256179711,3,30333.3333333,13140.8548835,92,0.0201813291724,36000.0,-1.67608982249e-16,1.48740992319,0.648308374109,20000.0,-0.0201813291724
6976.14984549,0.00661824161938,6.54734039062e-19,4.36009544981,3,38000.0,8898.50281754,93,0.0274178251298,47000.0,1.02371814729e-16,1.47249394928,0.292623259465,30000.0,-0.0274178251298
7542.47233266,0.00831203630697,7.15910096834e-20,4.1092395967,3,30333.3333333,12733.4036702,94,0.0339984079266,41000.0,-1.05332409461e-16,1.41323799842,0.447413411563,25000.0,-0.0339984079266
3741.65738677,0.00855677069627,-2.29868076394e-18,4.35561869615,3,32000.0,13027.1903883,95,0.0323473583109,37000.0,-1.57559150911e-16,1.47146666592,0.628731283747,28000.0,-0.0323473583109
3741.65738677,0.00842833149373,1.53366203882e-18,4.20849525732,3,36000.0,17264.4911327,96,0.0261853331734,41000.0,9.34206415929e-17,1.43710516274,0.747618062564,32000.0,-0.0261853331734
9568.4667296,0.00963098246018,1.95764121589e-18,4.2415817327,3,30333.3333333,14513.9075466,97,0.0357511096426,39000.0,1.62878969571e-16,1.44493624984,0.541196913095,17000.0,-0.0357511096426
3299.83164554,0.00963808178833,6.78882031743e-18,4.12556098084,3,35333.3333333,12783.3958027,98,0.023264309836,39000.0,7.68135555163e-17,1.4172020059,0.349696739762,31000.0,-0.023264309836
2054.80466766,0.00969360960298,-2.28675635202e-18,4.18938144562,3,36333.3333333,11238.8853834,99,0.0289085099221,39000.0,-8.54177839571e-17,1.43255309669,0.42634253998,34000.0,-0.0289085099221
3091.20616517,0.00974118782965,5.60492137746e-18,4.14136102346,3,33333.3333333,16641.00662,100,0.0238203327691,36000.0,-5.52335954751e-17,1.42102448344,0.679960169247,29000.0,-0.0238203327691
4242.64068712,0.00878293577966,4.39273849724e-18,3.98688717133,3,37000.0,12672.5437168,101,0.0337561391531,40000.0,-2.04581721934e-17,1.38301076886,0.220551454307,31000.0,-0.0337561391531
2160.24689947,0.00947372252274,6.48156601899e-20,3.98772503673,3,36000.0,13283.2472584,102,0.0275775142989,38000.0,-1.54644815472e-16,1.38322090206,0.531904718881,33000.0,-0.0275775142989
3399.3463424,0.00930122254372,4.82152942071e-19,4.02217112921,3,39666.6666667,13756.8543969,103,0.0280206294831,43000.0,-1.96601993944e-19,1.39182183873,0.425293964083,35000.0,-0.0280206294831
3559.02608401,0.00681817542519,-7.53816724654e-19,4.16545480874,3,32000.0,16934.2639489,104,0.0212855320462,35000.0,1.12363821951e-16,1.42682546743,0.269818599945,27000.0,-0.0212855320462
1699.6731712,0.00771852187567,1.17748621129e-19,4.18986166424,3,34333.3333333,14727.9405327,105,0.0259861644596,36000.0,-4.36687723019e-17,1.43266771769,0.651952505509,32000.0,-0.0259861644596
5249.33858267,0.00670164386006,-5.0928024657e-19,4.10053935092,3,34666.6666667,14873.1280896,106,0.0323999490106,42000.0,-6.0661834352e-17,1.41111851406,0.76485100562,30000.0,-0.0323999490106
3091.20616517,0.00660827728651,-1.79155550102e-18,4.06585199942,3,35333.3333333,16828.6984411,107,0.0241698363008,38000.0,-1.30821279735e-16,1.40262331499,0.708694049784,31000.0,-0.0241698363008
3681.78700573,0.00825976899808,6.29884482216e-19,4.27066717451,3,37666.6666667,14087.2534208,108,0.0167655442719,42000.0,2.01135404628e-16,1.45177006199,0.679578215749,33000.0,-0.0167655442719
2867.44175568,0.00709442530233,-3.70845272466e-18,4.21280256113,3,40666.6666667,18046.6603224,109,0.0177136591758,44000.0,8.63198401646e-17,1.4381281177,0.753853613945,37000.0,-0.0177136591758
1699.6731712,0.00902159372141,-1.45740643677e-18,4.06667681438,3,35333.3333333,13541.8534528,110,0.0308244800872,37000.0,5.05151476204e-17,1.40282615841,0.0824698659817,33000.0,-0.0308244800872
942.809041582,0.00652027984598,-1.77191377573e-18,4.00652456659,3,39666.6666667,21313.3392419,111,0.0260026300924,41000.0,4.019932535e-17,1.3879241739,0.573307302639,39000.0,-0.0260026300924
0.0,0.00911219522163,-3.3206642051e-19,4.16042982969,3,39000.0,18544.5027596,112,0.0250616670464,39000.0,7.65128701138e-17,1.42561839338,0.576355647725,39000.0,-0.0250616670464
942.809041582,0.00630799077634,-4.10838016854e-19,4.1142647021,3,38666.6666667,17853.6628342,113,0.0210687407324,40000.0,-6.8648790356e-17,1.41446013095,0.749757897438,38000.0,-0.0210687407324
1247.21912892,0.00778920047577,1.60626510723e-18,3.99625824453,3,40666.6666667,20630.9015575,114,0.0195306298703,42000.0,5.65751149632e-17,1.38535848446,0.840194498003,39000.0,-0.0195306298703
1885.61808316,0.00828685959377,3.13970470648e-18,3.98286285546,3,38666.6666667,15547.5074264,115,0.0176795144504,40000.0,-3.01639500414e-17,1.38200087113,0.707894387077,36000.0,-0.0176795144504
1414.21356237,0.00688916111159,3.53807049596e-18,3.9777143097,3,42000.0,15409.0585452,116,0.0206823978951,44000.0,-8.21565038223e-17,1.38070736028,0.508899274189,41000.0,-0.0206823978951
1247.21912892,0.00771954715511,3.40812530306e-18,3.99551655923,3,42333.3333333,19248.2111416,117,0.0257673124461,44000.0,-1.75785312232e-17,1.38517287229,0.531737997788,41000.0,-0.0257673124461
2624.66929134,0.0084742802193,7.23184294841e-18,3.88622415558,3,38333.3333333,15238.1853541,118,0.0251665251935,42000.0,-1.33550578004e-16,1.35743803215,0.826673392384,36000.0,-0.0251665251935
1632.99316186,0.00849718813049,1.61882641511e-18,4.06246851216,3,37000.0,20620.590291,119,0.0367442464111,39000.0,3.37692836657e-17,1.40179079677,0.837403364866,35000.0,-0.0367442464111
1699.6731712,0.00909528614043,3.27827232554e-18,3.94196475801,3,39666.6666667,18910.8772036,120,0.0229817264674,42000.0,-1.76201645867e-16,1.37167926856,0.816155361222,38000.0,-0.0229817264674
2494.43825785,0.0092225003734,-3.13596214726e-18,3.90992080824,3,40666.6666667,18864.4431923,121,0.0338602987708,44000.0,4.04768811061e-19,1.36351712015,0.774359244191,38000.0,-0.0338602987708
2494.43825785,0.00966991635252,-2.41860951597e-18,3.89060483069,3,39333.3333333,21898.8746163,122,0.0285277243336,42000.0,2.71599872222e-17,1.35856462901,0.845750517374,36000.0,-0.0285277243336
942.809041582,0.00912828991735,1.75457430821e-18,3.82646305321,3,42666.6666667,22416.5567401,123,0.0234156824123,44000.0,-6.18486743302e-17,1.34194089171,0.868075011605,42000.0,-0.0234156824123
1414.21356237,0.00928401643171,1.64357263428e-18,3.81239372988,3,41000.0,17130.9600659,124,0.0249753273093,43000.0,9.43111329773e-17,1.33825726742,0.572966926398,40000.0,-0.0249753273093
1247.21912892,0.00954619810309,3.17958155832e-18,3.88352055239,3,38333.3333333,15966.3549242,125,0.0266780731258,40000.0,-1.75507756476e-16,1.3567421011,0.693834091795,37000.0,-0.0266780731258
6480.74069841,0.00919625379828,-2.78438232014e-18,3.79716626136,3,38000.0,17936.1873862,126,0.0301707461251,44000.0,1.70234197109e-17,1.33425506785,0.772539797296,29000.0,-0.0301707461251
5099.01951359,0.00920563058543,-1.44325595709e-18,3.88436315343,3,35000.0,19187.5061549,127,0.0282956680737,42000.0,4.03612328744e-17,1.35695904591,0.714439978089,30000.0,-0.0282956680737
2828.42712475,0.00667017013713,-3.62171898575e-18,3.81820418666,3,39000.0,16734.6106443,128,0.0248394595501,41000.0,-5.39614649261e-17,1.33978020388,0.600533511002,35000.0,-0.0248394595501
3858.61230093,0.00690266382592,-2.70957243018e-18,3.84033042983,3,37666.6666667,15086.757995,129,0.0263482453586,43000.0,4.18184005942e-17,1.34555841233,0.651653257618,34000.0,-0.0263482453586
471.404520791,0.0096384992099,-1.10816586291e-18,3.86354174638,3,35333.3333333,15669.3943034,130,0.0247156636612,36000.0,1.09912079438e-16,1.35158431366,0.718110086401,35000.0,-0.0247156636612
3399.3463424,0.00814474212479,-5.11405129561e-19,3.75385496503,3,38333.3333333,16217.1354369,131,0.0239292319098,43000.0,-1.15174073982e-16,1.32278330264,0.669827861883,35000.0,-0.0239292319098
1414.21356237,0.0090361716,2.28933089001e-18,3.67145322156,3,40000.0,15274.7396636,132,0.0322420455092,42000.0,7.4061127601e-17,1.30058755687,0.691726471445,39000.0,-0.0322420455092
816.496580928,0.00825733338826,-1.76484580817e-18,3.91754085682,3,38000.0,16886.8606602,133,0.0227340414131,39000.0,1.66533453694e-17,1.3654641245,0.760014205068,37000.0,-0.0227340414131
816.496580928,0.00920760524009,6.32693143486e-20,3.89137381116,3,40000.0,20497.4997055,134,0.0224687346877,41000.0,-1.01307850997e-16,1.3587622601,0.662881549603,39000.0,-0.0224687346877
3858.61230093,0.00744808211912,8.20061777502e-19,3.58255549935,3,37333.3333333,14384.2459225,135,0.0250756712336,41000.0,-1.3553972759e-17,1.27607637239,0.406091600167,32000.0,-0.0250756712336
2624.66929134,0.00802356565396,-4.98051545094e-18,3.71962054028,3,38333.3333333,12921.498025,136,0.0188427463763,42000.0,3.68582479352e-16,1.31362165778,0.15555337355,36000.0,-0.0188427463763
3681.78700573,0.00703743839812,-5.67864910651e-19,3.77247561228,3,36333.3333333,16013.1870972,137,0.0259682083336,41000.0,1.80179945038e-17,1.32773144703,0.533878315108,32000.0,-0.0259682083336
2943.92028878,0.00941949136706,-4.90143828485e-18,3.7765786301,3,39000.0,18956.8617066,138,0.0322836091585,42000.0,1.70303586048e-16,1.32881847545,0.850169968284,35000.0,-0.0322836091585
3091.20616517,0.00994069435694,1.97111665824e-18,3.89215602116,3,38666.6666667,15986.9173164,139,0.0306906899268,43000.0,-2.04003480775e-17,1.35896325118,0.354055148206,36000.0,-0.0306906899268
1247.21912892,0.00916551399402,1.53746385617e-18,3.75310753043,3,40333.3333333,18591.2835109,140,0.0339716802067,42000.0,9.48084203737e-17,1.3225841716,0.736825841376,39000.0,-0.0339716802067
1632.99316186,0.00953052511627,4.88253244191e-19,3.74282848217,3,40000.0,12475.883819,141,0.0266042439059,42000.0,2.62452097092e-16,1.31984160425,-0.130788803444,38000.0,-0.0266042439059
1699.6731712,0.00982161205614,1.84570702779e-19,3.70885603988,3,40333.3333333,14287.9684964,142,0.0264645543115,42000.0,-7.052229171e-17,1.31072348403,0.563116748385,38000.0,-0.0264645543115
816.496580928,0.0096036618919,3.42268129465e-18,3.7674116294,3,40000.0,15942.6119585,143,0.0251756472881,41000.0,-4.48252546192e-17,1.32638819521,0.741349690359,39000.0,-0.0251756472881
4966.55480858,0.00917469141818,-2.14717799216e-18,3.78938065807,3,36000.0,16032.2504606,144,0.0298179028322,43000.0,-2.60208521397e-17,1.33220259098,0.705737458261,32000.0,-0.0298179028322
3858.61230093,0.00898223854678,5.37643114119e-18,3.65364306687,3,39666.6666667,15146.0933869,145,0.0272829145855,45000.0,-1.18053714952e-16,1.29572477034,0.820333600405,36000.0,-0.0272829145855
1247.21912892,0.00812678626192,-4.1250578423e-19,3.73933891416,3,39666.6666667,20592.7677956,146,0.0213893382668,41000.0,1.18377530001e-16,1.31890883488,0.724382176137,38000.0,-0.0213893382668
4082.48290464,0.00674014866703,1.48607593762e-18,3.71068023368,3,40000.0,15446.0246284,147,0.0292904968707,45000.0,4.16333634234e-17,1.31121521121,0.653292261957,35000.0,-0.0292904968707
1699.6731712,0.00687165365685,-1.74602241524e-18,3.80173846754,3,37333.3333333,16531.7341943,148,0.0230703294304,39000.0,-2.07889261361e-16,1.33545845357,0.791663882491,35000.0,-0.0230703294304
1632.99316186,0.00678354332713,3.16808855855e-18,3.8247722603,3,40000.0,12952.2782366,149,0.0215792599537,42000.0,-1.69517178072e-16,1.34149892571,0.6701848584,38000.0,-0.0215792599537
8178.56276426,0.00904330820264,-1.93275428733e-18,3.63016054587,3,34666.6666667,14361.1328585,150,0.0257821155066,45000.0,-1.829555026e-16,1.28927687481,0.702554720475,25000.0,-0.0257821155066
3299.83164554,0.00886656651859,-5.65143427129e-19,3.9074344434,3,33666.6666667,15993.7912311,151,0.0337144558311,38000.0,-1.43380677701e-16,1.36288100605,0.592049050651,30000.0,-0.0337144558311
2054.80466766,0.00953222454718,-3.20168810507e-18,3.86419709109,3,39666.6666667,17445.7992927,152,0.0235513617432,42000.0,6.75848266241e-17,1.35175392206,0.732982499955,37000.0,-0.0235513617432
1247.21912892,0.0088051955463,2.04464550295e-18,3.78875632691,3,40333.3333333,19316.2136423,153,0.0254098550742,42000.0,3.05311331772e-18,1.33203781931,0.865066941041,39000.0,-0.0254098550742
5715.47606649,0.00941315235894,-3.67742269529e-18,3.63811810103,3,40000.0,16012.0465962,154,0.0307007894776,45000.0,-4.08816499172e-17,1.29146654274,0.75233043176,32000.0,-0.0307007894776
1699.6731712,0.0066534358276,-5.35417381966e-18,3.743530491,3,36333.3333333,13268.9626556,155,0.0260595100258,38000.0,6.74923080387e-17,1.32002914771,0.72324254391,34000.0,-0.0260595100258
1247.21912892,0.0097319012492,-1.61097539996e-18,3.65012121628,3,39333.3333333,19377.8809338,156,0.0331232155363,41000.0,5.04457586814e-17,1.29476037698,0.592341043592,38000.0,-0.0331232155363
2449.48974278,0.0091796329606,3.95057195041e-18,3.66757207602,3,38000.0,12521.6490301,157,0.0251307373644,41000.0,2.3492781794e-16,1.29952988347,0.0842718732204,35000.0,-0.0251307373644
1632.99316186,0.00944181232862,-4.54776143225e-18,3.54363555168,3,38000.0,16228.7655329,158,0.0298526589764,40000.0,-4.55191440096e-17,1.26515319215,0.512258213018,36000.0,-0.0298526589764
2867.44175568,0.00795494507373,5.99830559815e-18,3.62600051114,3,39333.3333333,16801.5809183,159,0.0230906161096,43000.0,-6.29588973548e-17,1.2881302533,0.809867129125,36000.0,-0.0230906161096
3091.20616517,0.00931014192545,-1.81659494329e-18,3.62255790981,3,43666.6666667,19322.3922335,160,0.0273554372246,48000.0,-2.25595005639e-16,1.28718038123,0.808363380326,41000.0,-0.0273554372246
4027.6819912,0.00976116227082,-1.66284053113e-18,3.58555266807,3,40333.3333333,16159.190596,161,0.0322107583697,46000.0,-2.09369558727e-16,1.27691262342,0.788668426011,37000.0,-0.0322107583697
2867.44175568,0.00963346460837,-6.59780866118e-19,3.6151327483,3,41333.3333333,17481.1130982,162,0.0271198647175,45000.0,-7.86407975776e-17,1.28512857646,0.835787325143,38000.0,-0.0271198647175
2943.92028878,0.00908128956874,-4.31337502558e-18,3.72623022887,3,35000.0,17324.0017629,163,0.0213791376682,39000.0,2.05668815312e-16,1.31539706009,0.726089266287,32000.0,-0.0213791376682
2494.43825785,0.00912528552859,-9.22355362295e-19,3.64543846517,3,37333.3333333,18960.1776272,164,0.0253830824239,40000.0,1.79370407416e-16,1.29347665045,0.721817958275,34000.0,-0.0253830824239
4784.2333648,0.00818393018542,-1.56582014193e-18,3.51667640466,3,39333.3333333,14579.0642407,165,0.0316509057601,46000.0,1.33041725784e-16,1.25751634035,0.629780484845,35000.0,-0.0316509057601
2160.24689947,0.00928185226973,-1.13252290812e-18,3.63125329417,3,38000.0,15808.4097674,166,0.0236807513367,40000.0,-8.56722100669e-17,1.28957784879,0.710221115441,35000.0,-0.0236807513367
2054.80466766,0.00902062610324,-3.81460494478e-19,3.53575793259,3,39666.6666667,18842.7405558,167,0.0323343718758,42000.0,-3.46944695195e-17,1.26292768445,0.800969937034,37000.0,-0.0323343718758
1414.21356237,0.0096100047112,3.9690385916e-19,3.49437602283,3,34000.0,16863.6610354,168,0.0366757091998,36000.0,-6.40228610867e-17,1.25115482551,0.760353424964,33000.0,-0.0366757091998
1632.99316186,0.00938333297358,-1.024388078e-19,3.44382741474,3,41000.0,17607.6493904,169,0.0249646951276,43000.0,1.04222186437e-16,1.23658347345,0.729735973042,39000.0,-0.0249646951276
3559.02608401,0.00747766956957,5.43327388146e-18,3.37302600331,3,42000.0,16253.3500146,170,0.0336538786245,45000.0,-1.00660220899e-16,1.2158102653,0.843810451463,37000.0,-0.0336538786245
1247.21912892,0.00656998122716,2.24294733905e-18,3.48493865754,3,40666.6666667,19323.4575193,171,0.0237545588928,42000.0,4.38422446495e-17,1.2484504422,0.821992287635,39000.0,-0.0237545588928
1414.21356237,0.0071055921152,-1.1585081445e-18,3.2792207359,3,39000.0,15516.6168563,172,0.0199644980402,41000.0,-9.60342916301e-17,1.18760581365,0.343284399134,38000.0,-0.0199644980402
2160.24689947,0.00960542515708,3.93492059867e-18,3.42276918697,3,40000.0,16564.1195151,173,0.0344941223231,42000.0,-1.44930364006e-16,1.23044992723,0.706322849051,37000.0,-0.0344941223231
5099.01951359,0.00916283646684,2.14733475815e-18,3.38080199428,3,40000.0,16368.6839722,174,0.0297452561718,45000.0,-1.11253598926e-16,1.21811295776,0.629370063536,33000.0,-0.0297452561718
2494.43825785,0.00800873237265,1.32980053e-18,3.5431153143,3,39333.3333333,16092.1589271,175,0.0313810294981,42000.0,6.89263461121e-17,1.26500637243,0.786773139844,36000.0,-0.0313810294981
3299.83164554,0.00933457983386,-1.88352368742e-18,3.29171020716,3,39333.3333333,14816.6631052,176,0.024212157766,43000.0,-2.28821591305e-16,1.19140724952,0.791756260713,35000.0,-0.024212157766
942.809041582,0.00673606195619,1.72130372905e-18,3.20744425271,3,34333.3333333,12901.8185912,177,0.0196123515664,35000.0,-1.90356989431e-17,1.16547443706,0.764733891483,33000.0,-0.0196123515664
1247.21912892,0.00654471835291,2.19295811197e-18,3.35487347532,3,39333.3333333,14871.2435832,178,0.0210203442375,41000.0,7.84095011142e-17,1.21041405744,0.681463013953,38000.0,-0.0210203442375
1699.6731712,0.00877628677392,2.93159201996e-18,3.20550773682,3,42333.3333333,18452.0484189,179,0.0250689964215,44000.0,3.13406707993e-17,1.16487049805,0.765412002844,40000.0,-0.0250689964215
2449.48974278,0.00868905326633,8.82450397994e-19,3.16751376851,3,39000.0,13723.0614674,180,0.0441864762924,42000.0,7.50499199823e-17,1.15294698001,0.188900668201,36000.0,-0.0441864762924
2867.44175568,0.00679150777809,-6.40273558027e-19,3.31101708849,3,37666.6666667,17265.2690364,181,0.0298872749267,41000.0,1.72443078335e-16,1.19725541968,0.723332534834,34000.0,-0.0298872749267
2054.80466766,0.00912651366897,8.46711987552e-19,3.35829325894,3,38333.3333333,14665.9596638,182,0.0218947611744,41000.0,1.55061149106e-16,1.21143288627,0.604621969129,36000.0,-0.0218947611744
4988.8765157,0.00971824205662,2.48506470012e-18,3.34229086674,3,42666.6666667,18567.043102,183,0.0303631085651,48000.0,-1.9903060681e-17,1.20665646012,0.768635915563,36000.0,-0.0303631085651
1247.21912892,0.00846746023728,2.13032910811e-18,3.29401380016,3,41666.6666667,17296.8339303,184,0.0216354163267,43000.0,-4.4408920985e-17,1.19210682123,0.660383309853,40000.0,-0.0216354163267
471.404520791,0.00967920191733,-6.19011637714e-19,3.19823914706,3,40666.6666667,16094.2092161,185,0.0320879609661,41000.0,-1.26287869051e-17,1.16260039181,0.664407024083,40000.0,-0.0320879609661
2624.66929134,0.00957619192314,-5.80426229639e-19,3.1717207503,3,40666.6666667,17578.8400713,186,0.0361275093666,43000.0,2.32684242244e-16,1.15427426405,0.686506804402,37000.0,-0.0361275093666
1247.21912892,0.00826286956632,-2.84237507738e-18,3.25328944396,3,41333.3333333,19845.027566,187,0.0312510477653,43000.0,-1.21661939782e-16,1.17966662108,0.837735598804,40000.0,-0.0312510477653
4320.49379894,0.00689137264063,-8.81228521262e-19,3.14107918106,3,40000.0,18994.595268,188,0.0250348829228,46000.0,1.52713490002e-16,1.14456642911,0.352345145796,36000.0,-0.0250348829228
1699.6731712,0.00671387103903,3.84671297777e-18,3.13434303111,3,41333.3333333,19881.8583178,189,0.0293332430303,43000.0,-1.86424949552e-17,1.14241959267,0.837368892492,39000.0,-0.0293332430303
2160.24689947,0.00999098740295,1.36664713445e-18,3.25945883043,3,41000.0,20483.3086954,190,0.0283164420751,44000.0,-6.5040565526e-17,1.18156117866,0.847967499643,39000.0,-0.0283164420751
816.496580928,0.00907465706548,-1.57801085977e-18,3.10552581726,3,36000.0,18496.1584781,191,0.0337799793532,37000.0,-1.22402088465e-16,1.13318304638,0.794508113521,35000.0,-0.0337799793532
3299.83164554,0.0091470972705,1.74647092567e-18,3.04519150264,3,35666.6666667,17675.686215,192,0.0286443930477,40000.0,-4.08932147404e-17,1.11356379003,0.6690091452,32000.0,-0.0286443930477
3858.61230093,0.0086714413872,4.83195271745e-18,3.06447988695,3,38333.3333333,12840.7641937,193,0.0285673357364,42000.0,1.22124532709e-16,1.11987786068,-0.0380493564907,33000.0,-0.0285673357364
2160.24689947,0.00910529191653,-3.12829991912e-19,2.95577837733,3,37000.0,17276.9457294,194,0.0325084301273,39000.0,3.59145583643e-17,1.08376202644,0.731809941351,34000.0,-0.0325084301273
4496.91252108,0.00977746284126,6.39398546116e-18,3.11042466323,3,40333.3333333,16875.8224218,195,0.0391900599904,44000.0,-8.80083043479e-17,1.13475926453,0.691065324206,34000.0,-0.0391900599904
942.809041582,0.00927520650111,-1.13844557157e-18,3.1147025722,3,40333.3333333,19488.4063938,196,0.0352223551016,41000.0,-2.97447252014e-17,1.13613366524,0.855210012676,39000.0,-0.0352223551016
1414.21356237,0.00932724798779,2.74823805852e-18,3.1334379862,3,37000.0,19695.5160291,197,0.0251808414408,39000.0,-3.53363172056e-17,1.1421307999,0.805958917677,36000.0,-0.0251808414408
2160.24689947,0.0083508216995,3.07053233365e-18,3.24133589795,3,41000.0,14729.9887763,198,0.02404408447,44000.0,-9.16396588243e-17,1.17598555901,0.34081972668,39000.0,-0.02404408447
942.809041582,0.00708930828581,3.73129723604e-18,3.1034868719,3,38333.3333333,18718.2755088,199,0.0298257301325,39000.0,2.37541467977e-16,1.13252627677,0.677480707691,37000.0,-0.0298257301325
1247.21912892,0.00657359039342,-3.38321076868e-18,3.23484516314,3,39666.6666667,18789.1926618,200,0.0244317087061,41000.0,6.58154086786e-17,1.17398106379,0.949644205231,38000.0,-0.0244317087061
1699.6731712,0.00923500364098,4.14956398784e-18,3.22936004892,3,41333.3333333,16825.2375966,201,0.0267258199549,43000.0,1.19990822833e-16,1.17228399034,-0.06674888059,39000.0,-0.0267258199549
2357.02260396,0.00800713255255,6.46394605271e-18,3.17132207273,3,39333.3333333,16307.3696556,202,0.0218185625835,41000.0,3.36767650803e-17,1.15414855859,0.416163405818,36000.0,-0.0218185625835
2054.80466766,0.00887716156284,5.49640153788e-18,3.10225143279,3,37666.6666667,15821.5556829,203,0.0295264818727,40000.0,-4.23735121065e-17,1.13212811653,0.728459979293,35000.0,-0.0295264818727
2624.66929134,0.00947654959904,2.11878741419e-18,3.03106994005,3,41666.6666667,20744.0013692,204,0.0286718041762,44000.0,3.03923552991e-17,1.10891567272,0.713928819261,38000.0,-0.0286718041762
2867.44175568,0.00876498372218,-3.84852544027e-18,2.88904614905,3,35333.3333333,14272.645914,205,0.0254876405389,39000.0,1.40628249786e-17,1.06092639541,0.0690155882376,32000.0,-0.0254876405389
2494.43825785,0.00687336558129,3.49075079211e-19,2.94253650732,3,42666.6666667,18704.2700777,206,0.0162405354928,46000.0,-2.95365583843e-17,1.07927196698,0.643638725398,40000.0,-0.0162405354928
1247.21912892,0.00883824046969,2.46358915033e-18,2.93894768612,3,40666.6666667,20394.7930325,207,0.026365714292,42000.0,1.11716191853e-16,1.07805158739,0.799876115123,39000.0,-0.026365714292
942.809041582,0.00812195410431,-2.02581298601e-18,3.04354958702,3,40666.6666667,15684.2822031,208,0.0292665587612,42000.0,-5.0885221962e-17,1.11302446158,0.690295094909,40000.0,-0.0292665587612
1699.6731712,0.00995563122063,-3.01882813043e-18,2.93079593463,3,41333.3333333,19198.9239774,209,0.0281382024008,43000.0,3.5527136788e-17,1.07527403618,0.862964985593,39000.0,-0.0281382024008
2160.24689947,0.00989539235433,9.79358906474e-19,2.96779607169,3,42000.0,19813.6063885,210,0.0284570942497,45000.0,2.2603446892e-17,1.08781961394,0.782790179388,40000.0,-0.0284570942497
4496.91252108,0.00963990318901,-2.00715835466e-18,2.89306048385,3,38333.3333333,17795.9165787,211,0.0283589177049,44000.0,-2.95481232075e-17,1.06231493274,0.673278739953,33000.0,-0.0283589177049
471.404520791,0.00893057651303,-1.26817014101e-18,3.05048102912,3,39333.3333333,20062.9539643,212,0.0220173124536,40000.0,7.81782046507e-17,1.11529929265,0.90810884469,39000.0,-0.0220173124536
10077.4776386,0.0088134638883,4.00594042009e-18,2.59773320556,3,35666.6666667,13445.146957,213,0.0257243219612,46000.0,3.59295926344e-16,0.954639220733,0.25753016404,22000.0,-0.0257243219612
0.0,0.0096770511576,-5.31612131506e-18,3.04779173352,3,40000.0,17826.2787265,214,0.030252286675,40000.0,1.32301577101e-17,1.11441730659,0.814366182233,40000.0,-0.030252286675
3265.98632371,0.008974887073,-2.03847387667e-18,3.07109239211,3,41000.0,17043.8310315,215,0.02976452707,45000.0,-2.66869859544e-16,1.12203332636,0.829258209754,37000.0,-0.02976452707
3741.65738677,0.00644148933291,6.29781394304e-19,3.04191835591,3,38000.0,16901.2314209,216,0.0254875382686,43000.0,1.57744188082e-17,1.11248835452,0.775342827534,34000.0,-0.0254875382686
1247.21912892,0.00908741124386,3.97347396353e-20,2.859715233,3,39333.3333333,16052.1719243,217,0.0303171465376,41000.0,-4.2003437765e-17,1.05072205099,0.559267036886,38000.0,-0.0303171465376
2494.43825785,0.00609224194494,2.77833246022e-18,2.98402382468,3,40666.6666667,18168.8239128,218,0.023526856837,44000.0,-2.81071462401e-16,1.09327266645,0.693355125769,38000.0,-0.023526856837
1414.21356237,0.0096560280317,1.64015226778e-18,2.9178169219,3,40000.0,17812.0861685,219,0.0302493464714,42000.0,6.93889390391e-18,1.07083570718,0.846334799,39000.0,-0.0302493464714
2494.43825785,0.00864292462706,8.08465246272e-19,3.01742687963,3,41333.3333333,21354.7480839,220,0.0220240421549,44000.0,3.3766970701e-16,1.10440444159,0.830644511388,38000.0,-0.0220240421549
2943.92028878,0.00837069432867,-3.85446931112e-18,2.93293505999,3,41000.0,19998.9313362,221,0.0254829020942,44000.0,-1.87246051997e-16,1.07600364859,0.802314133042,37000.0,-0.0254829020942
2449.48974278,0.00768788940266,-3.20956447978e-18,2.59426914885,3,38000.0,15727.6095354,222,0.0226995282224,41000.0,-5.44703171457e-17,0.953304838741,0.408656232154,35000.0,-0.0226995282224
942.809041582,0.00912337853703,6.7314639026e-19,2.87319072363,3,38666.6666667,19980.3055401,223,0.0284863305716,40000.0,1.06303854608e-16,1.05542316263,0.668644144716,38000.0,-0.0284863305716
471.404520791,0.00661399129474,-7.5906489813e-19,2.78394552099,3,40666.6666667,14669.0918406,224,0.0238997373646,41000.0,1.86147393795e-16,1.02386917367,0.428833469272,40000.0,-0.0238997373646
1699.6731712,0.00796335405303,1.60415689631e-18,2.94018585578,3,39333.3333333,19418.9295851,225,0.026365881834,41000.0,-1.506665163e-16,1.0784727956,0.432028186024,37000.0,-0.026365881834
471.404520791,0.00843753986427,1.61394296406e-18,2.9477241525,3,39333.3333333,14015.1549088,226,0.0281024808655,40000.0,-5.42621503286e-17,1.08103339888,0.494790074265,39000.0,-0.0281024808655
2494.43825785,0.00975650660073,4.2006804252e-18,3.15334119519,3,41666.6666667,19733.4290416,227,0.0292877556327,45000.0,-3.57121739588e-17,1.14846258758,0.686527588117,39000.0,-0.0292877556327
1247.21912892,0.00374303933988,1.20537867058e-19,3.11848438671,3,39666.6666667,18820.2244295,228,0.023268789575,41000.0,4.9682480352e-17,1.1373471103,0.523313385229,38000.0,-0.023268789575
1247.21912892,0.00925332321871,-1.33099008303e-18,3.0817708892,3,41333.3333333,18895.0214424,229,0.023837454965,43000.0,1.58669373936e-17,1.12550439578,0.88714643488,40000.0,-0.023837454965
2867.44175568,0.00956019372364,-3.82538772581e-18,3.08786717474,3,41666.6666667,17683.7765405,230,0.0264036075186,45000.0,6.49711765869e-17,1.12748061787,0.87215423858,38000.0,-0.0264036075186
1885.61808316,0.00951829432397,-7.5771011665e-19,3.00164196833,3,38333.3333333,20449.5649911,231,0.0295004757881,41000.0,-5.22845655659e-17,1.09915946172,0.740700735462,37000.0,-0.0295004757881
4921.60768674,0.00869338726031,-2.82715518972e-18,3.06902807202,3,37666.6666667,17285.9898647,232,0.0298818393334,44000.0,5.76853379878e-17,1.12136092256,0.807268802551,32000.0,-0.0298818393334
1885.61808316,0.00970113860324,6.35675909316e-19,3.03471241446,3,36333.3333333,16728.7472854,233,0.0306289617867,39000.0,-1.6655658334e-16,1.11011666367,0.685270288779,35000.0,-0.0306289617867
471.404520791,0.0092666552236,1.12032142974e-19,3.10621538109,3,37666.6666667,17282.7108591,234,0.0277746015153,38000.0,-1.10004598023e-16,1.13340506588,0.738831155044,37000.0,-0.0277746015153
2867.44175568,0.00913854175929,-1.3619781878e-18,3.08139536404,3,39666.6666667,18355.1777529,235,0.022157839575,43000.0,-7.00828284295e-17,1.12538253467,0.87629668713,36000.0,-0.022157839575
942.809041582,0.00996030563779,-2.61548490407e-18,3.17341801124,3,35666.6666667,15595.1247157,236,0.037158411028,37000.0,-2.14088006582e-16,1.15480924399,0.773761616482,35000.0,-0.037158411028
3559.02608401,0.00951630698722,-4.47475226969e-20,3.31722444805,3,41000.0,14512.4865438,237,0.0278860516945,46000.0,-9.37213269954e-17,1.19912842366,0.641234779548,38000.0,-0.0278860516945
2943.92028878,0.00690824440503,-1.48562072449e-19,3.25960772315,3,34000.0,13483.6249826,238,0.0534996844442,37000.0,4.50565510827e-17,1.18160685782,0.56073044671,30000.0,-0.0534996844442
942.809041582,0.00935889417126,-3.32060237292e-18,3.12987898312,3,38333.3333333,15971.4353643,239,0.0247739123248,39000.0,1.1527815739e-16,1.14099434027,0.815498609011,37000.0,-0.0247739123248
1414.21356237,0.00976515038123,1.86547874104e-18,3.26612966974,3,38000.0,16426.2083757,240,0.0217640215294,40000.0,-3.5527136788e-17,1.18360569668,0.859911350472,37000.0,-0.0217640215294
4109.60933531,0.00936073986455,9.62130823891e-19,3.15432859456,3,38333.3333333,16067.5545172,241,0.0230618745083,43000.0,3.45383444067e-17,1.14877566655,0.569532504834,33000.0,-0.0230618745083
1699.6731712,0.00979337296892,-3.65972296816e-18,3.16973119224,3,38333.3333333,15623.976956,242,0.0367341385201,40000.0,-1.73934940525e-17,1.15364678689,0.878483990422,36000.0,-0.0367341385201
942.809041582,0.00928496900438,5.42597055688e-19,3.16414668784,3,35333.3333333,17183.2594553,243,0.023771527196,36000.0,9.18709552877e-17,1.15188341035,0.832276415954,34000.0,-0.023771527196
1247.21912892,0.00663710179812,-1.491029741e-18,3.19435015226,3,39666.6666667,16088.6259885,244,0.0227134676485,41000.0,8.02367431755e-17,1.16138367192,0.770824690188,38000.0,-0.0227134676485
2160.24689947,0.00941965418876,1.28560832395e-18,3.01098566347,3,36000.0,10953.3974244,245,0.0350819767612,38000.0,2.09092002971e-17,1.1022674881,0.645736315426,33000.0,-0.0350819767612
3559.02608401,0.00974917636208,-4.85137240972e-18,3.15989480392,3,35000.0,17228.988127,246,0.03551825203,38000.0,5.68526707193e-17,1.15053873715,0.560589215292,30000.0,-0.03551825203
3559.02608401,0.00976907968693,4.19828794044e-18,3.23526660841,3,39000.0,13598.499277,247,0.029686334037,44000.0,1.37482617883e-16,1.17411133829,0.625801866079,36000.0,-0.029686334037
1247.21912892,0.00946329439233,2.95647285487e-19,3.17236152895,3,38333.3333333,17622.5503262,248,0.0216047903593,40000.0,9.69363478376e-17,1.15447627236,0.689550699028,37000.0,-0.0216047903593
1699.6731712,0.009243487474,3.75155905299e-18,3.08370592212,3,37666.6666667,17782.2981499,249,0.0311577219398,40000.0,4.14251966063e-17,1.12613209516,0.68835919938,36000.0,-0.0311577219398
1247.21912892,0.00938234938466,-2.21280631027e-18,3.10996804727,3,39333.3333333,17159.6613234,250,0.0271447431121,41000.0,3.05311331772e-17,1.13461245195,0.844727794848,38000.0,-0.0271447431121
2054.80466766,0.00725095327219,4.90898739385e-18,3.25392993497,3,40333.3333333,16491.1033451,251,0.0277839394132,43000.0,1.59409522619e-16,1.17986347659,0.540909424658,38000.0,-0.0277839394132
2828.42712475,0.00983542643231,-2.95876508043e-18,3.1760727139,3,41000.0,15815.7670241,252,0.0275995298054,45000.0,5.28281122551e-17,1.15564543793,0.514018330951,39000.0,-0.0275995298054
1699.6731712,0.00936965861336,3.64956726883e-18,3.33299545152,3,38666.6666667,19214.9127365,253,0.0346733663974,41000.0,2.62567745324e-16,1.20387143464,0.738485298532,37000.0,-0.0346733663974
471.404520791,0.00944918230592,-1.70882441758e-18,3.28359509669,3,41333.3333333,17422.8760744,254,0.0275875825274,42000.0,-7.70390695681e-17,1.18893888822,0.734515809004,41000.0,-0.0275875825274
4027.6819912,0.0089393372558,5.23562369017e-19,3.27152397651,3,37666.6666667,19136.6471837,255,0.0267158550407,41000.0,-8.37293197738e-18,1.1852559242,0.833835554022,32000.0,-0.0267158550407
2449.48974278,0.00888227302046,1.84068703488e-18,3.32859373054,3,41000.0,21967.8012397,256,0.0244671619393,44000.0,-1.6681100945e-16,1.20254991166,0.755678215118,38000.0,-0.0244671619393
3299.83164554,0.00718140298991,-7.16090901387e-19,3.19552218486,3,38333.3333333,15391.0224035,257,0.0241781615562,43000.0,9.75145889962e-17,1.16175051262,0.370104926814,36000.0,-0.0241781615562
2449.48974278,0.00902130573732,-1.57816841384e-18,3.0568430437,3,42000.0,18731.1798658,258,0.0244140339903,45000.0,-5.31287976576e-17,1.11738269835,0.655657664559,39000.0,-0.0244140339903
1247.21912892,0.00660117900283,3.23049323532e-19,3.05501072466,3,40666.6666667,18570.2613575,259,0.022921233139,42000.0,-1.61676227961e-16,1.11678310315,0.733347675021,39000.0,-0.022921233139
3299.83164554,0.00928426397281,7.33060562268e-18,3.04893667062,3,42666.6666667,17452.6224236,260,0.026381921084,47000.0,-1.49070570702e-17,1.11479289725,0.695635527626,39000.0,-0.026381921084
3858.61230093,0.00965050650017,-7.74230078104e-19,3.07309684715,3,41666.6666667,22817.0351733,261,0.0254086181217,47000.0,-2.24820162487e-17,1.12268579816,0.746420270872,38000.0,-0.0254086181217
2357.02260396,0.00680472124841,-1.60852507315e-18,2.92471634668,3,39666.6666667,16770.5903623,262,0.0173164455718,43000.0,1.1385568414e-16,1.07319750049,0.612684353021,38000.0,-0.0173164455718
2624.66929134,0.00839452010508,-8.33905770069e-19,2.90295930723,3,40333.3333333,18956.4894326,263,0.0210343788394,44000.0,1.38777878078e-17,1.06573066745,0.670222969924,38000.0,-0.0210343788394
1247.21912892,0.00955186014982,2.73978011822e-19,2.81351134825,3,42666.6666667,20903.5744089,264,0.0245474262648,44000.0,2.7126449235e-16,1.03443329338,0.79185247461,41000.0,-0.0245474262648
471.404520791,0.00704112524531,-4.28502730657e-19,2.8298968892,3,42666.6666667,22389.1178775,265,0.0170455834685,43000.0,6.32827124036e-17,1.04024027608,0.909160008073,42000.0,-0.0170455834685
2160.24689947,0.00639314573942,1.11373803737e-19,2.8258395081,3,40000.0,18943.1885462,266,0.0245201155225,42000.0,2.00534033823e-17,1.03880549146,0.858942487971,37000.0,-0.0245201155225
816.496580928,0.00681244674313,4.40305447778e-19,2.80613150003,3,38000.0,19284.5671049,267,0.0246479728884,39000.0,-2.33609428098e-17,1.03180684446,0.886644773375,37000.0,-0.0246479728884
1247.21912892,0.00910000222448,5.82002399751e-19,2.87011980747,3,35666.6666667,18707.7549973,268,0.0252784697373,37000.0,9.7098255362e-17,1.05435377366,0.885689529105,34000.0,-0.0252784697373
1247.21912892,0.00811752453842,1.67868123574e-18,2.85951178459,3,40666.6666667,18784.5537682,269,0.0319043534061,42000.0,2.47024622979e-17,1.05065090557,0.883925658448,39000.0,-0.0319043534061
1414.21356237,0.0084926252325,-4.41975321512e-18,2.84461996828,3,42000.0,19862.3570055,270,0.0207162513291,44000.0,4.39463280581e-19,1.04542947985,0.78504474024,41000.0,-0.0207162513291
3299.83164554,0.00937408427632,1.04776757836e-18,2.74440160292,3,39666.6666667,18792.7018508,271,0.0196753924562,44000.0,-1.26426646929e-16,1.0095630559,0.773255316374,36000.0,-0.0196753924562
1414.21356237,0.00990596253084,-5.15215186912e-19,2.67278506971,3,36000.0,16868.886636,272,0.0323502942794,37000.0,3.42318765926e-18,0.983121026033,0.888124659982,34000.0,-0.0323502942794
2494.43825785,0.00673217822637,-2.2791110315e-18,2.84979970145,3,42333.3333333,21250.7382368,273,0.0199062111583,45000.0,-1.10634880886e-16,1.04724871162,0.834968256278,39000.0,-0.0199062111583
471.404520791,0.00920966193425,1.09969841563e-19,2.82303850557,3,39666.6666667,22265.2489164,274,0.0197265344946,40000.0,2.85882428841e-17,1.03781378913,0.905404671527,39000.0,-0.0197265344946
2160.24689947,0.00954882109609,-7.38969624862e-19,2.76112169357,3,39000.0,20830.0305535,275,0.0251014526841,42000.0,-1.33255675013e-17,1.01563700788,0.852354747449,37000.0,-0.0251014526841
2054.80466766,0.00742130150323,1.82887352931e-18,2.78953216167,3,38666.6666667,20510.9936441,276,0.0252768536619,41000.0,2.20656826144e-16,1.02587389778,0.706157534845,36000.0,-0.0252768536619
2943.92028878,0.00891468089222,1.96267892126e-19,2.88726076582,3,43000.0,24538.9537399,277,0.0228016539655,46000.0,1.24975261621e-16,1.06030822075,0.809179378205,39000.0,-0.0228016539655
2160.24689947,0.00951986943787,3.51539268e-18,2.9238712605,3,39000.0,17744.3983208,278,0.027622154995,41000.0,-2.06779038336e-17,1.07290851236,0.763908016596,36000.0,-0.027622154995
3741.65738677,0.00679517177467,-3.2365160858e-18,3.01427178496,3,40000.0,21775.9632309,279,0.0233003840172,45000.0,8.36368011884e-17,1.10335827031,0.830504068608,36000.0,-0.0233003840172
4109.60933531,0.00885925178587,-3.35479973728e-18,2.86469272064,3,37333.3333333,20340.4510233,280,0.0208296414362,42000.0,3.0114799543e-17,1.05246109158,0.826985015211,32000.0,-0.0208296414362
1885.61808316,0.00890774366152,1.25076224877e-18,3.00881449867,3,41333.3333333,18305.9860755,281,0.0269127760029,44000.0,-7.17944222591e-17,1.10154614692,0.758105188295,40000.0,-0.0269127760029
1699.6731712,0.00945726234215,-2.36129256749e-18,3.00708569052,3,38666.6666667,19606.4387354,282,0.0325225452223,41000.0,-2.14643118094e-17,1.10097140061,0.806360304169,37000.0,-0.0325225452223
471.404520791,0.00867306376197,7.81263765942e-19,2.93462941029,3,38333.3333333,17342.0123849,283,0.01834074887,39000.0,-1.51360405691e-16,1.07658117965,0.793019631446,38000.0,-0.01834074887
816.496580928,0.00913060335385,-7.63966977279e-19,3.0837290414,3,42000.0,16931.7704793,284,0.0215950814355,43000.0,-4.06387886305e-17,1.12613959237,0.816777928714,41000.0,-0.0215950814355
1699.6731712,0.00626225661317,-9.4363431317e-20,2.94476968588,3,39333.3333333,18452.5665815,285,0.0136985360663,41000.0,-5.71533561218e-17,1.08003060891,0.824083931718,37000.0,-0.0136985360663
4320.49379894,0.00953573685868,-1.07243311188e-18,2.99902493014,3,37000.0,18429.6588707,286,0.0223020594285,43000.0,-3.28996089631e-16,1.09828721255,0.762270137581,33000.0,-0.0223020594285
1247.21912892,0.00651337898214,1.66625917191e-19,3.04499523006,3,40666.6666667,19306.4881341,287,0.021525995834,42000.0,-1.55384964155e-16,1.11349933468,0.882476308794,39000.0,-0.021525995834
1247.21912892,0.00667980831679,2.39765124314e-18,2.98298366594,3,39666.6666667,16427.6061364,288,0.0225752888259,41000.0,-2.13162820728e-16,1.0929240298,0.601589836026,38000.0,-0.0225752888259
1247.21912892,0.00875164458351,-6.15304609321e-18,3.07277574939,3,39333.3333333,19793.85683,289,0.0320582543904,41000.0,3.6128507593e-17,1.122581306,0.615992065497,38000.0,-0.0320582543904
1247.21912892,0.00921937339983,1.50479616632e-18,2.92546458648,3,38666.6666667,18263.6322508,290,0.024125153977,40000.0,-6.5263188372e-17,1.07345330105,0.791786282315,37000.0,-0.024125153977
2449.48974278,0.00965712945989,5.90459613134e-19,2.94033144445,3,38000.0,18652.8835635,291,0.0317357794467,41000.0,-1.11854969731e-16,1.0785223112,0.892234353478,35000.0,-0.0317357794467
1414.21356237,0.00934035684233,5.74084511424e-18,2.78731849806,3,38000.0,16599.6628855,292,0.0204317190581,39000.0,-1.20320420294e-16,1.02508002186,0.773941482939,36000.0,-0.0204317190581
2867.44175568,0.00924341923845,1.8691814511e-18,2.86115370707,3,44333.3333333,19535.4244845,293,0.0209931064126,48000.0,8.10925400903e-17,1.05122493757,0.808647475691,41000.0,-0.0209931064126
1885.61808316,0.00873902994922,-9.25819638997e-19,2.79229247101,3,39666.6666667,20802.5730998,294,0.0258289352217,41000.0,-1.03620815632e-17,1.02686293264,0.656274676143,37000.0,-0.0258289352217
3399.3463424,0.00721338488155,-4.50502091629e-18,2.88596468313,3,39666.6666667,19897.3844744,295,0.0230183578207,43000.0,3.09879436925e-16,1.05985922297,0.689550521566,35000.0,-0.0230183578207
2624.66929134,0.00651694264331,-1.08842009211e-18,2.79919411154,3,37666.6666667,20099.94846,296,0.0192206375267,40000.0,1.95491770919e-16,1.02933155845,0.766800463175,34000.0,-0.0192206375267
1699.6731712,0.00666474715869,-4.73560365915e-18,2.61344864765,3,37666.6666667,18257.5562078,297,0.0307819148476,40000.0,-1.6393136848e-16,0.960670670097,0.638423236962,36000.0,-0.0307819148476
1699.6731712,0.00804178520008,1.22236434281e-18,2.76206255339,3,39333.3333333,18555.1101471,298,0.0223117794472,41000.0,-5.76622083415e-17,1.01597770259,0.83998189135,37000.0,-0.0223117794472
2624.66929134,0.00969042916335,-3.27839244482e-18,2.70744448518,3,36666.6666667,20279.0248225,299,0.0229755217827,39000.0,6.37453053306e-17,0.996005195594,0.886782197505,33000.0,-0.0229755217827
1632.99316186,0.00761643934277,2.37949171925e-18,2.72940785297,3,39000.0,24638.471557,300,0.0190944553257,41000.0,-1.93363843456e-17,1.004084682,0.850881115981,37000.0,-0.0190944553257
2867.44175568,0.00647475394974,4.47309993203e-18,2.72586923281,3,41666.6666667,19703.1388437,301,0.0221299930181,45000.0,1.23281015026e-16,1.00278736177,0.729737966072,38000.0,-0.0221299930181
3091.20616517,0.0095197522423,-4.64575383641e-19,2.68786541491,3,41333.3333333,19879.2236904,302,0.0270255560639,44000.0,1.41830991396e-16,0.98874735255,0.806631166802,37000.0,-0.0270255560639
1247.21912892,0.00642642016654,-1.18163125213e-18,2.68452114951,3,40666.6666667,16909.6439768,303,0.0174330375764,42000.0,2.54842443444e-16,0.987502369228,0.730299424653,39000.0,-0.0174330375764
3091.20616517,0.00944910408613,1.55641175914e-18,2.6657238006,3,40666.6666667,19050.6938556,304,0.0226898858809,45000.0,2.69691676399e-17,0.980475615715,0.844051742934,38000.0,-0.0226898858809
2449.48974278,0.00774045095656,-2.64072719979e-18,2.60370153163,3,35000.0,17820.5035699,305,0.0301245548381,38000.0,-3.12250225676e-17,0.956934098587,0.824747787193,32000.0,-0.0301245548381
4320.49379894,0.00669358380972,-7.80594803806e-19,2.67383926825,3,35000.0,17182.8030451,306,0.0202315655927,39000.0,-9.83472562647e-17,0.983515367766,0.913642786293,29000.0,-0.0202315655927
2867.44175568,0.00819384871604,7.56024309363e-19,2.52035583597,3,39666.6666667,16461.6980173,307,0.0193832014022,43000.0,-1.10328413072e-16,0.924400096304,0.660931907493,36000.0,-0.0193832014022
942.809041582,0.00689583949684,-2.13190670564e-18,2.63204712831,3,42333.3333333,18053.4830667,308,0.0251594362127,43000.0,-6.80011602583e-18,0.967761919195,0.735546946258,41000.0,-0.0251594362127
942.809041582,0.00753621539644,-3.20118892367e-18,2.58674003495,3,38333.3333333,18710.4440734,309,0.0467195517046,39000.0,-1.77566295001e-16,0.950398409152,0.427999305377,37000.0,-0.0467195517046
1885.61808316,0.0067051757605,1.82607222808e-18,2.55686887542,3,42666.6666667,22524.5994401,310,0.0162951302614,44000.0,6.71684929898e-17,0.938783414361,0.877489845318,40000.0,-0.0162951302614
816.496580928,0.00840285161384,-4.77371779552e-18,2.64509573159,3,36000.0,18461.8204645,311,0.0334657029125,37000.0,-4.01530660573e-17,0.972707258072,0.843584291269,35000.0,-0.0334657029125
2160.24689947,0.00842527469234,-3.08238992014e-18,2.61435464298,3,39000.0,19273.720201,312,0.022812174909,42000.0,-1.04930848082e-16,0.961017276612,0.841533021072,37000.0,-0.022812174909
1247.21912892,0.00802006109896,1.77276779258e-18,2.60735226171,3,40666.6666667,19156.0273955,313,0.0346356743009,42000.0,-5.75928194024e-17,0.958335247306,0.844524443168,39000.0,-0.0346356743009
2494.43825785,0.00684840166559,1.57540829996e-19,2.54620664951,3,39666.6666667,21506.6520697,314,0.0238617046447,43000.0,-3.21502084214e-17,0.934604663183,0.774566057831,37000.0,-0.0238617046447
816.496580928,0.00661473630052,2.52609013307e-18,2.68261261473,3,37000.0,19192.0667581,315,0.0256136802472,38000.0,9.2622668794e-17,0.9867911759,0.833801950102,36000.0,-0.0256136802472
3299.83164554,0.00956155456954,6.38643535082e-19,2.66003710084,3,41666.6666667,20989.5702337,316,0.0316858842362,46000.0,2.60555466092e-17,0.978340070381,0.888721944869,38000.0,-0.0316858842362
2054.80466766,0.0093298483095,-1.11695670217e-18,2.75644593037,3,40333.3333333,20140.8217071,317,0.0253865585587,43000.0,1.18377530001e-16,1.01394214354,0.828294169061,38000.0,-0.0253865585587
1414.21356237,0.0089227873274,4.78411288381e-19,2.90267444118,3,40000.0,21394.0143778,318,0.0353198649168,41000.0,2.26485497024e-16,1.0656325331,0.931516753939,38000.0,-0.0353198649168
4027.6819912,0.00689943183927,1.56831861287e-18,2.70681606212,3,37666.6666667,18134.2476032,319,0.025766671788,41000.0,4.13326780209e-17,0.995773059345,0.677778923041,32000.0,-0.025766671788
2828.42712475,0.00663863029188,-1.55102450544e-18,2.8416418521,3,38000.0,19463.4665308,320,0.0153982989224,42000.0,-1.26449776576e-16,1.04438200206,0.800429959239,36000.0,-0.0153982989224
2357.02260396,0.00989262648074,1.68219117927e-19,2.79065422311,3,37333.3333333,18990.7926384,321,0.0249315615609,39000.0,9.59417730447e-17,1.02627605691,0.616328998256,34000.0,-0.0249315615609
2828.42712475,0.0092841231288,2.41938004167e-18,2.86845313599,3,43000.0,19880.1137083,322,0.0250053312575,47000.0,1.41923509981e-16,1.05377290747,0.791985386815,41000.0,-0.0250053312575
1247.21912892,0.00861833685277,5.12348113197e-19,2.9060351163,3,39666.6666667,19027.4009073,323,0.0196112106097,41000.0,-5.77778565732e-17,1.06678964914,0.821968992226,38000.0,-0.0196112106097
2828.42712475,0.00642273258434,3.45695922784e-18,2.88175481719,3,37000.0,16601.5630608,324,0.0217944281422,41000.0,9.38138455808e-17,1.05839942012,0.869370786355,35000.0,-0.0217944281422
1699.6731712,0.00986477573066,1.2941825059e-18,2.89156896094,3,38333.3333333,21320.4414233,325,0.0276626718141,40000.0,-1.93733917797e-16,1.06179924787,0.784623975833,36000.0,-0.0276626718141
1699.6731712,0.00999042958779,-1.68583282371e-18,2.82879306627,3,39666.6666667,18302.63921,326,0.0444852641164,42000.0,-9.2287288922e-17,1.03985014234,0.769621958122,38000.0,-0.0444852641164
1699.6731712,0.00711659197596,-4.20293205231e-18,2.88967479743,3,43666.6666667,17858.7741227,327,0.0205142141992,46000.0,-2.52113145175e-18,1.06114396895,0.758085387356,42000.0,-0.0205142141992
5715.47606649,0.00994513022749,-2.82976279434e-18,2.99759719179,3,36000.0,16996.4775805,328,0.0235153036115,43000.0,5.85180052563e-17,1.09781103168,0.663201952763,29000.0,-0.0235153036115
3741.65738677,0.00956901731936,5.64171475235e-19,2.91111631461,3,41000.0,20566.946805,329,0.0253686676874,45000.0,1.35817283346e-16,1.06853662089,0.79795787274,36000.0,-0.0253686676874
5185.4497287,0.00716343785257,-7.15685810701e-19,2.93993702831,3,40666.6666667,17316.4623764,330,0.0245326131397,48000.0,1.30934036761e-16,1.07838816218,0.724567880183,37000.0,-0.0245326131397
2624.66929134,0.00940283112208,-2.21221378302e-18,2.93731251519,3,37666.6666667,16753.8669914,331,0.0236217414307,40000.0,-2.2213712351e-16,1.07749505282,0.69556333333,34000.0,-0.0236217414307
2828.42712475,0.00481600496415,7.47021715827e-19,2.97141347522,3,40000.0,18549.0618811,332,0.0214038370842,44000.0,-4.93124060104e-17,1.08903775718,0.744841773927,38000.0,-0.0214038370842
1247.21912892,0.00650922965433,-1.91226128628e-18,2.82484168955,3,36333.3333333,18089.7507152,333,0.0192178495814,38000.0,-1.30751890796e-16,1.03845232393,0.859339367842,35000.0,-0.0192178495814
942.809041582,0.00965436573617,7.51228754187e-19,2.94567402307,3,40333.3333333,20677.3496916,334,0.026063939346,41000.0,3.63193271754e-17,1.08033766123,0.837729009482,39000.0,-0.026063939346
1699.6731712,0.00658602042128,1.51830359647e-18,2.80342076062,3,35666.6666667,17374.1838311,335,0.0243733432481,38000.0,-2.65875284751e-16,1.03084037173,0.61425842062,34000.0,-0.0243733432481
2494.43825785,0.00644208887903,-9.4474288907e-19,2.87553606158,3,38333.3333333,19108.1896538,336,0.0268786833124,41000.0,-2.74462165957e-17,1.05623911307,0.793754082068,35000.0,-0.0268786833124
3091.20616517,0.00954405332755,1.12929136329e-18,2.90985997418,3,33333.3333333,17161.3876705,337,0.0293287558896,36000.0,-1.72596312242e-16,1.06810496119,0.834638836304,29000.0,-0.0293287558896
1885.61808316,0.0088729948114,-1.22948863977e-18,2.92944518119,3,39666.6666667,17671.6160968,338,0.0258768397604,41000.0,-8.63198401646e-17,1.07481304714,0.846851802398,37000.0,-0.0258768397604
942.809041582,0.00978265892586,4.03729802345e-18,2.71857215143,3,34666.6666667,18142.7719503,339,0.0297634305837,36000.0,2.37171393636e-16,1.00010679815,0.554693813487,34000.0,-0.0297634305837
3771.23616633,0.00954400086031,2.75478040985e-18,2.89570862495,3,39666.6666667,17488.9031148,340,0.0313990506498,45000.0,1.18770733989e-16,1.06322985653,0.727680889483,37000.0,-0.0313990506498
1699.6731712,0.00877466287593,-3.36538769841e-18,2.86181848083,3,38333.3333333,19306.3446412,341,0.0244149717025,40000.0,1.97064586871e-17,1.05145725524,0.869974144447,36000.0,-0.0244149717025
2943.92028878,0.00901450279565,-2.07606634488e-18,2.91959573986,3,39000.0,19495.8749577,342,0.0251620748459,43000.0,2.93006359916e-16,1.07144516144,0.882549479788,36000.0,-0.0251620748459
942.809041582,0.00666195435498,-3.31930297573e-18,2.82218857431,3,39666.6666667,16607.5344332,343,0.0202310886306,41000.0,-5.37532981089e-17,1.03751267413,0.75588232601,39000.0,-0.0202310886306
3559.02608401,0.0088517098639,-2.57748349783e-19,2.94971209429,3,40000.0,16395.9370828,344,0.0296950089061,43000.0,1.50620257007e-16,1.08170757043,0.864586987259,35000.0,-0.0296950089061
1414.21356237,0.00919152568774,-2.05373947388e-18,2.54188909021,3,40000.0,12980.5802518,345,0.0217254014721,41000.0,8.87253233846e-17,0.9329075409,0.768120621878,38000.0,-0.0217254014721
2828.42712475,0.00715113943065,1.29583405006e-19,2.70522237768,3,40000.0,15155.4256217,346,0.0185219293923,42000.0,9.69594774839e-17,0.995184118781,0.7297126477,36000.0,-0.0185219293923
471.404520791,0.00694335877759,-5.07744872264e-18,2.80160580767,3,39666.6666667,20203.4248391,347,0.0233678970271,40000.0,-9.76071075816e-18,1.03019275553,0.79455351048,39000.0,-0.0233678970271
2357.02260396,0.00908243182951,7.96226547314e-19,2.67793656212,3,37666.6666667,16442.6354333,348,0.0256172087786,41000.0,6.17677205679e-17,0.985046558461,0.610550801727,36000.0,-0.0256172087786
816.496580928,0.00639451202225,1.23680056264e-18,2.7200620843,3,35000.0,13985.3353305,349,0.0204388797936,36000.0,2.31527759927e-17,1.00065470516,0.35589206127,34000.0,-0.0204388797936
4189.93502999,0.00895034227956,-6.46149545583e-19,2.83593512757,3,37666.6666667,20417.5574594,350,0.0217211830692,42000.0,-7.38298311376e-17,1.04237173378,0.591931374787,32000.0,-0.0217211830692
4966.55480858,0.00834988509472,1.89536124624e-18,2.84707054036,3,36000.0,19147.1266632,351,0.0237059150631,40000.0,-5.24580379135e-17,1.04629058507,0.795488483141,29000.0,-0.0237059150631
2449.48974278,0.00884125872025,1.50684612427e-18,2.72004356262,3,36000.0,18843.0781409,352,0.0269212404757,39000.0,-4.76586362967e-17,1.00064789585,0.869357606207,33000.0,-0.0269212404757
2494.43825785,0.0089396174085,1.91863484302e-18,2.76662721037,3,36333.3333333,20951.7906231,353,0.0219811804597,39000.0,-7.49400541622e-18,1.01762896472,0.86667819078,33000.0,-0.0219811804597
3681.78700573,0.00893025959806,1.94718989196e-18,2.76048691467,3,36333.3333333,19827.7005731,354,0.026740418943,41000.0,2.24820162487e-17,1.01540708253,0.885881230106,32000.0,-0.026740418943
2828.42712475,0.00998360182626,-2.31830210964e-18,2.87077292469,3,38000.0,17757.8831648,355,0.021974013731,40000.0,-8.32725092585e-17,1.05458130525,0.863651241889,34000.0,-0.021974013731
3299.83164554,0.00655722582064,1.48332335702e-18,2.83383592998,3,40333.3333333,20069.9393292,356,0.0258306641698,44000.0,7.58652400161e-18,1.04163124615,0.839586227598,36000.0,-0.0258306641698
2624.66929134,0.00973086685805,-2.10634832059e-18,2.82328898146,3,38333.3333333,18979.0341652,357,0.0250580255048,42000.0,1.57004039399e-16,1.03790251083,0.778397618459,36000.0,-0.0250580255048
3681.78700573,0.00839753713198,-1.82438106383e-18,2.83771651972,3,39333.3333333,23478.3303795,358,0.0186700974433,44000.0,-1.15740750317e-16,1.04299968641,0.905268724521,35000.0,-0.0186700974433
471.404520791,0.00935472433116,4.96496932578e-18,2.78676067385,3,37666.6666667,20346.1409615,359,0.0278226111719,38000.0,1.82076576039e-16,1.02487987249,0.89607215547,37000.0,-0.0278226111719
471.404520791,0.00639910713573,2.12816803381e-19,2.81793254682,3,40333.3333333,21548.8558608,360,0.0240857986245,41000.0,1.5883128146e-16,1.03600347665,0.893581134927,40000.0,-0.0240857986245
2054.80466766,0.00654197788993,1.38161860708e-18,2.7540737677,3,40666.6666667,23807.8455304,361,0.0248933942506,43000.0,2.50910403565e-16,1.01308118561,0.922211502723,38000.0,-0.0248933942506
1885.61808316,0.0096993364294,3.24006535863e-18,2.77874082629,3,38666.6666667,19947.1508726,362,0.0234856907473,40000.0,1.82261613209e-17,1.02199788491,0.60392984668,36000.0,-0.0234856907473
3741.65738677,0.00943471720386,-7.40515409021e-19,2.68734127577,3,38000.0,18701.1350004,363,0.0243744685366,42000.0,1.01585406753e-16,0.98855233153,0.837570168534,33000.0,-0.0243744685366
2943.92028878,0.00663090764915,1.84755799213e-18,2.66259726818,3,38000.0,19570.5747241,364,0.0212696949732,42000.0,1.14954342341e-16,0.979302063016,0.904487765557,35000.0,-0.0212696949732
3399.3463424,0.00636081286653,-5.0617171848e-18,2.68236829951,3,39333.3333333,23207.7817506,365,0.0178686599204,44000.0,-1.18238752123e-16,0.986700098143,0.938619209248,36000.0,-0.0178686599204
816.496580928,0.00687131678861,-4.19263302148e-18,2.83041634946,3,40000.0,18143.7652344,366,0.0200358195461,41000.0,-1.30983187259e-16,1.04042382078,0.608440710367,39000.0,-0.0200358195461
816.496580928,0.00718767539061,-6.52752658959e-19,2.82356170624,3,39000.0,19873.6395022,367,0.0206962237596,40000.0,-1.47104550763e-17,1.03799910441,0.873048348982,38000.0,-0.0206962237596
2054.80466766,0.00675426331674,3.63206441962e-18,2.81914283635,3,38333.3333333,19967.4268638,368,0.0160868952236,41000.0,3.10862446895e-17,1.03643288,0.888989973002,36000.0,-0.0160868952236
2054.80466766,0.00686288416643,3.60621773342e-18,2.79221055391,3,40666.6666667,21000.5339557,369,0.0223013319758,43000.0,1.405357312e-16,1.02683359535,0.927087664723,38000.0,-0.0223013319758
1247.21912892,0.00954031430349,1.42762980294e-18,2.76845321638,3,36666.6666667,17354.8865077,370,0.0223835539831,38000.0,-2.92358729818e-17,1.01828875859,0.919333788037,35000.0,-0.0223835539831
816.496580928,0.00743329470826,-1.83996100645e-18,2.63076389139,3,42000.0,22363.5639823,371,0.029794583779,43000.0,2.34158757199e-17,0.967274257017,0.867889231928,41000.0,-0.029794583779
5887.84057755,0.0066833997588,-6.746208849e-19,2.63711576617,3,36000.0,18322.9528662,372,0.0215257588165,42000.0,-2.02985776336e-16,0.969685807119,0.834253703283,28000.0,-0.0215257588165
3265.98632371,0.00895761746684,9.57737409622e-19,2.60580986988,3,37000.0,21102.3735031,373,0.0338896009293,41000.0,-4.92661467177e-17,0.957743517436,0.899522255948,33000.0,-0.0338896009293
816.496580928,0.0068470708125,1.99219846289e-18,2.77573770915,3,40000.0,21328.5538579,374,0.0201934677416,41000.0,3.31679128607e-17,1.020916553,0.909778079303,39000.0,-0.0201934677416
1885.61808316,0.00722222928211,4.01469002469e-18,2.57363961343,3,36666.6666667,21634.4001925,375,0.0202263559924,38000.0,1.96694512529e-16,0.94532108905,0.895027072461,34000.0,-0.0202263559924
1699.6731712,0.00655406921148,1.36729493303e-18,2.71947859207,3,40333.3333333,19578.8184292,376,0.0182554635134,42000.0,1.62615869844e-16,1.00044016784,0.840675070183,38000.0,-0.0182554635134
471.404520791,0.00818160217085,-2.28810481571e-18,2.62582762145,3,36666.6666667,18222.8511981,377,0.0199680007942,37000.0,-1.32949207199e-16,0.965396130713,0.627383296368,36000.0,-0.0199680007942
1414.21356237,0.0077192990383,-3.64815677374e-18,2.67215372843,3,41000.0,21495.4440758,378,0.0223370106717,43000.0,1.00937776656e-16,0.982884787114,0.450963643431,40000.0,-0.0223370106717
2054.80466766,0.00987185936989,4.22414500276e-19,2.60634353806,3,36666.6666667,15601.2674324,379,0.027190885001,39000.0,-6.43004168429e-18,0.957948295823,0.287190952981,34000.0,-0.027190885001
1247.21912892,0.00831543434562,-1.16368965042e-19,2.62386015104,3,36333.3333333,18783.239938,380,0.0222021969327,38000.0,2.96984659087e-17,0.964646573566,0.78889475088,35000.0,-0.0222021969327
2494.43825785,0.00656489530901,1.82922657125e-18,2.61184659891,3,38333.3333333,18847.8383227,381,0.0236474370474,41000.0,1.38083988688e-16,0.960057480329,0.849771625232,35000.0,-0.0236474370474
1247.21912892,0.00953516805604,1.60049762003e-18,2.63082993735,3,37333.3333333,21192.1505186,382,0.0254632556705,39000.0,2.51835589419e-16,0.967299361941,0.953130588238,36000.0,-0.0254632556705
2357.02260396,0.00990340583804,4.38052228442e-19,2.68556371106,3,39666.6666667,20794.0110238,383,0.0249757601048,43000.0,4.8017145815e-17,0.987890654177,0.858517951048,38000.0,-0.0249757601048
471.404520791,0.00786640074562,1.56376388065e-18,2.70244940784,3,38333.3333333,19745.724284,384,0.0185457209397,39000.0,-4.42470134606e-17,0.994158549852,0.866379289101,38000.0,-0.0185457209397
471.404520791,0.00938320254163,4.70105961053e-19,2.73841545578,3,40666.6666667,21188.7471652,385,0.0241236507434,41000.0,1.43993613329e-16,1.00737945231,0.88838583156,40000.0,-0.0241236507434
942.809041582,0.00855776659074,-5.86138161847e-19,2.7490029345,3,39333.3333333,20253.9141942,386,0.0240780891345,40000.0,-2.51604292956e-16,1.01123827666,0.874336962481,38000.0,-0.0240780891345
471.404520791,0.00649008486748,-1.69670709665e-18,2.67811971474,3,41333.3333333,22714.2500259,387,0.0191362099906,42000.0,-2.12700227801e-16,0.985114949309,0.914545080515,41000.0,-0.0191362099906
816.496580928,0.00697846720824,-3.10454794626e-18,2.65411983593,3,39000.0,20481.4917085,388,0.0230439211356,40000.0,-1.98914958579e-16,0.976113087841,0.922288714583,38000.0,-0.0230439211356
816.496580928,0.00943077190768,-1.00011432946e-18,2.75942207327,3,42000.0,21779.2599799,389,0.0249771762304,43000.0,1.88599136308e-16,1.01502126406,0.860023568179,41000.0,-0.0249771762304
816.496580928,0.00691917151898,1.6050548572e-18,2.80530036473,3,38000.0,20800.0392015,390,0.0238274355077,39000.0,-9.15008809462e-17,1.03151061514,0.823895639848,37000.0,-0.0238274355077
3091.20616517,0.00680098663616,2.27590335202e-18,2.78796042475,3,36333.3333333,21056.3259597,391,0.0190806142157,39000.0,-3.21039491287e-17,1.02531029795,0.924195728144,32000.0,-0.0190806142157
816.496580928,0.00830875762206,3.31162184162e-18,2.81466479249,3,37000.0,19439.1419811,392,0.0203737002502,38000.0,5.09314812547e-17,1.03484317546,0.747774867219,36000.0,-0.0203737002502
1247.21912892,0.00663771157864,3.39830774044e-18,2.81442743469,3,38333.3333333,20079.2026812,393,0.0233913939069,40000.0,8.40531348227e-17,1.03475884293,0.849145697095,37000.0,-0.0233913939069
2054.80466766,0.00997264453476,-6.89022826084e-19,2.77040759088,3,38666.6666667,18688.7968293,394,0.0241341955951,41000.0,-1.58206781009e-17,1.0189944541,0.863630188143,36000.0,-0.0241341955951
2828.42712475,0.00928980194111,-1.66466283591e-18,2.86864953763,3,39000.0,19986.8430222,395,0.0216857700099,41000.0,-7.02678656002e-17,1.05384137465,0.704149235769,35000.0,-0.0216857700099
2160.24689947,0.00981744702732,2.81683994232e-18,2.75273296415,3,37000.0,17957.5712324,396,0.0250500468004,39000.0,1.367424692e-16,1.01259422333,0.780973359748,34000.0,-0.0250500468004
3299.83164554,0.00974170240926,3.08626702038e-18,2.75395717142,3,37333.3333333,17518.399627,397,0.0298982841424,42000.0,-7.02447359539e-17,1.01303884878,0.867447843258,35000.0,-0.0298982841424
1247.21912892,0.00893821760353,-3.01005487845e-18,2.8837516729,3,38666.6666667,16740.0417808,398,0.013364382983,40000.0,-9.7098255362e-17,1.05909211062,0.781684234983,37000.0,-0.013364382983
1699.6731712,0.00754824214994,-1.6203221277e-19,2.92933845303,3,36333.3333333,20211.522971,399,0.0164078192712,38000.0,4.18762247101e-17,1.07477661359,0.649442275085,34000.0,-0.0164078192712
4320.49379894,0.00858298264007,-2.83408986958e-18,2.92890884409,3,40000.0,19202.4313842,400,0.0171713219264,46000.0,-6.67174648861e-17,1.07462994551,0.778510373144,36000.0,-0.0171713219264
1699.6731712,0.00983954522117,-1.89958527366e-18,2.92914599966,3,38333.3333333,19146.4420418,401,0.0184431865728,40000.0,1.82724206136e-17,1.07471091285,0.812225705412,36000.0,-0.0184431865728
2160.24689947,0.00993596728881,-3.75884292336e-18,2.81825595356,3,34000.0,16897.6373883,402,0.0255216803528,37000.0,2.94209101526e-17,1.03611823744,0.799526112641,32000.0,-0.0255216803528
471.404520791,0.00979564095071,1.71372395912e-18,2.75699486301,3,38666.6666667,20304.2650707,403,0.0304059506843,39000.0,1.68661381158e-16,1.01414126879,0.852005640993,38000.0,-0.0304059506843
2160.24689947,0.00643283275372,-7.66550932431e-19,2.86258877276,3,37000.0,19180.6388506,404,0.0201641333052,40000.0,-3.70074341542e-17,1.05172638072,0.82460551989,35000.0,-0.0201641333052
3091.20616517,0.00918295928566,6.75603932917e-20,2.70748644102,3,36333.3333333,16254.8463813,405,0.0228855052178,39000.0,8.16476516026e-17,0.996020691949,0.834578863447,32000.0,-0.0228855052178
816.496580928,0.00864351409997,-1.876713177e-18,2.72338617898,3,35000.0,19187.4209244,406,0.0213726618666,36000.0,6.55031584529e-17,1.00187602478,0.855948062782,34000.0,-0.0213726618666
3681.78700573,0.00669205086145,-2.87981810264e-18,2.75900990435,3,41333.3333333,20452.0338364,407,0.0246279100948,46000.0,-3.31447832143e-17,1.01487188506,0.816512781792,37000.0,-0.0246279100948
2449.48974278,0.00998027219229,-1.62784311027e-18,2.81146288874,3,36000.0,22620.8261119,408,0.0197070874056,39000.0,-1.97989772725e-17,1.03370494886,0.50474731661,33000.0,-0.0197070874056
942.809041582,0.00828713859923,4.77733579257e-19,2.86986156746,3,38666.6666667,19881.2254092,409,0.0201409348371,40000.0,1.35337343184e-17,1.05426379427,0.696712732207,38000.0,-0.0201409348371
2160.24689947,0.00912381332911,8.27190541527e-19,2.73752024041,3,39000.0,19041.5438528,410,0.0173438650954,42000.0,-2.02962646689e-17,1.00705248887,0.856107825501,37000.0,-0.0173438650954
471.404520791,0.00896017936934,-1.83798905773e-19,2.74486882907,3,40333.3333333,20029.4824144,411,0.0192406337652,41000.0,1.21985754831e-16,1.00973328842,0.827964162875,40000.0,-0.0192406337652
2054.80466766,0.00862269166956,3.03790158544e-18,2.68745505632,3,39666.6666667,15704.8159823,412,0.0237340042404,42000.0,-1.38315285151e-17,0.988594670084,0.852044011795,37000.0,-0.0237340042404
3299.83164554,0.00739031085596,1.93627086043e-18,2.81922786582,3,36666.6666667,18979.8447409,413,0.0184616663174,41000.0,-1.65376971376e-16,1.03646304101,0.746436668748,33000.0,-0.0184616663174
3299.83164554,0.00973780644671,9.80408769525e-19,2.74345804162,3,37666.6666667,20551.3366496,414,0.0245650667379,42000.0,5.57887069874e-17,1.00921918366,0.858687123807,34000.0,-0.0245650667379
816.496580928,0.0067189581286,-1.70895942145e-18,2.75964894897,3,37000.0,17976.5063483,415,0.0203471628589,38000.0,-7.66979072845e-17,1.01510347924,0.886333942418,36000.0,-0.0203471628589
1247.21912892,0.00876591106228,-1.14106852924e-19,2.71967793167,3,40333.3333333,20122.4513977,416,0.0283293182198,42000.0,-3.94591766669e-17,1.00051346582,0.920855051052,39000.0,-0.0283293182198
3265.98632371,0.00645456070483,5.66675373863e-18,2.74340374469,3,39000.0,20060.8589809,417,0.0183332066929,43000.0,1.0926444934e-16,1.00919939204,0.922331379045,35000.0,-0.0183332066929
942.809041582,0.00883084918377,2.06702502675e-18,2.71359882272,3,37666.6666667,20165.9229732,418,0.0249892396413,39000.0,8.53021357254e-17,0.998275732772,0.939957920452,37000.0,-0.0249892396413
4027.6819912,0.00977774997249,-2.50565513264e-18,2.67183199857,3,38666.6666667,20595.1427888,419,0.0226338552883,42000.0,1.78098276867e-17,0.98276437891,0.891767570943,33000.0,-0.0226338552883
1885.61808316,0.00820611160553,7.58744768476e-20,2.66465184786,3,40333.3333333,19858.6769474,420,0.0247140608133,43000.0,1.31191354077e-16,0.980073410383,0.91208815756,39000.0,-0.0247140608133
1699.6731712,0.00676718062932,6.97055812826e-19,2.69819281903,3,39333.3333333,21172.982209,421,0.0261710407097,41000.0,-4.60372480878e-16,0.992582222626,0.69811857891,37000.0,-0.0261710407097
2943.92028878,0.00969948545982,3.47592876698e-18,2.60504941831,3,36000.0,18891.0383647,422,0.0203917231991,40000.0,-4.66756263269e-17,0.957451645585,0.839853920476,33000.0,-0.0203917231991
5185.4497287,0.00687225996113,1.75710226153e-18,2.6326264369,3,40333.3333333,20817.1447222,423,0.0184211439412,44000.0,8.96389444153e-17,0.967981993083,0.797999653616,33000.0,-0.0184211439412
2357.02260396,0.00600618050739,2.32198216208e-18,2.67784425107,3,35333.3333333,14807.3114356,424,0.0268281392098,37000.0,-6.92270315146e-17,0.985012086905,0.81649022769,32000.0,-0.0268281392098
1414.21356237,0.00748245498323,-3.67131801267e-18,2.71635369373,3,37000.0,20200.7660365,425,0.0235496973929,39000.0,8.41919127007e-18,0.999290427185,0.716060948813,36000.0,-0.0235496973929
816.496580928,0.00686488449853,1.09625452468e-18,2.71603595307,3,37000.0,18775.0485569,426,0.0246886355534,38000.0,3.47869881049e-17,0.999173447115,0.865132285211,36000.0,-0.0246886355534
2867.44175568,0.0090405886883,2.80689292592e-19,2.72625401164,3,37666.6666667,18474.0531259,427,0.028788770487,41000.0,-5.00386769057e-16,1.00292851002,0.825865080813,34000.0,-0.028788770487
3299.83164554,0.00838396443361,1.43412065855e-18,2.71290161767,3,38333.3333333,18859.1278924,428,0.0263495742432,42000.0,3.22658566532e-17,0.99801876972,0.879498859296,34000.0,-0.0263495742432
2160.24689947,0.00932551236554,-2.84584631853e-18,2.65411927869,3,40000.0,18133.7828867,429,0.0272368955396,43000.0,1.30721533135e-16,0.976112877889,0.638459109371,38000.0,-0.0272368955396
2054.80466766,0.00652317183233,-3.46319314084e-19,2.64736190429,3,36333.3333333,17010.3475524,430,0.0236025049131,39000.0,6.66133814775e-18,0.973563636335,0.876103885325,34000.0,-0.0236025049131
471.404520791,0.00927431613392,-6.80733858477e-19,2.71107000657,3,39333.3333333,21863.1031047,431,0.0167199871866,40000.0,-1.92045453614e-16,0.997343393338,0.887469225694,39000.0,-0.0167199871866
3741.65738677,0.00953475130911,-6.21700020998e-19,2.80888635626,3,37000.0,20180.1710865,432,0.0234150348072,41000.0,-2.67610008227e-17,1.03278809029,0.897080448799,32000.0,-0.0234150348072
2054.80466766,0.00831560377442,1.59766211604e-18,2.72387734077,3,37666.6666667,18093.2587603,433,0.0200539548319,40000.0,1.44039872622e-16,1.00205635819,0.862061615666,35000.0,-0.0200539548319
471.404520791,0.00630821820528,1.20282791563e-18,2.79397751317,3,39333.3333333,19062.2078767,434,0.0145206660539,40000.0,2.07241631263e-17,1.02746621255,0.848108085233,39000.0,-0.0145206660539
1885.61808316,0.00836547054789,6.40194969945e-19,2.68068214347,3,37666.6666667,20735.828315,435,0.0124049956011,39000.0,-1.49833849032e-16,0.986071293279,0.846755076373,35000.0,-0.0124049956011
942.809041582,0.00679677790024,1.14526262246e-18,2.68598502631,3,37666.6666667,21468.408131,436,0.0231667308262,39000.0,4.90348502543e-17,0.98804752337,0.930039830274,37000.0,-0.0231667308262
5792.71573233,0.00883022739509,1.0824864007e-19,2.70743364527,3,38666.6666667,15232.8759725,437,0.0211712920897,45000.0,1.43820140982e-16,0.996001191845,0.726772865124,31000.0,-0.0211712920897
2160.24689947,0.00878044959266,7.39586406723e-19,2.58354100982,3,39000.0,18861.1183704,438,0.0257601761626,41000.0,-2.16493489802e-17,0.949160942366,0.839549518174,36000.0,-0.0257601761626
1699.6731712,0.00998343916384,1.6583807394e-18,2.61945259292,3,38666.6666667,21022.8681681,439,0.0208767745621,41000.0,7.62815736503e-17,0.962965361943,0.828386902699,37000.0,-0.0208767745621
816.496580928,0.00716248653395,6.46342934979e-19,2.53491955978,3,37000.0,19867.1366248,440,0.011668790369,38000.0,1.79486055648e-16,0.930161904699,0.898935210273,36000.0,-0.011668790369
2494.43825785,0.00652822951984,2.14624788034e-18,2.59883320524,3,41333.3333333,19160.7132945,441,0.0137506079265,44000.0,-2.78365293778e-17,0.955062577084,0.837181631001,38000.0,-0.0137506079265
0.0,0.006496044879,-1.66328325905e-18,2.52556316638,3,38000.0,15790.1597373,442,0.020434538856,38000.0,-3.17338747872e-17,0.92646407405,0.687583894995,38000.0,-0.020434538856
1699.6731712,0.00928019896271,-6.51233854157e-19,2.60205061789,3,39666.6666667,17002.6579424,443,0.0275146402186,42000.0,1.44216236175e-16,0.956299833356,0.701517020548,38000.0,-0.0275146402186
1699.6731712,0.00733425054314,1.67853754311e-19,2.65703586379,3,38666.6666667,17643.6286725,444,0.0196562119457,41000.0,-1.02418074022e-16,0.977211164538,0.81903611312,37000.0,-0.0196562119457
3559.02608401,0.00872744441309,2.15278113239e-18,2.77477303035,3,40000.0,20603.1562519,445,0.0254628009775,45000.0,2.31296463464e-19,1.02056895299,0.800823319647,37000.0,-0.0254628009775
1885.61808316,0.00996231856156,-5.04782745061e-21,2.70801012185,3,37666.6666667,18040.0252967,446,0.0249997236637,39000.0,-5.82867087928e-17,0.996214092803,0.873399890486,35000.0,-0.0249997236637
1699.6731712,0.00991432072838,-3.64173292456e-18,2.80143095325,3,39333.3333333,22506.1411668,447,0.0210800994158,41000.0,-9.67744403132e-17,1.03013034137,0.892751326534,37000.0,-0.0210800994158
3858.61230093,0.00675360428203,-4.82601767515e-18,2.80080536953,3,39333.3333333,17303.2594683,448,0.0194422395466,43000.0,-6.49249172942e-17,1.0299070078,0.81719885831,34000.0,-0.0194422395466
1247.21912892,0.00672504838585,2.24690667331e-18,2.97450954451,3,39666.6666667,22711.5566628,449,0.0173232380878,41000.0,1.88344710198e-16,1.09007916642,0.868150705236,38000.0,-0.0173232380878
1699.6731712,0.00745256294742,1.01610660952e-18,2.78653238826,3,42333.3333333,20387.5157589,450,0.0168670728172,44000.0,3.78863607153e-17,1.02479795124,0.851339791565,40000.0,-0.0168670728172
3265.98632371,0.00839211033639,-9.58069020372e-20,2.71963352768,3,38000.0,19431.7264022,451,0.0216722886813,42000.0,5.50716879507e-17,1.00049713876,0.828181210037,34000.0,-0.0216722886813
1247.21912892,0.00874676489532,2.716470548e-18,2.82545765872,3,38333.3333333,17893.6429008,452,0.0239744547993,40000.0,-6.17098964521e-17,1.03867035457,0.762617457217,37000.0,-0.0239744547993
2624.66929134,0.007501526575,-1.12908651715e-18,2.7793791236,3,36666.6666667,19783.73195,453,0.0202727701065,39000.0,-9.19403442268e-17,1.02222756593,0.772395506036,33000.0,-0.0202727701065
2357.02260396,0.00856546921683,3.46340051937e-18,2.76520842834,3,41333.3333333,19500.6787924,454,0.0251846999779,43000.0,6.80011602583e-18,1.01711601309,0.873802411304,38000.0,-0.0251846999779
3399.3463424,0.00919533650693,2.72489793416e-19,2.76125955307,3,38333.3333333,19003.8190616,455,0.0177160630278,43000.0,3.46019509342e-17,1.01568693544,0.863672006675,35000.0,-0.0177160630278
1247.21912892,0.00658177625999,3.21558374743e-19,2.77995046252,3,35333.3333333,20584.7350344,456,0.0167062421827,37000.0,-4.61667741073e-17,1.02243310831,0.870074625573,34000.0,-0.0167062421827
2160.24689947,0.00965545706481,8.77732729475e-19,2.90140912942,3,39000.0,21388.0822764,457,0.0251741567338,42000.0,3.73647871902e-16,1.06519652568,0.881049679864,37000.0,-0.0251741567338
1247.21912892,0.00658986528328,-5.32499610726e-19,2.73897757431,3,38333.3333333,21258.5079814,458,0.0168694295484,40000.0,-1.35169653248e-16,1.0075847027,0.851906501575,37000.0,-0.0168694295484
816.496580928,0.00957311153748,2.14683294721e-18,2.86567951364,3,38000.0,18730.8632562,459,0.0220071683227,39000.0,1.08154226316e-16,1.05280549958,0.847478693855,37000.0,-0.0220071683227
2160.24689947,0.00770742587757,9.69643728786e-19,2.76502860181,3,37000.0,20219.6566521,460,0.0224317862265,39000.0,8.75225817746e-17,1.01705097916,0.892718201643,34000.0,-0.0224317862265
1699.6731712,0.00722148463534,-7.41259821433e-20,2.84326444347,3,40333.3333333,22495.032296,461,0.0183365450096,42000.0,3.99911585329e-17,1.04495284398,0.903797854788,38000.0,-0.0183365450096
4189.93502999,0.00679969703341,-3.62238008052e-18,2.81463981078,3,42333.3333333,22215.4984054,462,0.0177621475143,48000.0,4.9485878358e-17,1.03483429986,0.837139643583,38000.0,-0.0177621475143
2160.24689947,0.0083694437103,-9.22335338856e-19,2.96378945058,3,38000.0,20117.841894,463,0.0266194740815,40000.0,4.14390743941e-16,1.08646866934,0.88689442387,35000.0,-0.0266194740815
1247.21912892,0.00855585180476,1.10402200506e-18,3.08670786469,3,39666.6666667,18882.8487111,464,0.0160518327713,41000.0,-7.28815156374e-17,1.12710510699,0.746903077902,38000.0,-0.0160518327713
1414.21356237,0.00648980370216,-2.32219048978e-18,2.84929268394,3,42000.0,23288.1515156,465,0.0164791519332,44000.0,8.04217803463e-17,1.0470707824,0.849942522461,41000.0,-0.0164791519332
2160.24689947,0.00725934233228,-3.31903126086e-18,2.86635909662,3,42000.0,20513.9207888,466,0.014917528787,44000.0,1.19146590742e-17,1.05304261696,0.798614361983,39000.0,-0.014917528787
3771.23616633,0.00661039332582,-4.63604553026e-18,2.77516171065,3,38666.6666667,21697.8437426,467,0.0214315243937,44000.0,-2.22969790779e-17,1.02070901961,0.90903504113,36000.0,-0.0214315243937
1632.99316186,0.00675271253306,1.40368282354e-18,2.83823063792,3,39000.0,22151.8073283,468,0.0211828833205,41000.0,1.78884684843e-16,1.0431808432,0.901653852479,37000.0,-0.0211828833205
4496.91252108,0.00799755053181,3.52609427923e-18,2.85499815899,3,39666.6666667,22058.7619004,469,0.0213543422763,45000.0,-3.43012655316e-17,1.04907119827,0.881627862889,34000.0,-0.0213543422763
816.496580928,0.0070507498496,2.18856981473e-18,2.78199500909,3,40000.0,20176.7265831,470,0.0189673354689,41000.0,-2.23432383706e-17,1.0231682995,0.750793081986,39000.0,-0.0189673354689
2160.24689947,0.0084670631504,-9.04195494863e-20,2.87806187953,3,35000.0,19874.3472764,471,0.019957967305,38000.0,-6.88338275268e-17,1.05711710911,0.864347636784,33000.0,-0.019957967305
2624.66929134,0.00925816739857,-3.28530837146e-18,2.78125600682,3,41333.3333333,21751.9688424,472,0.0228420663498,45000.0,1.88437228784e-16,1.02290262669,0.819935059367,39000.0,-0.0228420663498
2624.66929134,0.00900819004176,2.27995227757e-19,2.77512704037,3,41666.6666667,18352.9712839,473,0.0163373155652,44000.0,1.16573417586e-17,1.02069652646,0.773415929492,38000.0,-0.0163373155652
471.404520791,0.00897847175049,1.25243387298e-18,2.72702487453,3,38333.3333333,20848.4727664,474,0.0229268297923,39000.0,-1.49324996812e-16,1.00321122539,0.844362167356,38000.0,-0.0229268297923
2943.92028878,0.00992581318376,-1.50543010626e-18,2.77097079527,3,42000.0,22349.9902497,475,0.0229809591075,46000.0,7.1152574573e-18,1.01919772641,0.886066585291,39000.0,-0.0229809591075
2054.80466766,0.00942674671717,-6.25104391331e-19,2.68319422218,3,40666.6666667,21395.2451471,476,0.0306283625104,43000.0,1.01862962509e-16,0.987007958751,0.897188425265,38000.0,-0.0306283625104
1699.6731712,0.00682401934625,2.16787583067e-18,2.73937845154,3,37333.3333333,20640.1288229,477,0.0220750846655,39000.0,1.15879528195e-16,1.00773105217,0.717247646845,35000.0,-0.0220750846655
2449.48974278,0.00838850441477,-5.47210663221e-18,2.72767692216,3,41000.0,16445.4683495,478,0.0223074915412,44000.0,6.94351983318e-17,1.00345030267,0.408755986297,38000.0,-0.0223074915412
2054.80466766,0.00919303684243,-4.16558047684e-18,2.7109667553,3,37666.6666667,20023.5959762,479,0.023753169731,40000.0,1.60889819985e-16,0.99730530755,0.601080961092,35000.0,-0.023753169731
1699.6731712,0.00907981963629,-4.43501509721e-18,2.72133301023,3,38666.6666667,19889.1404839,480,0.0340487754176,41000.0,-1.36464913444e-16,1.00112183755,0.797080735086,37000.0,-0.0340487754176
1699.6731712,0.00938685518702,7.53861898259e-19,2.87855001112,3,38333.3333333,16564.3585686,481,0.0357858829769,40000.0,-4.2506507573e-17,1.057286699,0.627962423423,36000.0,-0.0357858829769
3299.83164554,0.00977464392775,-4.17313411428e-18,2.82220467387,3,35666.6666667,15806.2472804,482,0.0282153819287,40000.0,-8.41919127007e-17,1.03751837875,0.779404721902,32000.0,-0.0282153819287
1699.6731712,0.00948983053876,-7.0595262062e-19,2.75417098459,3,38333.3333333,17920.9925134,483,0.0192691850906,40000.0,-2.53778479712e-16,1.01311648429,0.858218458522,36000.0,-0.0192691850906
816.496580928,0.00658109149452,3.1682072568e-18,2.60563652857,3,41000.0,20832.6984569,484,0.0172481905773,42000.0,4.01068067646e-17,0.957676994138,0.837740195321,40000.0,-0.0172481905773
2624.66929134,0.00767250018884,-7.87520232833e-19,2.74657515451,3,40333.3333333,20382.3347042,485,0.0267230836847,44000.0,1.09565496143e-16,1.01035473716,0.840613676272,38000.0,-0.0267230836847
2054.80466766,0.00955408747304,1.31771137584e-18,2.63814097324,3,37666.6666667,21167.9389668,486,0.0252302404312,40000.0,-4.17721413015e-17,0.970074492307,0.812824351149,35000.0,-0.0252302404312
5715.47606649,0.00646128325091,2.31276883613e-18,2.72009578734,3,39000.0,21124.1225226,487,0.0185741605339,46000.0,7.70217223334e-17,1.00066709562,0.82657728909,32000.0,-0.0185741605339
2624.66929134,0.00680695843606,-2.66032798958e-18,2.67582530202,3,38666.6666667,19344.7444659,488,0.0190070638192,41000.0,-2.83916408902e-17,0.984257856885,0.782895654452,35000.0,-0.0190070638192
2054.80466766,0.0069170908671,-2.5785844906e-19,2.70563923875,3,38333.3333333,19175.880162,489,0.0227209122887,41000.0,-9.67513106668e-17,0.995338201847,0.830089137888,36000.0,-0.0227209122887
1414.21356237,0.00950096612688,8.75591342726e-19,2.65123672023,3,38000.0,17077.2007613,490,0.0262963036697,39000.0,4.46864767412e-17,0.975026218012,0.770779222081,36000.0,-0.0262963036697
471.404520791,0.00758140374924,-2.36659431087e-18,2.76284989467,3,43333.3333333,19927.8273211,491,0.0175991226382,44000.0,-1.33047508196e-16,1.01626271753,0.72387438079,43000.0,-0.0175991226382
471.404520791,0.0096063852807,-5.78279392314e-19,2.81382296662,3,41333.3333333,22039.7394621,492,0.0281382505233,42000.0,1.94751622236e-16,1.03454404507,0.861048502657,41000.0,-0.0281382505233
3559.02608401,0.00845527646438,-1.56412981654e-19,2.77858448574,3,34000.0,19811.6453888,493,0.0230999824451,39000.0,-1.08339263486e-16,1.02194162024,0.839120273375,31000.0,-0.0230999824451
471.404520791,0.00965613318537,-5.26404889166e-19,2.76012855519,3,39333.3333333,20370.397283,494,0.023423223305,40000.0,-6.18024150375e-17,1.01527725661,0.8508148327,39000.0,-0.023423223305
471.404520791,0.00804314327971,-6.96097169422e-19,2.87811281316,3,38666.6666667,20860.1114993,495,0.0233822680037,39000.0,-2.68303897618e-18,1.05713480615,0.901508278479,38000.0,-0.0233822680037
2867.44175568,0.00697439897552,1.13975131305e-18,2.87342347065,3,38666.6666667,20708.4271351,496,0.0202772090084,42000.0,5.24580379135e-17,1.05550416581,0.893601984168,35000.0,-0.0202772090084
2357.02260396,0.00813901203471,-6.80575609664e-19,2.79288674567,3,35333.3333333,17495.0069386,497,0.0194629746798,37000.0,-6.7446048746e-17,1.02707573679,0.81862533707,32000.0,-0.0194629746798
2943.92028878,0.00653306930751,1.39770626347e-18,2.67955861724,3,38000.0,19196.4841753,498,0.0154299997602,41000.0,4.32524386677e-17,0.9856520859,0.802901794717,34000.0,-0.0154299997602
2160.24689947,0.00652558822346,-5.24719518624e-19,2.68428564916,3,38000.0,19178.894394,499,0.0140307422428,41000.0,-3.1095496548e-16,0.987414640107,0.83357311012,36000.0,-0.0140307422428
