AverageReturn,LossAfter,ExplainedVariance,AverageDiscountedReturn,MeanKL,NumTrajs,MeanKLBefore,Entropy,LossBefore,Iteration,MaxReturn,StdReturn,MinReturn,Perplexity,dLoss
0.0,-0.0,1,0.0,0.0337679191205,3,0.0337679191205,1.64926053895,-0.0,0,0.0,0.0,0.0,5.20313089166,0.0
0.0,-0.0,1,0.0,0.0246468647192,3,0.0246468647192,1.61342536686,-0.0,1,0.0,0.0,0.0,5.01997707448,0.0
3.0,0.00246814937551,1.00594206298e-08,0.315466389935,0.0192747994603,3,0.0192747994603,1.6320508376,0.00246814937551,2,6.0,2.44948974278,0.0,5.11435267732,0.0
0.0,0.0038434605883,0,0.0,0.0288471655011,3,0.0288471655011,1.63607797631,0.0038434605883,3,0.0,0.0,0.0,5.13499041259,0.0
3.0,0.00216875968939,1.66184193073e-08,0.832036478559,0.0234543755446,3,0.0234543755446,1.55088950813,0.00216875968939,4,4.0,0.816496580928,2.0,4.71566293808,0.0
2.0,-0.00199046918479,0.142112876841,0.748919784823,0.0249811270275,3,0.0249811270275,1.60533621528,-0.00199046918479,5,5.0,2.16024689947,0.0,4.97953351656,0.0
1.66666666667,-0.0180570524619,-0.251809520217,0.0992730851491,0.0331699318108,3,0.0331699318108,1.62551770755,-0.0180570524619,6,5.0,2.35702260396,0.0,5.08104885374,0.0
3.33333333333,-0.00690620550874,-0.28266650638,0.640978086304,0.0139021566232,3,0.0139021566232,1.66448499282,-0.00690620550874,7,6.0,2.05480466766,1.0,5.28295179091,0.0
1.0,-0.0123126728007,-2.47026100601,0.0711375524203,0.0223383780971,3,0.0223383780971,1.66321773174,-0.0123126728007,8,3.0,1.41421356237,0.0,5.27626115203,0.0
1.33333333333,-0.00479171769016,-0.753463685586,0.639823515159,0.0246700759092,3,0.0246700759092,1.63488812763,-0.00479171769016,9,4.0,1.88561808316,0.0,5.12888418448,0.0
1.33333333333,-0.00796716626802,0.0138584105819,0.170343612326,0.0198055379812,3,0.0198055379812,1.64038717285,-0.00796716626802,10,2.0,0.942809041582,0.0,5.15716584037,0.0
2.0,0.00573308459765,-0.791494791619,0.498432033089,0.0197855396222,3,0.0197855396222,1.62864262023,0.00573308459765,11,2.0,0.0,2.0,5.096951522,0.0
4.0,-0.0107402438324,-0.0102304219259,0.410176540835,0.0338847437527,3,0.0338847437527,1.68364613462,-0.0107402438324,12,7.0,2.94392028878,0.0,5.38515521957,0.0
5.33333333333,-0.0154393210468,-0.0643913950106,2.04396251397,0.00997189986674,3,0.00889307825436,1.6094616814,0.0055833747979,13,8.0,2.05480466766,3.0,5.00011884625,0.0210226958447
1.33333333333,-0.00796350403634,-0.238121683103,0.278552832004,0.0280269402168,3,0.0280269402168,1.66370336549,-0.00796350403634,14,4.0,1.88561808316,0.0,5.27882410477,0.0
2.33333333333,-0.00113589662183,-0.418823426123,0.102605833029,0.022980233187,3,0.022980233187,1.63873433446,-0.00113589662183,15,3.0,0.942809041582,1.0,5.14864891916,0.0
5.0,0.00015225852269,-0.157770421485,1.6527870298,0.0131047694949,3,0.0131047694949,1.55566312365,0.00015225852269,16,7.0,1.41421356237,4.0,4.73822751434,0.0
4.33333333333,0.0112511957482,-1.20559201711,0.994687748031,0.0183292173438,3,0.0183292173438,1.64096320517,0.0112511957482,17,6.0,1.24721912892,3.0,5.16013739029,0.0
2.0,-0.00617244689977,-0.309410191086,0.157301676393,0.0245190899946,3,0.0245190899946,1.57871178344,-0.00617244689977,18,5.0,2.16024689947,0.0,4.84870560343,0.0
0.0,0.00659563981189,0,0.0,0.0305623554454,3,0.0305623554454,1.66444910488,0.00659563981189,19,0.0,0.0,0.0,5.28276220009,0.0
4.66666666667,0.00579291907841,1.50661159104e-08,0.656332285808,0.0164719974878,3,0.0164719974878,1.55469882707,0.00579291907841,20,6.0,1.24721912892,3.0,4.73366066001,0.0
0.333333333333,-0.00364192012106,-18.4163667321,0.00661613926646,0.0227616167335,3,0.0227616167335,1.68121059095,-0.00364192012106,21,1.0,0.471404520791,0.0,5.37205539789,0.0
6.66666666667,-0.0103776903723,-0.0290854802903,2.12090637684,0.00936684710978,3,0.00815566509338,1.66234113082,0.00542639551039,22,8.0,1.88561808316,4.0,5.27163800329,0.0158040858827
2.66666666667,-0.0240655191689,-1.12187087601,0.344374554405,0.0176128687108,3,0.0176128687108,1.57042601485,-0.0240655191689,23,5.0,2.05480466766,0.0,4.80869633354,0.0
2.0,0.000225158950174,-0.0198096346014,0.20155848364,0.0192345676809,3,0.0192345676809,1.64750024239,0.000225158950174,24,6.0,2.82842712475,0.0,5.19397989484,0.0
3.33333333333,-0.0326682874118,-0.0477829891891,0.501531606198,0.0145614389774,3,0.0145614389774,1.57837847636,-0.0326682874118,25,7.0,2.86744175568,0.0,4.84708976483,0.0
3.0,0.00946096513802,0.177584906153,0.495326674908,0.0107361134368,3,0.0107361134368,1.60652710487,0.00946096513802,26,5.0,2.16024689947,0.0,4.98546712365,0.0
1.66666666667,-0.00377200452842,-0.305772441967,0.20703494216,0.0176229700537,3,0.0176229700537,1.59999586206,-0.00377200452842,27,4.0,1.6996731712,0.0,4.9530119291,0.0
0.666666666667,0.0169741368204,-0.174101850046,0.138313969314,0.0170954821949,3,0.0170954821949,1.65618862571,0.0169741368204,28,2.0,0.942809041582,0.0,5.2393037937,0.0
0.333333333333,-0.0137627506645,-0.982268052894,0.00792813680503,0.0189219844746,3,0.0189219844746,1.62332706174,-0.0137627506645,29,1.0,0.471404520791,0.0,5.06993025823,0.0
2.33333333333,-0.00843779034553,-0.0433291962711,0.237826849637,0.0216043455215,3,0.0216043455215,1.57176350102,-0.00843779034553,30,4.0,1.6996731712,0.0,4.81513220135,0.0
0.0,-0.00283297665129,0,0.0,0.0192896305918,3,0.0192896305918,1.634201328,-0.00283297665129,31,0.0,0.0,0.0,5.12536287811,0.0
2.0,-0.00246845315143,1.70232093977e-08,0.460538237763,0.0163183778948,3,0.0163183778948,1.70368883207,-0.00246845315143,32,4.0,1.63299316186,0.0,5.49417715355,0.0
3.0,-0.00251788077408,-0.137291222223,0.2008167225,0.02172205959,3,0.02172205959,1.68377079638,-0.00251788077408,33,5.0,2.16024689947,0.0,5.38582658431,0.0
1.66666666667,-0.0149539374194,-1.80711740336,0.508166636758,0.00987341026219,3,0.00924252344056,1.55576461618,-0.000978301218669,34,3.0,1.24721912892,0.0,4.73870843345,0.0139756362007
1.33333333333,-0.0148893638812,-0.502519637534,0.178393899533,0.0199749004034,3,0.0199749004034,1.63995949069,-0.0148893638812,35,4.0,1.88561808316,0.0,5.1549606841,0.0
2.66666666667,-0.00378655211723,-0.0337948039826,0.311636706689,0.0231653425668,3,0.0231653425668,1.57576673012,-0.00378655211723,36,6.0,2.49443825785,0.0,4.83444691351,0.0
2.66666666667,-0.00262446639811,0.308135283972,0.41671003722,0.0142032357241,3,0.0142032357241,1.61152934306,-0.00262446639811,37,4.0,1.88561808316,0.0,5.01046809597,0.0
2.66666666667,-0.00628905842479,-0.224848498791,0.185955021023,0.0165471849561,3,0.0165471849561,1.65557608087,-0.00628905842479,38,4.0,1.88561808316,0.0,5.23609546793,0.0
3.66666666667,-0.0082347078592,-0.167072521628,0.410763720486,0.0178854377582,3,0.0178854377582,1.57295105727,-0.0082347078592,39,5.0,0.942809041582,3.0,4.82085383841,0.0
3.66666666667,-0.0126088179867,-0.953298962971,0.849989769875,0.0121245819456,3,0.0121245819456,1.62558757602,-0.0126088179867,40,5.0,1.24721912892,2.0,5.08140387127,0.0
1.66666666667,-0.00889635929127,-0.58163819648,0.333444096759,0.0202153070577,3,0.0202153070577,1.64523659376,-0.00889635929127,41,4.0,1.6996731712,0.0,5.18223584659,0.0
4.0,0.0050617743725,0.00906957604381,0.783636374414,0.0136974837324,3,0.0136974837324,1.63154593242,0.0050617743725,42,6.0,2.82842712475,0.0,5.11177106599,0.0
4.0,-0.0146942861411,0.0512798184872,0.782252353185,0.0166237940406,3,0.0166237940406,1.63496739258,-0.0146942861411,43,8.0,3.26598632371,0.0,5.12929074135,0.0
5.33333333333,-0.00302128883016,0.216022201585,1.6905110009,0.0105216210215,3,0.0105216210215,1.60701534906,-0.00302128883016,44,6.0,0.942809041582,4.0,4.98790184335,0.0
1.66666666667,-0.0111516083508,-0.128615485968,0.602834150666,0.0142326029982,3,0.0142326029982,1.58584204494,-0.0111516083508,45,5.0,2.35702260396,0.0,4.88340169141,0.0
5.66666666667,0.00312322304033,0.0835748942182,0.495140143524,0.0163306758141,3,0.0163306758141,1.6394608531,0.00312322304033,46,8.0,3.29983164554,1.0,5.15239086768,0.0
2.66666666667,7.18693012916e-05,-1.45486982653,0.483703212919,0.0198739317208,3,0.0198739317208,1.6544553559,7.18693012916e-05,47,8.0,3.77123616633,0.0,5.23023053211,0.0
3.0,-0.0102568452105,0.259435755654,0.664320972813,0.0135190982634,3,0.0135190982634,1.53409983069,-0.0102568452105,48,5.0,2.16024689947,0.0,4.63714943105,0.0
0.0,0.00666937844053,0,0.0,0.0348992908506,3,0.0348992908506,1.62227500139,0.00666937844053,49,0.0,0.0,0.0,5.06459919045,0.0
3.66666666667,-0.00912389446875,7.0356364068e-09,1.03928510231,0.0151511006475,3,0.0151511006475,1.63068183022,-0.00912389446875,50,6.0,2.62466929134,0.0,5.10735588123,0.0
4.33333333333,-0.0139846261573,0.236218631513,1.85740776915,0.0106123765086,3,0.0106123765086,1.66785368369,-0.0139846261573,51,8.0,2.86744175568,1.0,5.30077843176,0.0
4.33333333333,0.0189089429857,0.0433647020335,0.77172964207,0.0106602658424,3,0.0106602658424,1.59041793598,0.0189089429857,52,5.0,0.942809041582,3.0,4.90579880979,0.0
1.0,-0.0125314838914,-1.09128122456,0.107852619144,0.0239542670174,3,0.0239542670174,1.61006094171,-0.0125314838914,53,3.0,1.41421356237,0.0,5.00311611699,0.0
3.0,-0.00867191482003,0.318322427395,0.534108173122,0.0157434427212,3,0.0157434427212,1.58545666301,-0.00867191482003,54,5.0,2.16024689947,0.0,4.88152007924,0.0
5.33333333333,-0.00788987989731,0.000155066996095,0.984341923909,0.00978701174209,3,0.0091286636155,1.68535217413,0.00907624738024,55,10.0,3.68178700573,1.0,5.39435034853,0.0169661272776
7.0,0.0097814941892,0.165317359155,1.29662882762,0.0106322817198,3,0.0106322817198,1.63888834229,0.0097814941892,56,10.0,3.55902608401,2.0,5.14944191245,0.0
3.0,-0.00268388286283,-0.226100866469,0.550251785198,0.010305635019,3,0.010305635019,1.60155320729,-0.00268388286283,57,5.0,2.16024689947,0.0,4.96073148802,0.0
2.33333333333,-0.0206259236505,-2.33415600323,0.318909159989,0.0127440874654,3,0.0127440874654,1.61899569232,-0.0206259236505,58,4.0,1.24721912892,1.0,5.04801800666,0.0
1.33333333333,-0.00831845064598,-0.0295031527732,0.372415396542,0.0111581942436,3,0.0111581942436,1.57394278402,-0.00831845064598,59,4.0,1.88561808316,0.0,4.82563717962,0.0
5.0,-0.00786271932293,0.187019629883,1.09797612637,0.0103681727025,3,0.0103681727025,1.54691698729,-0.00786271932293,60,6.0,0.816496580928,4.0,4.69696702833,0.0
4.0,-0.0012043823476,-0.0640712762638,1.22372749638,0.0128366680623,3,0.0128366680623,1.60014212868,-0.0012043823476,61,6.0,2.82842712475,0.0,4.9537364424,0.0
1.66666666667,0.00487939939331,-0.105399889412,0.202299121465,0.0200203406658,3,0.0200203406658,1.57406489795,0.00487939939331,62,5.0,2.35702260396,0.0,4.82622649311,0.0
3.0,0.00810522037,-0.438648063292,1.07383481063,0.0127979731722,3,0.0127979731722,1.59088909497,0.00810522037,63,4.0,0.816496580928,2.0,4.9081107656,0.0
4.66666666667,-0.031451204448,0.198329684787,1.32981783149,0.0130122660586,3,0.0130122660586,1.55580038857,-0.031451204448,64,8.0,2.49443825785,2.0,4.73887795141,0.0
3.0,0.00737321653123,-1.47508063994,1.26653117178,0.0143059888058,3,0.0143059888058,1.54251088751,0.00737321653123,65,6.0,2.44948974278,0.0,4.67631724884,0.0
2.33333333333,-0.00017050063224,-0.246577383156,0.125784317413,0.0239643816996,3,0.0239643816996,1.64995777713,-0.00017050063224,66,3.0,0.942809041582,1.0,5.20675997816,0.0
4.33333333333,0.0109985524019,-0.165406775483,0.812229403698,0.011249956728,3,0.011249956728,1.64566969024,0.0109985524019,67,8.0,3.29983164554,0.0,5.1844807408,0.0
2.66666666667,-0.0185909710703,-0.297164354912,0.366426243954,0.0157335882305,3,0.0157335882305,1.62299165782,-0.0185909710703,68,5.0,2.05480466766,0.0,5.06823006893,0.0
5.0,-0.0279619554141,0.392158157599,0.897761836572,0.00966186060024,3,0.00815011419694,1.54957018663,-0.000908114970135,69,7.0,1.41421356237,4.0,4.70944556486,0.027053840444
4.0,0.0134583776692,-0.357616848492,0.569062855448,0.01734980542,3,0.01734980542,1.57024010792,0.0134583776692,70,5.0,0.816496580928,3.0,4.80780244665,0.0
3.0,0.00763914543212,0.00717533696856,0.800421120136,0.0190804398072,3,0.0190804398072,1.58373354188,0.00763914543212,71,7.0,2.94392028878,0.0,4.87311587166,0.0
0.0,-0.00307970179132,0,0.0,0.0235447522405,3,0.0235447522405,1.54465521977,-0.00307970179132,72,0.0,0.0,0.0,4.68635558571,0.0
2.0,0.00847931447679,2.0511231269e-08,0.148643754561,0.0161654720791,3,0.0161654720791,1.58690700076,0.00847931447679,73,3.0,1.41421356237,0.0,4.88860506865,0.0
2.33333333333,-0.00162846406252,-0.60728845458,0.351152072083,0.0126107486654,3,0.0126107486654,1.55747138878,-0.00162846406252,74,5.0,1.88561808316,1.0,4.74680323719,0.0
1.0,-0.0139698204974,-0.458427692731,0.107105103035,0.0184824698933,3,0.0184824698933,1.61020239582,-0.0139698204974,75,3.0,1.41421356237,0.0,5.00382387837,0.0
3.0,0.000198002849094,0.191937437281,0.933423679683,0.0133769795576,3,0.0133769795576,1.51810057049,0.000198002849094,76,6.0,2.16024689947,1.0,4.56354881837,0.0
1.0,-0.00902756308575,-1.42785734153,0.300751398343,0.0128752414751,3,0.0128752414751,1.55704458214,-0.00902756308575,77,3.0,1.41421356237,0.0,4.74477770231,0.0
2.0,-0.00240549879267,0.113703343564,0.681670171239,0.0197903833493,3,0.0197903833493,1.62975286033,-0.00240549879267,78,6.0,2.82842712475,0.0,5.10261350446,0.0
3.33333333333,-0.0119058953217,0.0503712390357,0.490112668758,0.0206348974805,3,0.0206348974805,1.56730704263,-0.0119058953217,79,6.0,2.49443825785,0.0,4.79372150842,0.0
2.66666666667,-0.00980518204828,-0.00602574090542,0.415764952215,0.0189962863387,3,0.0189962863387,1.65062661597,-0.00980518204828,80,8.0,3.77123616633,0.0,5.21024362634,0.0
2.33333333333,9.34532363144e-05,-0.130811633401,0.398200911693,0.0131850055555,3,0.0131850055555,1.53659541804,9.34532363144e-05,81,4.0,1.6996731712,0.0,4.64873629449,0.0
2.66666666667,-0.00978368531487,-0.00189480494115,0.162035083624,0.020980370846,3,0.020980370846,1.57316940701,-0.00978368531487,82,4.0,1.88561808316,0.0,4.8219065855,0.0
5.33333333333,-0.00436373785534,-0.0335607430926,1.10624538245,0.0084866877993,3,0.0084866877993,1.61156551449,-0.00436373785534,83,7.0,1.6996731712,3.0,5.01064933502,0.0
6.33333333333,-0.0141920944392,-0.184135693717,0.530183616938,0.0107336436021,3,0.0107336436021,1.65147142135,-0.0141920944392,84,7.0,0.942809041582,5.0,5.21464712799,0.0
1.0,0.00318639143554,-1.8934917237,0.0530435737193,0.0185982819654,3,0.0185982819654,1.5868991071,0.00318639143554,85,3.0,1.41421356237,0.0,4.88856647982,0.0
4.33333333333,-0.0112966643439,0.0696159493396,1.14700893822,0.0100024081474,3,0.0100024081474,1.66237010456,-0.0112966643439,86,7.0,2.49443825785,1.0,5.27179074454,0.0
4.0,-0.0144665552111,0.129189504046,0.539650723379,0.0148751054212,3,0.0148751054212,1.59710105405,-0.0144665552111,87,7.0,2.94392028878,0.0,4.93869464337,0.0
3.66666666667,0.00162204588218,0.34763446837,0.336663088003,0.0163814643365,3,0.0163814643365,1.62503791041,0.00162204588218,88,7.0,2.86744175568,0.0,5.07861156579,0.0
3.33333333333,0.00322542873166,-0.0154996316278,0.56569675944,0.0096068658917,3,0.0096068658917,1.56009331409,0.00322542873166,89,4.0,0.471404520791,3.0,4.75926533092,0.0
2.33333333333,0.00954597950468,-0.80679902156,0.444886696108,0.0164582047688,3,0.0164582047688,1.60398391573,0.00954597950468,90,5.0,2.05480466766,0.0,4.97280424668,0.0
2.0,-0.011827500021,-0.228719653304,0.374567089849,0.0148278029017,3,0.0148278029017,1.5814633147,-0.011827500021,91,4.0,1.63299316186,0.0,4.86206533989,0.0
3.0,-0.0119865210795,-0.326331965747,0.732219644352,0.00990697136207,3,0.00990697136207,1.63531700771,-0.0119865210795,92,5.0,2.16024689947,0.0,5.13108433252,0.0
5.0,0.00329325812693,0.250447460313,1.19859203988,0.0158304353538,3,0.0158304353538,1.59037969612,0.00329325812693,93,9.0,3.74165738677,0.0,4.90561121628,0.0
4.66666666667,0.00328598609821,-0.0228194774163,1.11150540465,0.012952632699,3,0.012952632699,1.64149413474,0.00328598609821,94,6.0,1.24721912892,3.0,5.16287778724,0.0
4.0,0.00845188553355,-0.198562656526,0.185495361526,0.0184123759909,3,0.0184123759909,1.67884236467,0.00845188553355,95,10.0,4.32049379894,0.0,5.35934820781,0.0
6.66666666667,-0.0080295195867,-0.231032939345,2.21696486351,0.0105343618678,3,0.0105343618678,1.61230003005,-0.0080295195867,96,9.0,1.6996731712,5.0,5.0143310869,0.0
3.0,0.00415868483017,-1.32153582133,0.444108860829,0.0105178778512,3,0.0105178778512,1.5994400486,0.00415868483017,97,5.0,1.41421356237,2.0,4.95025974333,0.0
6.66666666667,-0.00561090990204,0.0981354471442,1.01710845006,0.0123526241868,3,0.0123526241868,1.60509850584,-0.00561090990204,98,8.0,1.24721912892,5.0,4.97834997513,0.0
3.33333333333,-0.0133345245566,-0.863878082644,1.3008313983,0.00997626130887,3,0.00701131985627,1.57713969412,-0.00797106444489,99,5.0,1.24721912892,2.0,4.84108899372,0.00536346011174
6.33333333333,-0.00420291334945,-0.513530050418,0.335991299791,0.0102755914804,3,0.0102755914804,1.62402523521,-0.00420291334945,100,8.0,1.6996731712,4.0,5.073471185,0.0
3.66666666667,-0.0204573814034,-1.24100847083,1.6096319011,0.00993563549856,3,0.00954127479428,1.65075844543,-0.00982958915811,101,5.0,1.24721912892,2.0,5.21093053526,0.0106277922453
1.66666666667,-0.016346260351,-1.08486124718,0.127139268348,0.0188953212941,3,0.0188953212941,1.63959840731,-0.016346260351,102,4.0,1.6996731712,0.0,5.15309964947,0.0
2.66666666667,-0.00602776777628,0.0673576569118,0.524987095256,0.0165036530709,3,0.0165036530709,1.66212976596,-0.00602776777628,103,8.0,3.77123616633,0.0,5.27052388201,0.0
1.66666666667,-0.00205647590663,-1.24066330797,0.0450266810608,0.0184072113137,3,0.0184072113137,1.60551052732,-0.00205647590663,104,3.0,1.24721912892,0.0,4.98040158488,0.0
3.0,0.00302233280445,-0.230116973716,0.557293683977,0.0120765220152,3,0.0120765220152,1.57875542056,0.00302233280445,105,7.0,2.94392028878,0.0,4.84891719162,0.0
4.0,-0.00274609486104,-0.019811471901,0.470216180092,0.0138547123494,3,0.0138547123494,1.61249791784,-0.00274609486104,106,8.0,3.26598632371,0.0,5.01532345999,0.0
2.33333333333,-0.00554759888066,-0.357087149967,0.101775456015,0.0167228616351,3,0.0167228616351,1.59927734082,-0.00554759888066,107,7.0,3.29983164554,0.0,4.94945436307,0.0
1.33333333333,0.00914996772981,-3.02006308059,0.0297676731287,0.0203921809405,3,0.0203921809405,1.57170874021,0.00914996772981,108,2.0,0.942809041582,0.0,4.81486852804,0.0
4.66666666667,-0.00302256870325,-0.285403959522,0.499751716445,0.0119915242096,3,0.0119915242096,1.67467812612,-0.00302256870325,109,5.0,0.471404520791,4.0,5.33707700689,0.0
5.0,-0.00464380340364,-0.80205955188,1.61084129208,0.0105653466657,3,0.0105653466657,1.5870885329,-0.00464380340364,110,7.0,1.41421356237,4.0,4.88949258818,0.0
3.66666666667,0.00783976563331,-0.569412668866,0.233336731197,0.00958067873849,3,0.00958067873849,1.71532303632,0.00783976563331,111,5.0,1.24721912892,2.0,5.55847081033,0.0
7.33333333333,-0.0303145248457,-0.182344188474,1.36334717855,0.00962283406833,3,0.00790649208826,1.62147466933,-0.00293415610965,112,9.0,1.24721912892,6.0,5.06054745091,0.0273803687361
5.0,0.000480526663873,-1.08926349601,1.24046711099,0.0108772938695,3,0.0108772938695,1.55152939381,0.000480526663873,113,7.0,2.16024689947,2.0,4.7186813889,0.0
3.33333333333,0.0151895794982,0.0453949397507,0.602504237618,0.0113010636013,3,0.0113010636013,1.58331392445,0.0151895794982,114,6.0,2.49443825785,0.0,4.87107145629,0.0
2.66666666667,-0.017399705099,-0.122520207049,1.19498330256,0.0112881926519,3,0.0112881926519,1.55439083429,-0.017399705099,115,5.0,2.05480466766,0.0,4.73220295118,0.0
5.33333333333,-0.0118938091882,0.160872911534,1.06480890051,0.00992895989465,3,0.00721812015284,1.60131600361,-0.000461845592381,116,7.0,1.24721912892,4.0,4.95955492382,0.0114319635959
7.0,-0.0196013190246,0.313406078101,1.0092923556,0.00956787968326,3,0.00956787968326,1.61564682518,-0.0196013190246,117,8.0,0.816496580928,6.0,5.03114114002,0.0
1.66666666667,0.00779608630846,-1.93754844583,0.254612397638,0.010666999684,3,0.010666999684,1.59418954751,0.00779608630846,118,5.0,2.35702260396,0.0,4.92433651365,0.0
5.33333333333,-0.0321280484677,0.317265804422,1.98284113995,0.00918083500747,3,0.00529325170361,1.57591848312,-0.0156881490046,119,7.0,1.6996731712,3.0,4.83518061101,0.016439899463
0.0,-0.00150252875061,0,0.0,0.0119830649889,3,0.0119830649889,1.46380689391,-0.00150252875061,120,0.0,0.0,0.0,4.32238310103,0.0
1.66666666667,-0.0093669059428,2.51937521956e-08,0.697246870567,0.00892384424582,3,0.00892384424582,1.49096753822,-0.0093669059428,121,5.0,2.35702260396,0.0,4.44139065603,0.0
7.33333333333,-0.046297517891,0.283811278969,3.03127743214,0.00991659231509,3,0.00777477935916,1.57751996423,-0.0261442496486,122,8.0,0.471404520791,7.0,4.8429302652,0.0201532682425
3.0,0.00143786724849,-0.951134683127,0.621647892753,0.00930762703374,3,0.00814260658418,1.52269090684,0.0177970532314,123,5.0,2.16024689947,0.0,4.58454519576,0.0163591859829
6.66666666667,-0.0218255396656,0.396624652186,1.99641279232,0.0110457908369,3,0.0110457908369,1.55875211506,-0.0218255396656,124,9.0,1.6996731712,5.0,4.75288648751,0.0
2.33333333333,0.00425178959474,0.454189866534,0.706660841511,0.011583881105,3,0.011583881105,1.43723023306,0.00425178959474,125,7.0,3.29983164554,0.0,4.2090216481,0.0
4.66666666667,-0.00524369101989,-0.492827631723,1.43270124243,0.0099960260228,3,0.00981399990583,1.57065139534,0.00435454078094,126,7.0,1.6996731712,3.0,4.80978024198,0.00959823180084
2.66666666667,0.01550670338,-0.200063156212,0.513696237277,0.0170844657839,3,0.0170844657839,1.62432731434,0.01550670338,127,6.0,2.49443825785,0.0,5.07500400625,0.0
4.66666666667,-0.0269428779801,-0.107768084769,1.10195196346,0.00998107327106,3,0.00985685160287,1.55834622447,-0.0237456726251,128,7.0,1.6996731712,3.0,4.75095772703,0.00319720535497
4.66666666667,-0.00212528706083,-0.172379925464,1.12129446831,0.0125292520595,3,0.0125292520595,1.58852718454,-0.00212528706083,129,7.0,1.6996731712,3.0,4.89653192707,0.0
3.66666666667,0.00259325127395,-0.257081254025,1.02033839873,0.0118630558438,3,0.0118630558438,1.5295902836,0.00259325127395,130,7.0,2.86744175568,0.0,4.61628506707,0.0
1.33333333333,-8.81101211733e-05,-0.0144061478598,0.0816661294611,0.010992069737,3,0.010992069737,1.42790213534,-8.81101211733e-05,131,4.0,1.88561808316,0.0,4.16994203544,0.0
4.66666666667,-0.0134538572827,-0.333118571527,1.61158843004,0.0106038349593,3,0.0106038349593,1.53091153274,-0.0134538572827,132,9.0,3.68178700573,0.0,4.62238836087,0.0
4.0,0.00853546529258,-1.83760003383,0.738368821852,0.011975916491,3,0.011975916491,1.56925289015,0.00853546529258,133,5.0,0.816496580928,3.0,4.80305844072,0.0
3.66666666667,-0.0185812970627,0.00823706075548,1.84692917036,0.0106468495115,3,0.0106468495115,1.54989926275,-0.0185812970627,134,7.0,2.86744175568,0.0,4.71099558593,0.0
0.0,0.00275276478928,0,0.0,0.0153346573994,3,0.0153346573994,1.50664642811,0.00275276478928,135,0.0,0.0,0.0,4.51157550354,0.0
5.0,-0.00961092071175,6.97013913253e-09,1.20161255854,0.0111123306049,3,0.0111123306049,1.5830334078,-0.00961092071175,136,6.0,0.816496580928,4.0,4.86970523124,0.0
1.66666666667,-0.00150839040632,-1.7575810093,0.245265446719,0.0139516222272,3,0.0139516222272,1.5101960709,-0.00150839040632,137,5.0,2.35702260396,0.0,4.52761844153,0.0
0.0,0.00720945854041,0,0.0,0.0102955597595,3,0.0102955597595,1.3798152032,0.00720945854041,138,0.0,0.0,0.0,3.97416714624,0.0
3.33333333333,-0.0234024338629,1.27075323597e-08,2.16077827281,0.00998567049309,3,0.00987993557791,1.53100682188,-0.0172150092088,139,5.0,2.35702260396,0.0,4.62282884527,0.00618742465411
1.33333333333,0.0128422220524,-1.04652912522,0.572994890235,0.0153190367691,3,0.0153190367691,1.56419818949,0.0128422220524,140,4.0,1.88561808316,0.0,4.77884167383,0.0
3.66666666667,0.00338348751707,0.186332834936,2.24274758604,0.0126861585454,3,0.0126861585454,1.52654029921,0.00338348751707,141,8.0,3.29983164554,0.0,4.60222691914,0.0
6.0,-0.0253987509944,0.199601969337,2.16599988368,0.0095329407527,3,0.00833120172053,1.54976656873,-0.0149852664648,142,8.0,1.41421356237,5.0,4.71037050647,0.0104134845296
4.33333333333,-0.0133232193137,-20.9974368877,1.60392573839,0.0100284182947,3,0.0100284182947,1.56384161873,-0.0133232193137,143,7.0,3.09120616517,0.0,4.7771379824,0.0
1.66666666667,0.0220899949395,-11.5115424801,0.520467850522,0.013212997369,3,0.013212997369,1.52000694412,0.0220899949395,144,4.0,1.6996731712,0.0,4.57225694535,0.0
2.66666666667,-0.022302890957,0.134228084898,1.38332117157,0.0104773684,3,0.0104773684,1.53559828036,-0.022302890957,145,5.0,2.05480466766,0.0,4.64410317468,0.0
2.0,-0.00154729766542,0.324139077624,0.544777568174,0.0109727090097,3,0.0109727090097,1.48184363161,-0.00154729766542,146,6.0,2.82842712475,0.0,4.40105212478,0.0
1.66666666667,-0.00902344147986,-0.624738624434,0.375149958164,0.01793294904,3,0.01793294904,1.5172777868,-0.00902344147986,147,5.0,2.35702260396,0.0,4.55979554911,0.0
4.0,-0.0172294361017,0.301902258699,1.12515628122,0.0131466023647,3,0.0131466023647,1.52235920297,-0.0172294361017,148,8.0,3.26598632371,0.0,4.58302473653,0.0
2.0,-0.00171546321553,0.228847976814,0.824096305383,0.0149835213118,3,0.0149835213118,1.51877298355,-0.00171546321553,149,6.0,2.82842712475,0.0,4.56661844009,0.0
2.66666666667,0.00525772329407,0.249582494465,0.414949676207,0.00969287170099,3,0.00867495430792,1.46596201301,0.00947876770545,150,8.0,3.77123616633,0.0,4.33170839633,0.00422104441139
4.0,-0.00402134307462,-0.24744109215,1.28094361795,0.0101855004276,3,0.0101855004276,1.56339841781,-0.00402134307462,151,7.0,2.94392028878,0.0,4.77502121958,0.0
6.66666666667,-0.0371772979993,-0.029431313189,2.1170371852,0.012099986999,3,0.012099986999,1.55422388306,-0.0371772979993,152,7.0,0.471404520791,6.0,4.73141297001,0.0
4.66666666667,-0.0113545345491,0.274177529905,1.51619607454,0.0113338242065,3,0.0113338242065,1.53066918591,-0.0113545345491,153,8.0,3.3993463424,0.0,4.62126827543,0.0
3.66666666667,-0.00770590435292,0.230963095306,0.955419940571,0.0119277992818,3,0.0119277992818,1.54608122803,-0.00770590435292,154,6.0,2.62466929134,0.0,4.69304313458,0.0
3.66666666667,0.00147313637287,-0.253367152101,0.714758700702,0.0147443633428,3,0.0147443633428,1.60165288839,0.00147313637287,155,4.0,0.471404520791,3.0,4.96122600384,0.0
3.33333333333,0.00120552929693,-0.516450656537,0.323060376726,0.0173826579948,3,0.0173826579948,1.58783785468,0.00120552929693,156,4.0,0.942809041582,2.0,4.89315776449,0.0
4.0,-0.0197684783478,-0.194517084049,2.36871871681,0.0108251116262,3,0.0108251116262,1.55435605686,-0.0197684783478,157,6.0,2.82842712475,0.0,4.73203838022,0.0
6.0,-0.0274989315986,0.0832409739301,2.05646164694,0.0114355770939,3,0.0114355770939,1.57575310527,-0.0274989315986,158,8.0,2.16024689947,3.0,4.83438104535,0.0
6.0,0.000213783142519,-0.293059166932,0.957068319589,0.011632136524,3,0.011632136524,1.59313521828,0.000213783142519,159,7.0,0.816496580928,5.0,4.91914737772,0.0
6.66666666667,-0.0243042454409,-0.131704731001,3.04443648595,0.0101919556056,3,0.0101919556056,1.57924604216,-0.0243042454409,160,8.0,1.24721912892,5.0,4.85129675879,0.0
5.0,0.0176832255969,-1.19006322562,0.608222453491,0.0175861705609,3,0.0175861705609,1.5606649993,0.0176832255969,161,7.0,1.63299316186,3.0,4.76198691038,0.0
4.0,-0.0164247569482,-0.13760113768,1.49891769625,0.0122960389755,3,0.0122960389755,1.53410483633,-0.0164247569482,162,9.0,3.74165738677,0.0,4.63717264299,0.0
5.0,-0.00980587303823,-0.493712999918,0.590507312849,0.0125874361554,3,0.0125874361554,1.61611180326,-0.00980587303823,163,7.0,1.63299316186,3.0,5.03348105429,0.0
5.0,-0.0318156155617,0.24359744706,1.44740239143,0.0132438739702,3,0.0132438739702,1.58183771202,-0.0318156155617,164,6.0,0.816496580928,4.0,4.86388602495,0.0
4.0,0.00488735014064,-0.35547994461,0.755038974288,0.0159909659297,3,0.0159909659297,1.57028922161,0.00488735014064,165,5.0,1.41421356237,2.0,4.80803858136,0.0
4.0,-0.0113607491132,-0.315140133275,1.26367278252,0.0135780785913,3,0.0135780785913,1.49832012396,-0.0113607491132,166,8.0,3.26598632371,0.0,4.47416670835,0.0
3.66666666667,-0.0106308576335,0.219331915903,0.910980817415,0.0117262175868,3,0.0117262175868,1.51882089741,-0.0106308576335,167,6.0,2.62466929134,0.0,4.56683724966,0.0
4.0,-0.0053822973974,0.0565438888541,0.47589449309,0.013992089297,3,0.013992089297,1.52592722975,-0.0053822973974,168,9.0,3.74165738677,0.0,4.59940629907,0.0
2.33333333333,-0.0177046231795,0.0897488331651,0.585807082956,0.00986055099594,3,0.00955844223128,1.50719061176,-0.00943776578786,169,4.0,1.6996731712,0.0,4.51403129732,0.00826685739166
6.33333333333,-0.0441824384683,0.177717876971,3.26850783006,0.00919864977027,3,0.00610148549408,1.6265960645,-0.030579479373,170,7.0,0.942809041582,5.0,5.08653099342,0.0136029590953
2.66666666667,0.0142102783569,-0.693431958802,0.832599290926,0.0141159864421,3,0.0141159864421,1.51070950515,0.0142102783569,171,8.0,3.77123616633,0.0,4.52994367279,0.0
3.0,-0.0284992261358,0.224951638233,1.47971732027,0.00944223125188,3,0.00811667138225,1.53196950941,-0.02638216219,172,5.0,2.16024689947,0.0,4.62728132779,0.00211706394583
5.66666666667,-0.00486927747363,0.302322850794,1.76480120083,0.0110744297256,3,0.0110744297256,1.60465123707,-0.00486927747363,173,6.0,0.471404520791,5.0,4.97612381253,0.0
2.33333333333,0.00751016788629,-0.0670526515253,0.784422272973,0.011082752846,3,0.011082752846,1.48778349707,0.00751016788629,174,4.0,1.6996731712,0.0,4.42727157519,0.0
4.0,-0.0178720577881,-0.596553307595,1.42983680601,0.00994617066541,3,0.00926808564238,1.53313458567,-0.00868187006978,175,7.0,2.94392028878,0.0,4.63267560517,0.0091901877183
2.33333333333,0.0119403386339,-1.34603916239,1.09681380834,0.0102293647415,3,0.0102293647415,1.50508681694,0.0119403386339,176,7.0,3.29983164554,0.0,4.50454468408,0.0
1.33333333333,-0.0396275365504,-0.280763381986,0.275358276758,0.00993621948721,3,0.00904545682549,1.45499661826,-0.020688010181,177,3.0,1.24721912892,0.0,4.28446897661,0.0189395263694
3.66666666667,-0.0348649892331,0.141286624088,1.23854990204,0.00964183330548,3,0.00639792932059,1.48529607048,-0.00592436615613,178,6.0,2.62466929134,0.0,4.41627274725,0.028940623077
3.66666666667,-0.0168236062772,-0.177811226576,2.69961886576,0.00944149733684,3,0.00890573828812,1.56759316098,-0.000218974042965,179,7.0,2.86744175568,0.0,4.79509327632,0.0166046322342
5.66666666667,0.0126513774209,0.0981676715465,1.88098282872,0.011004655724,3,0.011004655724,1.55195629999,0.0126513774209,180,7.0,0.942809041582,5.0,4.72069625322,0.0
5.0,-0.0220447807936,0.298903803727,2.42072378598,0.00939749984339,3,0.00803137106973,1.60814169761,-0.0112335211994,181,6.0,1.41421356237,3.0,4.99352312451,0.0108112595943
2.66666666667,0.00370376862208,-0.245012536594,0.735705663722,0.0167077638797,3,0.0167077638797,1.53831385145,0.00370376862208,182,4.0,1.88561808316,0.0,4.6567317061,0.0
7.0,-0.0231868905797,0.535305612766,2.54545125144,0.00980770749754,3,0.00801184579556,1.54357640491,-0.0138733448675,183,8.0,0.816496580928,6.0,4.68130260177,0.00931354571219
3.33333333333,0.0381933060834,-0.284853776529,1.02509599559,0.0155935177531,3,0.0155935177531,1.54320937082,0.0381933060834,184,6.0,2.49443825785,0.0,4.67958471939,0.0
5.33333333333,-0.0148016944899,0.302715351329,1.18065557127,0.0129474712084,3,0.0129474712084,1.55968775578,-0.0148016944899,185,9.0,2.62466929134,3.0,4.75733556268,0.0
5.0,0.00923905590161,-0.48653752526,2.12698487277,0.0116805863786,3,0.0116805863786,1.56688061451,0.00923905590161,186,7.0,1.63299316186,3.0,4.79167776655,0.0
4.0,-0.030304003963,0.363719467876,2.17024144181,0.00940701073258,3,0.00765561628735,1.55403707196,-0.012955570974,187,9.0,3.74165738677,0.0,4.73052917213,0.017348432989
3.0,0.0155300486737,-0.408268781464,0.343596792314,0.010582749179,3,0.010582749179,1.49102830898,0.0155300486737,188,6.0,2.44948974278,0.0,4.44166057092,0.0
3.66666666667,-0.0128299990017,-0.0595701810452,1.11077282651,0.0132217589828,3,0.0132217589828,1.52435684276,-0.0128299990017,189,5.0,1.24721912892,2.0,4.59218911964,0.0
3.33333333333,-0.028024907592,-0.247312731385,1.34213986166,0.0186915742949,3,0.0186915742949,1.53320602386,-0.028024907592,190,5.0,2.35702260396,0.0,4.63300656693,0.0
3.0,0.0126898804504,-0.0804250208736,0.728469985802,0.0186271293597,3,0.0186271293597,1.56728774087,0.0126898804504,191,6.0,2.44948974278,0.0,4.79362898207,0.0
2.33333333333,0.00629116061217,-0.32140791151,1.15805678988,0.0157151802037,3,0.0157151802037,1.4701747172,0.00629116061217,192,5.0,2.05480466766,0.0,4.34999509362,0.0
2.33333333333,-0.0487697696879,-0.249684288849,1.11225088244,0.00958701908254,3,0.00854282936489,1.54816400993,-0.0300882923234,193,4.0,1.6996731712,0.0,4.70282790613,0.0186814773644
4.0,0.0205581302935,-1.18734043648,1.19279412098,0.0133316258576,3,0.0133316258576,1.56052521089,0.0205581302935,194,6.0,1.63299316186,2.0,4.76132128634,0.0
5.0,0.0084713809374,-0.750944500457,0.277199718609,0.019602646757,3,0.019602646757,1.51888377098,0.0084713809374,195,9.0,3.26598632371,1.0,4.56712439206,0.0
4.33333333333,0.0025917975186,-0.0817727525755,0.488931542991,0.0223876883043,3,0.0223876883043,1.5770464644,0.0025917975186,196,8.0,2.62466929134,2.0,4.84063768139,0.0
1.66666666667,-0.0163416466896,-0.480276133089,0.920569507045,0.00998035429976,3,0.00983699365434,1.5619655201,-0.0105510315318,197,5.0,2.35702260396,0.0,4.76818400226,0.00579061515782
3.33333333333,0.00909439419497,-0.228655755027,0.676027092481,0.00985600995859,3,0.00943727055319,1.53501391848,0.0190426809715,198,5.0,1.6996731712,1.0,4.64139013061,0.00994828677657
4.33333333333,-0.0149154702763,0.167471072408,0.848835867146,0.0194869843919,3,0.0194869843919,1.47978526476,-0.0149154702763,199,6.0,1.24721912892,3.0,4.39200246194,0.0
3.66666666667,-0.00525719729305,-0.298312104201,1.29576961533,0.0113936520866,3,0.0113936520866,1.49942251762,-0.00525719729305,200,5.0,1.88561808316,1.0,4.47910172103,0.0
3.66666666667,0.0133615475262,-0.208374236041,1.13359245289,0.0130045743014,3,0.0130045743014,1.58293779992,0.0133615475262,201,5.0,0.942809041582,3.0,4.86923967131,0.0
7.33333333333,-0.0437156054912,-0.024260169854,4.31578947366,0.00988780722467,3,0.00860564624153,1.52756294391,-0.0230589469047,202,9.0,1.6996731712,5.0,4.60693576946,0.0206566585866
1.0,0.00652303894143,-12.2662097314,0.701501773933,0.00951810359658,3,0.00904083466014,1.4800357947,0.0257156682251,203,3.0,1.41421356237,0.0,4.39310292788,0.0191926292837
3.33333333333,-0.00604509480409,-0.191951752646,0.57614486533,0.0239797180591,3,0.0239797180591,1.57340279862,-0.00604509480409,204,6.0,2.49443825785,0.0,4.82303210937,0.0
6.66666666667,-0.0244861296645,-0.0363701763666,2.38058031533,0.0104524498332,3,0.0104524498332,1.57495319462,-0.0244861296645,205,8.0,0.942809041582,6.0,4.83051551871,0.0
6.0,0.000290687086942,0.277987122232,1.70365580064,0.0119035666334,3,0.0119035666334,1.5476197413,0.000290687086942,206,8.0,1.63299316186,4.0,4.70026900085,0.0
5.0,-0.0190285792043,0.0381488693263,1.08897470248,0.0118191450826,3,0.0118191450826,1.4616032053,-0.0190285792043,207,8.0,3.55902608401,0.0,4.31286840219,0.0
3.0,-0.00358817364193,-1.28536562815,1.41027716566,0.0143135879349,3,0.0143135879349,1.54773741118,-0.00358817364193,208,6.0,2.44948974278,0.0,4.70082211349,0.0
0.0,0.00359890666742,0,0.0,0.0166386989511,3,0.0166386989511,1.5268507818,0.00359890666742,209,0.0,0.0,0.0,4.60365605235,0.0
5.0,-0.0365709660958,6.56678333932e-09,2.61855898803,0.00997190687399,3,0.008597525363,1.48561513522,-0.0196555927617,210,8.0,3.55902608401,0.0,4.41768204896,0.0169153733341
2.66666666667,0.0131387154751,-0.784979902904,0.867001659946,0.0096209601029,3,0.00795042546598,1.42673461069,0.0274914845509,211,6.0,2.49443825785,0.0,4.16507636628,0.0143527690758
5.33333333333,-0.0418876226437,0.284372543634,2.56304078728,0.00964081197072,3,0.00832288876101,1.41325288734,-0.0258741618368,212,6.0,0.471404520791,5.0,4.10930077926,0.0160134608069
3.33333333333,0.0179106296718,-0.385689027539,0.899605908165,0.0140421801746,3,0.0140421801746,1.51728694768,0.0179106296718,213,4.0,0.942809041582,2.0,4.55983732102,0.0
6.66666666667,-0.0103830629762,0.347613655625,3.13352704096,0.010053752265,3,0.010053752265,1.46991116915,-0.0103830629762,214,9.0,1.6996731712,5.0,4.34884881195,0.0
6.0,-0.0143614950034,0.393188031038,3.71750456213,0.00991273991418,3,0.00991273991418,1.52592705028,-0.0143614950034,215,6.0,0.0,6.0,4.59940547363,0.0
6.33333333333,-0.0112661189902,0.1922816291,2.70808395889,0.0116928668349,3,0.0116928668349,1.48525448227,-0.0112661189902,216,7.0,0.471404520791,6.0,4.41608908617,0.0
2.66666666667,-0.0124802700847,-0.535561965423,0.688843025137,0.00981150612925,3,0.00910787949152,1.45023491242,-0.0057031623514,217,7.0,3.09120616517,0.0,4.26411609136,0.00677710773327
6.0,-0.024100658831,-1.16173291699,3.33392841505,0.0098196881436,3,0.00781800782,1.51577707787,-0.00976466623653,218,8.0,2.16024689947,3.0,4.55295775528,0.0143359925944
5.33333333333,0.00369153538786,-0.282907645432,1.31852725315,0.0166407938906,3,0.0166407938906,1.47855768013,0.00369153538786,219,7.0,1.6996731712,3.0,4.38661421515,0.0
6.33333333333,-0.0124569291722,-0.194433423628,2.40047107649,0.0127230988405,3,0.0127230988405,1.5182018326,-0.0124569291722,220,8.0,1.24721912892,5.0,4.56401095633,0.0
3.66666666667,0.00943872801977,-0.645567191469,1.41537569685,0.0159304212768,3,0.0159304212768,1.46727535941,0.00943872801977,221,7.0,2.86744175568,0.0,4.33740116745,0.0
3.66666666667,-0.00449221913712,0.373758229379,0.926062093207,0.0099739538379,3,0.0089291059989,1.55592281859,0.00368275106984,222,6.0,2.62466929134,0.0,4.73945816784,0.00817497020697
5.0,0.000758772109438,0.484358555673,0.801588407114,0.0106826190546,3,0.0106826190546,1.6173173872,0.000758772109438,223,7.0,1.63299316186,3.0,5.03955299761,0.0
6.0,-0.0488583565562,0.0244779510259,3.26753355615,0.00896143589839,3,0.00633094420268,1.55404768222,-0.0205730873492,224,7.0,0.816496580928,5.0,4.73057936455,0.028285269207
4.66666666667,0.00973471257961,0.149690213829,1.82156149472,0.0059500536692,3,0.0059500536692,1.48054589631,0.00973471257961,225,7.0,2.62466929134,1.0,4.39534442842,0.0
5.0,-0.0233430344001,0.669428190534,2.02715235718,0.00964811291006,3,0.00872063268347,1.44368374306,-0.00841544343722,226,6.0,1.41421356237,3.0,4.23627244847,0.0149275909629
3.66666666667,7.47633844996e-05,-1.98111539307,1.78140956075,0.00990383732951,3,0.00900926622071,1.44950052737,0.0136493864765,227,6.0,2.62466929134,0.0,4.26098573782,0.013574623092
5.0,-0.0263531683123,0.51591092566,2.83234264812,0.00987726378752,3,0.00941309075492,1.42991080149,-0.0104326803174,228,7.0,2.16024689947,2.0,4.17832647479,0.0159204879949
3.33333333333,0.000751653148146,-0.927016309555,0.855654422711,0.00995913676128,3,0.0097232856264,1.48996051945,0.0114844967093,229,6.0,2.49443825785,0.0,4.43692034348,0.0107328435612
1.66666666667,-0.0283149574617,-0.374231659203,0.754029825972,0.00971797714408,3,0.00902839649942,1.41009182647,-0.0126594880369,230,5.0,2.35702260396,0.0,4.09633153848,0.0156554694248
4.66666666667,-0.0164270438826,-0.281443438469,1.72392757916,0.00915208520978,3,0.00731783145847,1.44742762995,-0.00206553030102,231,5.0,0.471404520791,4.0,4.2521622997,0.0143615135815
2.66666666667,-0.0339740934122,-0.377375827666,1.43300690949,0.00938733941692,3,0.00724989286593,1.51280732434,-0.0134265300647,232,5.0,2.05480466766,0.0,4.53945665031,0.0205475633476
0.333333333333,-0.00501556450316,-10.3001865648,0.241660111986,0.00919551723747,3,0.00660110920093,1.41453385168,0.032101269522,233,1.0,0.471404520791,0.0,4.1145680199,0.0371168340251
2.0,-0.041425490193,0.425856660478,1.07685828308,0.00968050399296,3,0.00885739524577,1.50483995756,-0.0254219614884,234,6.0,2.82842712475,0.0,4.50343283224,0.0160035287046
2.0,0.0143928613104,-0.988289770449,0.608451406973,0.0104423885075,3,0.0104423885075,1.58271190865,0.0143928613104,235,6.0,2.82842712475,0.0,4.86813987682,0.0
1.0,-0.00300875401593,-1.63751078485,0.0433416865083,0.0116765440069,3,0.0116765440069,1.45131030045,-0.00300875401593,236,3.0,1.41421356237,0.0,4.26870413728,0.0
3.33333333333,-0.026742910382,-0.372666142154,1.15267230705,0.0109805182911,3,0.0109805182911,1.58532681973,-0.026742910382,237,6.0,2.49443825785,0.0,4.88088628779,0.0
0.0,0.0154886421457,0,0.0,0.00951221527872,3,0.00876012928326,1.4777807802,0.028401483696,238,0.0,0.0,0.0,4.38320757837,0.0129128415503
3.33333333333,-0.040703655454,9.57662338319e-09,1.81890761942,0.00975860035473,3,0.00924703583165,1.60524285896,-0.0291929684402,239,6.0,2.05480466766,1.0,4.97906866733,0.0115106870137
0.0,0.0426745502165,0,0.0,0.0111381304698,3,0.0111381304698,1.58284414901,0.0426745502165,240,0.0,0.0,0.0,4.86878368393,0.0
2.33333333333,-0.0436828133066,1.776792935e-08,1.48180947974,0.00990813521061,3,0.00767695181199,1.43356471361,-0.0273978667166,241,5.0,2.05480466766,0.0,4.19362163912,0.01628494659
3.0,-0.0419835504195,0.00410734489278,1.58313807272,0.00965056667665,3,0.00891262974274,1.48165084769,-0.0344967094779,242,3.0,0.0,3.0,4.40020375447,0.00748684094161
1.33333333333,-0.01960138097,0.0383448825646,0.221531716658,0.00941183434363,3,0.00704366221307,1.4869309136,0.00836156139692,243,4.0,1.88561808316,0.0,4.4234985653,0.027962942367
0.666666666667,-0.0134422161007,-2.27647110463,0.0368920267316,0.00984907615997,3,0.00802989704374,1.53144473178,0.0029967750219,244,2.0,0.942809041582,0.0,4.62485367108,0.0164389911226
4.33333333333,-0.0350201912076,0.034581154513,1.33269580162,0.00991229442861,3,0.00952132509347,1.59835266224,-0.0158799766028,245,7.0,2.05480466766,2.0,4.94487982392,0.0191402146048
3.66666666667,0.00184620913892,0.0868126515928,1.04412326023,0.00980728912698,3,0.00901604123534,1.57399876813,0.00796206426074,246,6.0,2.62466929134,0.0,4.82590734618,0.00611585512182
2.0,-0.0191345965805,-0.424489170471,0.922170390771,0.00963041670943,3,0.00730926714773,1.52909817138,0.00258121697251,247,5.0,2.16024689947,0.0,4.61401389568,0.021715813553
1.66666666667,0.0183909408224,-0.0928675693648,0.123238727701,0.00996388838547,3,0.00942904375101,1.48411797518,0.038065693762,248,5.0,2.35702260396,0.0,4.41107302053,0.0196747529396
2.0,-0.0260122085932,0.416894258101,0.568837412291,0.00971932407225,3,0.00907389111016,1.46868366782,-0.0178498770856,249,4.0,1.63299316186,0.0,4.34351386925,0.0081623315076
0.0,0.0152357437217,0,0.0,0.01547050469,3,0.01547050469,1.47587480238,0.0152357437217,250,0.0,0.0,0.0,4.37486123846,0.0
0.0,-0.0,1,0.0,0.0136262933101,3,0.0136262933101,1.47670693526,-0.0,251,0.0,0.0,0.0,4.37850321941,0.0
4.0,-0.0721462427712,8.09208644537e-09,2.06063840958,0.00912430390789,3,0.00697052761083,1.64270797041,-0.055227919498,252,6.0,1.63299316186,2.0,5.16914847748,0.0169183232732
2.66666666667,-0.00500448328318,-1.62510519127,0.768735835657,0.00993791131618,3,0.00977608426814,1.52877423704,0.00304052414684,253,5.0,2.05480466766,0.0,4.61251950017,0.00804500743003
4.0,-0.0051085456021,0.338723510569,0.940964759874,0.0118786661598,3,0.0118786661598,1.56800107879,-0.0051085456021,254,8.0,3.26598632371,0.0,4.79704967928,0.0
2.0,-0.0258566222638,-0.638854794049,1.26614543611,0.00979506129994,3,0.00883007514356,1.47281536003,-0.00625415339515,255,6.0,2.82842712475,0.0,4.36149705658,0.0196024688687
1.66666666667,-0.00713152418592,-0.536223688465,1.11423822133,0.00997925998524,3,0.00944746998811,1.46971806217,0.014070134177,256,5.0,2.35702260396,0.0,4.3480091,0.0212016583629
4.33333333333,-0.0115093781553,0.329456713505,1.52080077815,0.00879312712152,3,0.00879312712152,1.47867840924,-0.0115093781553,257,7.0,3.09120616517,0.0,4.38714383919,0.0
0.0,0.0441595974131,0,0.0,0.00986962707367,3,0.00986962707367,1.39677969032,0.0441595974131,258,0.0,0.0,0.0,4.0421619716,0.0
2.66666666667,-0.0289938693564,5.14634412863e-09,0.221195240361,0.0127912929788,3,0.0127912929788,1.44731996988,-0.0289938693564,259,8.0,3.77123616633,0.0,4.25170453623,0.0
1.0,0.0107545730047,-4.63335730519,0.708953851438,0.011444390619,3,0.011444390619,1.4119111529,0.0107545730047,260,3.0,1.41421356237,0.0,4.10379088616,0.0
4.0,-0.0226070739601,0.227177666675,2.34593102772,0.0105279412617,3,0.0105279412617,1.58029484041,-0.0226070739601,261,6.0,2.82842712475,0.0,4.85638745944,0.0
1.66666666667,0.0114213840212,-0.0756049481304,0.897684603194,0.0110760363535,3,0.0110760363535,1.38707838708,0.0114213840212,262,5.0,2.35702260396,0.0,4.00313733354,0.0
0.0,0.0375698317524,0,0.0,0.0125524343493,3,0.0125524343493,1.41607008901,0.0375698317524,263,0.0,0.0,0.0,4.12089383062,0.0
0.0,-0.0,1,0.0,0.0133915048166,3,0.0133915048166,1.43023433627,-0.0,264,0.0,0.0,0.0,4.17967852745,0.0
0.0,-0.0,1,0.0,0.00908898673826,3,0.00908898673826,1.41748084341,-0.0,265,0.0,0.0,0.0,4.12671150242,0.0
4.0,-0.0443404657592,6.50578813044e-09,2.1152426907,0.0110434258257,3,0.0110434258257,1.58294176105,-0.0443404657592,266,7.0,2.94392028878,0.0,4.86925895907,0.0
3.33333333333,-0.00299261558205,0.19201351514,0.999344147748,0.00947301117392,3,0.00759454239085,1.47841147392,0.0215119491051,267,7.0,2.86744175568,0.0,4.38597291183,0.0245045646871
2.33333333333,-0.0215990623846,0.0246790204172,1.60398400746,0.00994418260945,3,0.00994418260945,1.48977429154,-0.0215990623846,268,7.0,3.29983164554,0.0,4.43609414203,0.0
2.33333333333,0.0225928807239,0.127176288894,1.06600161288,0.0123611594153,3,0.0123611594153,1.51329903982,0.0225928807239,269,7.0,3.29983164554,0.0,4.54168932027,0.0
5.0,-0.0350625714308,-0.517266712181,1.83782163407,0.0143431403768,3,0.0143431403768,1.53289920068,-0.0350625714308,270,8.0,3.55902608401,0.0,4.63158527117,0.0
5.0,0.0129810070175,-0.643439201411,1.85733981092,0.0118824119657,3,0.0118824119657,1.50361714266,0.0129810070175,271,9.0,3.74165738677,0.0,4.49792933304,0.0
1.33333333333,0.0285088815516,-0.498524651987,0.355025998149,0.0122289676606,3,0.0122289676606,1.47878864549,0.0285088815516,272,4.0,1.88561808316,0.0,4.38762748811,0.0
2.0,0.0127262937451,-0.287565204947,0.129409917054,0.0131731157285,3,0.0131731157285,1.45406243018,0.0127262937451,273,6.0,2.82842712475,0.0,4.28046834575,0.0
2.66666666667,-0.0106782917813,0.0198361136363,0.658080326168,0.013417454569,3,0.013417454569,1.63942122094,-0.0106782917813,274,4.0,0.942809041582,2.0,5.15218667133,0.0
1.66666666667,0.0107019432731,-0.899694033558,0.482669836181,0.0150254972235,3,0.0150254972235,1.49009736195,0.0107019432731,275,5.0,2.35702260396,0.0,4.4375275443,0.0
0.0,-0.00423790928931,0,0.0,0.00995925510816,3,0.00878314584679,1.41178431386,0.0196101811076,276,0.0,0.0,0.0,4.10327039823,0.0238480903969
1.66666666667,-0.0312041279875,2.37221834398e-08,1.22007098224,0.0229608787723,3,0.0229608787723,1.48173834469,-0.0312041279875,277,5.0,2.35702260396,0.0,4.40058877598,0.0
3.0,0.00135158756565,0.323917795254,1.39634930128,0.0162482841372,3,0.0162482841372,1.43733462989,0.00135158756565,278,9.0,4.24264068712,0.0,4.20946107955,0.0
0.0,-0.0116754270669,0,0.0,0.0138781957361,3,0.0138781957361,1.42956902589,-0.0116754270669,279,0.0,0.0,0.0,4.1768986688,0.0
2.33333333333,-0.02917952636,7.57225315784e-09,0.921253565237,0.013005659999,3,0.013005659999,1.44771651032,-0.02917952636,280,7.0,3.29983164554,0.0,4.25339084336,0.0
0.666666666667,0.0360655917112,-3.05450027287,0.130080921868,0.0197063748768,3,0.0197063748768,1.47387224298,0.0360655917112,281,2.0,0.942809041582,0.0,4.36610908522,0.0
3.0,-0.0339414225893,0.18309559749,1.6463266419,0.0137188025078,3,0.0137188025078,1.42711609662,-0.0339414225893,282,6.0,2.44948974278,0.0,4.16666558741,0.0
0.0,0.0161149056564,0,0.0,0.0199182530879,3,0.0199182530879,1.42145003726,0.0161149056564,283,0.0,0.0,0.0,4.14312377052,0.0
5.0,-0.0218333080483,4.34050906328e-09,2.46071082173,0.022770275477,3,0.022770275477,1.46179610486,-0.0218333080483,284,10.0,4.08248290464,0.0,4.31370043285,0.0
0.0,0.000551204565071,0,0.0,0.0111575358473,3,0.0111575358473,1.39619318667,0.000551204565071,285,0.0,0.0,0.0,4.03979192392,0.0
0.0,-0.0,1,0.0,0.015294784531,3,0.015294784531,1.43450695527,-0.0,286,0.0,0.0,0.0,4.1975749063,0.0
2.0,-0.0328193998412,2.59026895488e-08,0.782797430671,0.0147816499191,3,0.0147816499191,1.43152706868,-0.0328193998412,287,3.0,1.41421356237,0.0,4.18508522729,0.0
2.0,0.00310613926313,0.000114752938385,1.13314562601,0.0125165249024,3,0.0125165249024,1.4259916781,0.00310613926313,288,6.0,2.82842712475,0.0,4.16198314446,0.0
1.66666666667,-0.0202168512391,0.360675870853,0.85913730043,0.0252929898379,3,0.0252929898379,1.4929075686,-0.0202168512391,289,5.0,2.35702260396,0.0,4.45001545229,0.0
6.33333333333,-0.0327667663973,0.386396005574,2.81924401399,0.0167715480929,3,0.0167715480929,1.49855138298,-0.0327667663973,290,12.0,4.92160768674,0.0,4.4752015194,0.0
4.66666666667,0.0158610556862,0.0740081392206,1.38914094589,0.0195466522409,3,0.0195466522409,1.46844998288,0.0158610556862,291,8.0,3.3993463424,0.0,4.34249897408,0.0
0.0,-0.0131975882373,0,0.0,0.0145750773883,3,0.0145750773883,1.42713225949,-0.0131975882373,292,0.0,0.0,0.0,4.16673293325,0.0
2.66666666667,-0.0199175632252,1.38923638149e-08,1.56688384183,0.0149227379598,3,0.0149227379598,1.538063204,-0.0199175632252,293,5.0,2.05480466766,0.0,4.65556465442,0.0
4.0,-0.0215652472165,0.266166429437,1.98026148146,0.0128078783771,3,0.0128078783771,1.43321723361,-0.0215652472165,294,8.0,3.26598632371,0.0,4.19216469263,0.0
2.0,0.0243873315878,-0.240583880478,1.02683233021,0.012188647179,3,0.012188647179,1.43412521526,0.0243873315878,295,3.0,1.41421356237,0.0,4.19597282985,0.0
5.33333333333,-0.024782825137,0.512488030666,2.01300432031,0.0119107173491,3,0.0119107173491,1.47344257583,-0.024782825137,296,10.0,4.10960933531,0.0,4.36423351456,0.0
0.0,0.0165478682405,0,0.0,0.0304746183042,3,0.0304746183042,1.47984242137,0.0165478682405,297,0.0,0.0,0.0,4.3922535011,0.0
0.0,-0.0,1,0.0,0.0184788680502,3,0.0184788680502,1.49829514863,-0.0,298,0.0,0.0,0.0,4.47405496595,0.0
0.333333333333,-0.00581471218548,2.78635529427e-07,0.0562740521936,0.0181061093347,3,0.0181061093347,1.4839332675,-0.00581471218548,299,1.0,0.471404520791,0.0,4.41025833673,0.0
0.0,0.0272311474037,0,0.0,0.0303266858515,3,0.0303266858515,1.51589834262,0.0272311474037,300,0.0,0.0,0.0,4.55350990202,0.0
0.0,-0.0,1,0.0,0.0301820642999,3,0.0301820642999,1.51791872642,-0.0,301,0.0,0.0,0.0,4.56271903953,0.0
0.0,-0.0,1,0.0,0.0195161526961,3,0.0195161526961,1.44417171654,-0.0,302,0.0,0.0,0.0,4.2383401415,0.0
2.0,-0.0172269673512,2.03727736903e-08,0.741802588181,0.0206073064178,3,0.0206073064178,1.46226745795,-0.0172269673512,303,4.0,1.63299316186,0.0,4.31573418815,0.0
1.33333333333,0.0103885165219,-0.0117190750744,0.667074233828,0.020645562716,3,0.020645562716,1.47207245001,0.0103885165219,304,4.0,1.88561808316,0.0,4.35825806001,0.0
3.33333333333,-0.0129462261902,0.165114451992,0.740105166492,0.01685849785,3,0.01685849785,1.49920704707,-0.0129462261902,305,10.0,4.71404520791,0.0,4.47813671046,0.0
0.333333333333,0.0124162016047,-29.352179845,0.149174404588,0.0106259827889,3,0.0106259827889,1.41091053581,0.0124162016047,306,1.0,0.471404520791,0.0,4.09968661659,0.0
2.33333333333,-0.0211239636601,0.330973218675,1.04461540727,0.0138244336276,3,0.0138244336276,1.44122072291,-0.0211239636601,307,7.0,3.29983164554,0.0,4.22585126311,0.0
0.0,-0.0118795880535,0,0.0,0.0166828062276,3,0.0166828062276,1.44693470861,-0.0118795880535,308,0.0,0.0,0.0,4.25006683465,0.0
0.0,-0.0,1,0.0,0.0239967531877,3,0.0239967531877,1.46594163983,-0.0,309,0.0,0.0,0.0,4.33162014656,0.0
2.0,-0.0295918351731,1.81211210482e-08,1.13201853548,0.0122834653693,3,0.0122834653693,1.45881367342,-0.0295918351731,310,5.0,2.16024689947,0.0,4.30085428293,0.0
0.666666666667,-0.0146885472573,-1.30027168181,0.0703042326475,0.0283260093921,3,0.0283260093921,1.48926714017,-0.0146885472573,311,2.0,0.942809041582,0.0,4.43384494119,0.0
4.0,-0.0158449109735,0.0378990619004,1.99202622511,0.013945603341,3,0.013945603341,1.43367910099,-0.0158449109735,312,8.0,3.26598632371,0.0,4.19410136396,0.0
1.33333333333,0.0133900531583,-1.4025323709,0.948486074522,0.0247595781963,3,0.0247595781963,1.52403079133,0.0133900531583,313,4.0,1.88561808316,0.0,4.59069207389,0.0
0.0,0.0276159217415,0,0.0,0.0200395410594,3,0.0200395410594,1.45729595557,0.0276159217415,314,0.0,0.0,0.0,4.29433175056,0.0
1.33333333333,-0.0518477249309,5.6947789373e-08,0.785565657935,0.0193732116094,3,0.0193732116094,1.43848528786,-0.0518477249309,315,2.0,0.942809041582,0.0,4.21430751726,0.0
0.0,0.00237666018171,0,0.0,0.0165065836026,3,0.0165065836026,1.43700330165,0.00237666018171,316,0.0,0.0,0.0,4.20806659723,0.0
0.0,-0.0,1,0.0,0.0190797668895,3,0.0190797668895,1.47855805923,-0.0,317,0.0,0.0,0.0,4.38661587816,0.0
4.66666666667,-0.0267776584531,6.53370946235e-09,1.37618094288,0.0159901592157,3,0.0159901592157,1.44430078573,-0.0267776584531,318,8.0,2.49443825785,2.0,4.23888721595,0.0
1.0,-0.015522937279,-7.06004652541,0.680507174831,0.0204484071398,3,0.0204484071398,1.48181618627,-0.015522937279,319,3.0,1.41421356237,0.0,4.40093133808,0.0
2.33333333333,-0.00611652983555,0.325419217717,1.32610105612,0.0100689447342,3,0.0100689447342,1.44148213905,-0.00611652983555,320,7.0,3.29983164554,0.0,4.22695611326,0.0
2.33333333333,0.0160804332175,0.241467918905,1.17408264503,0.0157830528909,3,0.0157830528909,1.4376002033,0.0160804332175,321,7.0,3.29983164554,0.0,4.21057914895,0.0
3.66666666667,-0.00809435851739,0.617773995913,0.712264399021,0.0138350383366,3,0.0138350383366,1.43166019977,-0.00809435851739,322,10.0,4.49691252108,0.0,4.18564242936,0.0
0.333333333333,-0.0142371583689,-68.2128204863,0.149174404588,0.0166741195727,3,0.0166741195727,1.46188400407,-0.0142371583689,323,1.0,0.471404520791,0.0,4.31407962038,0.0
3.66666666667,-0.0142344016812,0.0791668656804,0.283336157291,0.0229989664895,3,0.0229989664895,1.51402919185,-0.0142344016812,324,11.0,5.1854497287,0.0,4.54500665489,0.0
0.0,0.00233655476018,0,0.0,0.0172259073441,3,0.0172259073441,1.42356150636,0.00233655476018,325,0.0,0.0,0.0,4.15188109049,0.0
1.66666666667,-0.0331985727309,1.47163811137e-08,0.602051041475,0.0215343732192,3,0.0215343732192,1.50591252099,-0.0331985727309,326,5.0,2.35702260396,0.0,4.5082656409,0.0
2.0,-0.0198819004542,0.272901981542,1.13681419392,0.0165026295144,3,0.0165026295144,1.45122303085,-0.0198819004542,327,6.0,2.82842712475,0.0,4.26833162541,0.0
2.0,-0.016908525278,0.276663351877,1.46324619301,0.0108484348289,3,0.0108484348289,1.43328951026,-0.016908525278,328,6.0,2.82842712475,0.0,4.19246769918,0.0
0.0,-0.0211108873419,0,0.0,0.0120843875637,3,0.0120843875637,1.41876817759,-0.0211108873419,329,0.0,0.0,0.0,4.13202738011,0.0
3.0,-0.00852927449409,7.67093966125e-09,1.92279525175,0.0216942577157,3,0.0216942577157,1.46658757318,-0.00852927449409,330,9.0,4.24264068712,0.0,4.33441898834,0.0
2.33333333333,-0.0238583072259,0.024884130597,0.623600223128,0.0234956406888,3,0.0234956406888,1.54238541031,-0.0238583072259,331,4.0,1.6996731712,0.0,4.67573051446,0.0
4.66666666667,-0.0454659661024,0.381362349863,1.80955493095,0.0175741077362,3,0.0175741077362,1.5074720359,-0.0454659661024,332,8.0,2.49443825785,2.0,4.51530183345,0.0
0.0,0.0102893013491,0,0.0,0.0124484149599,3,0.0124484149599,1.43105225092,0.0102893013491,333,0.0,0.0,0.0,4.18309854621,0.0
0.0,-0.0,1,0.0,0.0169682837066,3,0.0169682837066,1.44428435349,-0.0,334,0.0,0.0,0.0,4.23881756211,0.0
2.66666666667,-0.00975235068268,6.83409950852e-09,1.39145732088,0.0107595865967,3,0.0107595865967,1.41592368183,-0.00975235068268,335,8.0,3.77123616633,0.0,4.12029054632,0.0
0.0,-2.95316971974e-06,0,0.0,0.0198226877766,3,0.0198226877766,1.44316181947,-2.95316971974e-06,336,0.0,0.0,0.0,4.23406201484,0.0
0.0,-0.0,1,0.0,0.0280791738549,3,0.0280791738549,1.5239958352,-0.0,337,0.0,0.0,0.0,4.59053160385,0.0
0.0,-0.0,1,0.0,0.0189848119777,3,0.0189848119777,1.42902288544,-0.0,338,0.0,0.0,0.0,4.17461811827,0.0
1.0,-0.0185875526204,4.35242247798e-08,0.354894858618,0.0134182812935,3,0.0134182812935,1.46974491561,-0.0185875526204,339,3.0,1.41421356237,0.0,4.34812586057,0.0
3.33333333333,-0.0215761442296,0.247856932719,1.33105071612,0.0197139941688,3,0.0197139941688,1.51356364816,-0.0215761442296,340,6.0,2.49443825785,0.0,4.54289124817,0.0
0.666666666667,0.0364398138212,-2.45832718825,0.289619145306,0.0231291194827,3,0.0231291194827,1.47493917673,0.0364398138212,341,2.0,0.942809041582,0.0,4.37076992032,0.0
0.0,0.0208005854799,0,0.0,0.0235899713517,3,0.0235899713517,1.4654507557,0.0208005854799,342,0.0,0.0,0.0,4.32949434477,0.0
0.0,-0.0,1,0.0,0.0178615192259,3,0.0178615192259,1.43268673265,-0.0,343,0.0,0.0,0.0,4.18994133503,0.0
3.33333333333,-0.0413814398695,6.19703721672e-09,1.08553168604,0.0105187230789,3,0.0105187230789,1.41391416746,-0.0413814398695,344,7.0,2.86744175568,0.0,4.11201907689,0.0
3.33333333333,0.0140606916547,0.00802221209249,1.45252760417,0.0132583481867,3,0.0132583481867,1.44235899907,0.0140606916547,345,10.0,4.71404520791,0.0,4.23066418756,0.0
3.33333333333,-0.015067957511,0.493981591841,1.80164367066,0.0230191570672,3,0.0230191570672,1.49874585761,-0.015067957511,346,10.0,4.71404520791,0.0,4.47607191721,0.0
1.0,-0.00676147731559,-0.854034535865,0.345113743009,0.0120421520047,3,0.0120421520047,1.41311614782,-0.00676147731559,347,3.0,1.41421356237,0.0,4.10873891387,0.0
0.0,0.0246863517713,0,0.0,0.0177575029581,3,0.0177575029581,1.43891876756,0.0246863517713,348,0.0,0.0,0.0,4.21613473002,0.0
1.33333333333,-0.0152343028875,4.69588794516e-08,0.980665236636,0.0151232395021,3,0.0151232395021,1.44698027092,-0.0152343028875,349,4.0,1.88561808316,0.0,4.25026048193,0.0
0.0,0.000798071137376,0,0.0,0.0192050183663,3,0.0192050183663,1.46084570349,0.000798071137376,350,0.0,0.0,0.0,4.30960263363,0.0
2.0,-0.00522583990913,1.23043859546e-08,1.25270597694,0.0182206446086,3,0.0182206446086,1.43452518438,-0.00522583990913,351,6.0,2.82842712475,0.0,4.19765142509,0.0
0.0,0.0367991797144,0,0.0,0.0214783032452,3,0.0214783032452,1.46158310816,0.0367991797144,352,0.0,0.0,0.0,4.31278172673,0.0
2.0,-0.0500300572657,9.16173192866e-09,0.752523590509,0.02165039266,3,0.02165039266,1.46126765542,-0.0500300572657,353,6.0,2.82842712475,0.0,4.31142146248,0.0
3.66666666667,0.0032499478665,0.0303436196743,2.25469243927,0.0214161234021,3,0.0214161234021,1.46465167256,0.0032499478665,354,11.0,5.1854497287,0.0,4.32603610074,0.0
3.0,0.0127738242483,0.394765360603,1.49878382303,0.0189110554779,3,0.0189110554779,1.45830061161,0.0127738242483,355,9.0,4.24264068712,0.0,4.29864824485,0.0
2.0,0.00195399033669,-0.441821769792,1.25266124127,0.0219738571158,3,0.0219738571158,1.49320902887,0.00195399033669,356,6.0,2.82842712475,0.0,4.45135715738,0.0
0.0,-0.0111667744014,0,0.0,0.0206243397459,3,0.0206243397459,1.48296757953,-0.0111667744014,357,0.0,0.0,0.0,4.40600145903,0.0
5.66666666667,-0.0157997803065,4.35074043459e-09,3.35365311305,0.013772679852,3,0.013772679852,1.46887451494,-0.0157997803065,358,10.0,4.18993502999,0.0,4.34434289549,0.0
1.33333333333,-0.00146641731007,-4.06296130151,0.161399824591,0.0189718738225,3,0.0189718738225,1.43152330076,-0.00146641731007,359,4.0,1.88561808316,0.0,4.18506945827,0.0
0.0,0.046940629423,0,0.0,0.0124168656301,3,0.0124168656301,1.43289108285,0.046940629423,360,0.0,0.0,0.0,4.19079763787,0.0
0.0,-0.0,1,0.0,0.0208234396931,3,0.0208234396931,1.4642992114,-0.0,361,0.0,0.0,0.0,4.32451160972,0.0
0.0,-0.0,1,0.0,0.0184348290713,3,0.0184348290713,1.4586659867,-0.0,362,0.0,0.0,0.0,4.30021915079,0.0
3.0,-0.014536203317,8.29873259001e-09,1.57767993089,0.0130191346598,3,0.0130191346598,1.49407653773,-0.014536203317,363,9.0,4.24264068712,0.0,4.45522042464,0.0
2.66666666667,-0.0132424979495,0.307881271189,1.20016560837,0.0233975644422,3,0.0233975644422,1.46904114822,-0.0132424979495,364,8.0,3.77123616633,0.0,4.34506686791,0.0
0.0,0.0196258600981,0,0.0,0.0119142484458,3,0.0119142484458,1.42931068746,0.0196258600981,365,0.0,0.0,0.0,4.17581975469,0.0
0.333333333333,-0.00417635113759,3.3129902155e-07,0.163296757668,0.0121519062951,3,0.0121519062951,1.41117102714,-0.00417635113759,366,1.0,0.471404520791,0.0,4.10075468851,0.0
1.33333333333,-0.0304454968378,0.175712300211,0.489887000312,0.0177825153272,3,0.0177825153272,1.46843386335,-0.0304454968378,367,4.0,1.88561808316,0.0,4.34242897559,0.0
0.333333333333,0.0179463441251,-1.93526496142,0.146205833937,0.0162605465728,3,0.0162605465728,1.41297010623,0.0179463441251,368,1.0,0.471404520791,0.0,4.10813891092,0.0
4.0,-0.0287917905649,0.102041476448,1.75568729811,0.0214662774349,3,0.0214662774349,1.47196236832,-0.0287917905649,369,12.0,5.65685424949,0.0,4.35777832202,0.0
0.0,-0.0264611997204,0,0.0,0.0204850825475,3,0.0204850825475,1.44622565492,-0.0264611997204,370,0.0,0.0,0.0,4.24705437717,0.0
0.666666666667,-0.0218285030113,1.31576572304e-07,0.413372484461,0.0105315021708,3,0.0105315021708,1.40778636635,-0.0218285030113,371,2.0,0.942809041582,0.0,4.08689848739,0.0
0.0,0.0207117195932,0,0.0,0.0132335057848,3,0.0132335057848,1.4280418172,0.0207117195932,372,0.0,0.0,0.0,4.17052454137,0.0
1.66666666667,-0.0163778893868,1.45084609882e-08,0.616929430923,0.00967561022784,3,0.00855447913408,1.41351425499,-0.0108125696263,373,5.0,2.35702260396,0.0,4.11037495793,0.0055653197605
0.0,0.00174074028251,0,0.0,0.0145786955737,3,0.0145786955737,1.41812248156,0.00174074028251,374,0.0,0.0,0.0,4.12936020759,0.0
0.0,-0.0,1,0.0,0.0218240315933,3,0.0218240315933,1.46121413774,-0.0,375,0.0,0.0,0.0,4.31119073138,0.0
1.33333333333,-0.0244417044284,2.04467078824e-08,0.4344202055,0.0135097080816,3,0.0135097080816,1.43372629854,-0.0244417044284,376,4.0,1.88561808316,0.0,4.19429931992,0.0
5.33333333333,-0.0450679625194,0.51191528645,2.58949754313,0.0159518405162,3,0.0159518405162,1.44941692611,-0.0450679625194,377,8.0,2.49443825785,2.0,4.26062952895,0.0
2.33333333333,0.0236461975124,-0.335617243561,1.07651082821,0.0208785867937,3,0.0208785867937,1.48468727655,0.0236461975124,378,7.0,3.29983164554,0.0,4.41358496542,0.0
2.66666666667,-0.0153981381804,0.222149840041,0.829095397204,0.0122460088362,3,0.0122460088362,1.42244018799,-0.0153981381804,379,8.0,3.77123616633,0.0,4.14722811915,0.0
2.33333333333,0.00203216520159,-0.0275873910035,1.43843038282,0.0137647894103,3,0.0137647894103,1.42898150261,0.00203216520159,380,7.0,3.29983164554,0.0,4.17444536435,0.0
1.0,0.0121149920083,-0.482254713349,0.363285161085,0.0214103564854,3,0.0214103564854,1.46844652377,0.0121149920083,381,3.0,1.41421356237,0.0,4.34248395293,0.0
0.0,0.0297875960643,0,0.0,0.0240674433153,3,0.0240674433153,1.47091887181,0.0297875960643,382,0.0,0.0,0.0,4.35323336727,0.0
4.0,-0.0408742177419,6.84109613402e-09,2.25415939266,0.01693595459,3,0.01693595459,1.48160201323,-0.0408742177419,383,7.0,2.94392028878,0.0,4.39998887816,0.0
1.33333333333,-0.00403965935613,-0.778888638916,0.841418837036,0.0185407411862,3,0.0185407411862,1.47427307086,-0.00403965935613,384,4.0,1.88561808316,0.0,4.36785949424,0.0
1.66666666667,-0.0276417112123,0.226584132605,0.625099067978,0.0131126930028,3,0.0131126930028,1.42579328228,-0.0276417112123,385,5.0,2.35702260396,0.0,4.16115750631,0.0
0.0,0.0199564523399,0,0.0,0.0178395480575,3,0.0178395480575,1.45811829807,0.0199564523399,386,0.0,0.0,0.0,4.2978646145,0.0
2.33333333333,-0.0126527642621,1.88126810796e-08,1.20414543555,0.0125056553318,3,0.0125056553318,1.41548172713,-0.0126527642621,387,5.0,2.05480466766,0.0,4.11846996689,0.0
2.33333333333,-0.0122955721898,0.238603511069,1.14013422149,0.0233659144218,3,0.0233659144218,1.46363981316,-0.0122955721898,388,7.0,3.29983164554,0.0,4.32166097432,0.0
1.33333333333,0.00427183052587,0.0107008731403,0.831137341924,0.0160478587757,3,0.0160478587757,1.5268631027,0.00427183052587,389,4.0,1.88561808316,0.0,4.60371277386,0.0
4.33333333333,-0.0437343648892,0.147150536435,2.17028254729,0.0141271748636,3,0.0141271748636,1.48468869461,-0.0437343648892,390,7.0,3.09120616517,0.0,4.41359122417,0.0
1.33333333333,0.020860082681,-5.40007121916,0.943566334025,0.0205382354468,3,0.0205382354468,1.46541803265,0.020860082681,391,4.0,1.88561808316,0.0,4.32935267284,0.0
5.0,-0.0391284464174,0.284373365597,3.14386010326,0.0154098048329,3,0.0154098048329,1.43257882445,-0.0391284464174,392,9.0,3.74165738677,0.0,4.18948923041,0.0
0.333333333333,0.0258464816353,-67.1472535265,0.10493639106,0.0190901895433,3,0.0190901895433,1.46087007742,0.0258464816353,393,1.0,0.471404520791,0.0,4.30970767685,0.0
2.66666666667,-0.0185213776562,-0.0619087149606,0.479465691651,0.0116124876844,3,0.0116124876844,1.41720743805,-0.0185213776562,394,8.0,3.77123616633,0.0,4.12558339159,0.0
2.33333333333,0.0140271155156,-0.0333460190691,0.844604085681,0.0164143928904,3,0.0164143928904,1.45073792006,0.0140271155156,395,7.0,3.29983164554,0.0,4.26626151387,0.0
2.33333333333,0.024634079085,-0.0425994517828,1.27712398384,0.0191649683398,3,0.0191649683398,1.46275111013,0.024634079085,396,7.0,3.29983164554,0.0,4.31782200725,0.0
6.66666666667,-0.0635882415868,0.310141632298,3.329816353,0.0128577001859,3,0.0128577001859,1.52226841759,-0.0635882415868,397,8.0,1.88561808316,4.0,4.58260868378,0.0
0.333333333333,0.0151208873807,-242.824561341,0.254114238116,0.0112940745073,3,0.0112940745073,1.42750499424,0.0151208873807,398,1.0,0.471404520791,0.0,4.16828630887,0.0
4.0,-0.0362101179988,0.243285547957,2.47786017632,0.0104641659317,3,0.0104641659317,1.44481111831,-0.0362101179988,399,7.0,2.94392028878,0.0,4.24105101027,0.0
0.0,0.0374615303424,0,0.0,0.0155265505087,3,0.0155265505087,1.41481537793,0.0374615303424,400,0.0,0.0,0.0,4.11572654187,0.0
1.66666666667,-0.0421186277827,2.72735870555e-08,1.07612970294,0.00956668418615,3,0.00795555909516,1.42203173913,-0.0313265382891,401,4.0,1.6996731712,0.0,4.14553453445,0.0107920894936
2.33333333333,-0.0107115251199,0.463766962132,1.43324593518,0.0115007779226,3,0.0115007779226,1.43374098113,-0.0107115251199,402,4.0,1.6996731712,0.0,4.19436090357,0.0
3.0,0.00125695764291,0.195864646702,1.50811204921,0.0242796554275,3,0.0242796554275,1.53298227757,0.00125695764291,403,5.0,2.16024689947,0.0,4.63197006489,0.0
0.666666666667,-0.00926194669249,-6.50707598606,0.478583688218,0.00991972117126,3,0.00926506455036,1.39270376303,0.0135834106203,404,2.0,0.942809041582,0.0,4.02571994433,0.0228453573128
1.33333333333,-0.022343235572,0.357080348599,0.707419681725,0.00980533286458,3,0.00888622158126,1.42234550233,-0.0062412505563,405,4.0,1.88561808316,0.0,4.14683545474,0.0161019850157
3.33333333333,0.00728761748816,0.206670075854,0.973265696991,0.00956222086149,3,0.00956222086149,1.45115856135,0.00728761748816,406,8.0,3.3993463424,0.0,4.26805645711,0.0
0.333333333333,-0.00735275909188,-10.0713063396,0.130903676119,0.0170383747748,3,0.0170383747748,1.43935202263,-0.00735275909188,407,1.0,0.471404520791,0.0,4.2179617875,0.0
1.66666666667,-0.0221962501339,0.19265234873,1.09378803272,0.0129263259918,3,0.0129263259918,1.48732966134,-0.0221962501339,408,5.0,2.35702260396,0.0,4.42526277704,0.0
3.33333333333,-0.0293314738111,0.611749930148,1.77092182441,0.0120189512723,3,0.0120189512723,1.4359773069,-0.0293314738111,409,5.0,2.35702260396,0.0,4.2037513571,0.0
1.66666666667,-0.0137092095481,0.462485772481,0.98874774342,0.00980794212265,3,0.00811099976161,1.3962804349,0.00918578877624,410,5.0,2.35702260396,0.0,4.04014440401,0.0228949983243
1.33333333333,-0.0078715464809,-1.71415741653,0.330188122701,0.00997113898758,3,0.00916855201681,1.46680857264,0.00361654230963,411,4.0,1.88561808316,0.0,4.33537699842,0.0114880887905
0.0,-0.0136676989884,0,0.0,0.00998819482271,3,0.00868419901858,1.41050928945,0.00374951018074,412,0.0,0.0,0.0,4.09804196223,0.0174172091691
3.0,-0.0152767819147,1.08211180017e-08,1.9649604985,0.0122194344727,3,0.0122194344727,1.39569452798,-0.0152767819147,413,6.0,2.44948974278,0.0,4.03777794877,0.0
3.0,-0.016472488727,0.310586621826,1.69508605944,0.0142576792597,3,0.0142576792597,1.45495873215,-0.016472488727,414,5.0,2.16024689947,0.0,4.28430665781,0.0
0.0,-1.03681437199e-05,0,0.0,0.0215025599206,3,0.0215025599206,1.433719534,-1.03681437199e-05,415,0.0,0.0,0.0,4.19427094751,0.0
2.0,-0.0119293415787,1.92433631252e-08,1.48238141341,0.0138504310416,3,0.0138504310416,1.38922957194,-0.0119293415787,416,6.0,2.82842712475,0.0,4.01175809107,0.0
2.0,0.00710261703157,-1.65818118988,0.722628414944,0.0236752486051,3,0.0236752486051,1.41765163927,0.00710261703157,417,6.0,2.82842712475,0.0,4.12741638785,0.0
3.0,-0.0185194160715,0.323692341368,1.24230517048,0.0122156059389,3,0.0122156059389,1.40778376903,-0.0185194160715,418,6.0,2.44948974278,0.0,4.08688787245,0.0
4.0,-0.00319398786118,0.176248350874,1.99630084596,0.0185649837926,3,0.0185649837926,1.41837665086,-0.00319398786118,419,12.0,5.65685424949,0.0,4.13040989759,0.0
6.0,0.0157973132777,-0.378599269305,2.62761892025,0.0127893624257,3,0.0127893624257,1.47494891255,0.0157973132777,420,9.0,2.16024689947,4.0,4.37081247356,0.0
1.66666666667,-0.0178311668441,-4.30086848218,0.209578974655,0.0263105087604,3,0.0263105087604,1.47109128838,-0.0178311668441,421,5.0,2.35702260396,0.0,4.35398400156,0.0
2.0,-0.014971003852,-0.180135325326,1.31702503014,0.0122730742339,3,0.0122730742339,1.49380958165,-0.014971003852,422,6.0,2.82842712475,0.0,4.45403123517,0.0
0.0,0.00405769677582,0,0.0,0.0227685539072,3,0.0227685539072,1.40404264899,0.00405769677582,423,0.0,0.0,0.0,4.07162689868,0.0
2.33333333333,-0.0331336151545,1.74279902732e-08,0.670653180608,0.0160034697486,3,0.0160034697486,1.38215810999,-0.0331336151545,424,4.0,1.6996731712,0.0,3.98348916551,0.0
0.0,-0.00384424390733,0,0.0,0.00997665194299,3,0.00970624037102,1.39923404586,0.0172989811262,425,0.0,0.0,0.0,4.05209505891,0.0211432250335
4.66666666667,-0.0105188951414,4.66529526122e-09,2.02594197928,0.0219820202163,3,0.0219820202163,1.460981574,-0.0105188951414,426,9.0,3.68178700573,0.0,4.31018822133,0.0
2.66666666667,-0.00255193597245,0.0693309610063,1.07702476024,0.0190836243936,3,0.0190836243936,1.41593861261,-0.00255193597245,427,4.0,1.88561808316,0.0,4.12035206594,0.0
0.0,0.0159458610141,0,0.0,0.0107802915658,3,0.0107802915658,1.40723323913,0.0159458610141,428,0.0,0.0,0.0,4.08463853768,0.0
4.66666666667,-0.0231807624791,4.25152124617e-09,1.80536829882,0.0194035242329,3,0.0194035242329,1.43962522256,-0.0231807624791,429,7.0,3.29983164554,0.0,4.21911429179,0.0
1.66666666667,0.000797914260599,-0.31398242168,0.632336621188,0.0155648608675,3,0.0155648608675,1.44753766879,0.000797914260599,430,4.0,1.6996731712,0.0,4.25263022844,0.0
1.33333333333,0.000428921592245,0.246599890782,0.669327225964,0.0128176003304,3,0.0128176003304,1.48201953252,0.000428921592245,431,4.0,1.88561808316,0.0,4.40182634196,0.0
2.66666666667,0.0166733633888,0.380801433103,1.16026585438,0.0109875926263,3,0.0109875926263,1.38183292265,0.0166733633888,432,5.0,2.05480466766,0.0,3.98219399586,0.0
3.66666666667,-0.0239170411364,0.467614582725,1.04407849094,0.0235352495298,3,0.0235352495298,1.41269413676,-0.0239170411364,433,6.0,2.62466929134,0.0,4.10700534644,0.0
3.0,-0.0208711243814,0.643056388464,0.851604615704,0.0153709763645,3,0.0153709763645,1.38125772745,-0.0208711243814,434,6.0,2.44948974278,0.0,3.97990411559,0.0
1.66666666667,0.0222402407019,-0.295255439829,1.05770208209,0.0226165823177,3,0.0226165823177,1.39783935731,0.0222402407019,435,5.0,2.35702260396,0.0,4.04644758748,0.0
6.0,-0.0112468323801,0.240419452533,2.01468564396,0.0262241751025,3,0.0262241751025,1.44392510533,-0.0112468323801,436,9.0,4.24264068712,0.0,4.23729504822,0.0
4.0,-0.027158770348,0.281372029475,2.17942674692,0.0185158438132,3,0.0185158438132,1.34307430264,-0.027158770348,437,7.0,2.94392028878,0.0,3.83080246693,0.0
2.66666666667,0.0198510637741,-0.543189300045,0.221008094506,0.0236593298363,3,0.0236593298363,1.41063739144,0.0198510637741,438,5.0,2.05480466766,0.0,4.0985669632,0.0
2.66666666667,0.0272498503076,-0.0411051940258,0.727213486979,0.0304050498297,3,0.0304050498297,1.44790572578,0.0272498503076,439,4.0,1.88561808316,0.0,4.2541957268,0.0
4.66666666667,0.00461844604488,0.443787806194,2.70945969896,0.0166823001126,3,0.0166823001126,1.39643222863,0.00461844604488,440,9.0,3.68178700573,0.0,4.04075771914,0.0
2.0,0.00308657709616,0.188304491135,1.33405602589,0.010090327558,3,0.010090327558,1.40854108341,0.00308657709616,441,6.0,2.82842712475,0.0,4.08998410365,0.0
1.33333333333,-0.00115585058575,0.699755870636,0.638848826532,0.0115319446228,3,0.0115319446228,1.39826415226,-0.00115585058575,442,4.0,1.88561808316,0.0,4.04816686311,0.0
3.66666666667,-0.00881087345115,0.632579825631,1.90689698598,0.0133260432084,3,0.0133260432084,1.38918358201,-0.00881087345115,443,6.0,2.62466929134,0.0,4.01157359484,0.0
3.33333333333,-0.0343694493927,0.469052695622,0.65478782995,0.0211356945154,3,0.0211356945154,1.40773222375,-0.0343694493927,444,6.0,2.49443825785,0.0,4.08667721808,0.0
1.66666666667,-0.00677155207221,-0.00488295041318,1.29533762827,0.0127247412118,3,0.0127247412118,1.38931178694,-0.00677155207221,445,5.0,2.35702260396,0.0,4.01208793132,0.0
5.33333333333,-0.0234587821745,0.264623226233,2.35250664124,0.0358819004023,3,0.0358819004023,1.48561058669,-0.0234587821745,446,10.0,4.10960933531,0.0,4.41766195506,0.0
3.66666666667,-0.0239807675859,0.032790032364,1.3184270245,0.0374416295848,3,0.0374416295848,1.41846422766,-0.0239807675859,447,7.0,2.86744175568,0.0,4.13077164151,0.0
2.66666666667,-0.00167180709047,-0.0262957423008,1.4315297459,0.0146720067962,3,0.0146720067962,1.44754527587,-0.00167180709047,448,6.0,2.49443825785,0.0,4.25266257868,0.0
5.33333333333,-0.0102410836476,0.541021515185,3.08894062643,0.0140396222976,3,0.0140396222976,1.42237808878,-0.0102410836476,449,6.0,0.471404520791,5.0,4.14697058757,0.0
3.0,-0.0104687256179,-0.718790395378,0.587159013669,0.0162755930582,3,0.0162755930582,1.39304049381,-0.0104687256179,450,7.0,2.94392028878,0.0,4.02707575639,0.0
1.66666666667,-0.0124591944296,0.174941785571,0.059218180512,0.0215483926017,3,0.0215483926017,1.42119456084,-0.0124591944296,451,5.0,2.35702260396,0.0,4.14206543527,0.0
5.66666666667,-0.0217916165841,0.294248526935,3.09427642663,0.0119007857669,3,0.0119007857669,1.38805288381,-0.0217916165841,452,7.0,1.24721912892,4.0,4.0070402792,0.0
1.0,0.0100549177178,-4.09935383626,0.719115448414,0.0136826651478,3,0.0136826651478,1.3856020848,0.0100549177178,453,3.0,1.41421356237,0.0,3.997231853,0.0
4.66666666667,-0.0168531699008,0.180000451942,1.85056427629,0.0184099815153,3,0.0184099815153,1.46454935536,-0.0168531699008,454,6.0,0.942809041582,4.0,4.3255934955,0.0
2.0,-0.00152811722035,-0.0902765946774,0.853947376595,0.018331467782,3,0.018331467782,1.36989538035,-0.00152811722035,455,5.0,2.16024689947,0.0,3.93493900199,0.0
5.0,-0.0279178373717,0.397149847337,1.84203089096,0.0115117372317,3,0.0115117372317,1.38114569766,-0.0279178373717,456,9.0,3.74165738677,0.0,3.97945827275,0.0
2.0,0.0142626207013,-1.50292742971,1.31245173562,0.0114306767,3,0.0114306767,1.35338219157,0.0142626207013,457,3.0,1.41421356237,0.0,3.87049417066,0.0
2.33333333333,0.000888919043034,0.496657464976,0.811447274746,0.0178875129616,3,0.0178875129616,1.42425061301,0.000888919043034,458,6.0,2.62466929134,0.0,4.15474316539,0.0
2.66666666667,0.000646328020146,0.308926008401,1.81635685796,0.0122472130319,3,0.0122472130319,1.37853059694,0.000646328020146,459,8.0,3.77123616633,0.0,3.96906518399,0.0
2.0,0.00322776541089,-0.484909570692,0.986934166192,0.0167469412811,3,0.0167469412811,1.40858211189,0.00322776541089,460,6.0,2.82842712475,0.0,4.09015191293,0.0
5.0,0.0108111258562,0.469248406657,1.79039075974,0.0174268627782,3,0.0174268627782,1.41103347668,0.0108111258562,461,8.0,3.55902608401,0.0,4.10019066662,0.0
2.0,0.0102020394903,-3.88539934242,1.00736251119,0.0147415401919,3,0.0147415401919,1.41659046064,0.0102020394903,462,3.0,1.41421356237,0.0,4.12303878488,0.0
5.0,-0.0118724310803,0.314349906609,2.16529172108,0.0163516459689,3,0.0163516459689,1.40252207145,-0.0118724310803,463,9.0,3.74165738677,0.0,4.06544037899,0.0
1.66666666667,0.0147022772106,-2.8289298592,1.08696982786,0.0161940197079,3,0.0161940197079,1.40668600773,0.0147022772106,464,5.0,2.35702260396,0.0,4.08240390671,0.0
4.66666666667,-0.00339916085648,0.390465911629,2.1679233488,0.023000379426,3,0.023000379426,1.43214675247,-0.00339916085648,465,7.0,3.29983164554,0.0,4.18767946049,0.0
1.33333333333,-0.017189980105,-0.878267533318,0.439658687982,0.019797860085,3,0.019797860085,1.42552643442,-0.017189980105,466,4.0,1.88561808316,0.0,4.16004725846,0.0
0.0,0.00976228505079,0,0.0,0.0287923759397,3,0.0287923759397,1.41679917252,0.00976228505079,467,0.0,0.0,0.0,4.12389940186,0.0
3.0,-0.0214932432531,9.31756860556e-09,1.28291120609,0.0162767423698,3,0.0162767423698,1.40544597845,-0.0214932432531,468,6.0,2.44948974278,0.0,4.07734474372,0.0
2.33333333333,0.000896480033557,0.307595750393,0.64955849395,0.0340590325432,3,0.0340590325432,1.42079813006,0.000896480033557,469,6.0,2.62466929134,0.0,4.1404237185,0.0
3.0,-0.0197440929161,0.492913949992,0.928709879849,0.0167086226708,3,0.0167086226708,1.40820064276,-0.0197440929161,470,7.0,2.94392028878,0.0,4.0885919438,0.0
2.33333333333,0.00115531761298,0.454150397617,0.668662403207,0.0282299231733,3,0.0282299231733,1.43604665099,0.00115531761298,471,7.0,3.29983164554,0.0,4.2040428725,0.0
3.66666666667,0.00931734477803,-1.34232190465,1.363876137,0.0171968047954,3,0.0171968047954,1.43948998463,0.00931734477803,472,5.0,0.942809041582,3.0,4.21854374611,0.0
5.33333333333,-0.0097311295722,0.512724415126,1.95145370443,0.0173689920263,3,0.0173689920263,1.43886865927,-0.0097311295722,473,9.0,3.85861230093,0.0,4.21592347198,0.0
3.66666666667,-0.0145970813753,0.308085351988,1.61622451533,0.0203835547314,3,0.0203835547314,1.40316729801,-0.0145970813753,474,7.0,2.49443825785,1.0,4.06806435556,0.0
2.66666666667,-0.027839686235,0.40438152675,1.42167410104,0.0177486478292,3,0.0177486478292,1.36847723715,-0.027839686235,475,4.0,1.88561808316,0.0,3.92936264999,0.0
3.66666666667,-0.0052606884313,0.0562693920437,0.706408545017,0.0214422750315,3,0.0214422750315,1.54872973709,-0.0052606884313,476,7.0,2.86744175568,0.0,4.70548917631,0.0
3.0,-0.000770548801689,-0.26584150489,2.07095577625,0.0192584436021,3,0.0192584436021,1.39684404111,-0.000770548801689,477,9.0,4.24264068712,0.0,4.04242209628,0.0
3.33333333333,0.015774912876,-0.442015552866,1.84150436071,0.0170616026651,3,0.0170616026651,1.38833803748,0.015774912876,478,6.0,2.49443825785,0.0,4.00818306437,0.0
4.66666666667,-0.00229529992324,0.392379686582,2.37162387605,0.0141032349072,3,0.0141032349072,1.40298592318,-0.00229529992324,479,8.0,3.3993463424,0.0,4.06732657799,0.0
4.0,0.00766553154851,0.00901283142641,2.09009448159,0.0155018702895,3,0.0155018702895,1.45502090807,0.00766553154851,480,5.0,0.816496580928,3.0,4.28457304684,0.0
1.66666666667,0.0114956670697,-0.287250267142,1.14482725604,0.0172892029918,3,0.0172892029918,1.40729136729,0.0114956670697,481,5.0,2.35702260396,0.0,4.0848759771,0.0
2.33333333333,-0.012248940051,0.5183865529,0.806412417042,0.0170030341219,3,0.0170030341219,1.38239134633,-0.012248940051,482,4.0,1.6996731712,0.0,3.98441836831,0.0
4.33333333333,0.0024243844991,0.559813742573,1.64087079829,0.0187407981253,3,0.0187407981253,1.39129860648,0.0024243844991,483,8.0,3.29983164554,0.0,4.02006715004,0.0
1.66666666667,0.000339313839565,0.235332364763,1.14892576328,0.0113920312534,3,0.0113920312534,1.40583017514,0.000339313839565,484,5.0,2.35702260396,0.0,4.07891154705,0.0
6.33333333333,0.000684112624809,0.44798810696,2.2394209896,0.0188620355869,3,0.0188620355869,1.43290388914,0.000684112624809,485,8.0,1.6996731712,4.0,4.19085130676,0.0
2.33333333333,0.00585088811055,0.0620096288039,1.318482337,0.0142167231434,3,0.0142167231434,1.39151889946,0.00585088811055,486,7.0,3.29983164554,0.0,4.02095284015,0.0
4.33333333333,-0.00166694589555,0.390950213438,2.44519172224,0.0166628452066,3,0.0166628452066,1.40818134242,-0.00166694589555,487,9.0,3.68178700573,0.0,4.08851303333,0.0
6.33333333333,-0.0186926331101,0.622575665713,1.92863316674,0.0288185267365,3,0.0288185267365,1.39018835297,-0.0186926331101,488,7.0,0.471404520791,6.0,4.01560633315,0.0
4.33333333333,-0.00334310252727,0.637400173564,1.62517750732,0.0156746764865,3,0.0156746764865,1.40147456133,-0.00334310252727,489,7.0,3.09120616517,0.0,4.06118401874,0.0
3.0,0.00839314606635,0.350928922052,1.83755516542,0.0106919815545,3,0.0106919815545,1.39626105704,0.00839314606635,490,9.0,4.24264068712,0.0,4.0400661154,0.0
4.33333333333,0.00218256606618,0.521448215235,2.43234697497,0.0158672752074,3,0.0158672752074,1.4012702453,0.00218256606618,491,9.0,3.68178700573,0.0,4.06035433852,0.0
5.33333333333,-0.0306018650979,0.769165586123,2.49633162124,0.0230169725959,3,0.0230169725959,1.39670931956,-0.0306018650979,492,6.0,0.942809041582,4.0,4.0418775316,0.0
5.66666666667,-0.00358769053239,-0.027376300411,0.99115768889,0.0230788987977,3,0.0230788987977,1.49049183013,-0.00358769053239,493,10.0,4.18993502999,0.0,4.43927835301,0.0
4.0,-0.0032512421964,-0.612533550943,2.2308667629,0.0158723137887,3,0.0158723137887,1.34806524913,-0.0032512421964,494,5.0,0.816496580928,3.0,3.8499695883,0.0
2.0,0.00217309043021,-0.399221154844,0.235842252758,0.0206981269737,3,0.0206981269737,1.4392784382,0.00217309043021,495,6.0,2.82842712475,0.0,4.21765142261,0.0
2.0,-0.0263755947182,0.0679297224769,0.0710224884369,0.0188742021009,3,0.0188742021009,1.41663234986,-0.0263755947182,496,6.0,2.82842712475,0.0,4.12321149938,0.0
0.0,-0.010618270275,0,0.0,0.0189064666474,3,0.0189064666474,1.42124981526,-0.010618270275,497,0.0,0.0,0.0,4.14229430903,0.0
7.0,-0.0130195871104,3.67050112526e-09,2.59021670686,0.0173172758033,3,0.0173172758033,1.41436756326,-0.0130195871104,498,9.0,1.41421356237,6.0,4.11388387177,0.0
3.0,0.0126425952715,-0.551931268153,1.91556772984,0.0164583942574,3,0.0164583942574,1.39424386111,0.0126425952715,499,6.0,2.44948974278,0.0,4.03192472462,0.0
